Driver,Team,LapNumber,LapTime,Compound,Stint,TrackStatus,IsAccurate,LapTimeSeconds,Year,Track,Session,AirTempC,TrackTempC,Rainfall,TyreAgeLaps,SessionProgress,LapTimeFormatted
ALB,Williams,2.0,0 days 00:01:20.820000,SOFT,1.0,1,True,80.82,2024,Monza,Q,33.44556962025317,48.73037974683544,0.0,0,Early,1:20.820
ALB,Williams,5.0,0 days 00:01:20.542000,SOFT,2.0,1,True,80.542,2024,Monza,Q,33.44556962025317,48.73037974683544,0.0,0,Early,1:20.542
ALB,Williams,8.0,0 days 00:01:20.460000,SOFT,3.0,1,True,80.46,2024,Monza,Q,33.44556962025317,48.73037974683544,0.0,0,Mid,1:20.460
ALB,Williams,11.0,0 days 00:01:20.314000,SOFT,4.0,1,True,80.314,2024,Monza,Q,33.44556962025317,48.73037974683544,0.0,0,Mid,1:20.314
ALB,Williams,14.0,0 days 00:01:20.870000,SOFT,5.0,1,True,80.87,2024,Monza,Q,33.44556962025317,48.73037974683544,0.0,0,Late,1:20.870
ALB,Williams,17.0,0 days 00:01:20.299000,SOFT,6.0,1,True,80.299,2024,Monza,Q,33.44556962025317,48.73037974683544,0.0,0,Late,1:20.299
ALO,Aston Martin,2.0,0 days 00:01:20.617000,SOFT,1.0,1,True,80.617,2024,Monza,Q,33.44556962025317,48.73037974683544,0.0,0,Early,1:20.617
ALO,Aston Martin,7.0,0 days 00:01:20.570000,SOFT,3.0,1,True,80.57,2024,Monza,Q,33.44556962025317,48.73037974683544,0.0,0,Mid,1:20.570
ALO,Aston Martin,10.0,0 days 00:01:20.421000,SOFT,4.0,1,True,80.421,2024,Monza,Q,33.44556962025317,48.73037974683544,0.0,0,Mid,1:20.421
BOT,Kick Sauber,2.0,0 days 00:01:21.101000,SOFT,1.0,1,True,81.101,2024,Monza,Q,33.44556962025317,48.73037974683544,0.0,0,Early,1:21.101
BOT,Kick Sauber,5.0,0 days 00:01:23.467000,SOFT,2.0,12,True,83.467,2024,Monza,Q,33.44556962025317,48.73037974683544,0.0,0,Early,1:23.467
COL,Williams,2.0,0 days 00:01:21.061000,SOFT,1.0,1,True,81.061,2024,Monza,Q,33.44556962025317,48.73037974683544,0.0,0,Early,1:21.061
COL,Williams,5.0,0 days 00:01:22.531000,SOFT,2.0,1,True,82.531,2024,Monza,Q,33.44556962025317,48.73037974683544,0.0,0,Early,1:22.531
GAS,Alpine,2.0,0 days 00:01:21.908000,SOFT,1.0,1,True,81.908,2024,Monza,Q,33.44556962025317,48.73037974683544,0.0,0,Early,1:21.908
GAS,Alpine,5.0,0 days 00:01:20.748000,SOFT,2.0,1,True,80.748,2024,Monza,Q,33.44556962025317,48.73037974683544,0.0,0,Early,1:20.748
GAS,Alpine,10.0,0 days 00:01:38.961000,SOFT,4.0,1,True,98.961,2024,Monza,Q,33.44556962025317,48.73037974683544,0.0,0,Mid,1:38.961
GAS,Alpine,11.0,0 days 00:01:20.738000,SOFT,4.0,1,True,80.738,2024,Monza,Q,33.44556962025317,48.73037974683544,0.0,1,Mid,1:20.738
GAS,Alpine,14.0,0 days 00:01:48.428000,SOFT,5.0,1,True,108.428,2024,Monza,Q,33.44556962025317,48.73037974683544,0.0,0,Late,1:48.428
GAS,Alpine,15.0,0 days 00:01:21.009000,SOFT,5.0,1,True,81.009,2024,Monza,Q,33.44556962025317,48.73037974683544,0.0,1,Late,1:21.009
HAM,Mercedes,2.0,0 days 00:01:20.477000,SOFT,1.0,1,True,80.477,2024,Monza,Q,33.44556962025317,48.73037974683544,0.0,0,Early,1:20.477
HAM,Mercedes,5.0,0 days 00:01:20.542000,SOFT,2.0,12,True,80.542,2024,Monza,Q,33.44556962025317,48.73037974683544,0.0,0,Early,1:20.542
HAM,Mercedes,8.0,0 days 00:01:19.641000,SOFT,3.0,1,True,79.641,2024,Monza,Q,33.44556962025317,48.73037974683544,0.0,0,Mid,1:19.641
HAM,Mercedes,11.0,0 days 00:01:19.989000,SOFT,4.0,1,True,79.989,2024,Monza,Q,33.44556962025317,48.73037974683544,0.0,0,Mid,1:19.989
HAM,Mercedes,14.0,0 days 00:01:19.601000,SOFT,5.0,1,True,79.601,2024,Monza,Q,33.44556962025317,48.73037974683544,0.0,0,Late,1:19.601
HAM,Mercedes,17.0,0 days 00:01:19.513000,SOFT,6.0,1,True,79.513,2024,Monza,Q,33.44556962025317,48.73037974683544,0.0,0,Late,1:19.513
HUL,Haas F1 Team,2.0,0 days 00:01:20.781000,SOFT,1.0,1,True,80.781,2024,Monza,Q,33.44556962025317,48.73037974683544,0.0,0,Early,1:20.781
HUL,Haas F1 Team,5.0,0 days 00:01:21.278000,SOFT,2.0,12,True,81.278,2024,Monza,Q,33.44556962025317,48.73037974683544,0.0,0,Early,1:21.278
HUL,Haas F1 Team,8.0,0 days 00:01:20.434000,SOFT,3.0,1,True,80.434,2024,Monza,Q,33.44556962025317,48.73037974683544,0.0,0,Mid,1:20.434
HUL,Haas F1 Team,11.0,0 days 00:01:20.411000,SOFT,4.0,1,True,80.411,2024,Monza,Q,33.44556962025317,48.73037974683544,0.0,0,Mid,1:20.411
HUL,Haas F1 Team,14.0,0 days 00:01:20.482000,SOFT,5.0,1,True,80.482,2024,Monza,Q,33.44556962025317,48.73037974683544,0.0,0,Late,1:20.482
HUL,Haas F1 Team,17.0,0 days 00:01:20.339000,SOFT,6.0,1,True,80.339,2024,Monza,Q,33.44556962025317,48.73037974683544,0.0,0,Late,1:20.339
LEC,Ferrari,2.0,0 days 00:01:20.074000,SOFT,1.0,1,True,80.074,2024,Monza,Q,33.44556962025317,48.73037974683544,0.0,0,Early,1:20.074
LEC,Ferrari,5.0,0 days 00:01:20.278000,SOFT,2.0,1,True,80.278,2024,Monza,Q,33.44556962025317,48.73037974683544,0.0,0,Early,1:20.278
LEC,Ferrari,8.0,0 days 00:01:20.296000,SOFT,3.0,1,True,80.296,2024,Monza,Q,33.44556962025317,48.73037974683544,0.0,0,Mid,1:20.296
LEC,Ferrari,11.0,0 days 00:01:20.007000,SOFT,4.0,1,True,80.007,2024,Monza,Q,33.44556962025317,48.73037974683544,0.0,0,Mid,1:20.007
LEC,Ferrari,14.0,0 days 00:01:20.076000,SOFT,5.0,1,True,80.076,2024,Monza,Q,33.44556962025317,48.73037974683544,0.0,0,Late,1:20.076
LEC,Ferrari,17.0,0 days 00:01:19.704000,SOFT,6.0,1,True,79.704,2024,Monza,Q,33.44556962025317,48.73037974683544,0.0,0,Late,1:19.704
LEC,Ferrari,20.0,0 days 00:01:19.461000,SOFT,7.0,1,True,79.461,2024,Monza,Q,33.44556962025317,48.73037974683544,0.0,0,Late,1:19.461
MAG,Haas F1 Team,2.0,0 days 00:01:20.856000,SOFT,1.0,1,True,80.856,2024,Monza,Q,33.44556962025317,48.73037974683544,0.0,0,Early,1:20.856
MAG,Haas F1 Team,7.0,0 days 00:01:20.698000,SOFT,3.0,1,True,80.698,2024,Monza,Q,33.44556962025317,48.73037974683544,0.0,0,Mid,1:20.698
MAG,Haas F1 Team,10.0,0 days 00:01:20.933000,SOFT,4.0,1,True,80.933,2024,Monza,Q,33.44556962025317,48.73037974683544,0.0,0,Mid,1:20.933
NOR,McLaren,2.0,0 days 00:01:19.911000,SOFT,1.0,1,True,79.911,2024,Monza,Q,33.44556962025317,48.73037974683544,0.0,0,Early,1:19.911
NOR,McLaren,5.0,0 days 00:01:19.727000,SOFT,2.0,1,True,79.727,2024,Monza,Q,33.44556962025317,48.73037974683544,0.0,0,Early,1:19.727
NOR,McLaren,8.0,0 days 00:01:19.401000,SOFT,3.0,1,True,79.401,2024,Monza,Q,33.44556962025317,48.73037974683544,0.0,0,Mid,1:19.401
NOR,McLaren,11.0,0 days 00:01:19.327000,SOFT,4.0,1,True,79.327,2024,Monza,Q,33.44556962025317,48.73037974683544,0.0,0,Mid,1:19.327
OCO,Alpine,2.0,0 days 00:01:21.346000,SOFT,1.0,1,True,81.346,2024,Monza,Q,33.44556962025317,48.73037974683544,0.0,0,Early,1:21.346
OCO,Alpine,5.0,0 days 00:01:20.764000,SOFT,2.0,1,True,80.764,2024,Monza,Q,33.44556962025317,48.73037974683544,0.0,0,Early,1:20.764
OCO,Alpine,10.0,0 days 00:01:36.883000,SOFT,4.0,1,True,96.883,2024,Monza,Q,33.44556962025317,48.73037974683544,0.0,0,Mid,1:36.883
OCO,Alpine,11.0,0 days 00:01:20.884000,SOFT,4.0,1,True,80.884,2024,Monza,Q,33.44556962025317,48.73037974683544,0.0,1,Mid,1:20.884
OCO,Alpine,14.0,0 days 00:01:47.819000,SOFT,5.0,1,True,107.819,2024,Monza,Q,33.44556962025317,48.73037974683544,0.0,0,Late,1:47.819
OCO,Alpine,15.0,0 days 00:01:20.766000,SOFT,5.0,1,True,80.766,2024,Monza,Q,33.44556962025317,48.73037974683544,0.0,1,Late,1:20.766
PER,Red Bull Racing,2.0,0 days 00:01:21.110000,SOFT,1.0,1,True,81.11,2024,Monza,Q,33.44556962025317,48.73037974683544,0.0,0,Early,1:21.110
PER,Red Bull Racing,5.0,0 days 00:01:20.598000,SOFT,2.0,1,True,80.598,2024,Monza,Q,33.44556962025317,48.73037974683544,0.0,0,Early,1:20.598
PER,Red Bull Racing,8.0,0 days 00:01:20.402000,SOFT,3.0,1,True,80.402,2024,Monza,Q,33.44556962025317,48.73037974683544,0.0,0,Mid,1:20.402
PER,Red Bull Racing,11.0,0 days 00:01:20.216000,SOFT,4.0,1,True,80.216,2024,Monza,Q,33.44556962025317,48.73037974683544,0.0,0,Mid,1:20.216
PER,Red Bull Racing,14.0,0 days 00:01:20.062000,SOFT,5.0,1,True,80.062,2024,Monza,Q,33.44556962025317,48.73037974683544,0.0,0,Late,1:20.062
PIA,McLaren,2.0,0 days 00:01:50.311000,SOFT,1.0,1,True,110.311,2024,Monza,Q,33.44556962025317,48.73037974683544,0.0,0,Early,1:50.311
PIA,McLaren,3.0,0 days 00:01:20.488000,SOFT,1.0,1,True,80.488,2024,Monza,Q,33.44556962025317,48.73037974683544,0.0,1,Early,1:20.488
PIA,McLaren,6.0,0 days 00:01:20.076000,SOFT,2.0,12,True,80.076,2024,Monza,Q,33.44556962025317,48.73037974683544,0.0,0,Early,1:20.076
PIA,McLaren,9.0,0 days 00:01:19.808000,SOFT,3.0,1,True,79.808,2024,Monza,Q,33.44556962025317,48.73037974683544,0.0,0,Mid,1:19.808
PIA,McLaren,12.0,0 days 00:01:19.845000,SOFT,4.0,1,True,79.845,2024,Monza,Q,33.44556962025317,48.73037974683544,0.0,0,Mid,1:19.845
PIA,McLaren,15.0,0 days 00:01:19.436000,SOFT,5.0,1,True,79.436,2024,Monza,Q,33.44556962025317,48.73037974683544,0.0,0,Late,1:19.436
PIA,McLaren,18.0,0 days 00:01:19.661000,SOFT,6.0,1,True,79.661,2024,Monza,Q,33.44556962025317,48.73037974683544,0.0,0,Late,1:19.661
RIC,RB,2.0,0 days 00:01:21.059000,SOFT,1.0,1,True,81.059,2024,Monza,Q,33.44556962025317,48.73037974683544,0.0,0,Early,1:21.059
RIC,RB,5.0,0 days 00:01:20.901000,SOFT,2.0,12,True,80.901,2024,Monza,Q,33.44556962025317,48.73037974683544,0.0,0,Early,1:20.901
RIC,RB,8.0,0 days 00:01:21.273000,SOFT,3.0,1,True,81.273,2024,Monza,Q,33.44556962025317,48.73037974683544,0.0,0,Mid,1:21.273
RIC,RB,11.0,0 days 00:01:20.479000,SOFT,4.0,1,True,80.479,2024,Monza,Q,33.44556962025317,48.73037974683544,0.0,0,Mid,1:20.479
RUS,Mercedes,2.0,0 days 00:01:20.320000,SOFT,1.0,1,True,80.32,2024,Monza,Q,33.44556962025317,48.73037974683544,0.0,0,Early,1:20.320
RUS,Mercedes,5.0,0 days 00:01:20.169000,SOFT,2.0,12,True,80.169,2024,Monza,Q,33.44556962025317,48.73037974683544,0.0,0,Early,1:20.169
RUS,Mercedes,8.0,0 days 00:01:19.877000,SOFT,3.0,1,True,79.877,2024,Monza,Q,33.44556962025317,48.73037974683544,0.0,0,Mid,1:19.877
RUS,Mercedes,11.0,0 days 00:01:20.107000,SOFT,4.0,1,True,80.107,2024,Monza,Q,33.44556962025317,48.73037974683544,0.0,0,Mid,1:20.107
RUS,Mercedes,14.0,0 days 00:01:19.569000,SOFT,5.0,1,True,79.569,2024,Monza,Q,33.44556962025317,48.73037974683544,0.0,0,Late,1:19.569
RUS,Mercedes,17.0,0 days 00:01:19.440000,SOFT,6.0,1,True,79.44,2024,Monza,Q,33.44556962025317,48.73037974683544,0.0,0,Late,1:19.440
SAI,Ferrari,2.0,0 days 00:01:23.504000,SOFT,1.0,1,True,83.504,2024,Monza,Q,33.44556962025317,48.73037974683544,0.0,0,Early,1:23.504
SAI,Ferrari,5.0,0 days 00:01:20.149000,SOFT,2.0,1,True,80.149,2024,Monza,Q,33.44556962025317,48.73037974683544,0.0,0,Early,1:20.149
SAI,Ferrari,8.0,0 days 00:01:20.328000,SOFT,3.0,1,True,80.328,2024,Monza,Q,33.44556962025317,48.73037974683544,0.0,0,Mid,1:20.328
SAI,Ferrari,11.0,0 days 00:01:19.799000,SOFT,4.0,1,True,79.799,2024,Monza,Q,33.44556962025317,48.73037974683544,0.0,0,Mid,1:19.799
SAI,Ferrari,14.0,0 days 00:01:19.701000,SOFT,5.0,1,True,79.701,2024,Monza,Q,33.44556962025317,48.73037974683544,0.0,0,Late,1:19.701
SAI,Ferrari,17.0,0 days 00:01:19.467000,SOFT,6.0,1,True,79.467,2024,Monza,Q,33.44556962025317,48.73037974683544,0.0,0,Late,1:19.467
STR,Aston Martin,2.0,0 days 00:01:21.013000,SOFT,1.0,1,True,81.013,2024,Monza,Q,33.44556962025317,48.73037974683544,0.0,0,Early,1:21.013
STR,Aston Martin,5.0,0 days 00:01:21.193000,SOFT,2.0,12,True,81.193,2024,Monza,Q,33.44556962025317,48.73037974683544,0.0,0,Early,1:21.193
TSU,RB,2.0,0 days 00:01:21.068000,SOFT,1.0,1,True,81.068,2024,Monza,Q,33.44556962025317,48.73037974683544,0.0,0,Early,1:21.068
TSU,RB,5.0,0 days 00:01:20.945000,SOFT,2.0,12,True,80.945,2024,Monza,Q,33.44556962025317,48.73037974683544,0.0,0,Early,1:20.945
VER,Red Bull Racing,2.0,0 days 00:01:20.226000,SOFT,1.0,1,True,80.226,2024,Monza,Q,33.44556962025317,48.73037974683544,0.0,0,Early,1:20.226
VER,Red Bull Racing,5.0,0 days 00:01:22.812000,SOFT,2.0,12,True,82.812,2024,Monza,Q,33.44556962025317,48.73037974683544,0.0,0,Early,1:22.812
VER,Red Bull Racing,8.0,0 days 00:01:19.874000,SOFT,3.0,1,True,79.874,2024,Monza,Q,33.44556962025317,48.73037974683544,0.0,0,Mid,1:19.874
VER,Red Bull Racing,11.0,0 days 00:01:19.662000,SOFT,4.0,1,True,79.662,2024,Monza,Q,33.44556962025317,48.73037974683544,0.0,0,Mid,1:19.662
VER,Red Bull Racing,14.0,0 days 00:01:20.072000,SOFT,5.0,1,True,80.072,2024,Monza,Q,33.44556962025317,48.73037974683544,0.0,0,Late,1:20.072
VER,Red Bull Racing,17.0,0 days 00:01:20.022000,SOFT,6.0,1,True,80.022,2024,Monza,Q,33.44556962025317,48.73037974683544,0.0,0,Late,1:20.022
ZHO,Kick Sauber,2.0,0 days 00:01:21.968000,SOFT,1.0,1,True,81.968,2024,Monza,Q,33.44556962025317,48.73037974683544,0.0,0,Early,1:21.968
ZHO,Kick Sauber,5.0,0 days 00:01:21.514000,SOFT,2.0,1,True,81.514,2024,Monza,Q,33.44556962025317,48.73037974683544,0.0,0,Early,1:21.514
ZHO,Kick Sauber,8.0,0 days 00:01:21.445000,SOFT,3.0,12,True,81.445,2024,Monza,Q,33.44556962025317,48.73037974683544,0.0,0,Mid,1:21.445
ALB,Williams,2.0,0 days 00:01:27.011000,MEDIUM,1.0,1,True,87.011,2024,Monza,R,33.1015037593985,49.31127819548872,0.0,0,Early,1:27.011
ALB,Williams,3.0,0 days 00:01:26.282000,MEDIUM,1.0,1,True,86.282,2024,Monza,R,33.1015037593985,49.31127819548872,0.0,1,Early,1:26.282
ALB,Williams,4.0,0 days 00:01:26.527000,MEDIUM,1.0,1,True,86.527,2024,Monza,R,33.1015037593985,49.31127819548872,0.0,2,Early,1:26.527
ALB,Williams,5.0,0 days 00:01:26.039000,MEDIUM,1.0,1,True,86.039,2024,Monza,R,33.1015037593985,49.31127819548872,0.0,3,Early,1:26.039
ALB,Williams,6.0,0 days 00:01:25.946000,MEDIUM,1.0,1,True,85.946,2024,Monza,R,33.1015037593985,49.31127819548872,0.0,4,Early,1:25.946
ALB,Williams,7.0,0 days 00:01:25.990000,MEDIUM,1.0,1,True,85.99,2024,Monza,R,33.1015037593985,49.31127819548872,0.0,5,Early,1:25.990
ALB,Williams,8.0,0 days 00:01:25.963000,MEDIUM,1.0,1,True,85.963,2024,Monza,R,33.1015037593985,49.31127819548872,0.0,6,Early,1:25.963
ALB,Williams,9.0,0 days 00:01:25.666000,MEDIUM,1.0,1,True,85.666,2024,Monza,R,33.1015037593985,49.31127819548872,0.0,7,Early,1:25.666
ALB,Williams,10.0,0 days 00:01:25.711000,MEDIUM,1.0,1,True,85.711,2024,Monza,R,33.1015037593985,49.31127819548872,0.0,8,Early,1:25.711
ALB,Williams,11.0,0 days 00:01:25.734000,MEDIUM,1.0,1,True,85.734,2024,Monza,R,33.1015037593985,49.31127819548872,0.0,9,Early,1:25.734
ALB,Williams,12.0,0 days 00:01:25.468000,MEDIUM,1.0,1,True,85.468,2024,Monza,R,33.1015037593985,49.31127819548872,0.0,10,Early,1:25.468
ALB,Williams,13.0,0 days 00:01:25.533000,MEDIUM,1.0,1,True,85.533,2024,Monza,R,33.1015037593985,49.31127819548872,0.0,11,Early,1:25.533
ALB,Williams,14.0,0 days 00:01:26.140000,MEDIUM,1.0,1,True,86.14,2024,Monza,R,33.1015037593985,49.31127819548872,0.0,12,Early,1:26.140
ALB,Williams,15.0,0 days 00:01:26.463000,MEDIUM,1.0,1,True,86.463,2024,Monza,R,33.1015037593985,49.31127819548872,0.0,13,Early,1:26.463
ALB,Williams,16.0,0 days 00:01:26.454000,MEDIUM,1.0,1,True,86.454,2024,Monza,R,33.1015037593985,49.31127819548872,0.0,14,Early,1:26.454
ALB,Williams,19.0,0 days 00:01:25.254000,HARD,2.0,1,True,85.254,2024,Monza,R,33.1015037593985,49.31127819548872,0.0,0,Mid,1:25.254
ALB,Williams,20.0,0 days 00:01:25.074000,HARD,2.0,1,True,85.074,2024,Monza,R,33.1015037593985,49.31127819548872,0.0,1,Mid,1:25.074
ALB,Williams,21.0,0 days 00:01:24.860000,HARD,2.0,1,True,84.86,2024,Monza,R,33.1015037593985,49.31127819548872,0.0,2,Mid,1:24.860
ALB,Williams,22.0,0 days 00:01:25.053000,HARD,2.0,1,True,85.053,2024,Monza,R,33.1015037593985,49.31127819548872,0.0,3,Mid,1:25.053
ALB,Williams,23.0,0 days 00:01:25.132000,HARD,2.0,1,True,85.132,2024,Monza,R,33.1015037593985,49.31127819548872,0.0,4,Mid,1:25.132
ALB,Williams,24.0,0 days 00:01:25.196000,HARD,2.0,1,True,85.196,2024,Monza,R,33.1015037593985,49.31127819548872,0.0,5,Mid,1:25.196
ALB,Williams,25.0,0 days 00:01:24.707000,HARD,2.0,1,True,84.707,2024,Monza,R,33.1015037593985,49.31127819548872,0.0,6,Mid,1:24.707
ALB,Williams,26.0,0 days 00:01:25.065000,HARD,2.0,1,True,85.065,2024,Monza,R,33.1015037593985,49.31127819548872,0.0,7,Mid,1:25.065
ALB,Williams,27.0,0 days 00:01:24.949000,HARD,2.0,1,True,84.949,2024,Monza,R,33.1015037593985,49.31127819548872,0.0,8,Mid,1:24.949
ALB,Williams,28.0,0 days 00:01:24.793000,HARD,2.0,1,True,84.793,2024,Monza,R,33.1015037593985,49.31127819548872,0.0,9,Mid,1:24.793
ALB,Williams,29.0,0 days 00:01:24.871000,HARD,2.0,1,True,84.871,2024,Monza,R,33.1015037593985,49.31127819548872,0.0,10,Mid,1:24.871
ALB,Williams,30.0,0 days 00:01:24.754000,HARD,2.0,1,True,84.754,2024,Monza,R,33.1015037593985,49.31127819548872,0.0,11,Mid,1:24.754
ALB,Williams,31.0,0 days 00:01:25.229000,HARD,2.0,1,True,85.229,2024,Monza,R,33.1015037593985,49.31127819548872,0.0,12,Mid,1:25.229
ALB,Williams,32.0,0 days 00:01:24.412000,HARD,2.0,1,True,84.412,2024,Monza,R,33.1015037593985,49.31127819548872,0.0,13,Mid,1:24.412
ALB,Williams,33.0,0 days 00:01:26.282000,HARD,2.0,1,True,86.282,2024,Monza,R,33.1015037593985,49.31127819548872,0.0,14,Mid,1:26.282
ALB,Williams,34.0,0 days 00:01:25.570000,HARD,2.0,1,True,85.57,2024,Monza,R,33.1015037593985,49.31127819548872,0.0,15,Mid,1:25.570
ALB,Williams,35.0,0 days 00:01:24.994000,HARD,2.0,1,True,84.994,2024,Monza,R,33.1015037593985,49.31127819548872,0.0,16,Mid,1:24.994
ALB,Williams,36.0,0 days 00:01:24.748000,HARD,2.0,1,True,84.748,2024,Monza,R,33.1015037593985,49.31127819548872,0.0,17,Late,1:24.748
ALB,Williams,37.0,0 days 00:01:25.882000,HARD,2.0,1,True,85.882,2024,Monza,R,33.1015037593985,49.31127819548872,0.0,18,Late,1:25.882
ALB,Williams,38.0,0 days 00:01:25.214000,HARD,2.0,1,True,85.214,2024,Monza,R,33.1015037593985,49.31127819548872,0.0,19,Late,1:25.214
ALB,Williams,39.0,0 days 00:01:24.971000,HARD,2.0,1,True,84.971,2024,Monza,R,33.1015037593985,49.31127819548872,0.0,20,Late,1:24.971
ALB,Williams,40.0,0 days 00:01:24.552000,HARD,2.0,1,True,84.552,2024,Monza,R,33.1015037593985,49.31127819548872,0.0,21,Late,1:24.552
ALB,Williams,41.0,0 days 00:01:24.372000,HARD,2.0,1,True,84.372,2024,Monza,R,33.1015037593985,49.31127819548872,0.0,22,Late,1:24.372
ALB,Williams,42.0,0 days 00:01:24.874000,HARD,2.0,1,True,84.874,2024,Monza,R,33.1015037593985,49.31127819548872,0.0,23,Late,1:24.874
ALB,Williams,43.0,0 days 00:01:24.669000,HARD,2.0,1,True,84.669,2024,Monza,R,33.1015037593985,49.31127819548872,0.0,24,Late,1:24.669
ALB,Williams,44.0,0 days 00:01:24.678000,HARD,2.0,1,True,84.678,2024,Monza,R,33.1015037593985,49.31127819548872,0.0,25,Late,1:24.678
ALB,Williams,45.0,0 days 00:01:24.569000,HARD,2.0,1,True,84.569,2024,Monza,R,33.1015037593985,49.31127819548872,0.0,26,Late,1:24.569
ALB,Williams,46.0,0 days 00:01:24.554000,HARD,2.0,1,True,84.554,2024,Monza,R,33.1015037593985,49.31127819548872,0.0,27,Late,1:24.554
ALB,Williams,47.0,0 days 00:01:24.383000,HARD,2.0,1,True,84.383,2024,Monza,R,33.1015037593985,49.31127819548872,0.0,28,Late,1:24.383
ALB,Williams,48.0,0 days 00:01:24.149000,HARD,2.0,1,True,84.149,2024,Monza,R,33.1015037593985,49.31127819548872,0.0,29,Late,1:24.149
ALB,Williams,49.0,0 days 00:01:24.262000,HARD,2.0,1,True,84.262,2024,Monza,R,33.1015037593985,49.31127819548872,0.0,30,Late,1:24.262
ALB,Williams,50.0,0 days 00:01:23.956000,HARD,2.0,1,True,83.956,2024,Monza,R,33.1015037593985,49.31127819548872,0.0,31,Late,1:23.956
ALB,Williams,51.0,0 days 00:01:23.921000,HARD,2.0,1,True,83.921,2024,Monza,R,33.1015037593985,49.31127819548872,0.0,32,Late,1:23.921
ALB,Williams,52.0,0 days 00:01:23.955000,HARD,2.0,1,True,83.955,2024,Monza,R,33.1015037593985,49.31127819548872,0.0,33,Late,1:23.955
ALB,Williams,53.0,0 days 00:01:23.918000,HARD,2.0,1,True,83.918,2024,Monza,R,33.1015037593985,49.31127819548872,0.0,34,Late,1:23.918
ALO,Aston Martin,2.0,0 days 00:01:27.236000,MEDIUM,1.0,1,True,87.236,2024,Monza,R,33.1015037593985,49.31127819548872,0.0,0,Early,1:27.236
ALO,Aston Martin,3.0,0 days 00:01:26.410000,MEDIUM,1.0,1,True,86.41,2024,Monza,R,33.1015037593985,49.31127819548872,0.0,1,Early,1:26.410
ALO,Aston Martin,4.0,0 days 00:01:26.411000,MEDIUM,1.0,1,True,86.411,2024,Monza,R,33.1015037593985,49.31127819548872,0.0,2,Early,1:26.411
ALO,Aston Martin,5.0,0 days 00:01:26.218000,MEDIUM,1.0,1,True,86.218,2024,Monza,R,33.1015037593985,49.31127819548872,0.0,3,Early,1:26.218
ALO,Aston Martin,6.0,0 days 00:01:25.911000,MEDIUM,1.0,1,True,85.911,2024,Monza,R,33.1015037593985,49.31127819548872,0.0,4,Early,1:25.911
ALO,Aston Martin,7.0,0 days 00:01:25.950000,MEDIUM,1.0,1,True,85.95,2024,Monza,R,33.1015037593985,49.31127819548872,0.0,5,Early,1:25.950
ALO,Aston Martin,8.0,0 days 00:01:25.693000,MEDIUM,1.0,1,True,85.693,2024,Monza,R,33.1015037593985,49.31127819548872,0.0,6,Early,1:25.693
ALO,Aston Martin,9.0,0 days 00:01:25.969000,MEDIUM,1.0,1,True,85.969,2024,Monza,R,33.1015037593985,49.31127819548872,0.0,7,Early,1:25.969
ALO,Aston Martin,10.0,0 days 00:01:25.832000,MEDIUM,1.0,1,True,85.832,2024,Monza,R,33.1015037593985,49.31127819548872,0.0,8,Early,1:25.832
ALO,Aston Martin,11.0,0 days 00:01:25.758000,MEDIUM,1.0,1,True,85.758,2024,Monza,R,33.1015037593985,49.31127819548872,0.0,9,Early,1:25.758
ALO,Aston Martin,14.0,0 days 00:01:25.832000,HARD,2.0,1,True,85.832,2024,Monza,R,33.1015037593985,49.31127819548872,0.0,0,Early,1:25.832
ALO,Aston Martin,15.0,0 days 00:01:24.670000,HARD,2.0,1,True,84.67,2024,Monza,R,33.1015037593985,49.31127819548872,0.0,1,Early,1:24.670
ALO,Aston Martin,16.0,0 days 00:01:24.614000,HARD,2.0,1,True,84.614,2024,Monza,R,33.1015037593985,49.31127819548872,0.0,2,Early,1:24.614
ALO,Aston Martin,17.0,0 days 00:01:24.574000,HARD,2.0,1,True,84.574,2024,Monza,R,33.1015037593985,49.31127819548872,0.0,3,Early,1:24.574
ALO,Aston Martin,18.0,0 days 00:01:24.882000,HARD,2.0,1,True,84.882,2024,Monza,R,33.1015037593985,49.31127819548872,0.0,4,Mid,1:24.882
ALO,Aston Martin,19.0,0 days 00:01:25.314000,HARD,2.0,1,True,85.314,2024,Monza,R,33.1015037593985,49.31127819548872,0.0,5,Mid,1:25.314
ALO,Aston Martin,20.0,0 days 00:01:25.676000,HARD,2.0,1,True,85.676,2024,Monza,R,33.1015037593985,49.31127819548872,0.0,6,Mid,1:25.676
ALO,Aston Martin,21.0,0 days 00:01:25.297000,HARD,2.0,1,True,85.297,2024,Monza,R,33.1015037593985,49.31127819548872,0.0,7,Mid,1:25.297
ALO,Aston Martin,22.0,0 days 00:01:25.451000,HARD,2.0,1,True,85.451,2024,Monza,R,33.1015037593985,49.31127819548872,0.0,8,Mid,1:25.451
ALO,Aston Martin,23.0,0 days 00:01:25.017000,HARD,2.0,1,True,85.017,2024,Monza,R,33.1015037593985,49.31127819548872,0.0,9,Mid,1:25.017
ALO,Aston Martin,24.0,0 days 00:01:24.588000,HARD,2.0,1,True,84.588,2024,Monza,R,33.1015037593985,49.31127819548872,0.0,10,Mid,1:24.588
ALO,Aston Martin,25.0,0 days 00:01:24.504000,HARD,2.0,1,True,84.504,2024,Monza,R,33.1015037593985,49.31127819548872,0.0,11,Mid,1:24.504
ALO,Aston Martin,26.0,0 days 00:01:24.937000,HARD,2.0,1,True,84.937,2024,Monza,R,33.1015037593985,49.31127819548872,0.0,12,Mid,1:24.937
ALO,Aston Martin,27.0,0 days 00:01:24.891000,HARD,2.0,1,True,84.891,2024,Monza,R,33.1015037593985,49.31127819548872,0.0,13,Mid,1:24.891
ALO,Aston Martin,28.0,0 days 00:01:24.725000,HARD,2.0,1,True,84.725,2024,Monza,R,33.1015037593985,49.31127819548872,0.0,14,Mid,1:24.725
ALO,Aston Martin,29.0,0 days 00:01:25.011000,HARD,2.0,1,True,85.011,2024,Monza,R,33.1015037593985,49.31127819548872,0.0,15,Mid,1:25.011
ALO,Aston Martin,30.0,0 days 00:01:25.039000,HARD,2.0,1,True,85.039,2024,Monza,R,33.1015037593985,49.31127819548872,0.0,16,Mid,1:25.039
ALO,Aston Martin,31.0,0 days 00:01:25.128000,HARD,2.0,1,True,85.128,2024,Monza,R,33.1015037593985,49.31127819548872,0.0,17,Mid,1:25.128
ALO,Aston Martin,32.0,0 days 00:01:25.099000,HARD,2.0,1,True,85.099,2024,Monza,R,33.1015037593985,49.31127819548872,0.0,18,Mid,1:25.099
ALO,Aston Martin,33.0,0 days 00:01:25.289000,HARD,2.0,1,True,85.289,2024,Monza,R,33.1015037593985,49.31127819548872,0.0,19,Mid,1:25.289
ALO,Aston Martin,34.0,0 days 00:01:25.083000,HARD,2.0,1,True,85.083,2024,Monza,R,33.1015037593985,49.31127819548872,0.0,20,Mid,1:25.083
ALO,Aston Martin,37.0,0 days 00:01:23.703000,HARD,3.0,1,True,83.703,2024,Monza,R,33.1015037593985,49.31127819548872,0.0,0,Late,1:23.703
ALO,Aston Martin,38.0,0 days 00:01:23.847000,HARD,3.0,1,True,83.847,2024,Monza,R,33.1015037593985,49.31127819548872,0.0,1,Late,1:23.847
ALO,Aston Martin,39.0,0 days 00:01:23.770000,HARD,3.0,1,True,83.77,2024,Monza,R,33.1015037593985,49.31127819548872,0.0,2,Late,1:23.770
ALO,Aston Martin,40.0,0 days 00:01:23.683000,HARD,3.0,1,True,83.683,2024,Monza,R,33.1015037593985,49.31127819548872,0.0,3,Late,1:23.683
ALO,Aston Martin,41.0,0 days 00:01:23.822000,HARD,3.0,1,True,83.822,2024,Monza,R,33.1015037593985,49.31127819548872,0.0,4,Late,1:23.822
ALO,Aston Martin,42.0,0 days 00:01:23.637000,HARD,3.0,1,True,83.637,2024,Monza,R,33.1015037593985,49.31127819548872,0.0,5,Late,1:23.637
ALO,Aston Martin,43.0,0 days 00:01:23.681000,HARD,3.0,1,True,83.681,2024,Monza,R,33.1015037593985,49.31127819548872,0.0,6,Late,1:23.681
ALO,Aston Martin,44.0,0 days 00:01:23.529000,HARD,3.0,1,True,83.529,2024,Monza,R,33.1015037593985,49.31127819548872,0.0,7,Late,1:23.529
ALO,Aston Martin,45.0,0 days 00:01:23.484000,HARD,3.0,1,True,83.484,2024,Monza,R,33.1015037593985,49.31127819548872,0.0,8,Late,1:23.484
ALO,Aston Martin,46.0,0 days 00:01:22.944000,HARD,3.0,1,True,82.944,2024,Monza,R,33.1015037593985,49.31127819548872,0.0,9,Late,1:22.944
ALO,Aston Martin,47.0,0 days 00:01:23.221000,HARD,3.0,1,True,83.221,2024,Monza,R,33.1015037593985,49.31127819548872,0.0,10,Late,1:23.221
ALO,Aston Martin,48.0,0 days 00:01:23.245000,HARD,3.0,1,True,83.245,2024,Monza,R,33.1015037593985,49.31127819548872,0.0,11,Late,1:23.245
ALO,Aston Martin,49.0,0 days 00:01:23.525000,HARD,3.0,1,True,83.525,2024,Monza,R,33.1015037593985,49.31127819548872,0.0,12,Late,1:23.525
ALO,Aston Martin,50.0,0 days 00:01:23.511000,HARD,3.0,1,True,83.511,2024,Monza,R,33.1015037593985,49.31127819548872,0.0,13,Late,1:23.511
ALO,Aston Martin,51.0,0 days 00:01:23.468000,HARD,3.0,1,True,83.468,2024,Monza,R,33.1015037593985,49.31127819548872,0.0,14,Late,1:23.468
ALO,Aston Martin,52.0,0 days 00:01:23.761000,HARD,3.0,1,True,83.761,2024,Monza,R,33.1015037593985,49.31127819548872,0.0,15,Late,1:23.761
ALO,Aston Martin,53.0,0 days 00:01:23.686000,HARD,3.0,1,True,83.686,2024,Monza,R,33.1015037593985,49.31127819548872,0.0,16,Late,1:23.686
BOT,Kick Sauber,2.0,0 days 00:01:28.377000,HARD,1.0,1,True,88.377,2024,Monza,R,33.1015037593985,49.31127819548872,0.0,0,Early,1:28.377
BOT,Kick Sauber,3.0,0 days 00:01:26.918000,HARD,1.0,1,True,86.918,2024,Monza,R,33.1015037593985,49.31127819548872,0.0,1,Early,1:26.918
BOT,Kick Sauber,4.0,0 days 00:01:26.324000,HARD,1.0,1,True,86.324,2024,Monza,R,33.1015037593985,49.31127819548872,0.0,2,Early,1:26.324
BOT,Kick Sauber,5.0,0 days 00:01:28.242000,HARD,1.0,1,True,88.242,2024,Monza,R,33.1015037593985,49.31127819548872,0.0,3,Early,1:28.242
BOT,Kick Sauber,6.0,0 days 00:01:26.499000,HARD,1.0,1,True,86.499,2024,Monza,R,33.1015037593985,49.31127819548872,0.0,4,Early,1:26.499
BOT,Kick Sauber,7.0,0 days 00:01:26.359000,HARD,1.0,1,True,86.359,2024,Monza,R,33.1015037593985,49.31127819548872,0.0,5,Early,1:26.359
BOT,Kick Sauber,8.0,0 days 00:01:26.206000,HARD,1.0,1,True,86.206,2024,Monza,R,33.1015037593985,49.31127819548872,0.0,6,Early,1:26.206
BOT,Kick Sauber,9.0,0 days 00:01:26.188000,HARD,1.0,1,True,86.188,2024,Monza,R,33.1015037593985,49.31127819548872,0.0,7,Early,1:26.188
BOT,Kick Sauber,10.0,0 days 00:01:26.118000,HARD,1.0,1,True,86.118,2024,Monza,R,33.1015037593985,49.31127819548872,0.0,8,Early,1:26.118
BOT,Kick Sauber,11.0,0 days 00:01:26.470000,HARD,1.0,1,True,86.47,2024,Monza,R,33.1015037593985,49.31127819548872,0.0,9,Early,1:26.470
BOT,Kick Sauber,12.0,0 days 00:01:26.207000,HARD,1.0,1,True,86.207,2024,Monza,R,33.1015037593985,49.31127819548872,0.0,10,Early,1:26.207
BOT,Kick Sauber,13.0,0 days 00:01:26.349000,HARD,1.0,1,True,86.349,2024,Monza,R,33.1015037593985,49.31127819548872,0.0,11,Early,1:26.349
BOT,Kick Sauber,14.0,0 days 00:01:26.481000,HARD,1.0,1,True,86.481,2024,Monza,R,33.1015037593985,49.31127819548872,0.0,12,Early,1:26.481
BOT,Kick Sauber,15.0,0 days 00:01:26.790000,HARD,1.0,1,True,86.79,2024,Monza,R,33.1015037593985,49.31127819548872,0.0,13,Early,1:26.790
BOT,Kick Sauber,16.0,0 days 00:01:26.569000,HARD,1.0,1,True,86.569,2024,Monza,R,33.1015037593985,49.31127819548872,0.0,14,Early,1:26.569
BOT,Kick Sauber,17.0,0 days 00:01:26.396000,HARD,1.0,1,True,86.396,2024,Monza,R,33.1015037593985,49.31127819548872,0.0,15,Early,1:26.396
BOT,Kick Sauber,18.0,0 days 00:01:26.359000,HARD,1.0,1,True,86.359,2024,Monza,R,33.1015037593985,49.31127819548872,0.0,16,Mid,1:26.359
BOT,Kick Sauber,19.0,0 days 00:01:26.456000,HARD,1.0,1,True,86.456,2024,Monza,R,33.1015037593985,49.31127819548872,0.0,17,Mid,1:26.456
BOT,Kick Sauber,20.0,0 days 00:01:26.803000,HARD,1.0,1,True,86.803,2024,Monza,R,33.1015037593985,49.31127819548872,0.0,18,Mid,1:26.803
BOT,Kick Sauber,21.0,0 days 00:01:27.230000,HARD,1.0,1,True,87.23,2024,Monza,R,33.1015037593985,49.31127819548872,0.0,19,Mid,1:27.230
BOT,Kick Sauber,22.0,0 days 00:01:27.404000,HARD,1.0,1,True,87.404,2024,Monza,R,33.1015037593985,49.31127819548872,0.0,20,Mid,1:27.404
BOT,Kick Sauber,23.0,0 days 00:01:26.943000,HARD,1.0,1,True,86.943,2024,Monza,R,33.1015037593985,49.31127819548872,0.0,21,Mid,1:26.943
BOT,Kick Sauber,24.0,0 days 00:01:26.542000,HARD,1.0,1,True,86.542,2024,Monza,R,33.1015037593985,49.31127819548872,0.0,22,Mid,1:26.542
BOT,Kick Sauber,25.0,0 days 00:01:26.863000,HARD,1.0,1,True,86.863,2024,Monza,R,33.1015037593985,49.31127819548872,0.0,23,Mid,1:26.863
BOT,Kick Sauber,26.0,0 days 00:01:26.885000,HARD,1.0,1,True,86.885,2024,Monza,R,33.1015037593985,49.31127819548872,0.0,24,Mid,1:26.885
BOT,Kick Sauber,27.0,0 days 00:01:26.309000,HARD,1.0,1,True,86.309,2024,Monza,R,33.1015037593985,49.31127819548872,0.0,25,Mid,1:26.309
BOT,Kick Sauber,28.0,0 days 00:01:25.804000,HARD,1.0,1,True,85.804,2024,Monza,R,33.1015037593985,49.31127819548872,0.0,26,Mid,1:25.804
BOT,Kick Sauber,29.0,0 days 00:01:26.827000,HARD,1.0,1,True,86.827,2024,Monza,R,33.1015037593985,49.31127819548872,0.0,27,Mid,1:26.827
BOT,Kick Sauber,30.0,0 days 00:01:26.022000,HARD,1.0,1,True,86.022,2024,Monza,R,33.1015037593985,49.31127819548872,0.0,28,Mid,1:26.022
BOT,Kick Sauber,31.0,0 days 00:01:26.004000,HARD,1.0,1,True,86.004,2024,Monza,R,33.1015037593985,49.31127819548872,0.0,29,Mid,1:26.004
BOT,Kick Sauber,32.0,0 days 00:01:27.859000,HARD,1.0,1,True,87.859,2024,Monza,R,33.1015037593985,49.31127819548872,0.0,30,Mid,1:27.859
BOT,Kick Sauber,35.0,0 days 00:01:25.336000,MEDIUM,2.0,1,True,85.336,2024,Monza,R,33.1015037593985,49.31127819548872,0.0,0,Mid,1:25.336
BOT,Kick Sauber,36.0,0 days 00:01:25.114000,MEDIUM,2.0,1,True,85.114,2024,Monza,R,33.1015037593985,49.31127819548872,0.0,1,Late,1:25.114
BOT,Kick Sauber,37.0,0 days 00:01:25.213000,MEDIUM,2.0,1,True,85.213,2024,Monza,R,33.1015037593985,49.31127819548872,0.0,2,Late,1:25.213
BOT,Kick Sauber,38.0,0 days 00:01:26.704000,MEDIUM,2.0,1,True,86.704,2024,Monza,R,33.1015037593985,49.31127819548872,0.0,3,Late,1:26.704
BOT,Kick Sauber,39.0,0 days 00:01:25.081000,MEDIUM,2.0,1,True,85.081,2024,Monza,R,33.1015037593985,49.31127819548872,0.0,4,Late,1:25.081
BOT,Kick Sauber,40.0,0 days 00:01:25.160000,MEDIUM,2.0,1,True,85.16,2024,Monza,R,33.1015037593985,49.31127819548872,0.0,5,Late,1:25.160
BOT,Kick Sauber,41.0,0 days 00:01:26.310000,MEDIUM,2.0,1,True,86.31,2024,Monza,R,33.1015037593985,49.31127819548872,0.0,6,Late,1:26.310
BOT,Kick Sauber,42.0,0 days 00:01:26.036000,MEDIUM,2.0,1,True,86.036,2024,Monza,R,33.1015037593985,49.31127819548872,0.0,7,Late,1:26.036
BOT,Kick Sauber,43.0,0 days 00:01:24.637000,MEDIUM,2.0,1,True,84.637,2024,Monza,R,33.1015037593985,49.31127819548872,0.0,8,Late,1:24.637
BOT,Kick Sauber,44.0,0 days 00:01:24.792000,MEDIUM,2.0,1,True,84.792,2024,Monza,R,33.1015037593985,49.31127819548872,0.0,9,Late,1:24.792
BOT,Kick Sauber,45.0,0 days 00:01:24.588000,MEDIUM,2.0,1,True,84.588,2024,Monza,R,33.1015037593985,49.31127819548872,0.0,10,Late,1:24.588
BOT,Kick Sauber,46.0,0 days 00:01:24.358000,MEDIUM,2.0,1,True,84.358,2024,Monza,R,33.1015037593985,49.31127819548872,0.0,11,Late,1:24.358
BOT,Kick Sauber,47.0,0 days 00:01:24.089000,MEDIUM,2.0,1,True,84.089,2024,Monza,R,33.1015037593985,49.31127819548872,0.0,12,Late,1:24.089
BOT,Kick Sauber,48.0,0 days 00:01:25.126000,MEDIUM,2.0,1,True,85.126,2024,Monza,R,33.1015037593985,49.31127819548872,0.0,13,Late,1:25.126
BOT,Kick Sauber,49.0,0 days 00:01:23.885000,MEDIUM,2.0,1,True,83.885,2024,Monza,R,33.1015037593985,49.31127819548872,0.0,14,Late,1:23.885
BOT,Kick Sauber,50.0,0 days 00:01:24.357000,MEDIUM,2.0,1,True,84.357,2024,Monza,R,33.1015037593985,49.31127819548872,0.0,15,Late,1:24.357
BOT,Kick Sauber,51.0,0 days 00:01:23.979000,MEDIUM,2.0,1,True,83.979,2024,Monza,R,33.1015037593985,49.31127819548872,0.0,16,Late,1:23.979
BOT,Kick Sauber,52.0,0 days 00:01:23.609000,MEDIUM,2.0,1,True,83.609,2024,Monza,R,33.1015037593985,49.31127819548872,0.0,17,Late,1:23.609
COL,Williams,2.0,0 days 00:01:27.845000,MEDIUM,1.0,1,True,87.845,2024,Monza,R,33.1015037593985,49.31127819548872,0.0,0,Early,1:27.845
COL,Williams,3.0,0 days 00:01:26.578000,MEDIUM,1.0,1,True,86.578,2024,Monza,R,33.1015037593985,49.31127819548872,0.0,1,Early,1:26.578
COL,Williams,4.0,0 days 00:01:26.250000,MEDIUM,1.0,1,True,86.25,2024,Monza,R,33.1015037593985,49.31127819548872,0.0,2,Early,1:26.250
COL,Williams,5.0,0 days 00:01:27.151000,MEDIUM,1.0,1,True,87.151,2024,Monza,R,33.1015037593985,49.31127819548872,0.0,3,Early,1:27.151
COL,Williams,6.0,0 days 00:01:26.057000,MEDIUM,1.0,1,True,86.057,2024,Monza,R,33.1015037593985,49.31127819548872,0.0,4,Early,1:26.057
COL,Williams,7.0,0 days 00:01:27.204000,MEDIUM,1.0,1,True,87.204,2024,Monza,R,33.1015037593985,49.31127819548872,0.0,5,Early,1:27.204
COL,Williams,8.0,0 days 00:01:26.385000,MEDIUM,1.0,1,True,86.385,2024,Monza,R,33.1015037593985,49.31127819548872,0.0,6,Early,1:26.385
COL,Williams,9.0,0 days 00:01:26.222000,MEDIUM,1.0,1,True,86.222,2024,Monza,R,33.1015037593985,49.31127819548872,0.0,7,Early,1:26.222
COL,Williams,10.0,0 days 00:01:26.289000,MEDIUM,1.0,1,True,86.289,2024,Monza,R,33.1015037593985,49.31127819548872,0.0,8,Early,1:26.289
COL,Williams,11.0,0 days 00:01:26.607000,MEDIUM,1.0,1,True,86.607,2024,Monza,R,33.1015037593985,49.31127819548872,0.0,9,Early,1:26.607
COL,Williams,12.0,0 days 00:01:26.500000,MEDIUM,1.0,1,True,86.5,2024,Monza,R,33.1015037593985,49.31127819548872,0.0,10,Early,1:26.500
COL,Williams,13.0,0 days 00:01:26.410000,MEDIUM,1.0,1,True,86.41,2024,Monza,R,33.1015037593985,49.31127819548872,0.0,11,Early,1:26.410
COL,Williams,14.0,0 days 00:01:26.930000,MEDIUM,1.0,1,True,86.93,2024,Monza,R,33.1015037593985,49.31127819548872,0.0,12,Early,1:26.930
COL,Williams,15.0,0 days 00:01:26.672000,MEDIUM,1.0,1,True,86.672,2024,Monza,R,33.1015037593985,49.31127819548872,0.0,13,Early,1:26.672
COL,Williams,18.0,0 days 00:01:24.485000,HARD,2.0,1,True,84.485,2024,Monza,R,33.1015037593985,49.31127819548872,0.0,0,Mid,1:24.485
COL,Williams,19.0,0 days 00:01:24.928000,HARD,2.0,1,True,84.928,2024,Monza,R,33.1015037593985,49.31127819548872,0.0,1,Mid,1:24.928
COL,Williams,20.0,0 days 00:01:25.148000,HARD,2.0,1,True,85.148,2024,Monza,R,33.1015037593985,49.31127819548872,0.0,2,Mid,1:25.148
COL,Williams,21.0,0 days 00:01:24.784000,HARD,2.0,1,True,84.784,2024,Monza,R,33.1015037593985,49.31127819548872,0.0,3,Mid,1:24.784
COL,Williams,22.0,0 days 00:01:24.852000,HARD,2.0,1,True,84.852,2024,Monza,R,33.1015037593985,49.31127819548872,0.0,4,Mid,1:24.852
COL,Williams,23.0,0 days 00:01:24.649000,HARD,2.0,1,True,84.649,2024,Monza,R,33.1015037593985,49.31127819548872,0.0,5,Mid,1:24.649
COL,Williams,24.0,0 days 00:01:24.635000,HARD,2.0,1,True,84.635,2024,Monza,R,33.1015037593985,49.31127819548872,0.0,6,Mid,1:24.635
COL,Williams,25.0,0 days 00:01:24.916000,HARD,2.0,1,True,84.916,2024,Monza,R,33.1015037593985,49.31127819548872,0.0,7,Mid,1:24.916
COL,Williams,26.0,0 days 00:01:24.639000,HARD,2.0,1,True,84.639,2024,Monza,R,33.1015037593985,49.31127819548872,0.0,8,Mid,1:24.639
COL,Williams,27.0,0 days 00:01:24.497000,HARD,2.0,1,True,84.497,2024,Monza,R,33.1015037593985,49.31127819548872,0.0,9,Mid,1:24.497
COL,Williams,28.0,0 days 00:01:25.005000,HARD,2.0,1,True,85.005,2024,Monza,R,33.1015037593985,49.31127819548872,0.0,10,Mid,1:25.005
COL,Williams,29.0,0 days 00:01:25.634000,HARD,2.0,1,True,85.634,2024,Monza,R,33.1015037593985,49.31127819548872,0.0,11,Mid,1:25.634
COL,Williams,30.0,0 days 00:01:25.412000,HARD,2.0,1,True,85.412,2024,Monza,R,33.1015037593985,49.31127819548872,0.0,12,Mid,1:25.412
COL,Williams,31.0,0 days 00:01:25.586000,HARD,2.0,1,True,85.586,2024,Monza,R,33.1015037593985,49.31127819548872,0.0,13,Mid,1:25.586
COL,Williams,32.0,0 days 00:01:25.433000,HARD,2.0,1,True,85.433,2024,Monza,R,33.1015037593985,49.31127819548872,0.0,14,Mid,1:25.433
COL,Williams,33.0,0 days 00:01:24.868000,HARD,2.0,1,True,84.868,2024,Monza,R,33.1015037593985,49.31127819548872,0.0,15,Mid,1:24.868
COL,Williams,34.0,0 days 00:01:24.921000,HARD,2.0,1,True,84.921,2024,Monza,R,33.1015037593985,49.31127819548872,0.0,16,Mid,1:24.921
COL,Williams,35.0,0 days 00:01:24.798000,HARD,2.0,1,True,84.798,2024,Monza,R,33.1015037593985,49.31127819548872,0.0,17,Mid,1:24.798
COL,Williams,36.0,0 days 00:01:24.840000,HARD,2.0,1,True,84.84,2024,Monza,R,33.1015037593985,49.31127819548872,0.0,18,Late,1:24.840
COL,Williams,37.0,0 days 00:01:25.345000,HARD,2.0,1,True,85.345,2024,Monza,R,33.1015037593985,49.31127819548872,0.0,19,Late,1:25.345
COL,Williams,38.0,0 days 00:01:25.194000,HARD,2.0,1,True,85.194,2024,Monza,R,33.1015037593985,49.31127819548872,0.0,20,Late,1:25.194
COL,Williams,39.0,0 days 00:01:25.128000,HARD,2.0,1,True,85.128,2024,Monza,R,33.1015037593985,49.31127819548872,0.0,21,Late,1:25.128
COL,Williams,40.0,0 days 00:01:25.147000,HARD,2.0,1,True,85.147,2024,Monza,R,33.1015037593985,49.31127819548872,0.0,22,Late,1:25.147
COL,Williams,41.0,0 days 00:01:24.801000,HARD,2.0,1,True,84.801,2024,Monza,R,33.1015037593985,49.31127819548872,0.0,23,Late,1:24.801
COL,Williams,42.0,0 days 00:01:24.620000,HARD,2.0,1,True,84.62,2024,Monza,R,33.1015037593985,49.31127819548872,0.0,24,Late,1:24.620
COL,Williams,43.0,0 days 00:01:25.979000,HARD,2.0,1,True,85.979,2024,Monza,R,33.1015037593985,49.31127819548872,0.0,25,Late,1:25.979
COL,Williams,44.0,0 days 00:01:25.161000,HARD,2.0,1,True,85.161,2024,Monza,R,33.1015037593985,49.31127819548872,0.0,26,Late,1:25.161
COL,Williams,45.0,0 days 00:01:24.812000,HARD,2.0,1,True,84.812,2024,Monza,R,33.1015037593985,49.31127819548872,0.0,27,Late,1:24.812
COL,Williams,46.0,0 days 00:01:24.939000,HARD,2.0,1,True,84.939,2024,Monza,R,33.1015037593985,49.31127819548872,0.0,28,Late,1:24.939
COL,Williams,47.0,0 days 00:01:24.697000,HARD,2.0,1,True,84.697,2024,Monza,R,33.1015037593985,49.31127819548872,0.0,29,Late,1:24.697
COL,Williams,48.0,0 days 00:01:24.538000,HARD,2.0,1,True,84.538,2024,Monza,R,33.1015037593985,49.31127819548872,0.0,30,Late,1:24.538
COL,Williams,49.0,0 days 00:01:24.474000,HARD,2.0,1,True,84.474,2024,Monza,R,33.1015037593985,49.31127819548872,0.0,31,Late,1:24.474
COL,Williams,50.0,0 days 00:01:24.300000,HARD,2.0,1,True,84.3,2024,Monza,R,33.1015037593985,49.31127819548872,0.0,32,Late,1:24.300
COL,Williams,51.0,0 days 00:01:24.186000,HARD,2.0,1,True,84.186,2024,Monza,R,33.1015037593985,49.31127819548872,0.0,33,Late,1:24.186
COL,Williams,52.0,0 days 00:01:24.429000,HARD,2.0,1,True,84.429,2024,Monza,R,33.1015037593985,49.31127819548872,0.0,34,Late,1:24.429
COL,Williams,53.0,0 days 00:01:23.728000,HARD,2.0,1,True,83.728,2024,Monza,R,33.1015037593985,49.31127819548872,0.0,35,Late,1:23.728
GAS,Alpine,2.0,0 days 00:01:26.606000,MEDIUM,1.0,1,True,86.606,2024,Monza,R,33.1015037593985,49.31127819548872,0.0,0,Early,1:26.606
GAS,Alpine,3.0,0 days 00:01:26.646000,MEDIUM,1.0,1,True,86.646,2024,Monza,R,33.1015037593985,49.31127819548872,0.0,1,Early,1:26.646
GAS,Alpine,4.0,0 days 00:01:26.395000,MEDIUM,1.0,1,True,86.395,2024,Monza,R,33.1015037593985,49.31127819548872,0.0,2,Early,1:26.395
GAS,Alpine,5.0,0 days 00:01:26.361000,MEDIUM,1.0,1,True,86.361,2024,Monza,R,33.1015037593985,49.31127819548872,0.0,3,Early,1:26.361
GAS,Alpine,6.0,0 days 00:01:26.042000,MEDIUM,1.0,1,True,86.042,2024,Monza,R,33.1015037593985,49.31127819548872,0.0,4,Early,1:26.042
GAS,Alpine,7.0,0 days 00:01:25.820000,MEDIUM,1.0,1,True,85.82,2024,Monza,R,33.1015037593985,49.31127819548872,0.0,5,Early,1:25.820
GAS,Alpine,8.0,0 days 00:01:26.465000,MEDIUM,1.0,1,True,86.465,2024,Monza,R,33.1015037593985,49.31127819548872,0.0,6,Early,1:26.465
GAS,Alpine,9.0,0 days 00:01:27.148000,MEDIUM,1.0,1,True,87.148,2024,Monza,R,33.1015037593985,49.31127819548872,0.0,7,Early,1:27.148
GAS,Alpine,12.0,0 days 00:01:25.070000,HARD,2.0,1,True,85.07,2024,Monza,R,33.1015037593985,49.31127819548872,0.0,0,Early,1:25.070
GAS,Alpine,13.0,0 days 00:01:24.816000,HARD,2.0,1,True,84.816,2024,Monza,R,33.1015037593985,49.31127819548872,0.0,1,Early,1:24.816
GAS,Alpine,14.0,0 days 00:01:25.214000,HARD,2.0,1,True,85.214,2024,Monza,R,33.1015037593985,49.31127819548872,0.0,2,Early,1:25.214
GAS,Alpine,15.0,0 days 00:01:25.529000,HARD,2.0,1,True,85.529,2024,Monza,R,33.1015037593985,49.31127819548872,0.0,3,Early,1:25.529
GAS,Alpine,16.0,0 days 00:01:25.537000,HARD,2.0,1,True,85.537,2024,Monza,R,33.1015037593985,49.31127819548872,0.0,4,Early,1:25.537
GAS,Alpine,17.0,0 days 00:01:25.165000,HARD,2.0,1,True,85.165,2024,Monza,R,33.1015037593985,49.31127819548872,0.0,5,Early,1:25.165
GAS,Alpine,18.0,0 days 00:01:26.182000,HARD,2.0,1,True,86.182,2024,Monza,R,33.1015037593985,49.31127819548872,0.0,6,Mid,1:26.182
GAS,Alpine,19.0,0 days 00:01:25.403000,HARD,2.0,1,True,85.403,2024,Monza,R,33.1015037593985,49.31127819548872,0.0,7,Mid,1:25.403
GAS,Alpine,20.0,0 days 00:01:25.058000,HARD,2.0,1,True,85.058,2024,Monza,R,33.1015037593985,49.31127819548872,0.0,8,Mid,1:25.058
GAS,Alpine,21.0,0 days 00:01:24.878000,HARD,2.0,1,True,84.878,2024,Monza,R,33.1015037593985,49.31127819548872,0.0,9,Mid,1:24.878
GAS,Alpine,22.0,0 days 00:01:25.105000,HARD,2.0,1,True,85.105,2024,Monza,R,33.1015037593985,49.31127819548872,0.0,10,Mid,1:25.105
GAS,Alpine,23.0,0 days 00:01:26.161000,HARD,2.0,1,True,86.161,2024,Monza,R,33.1015037593985,49.31127819548872,0.0,11,Mid,1:26.161
GAS,Alpine,24.0,0 days 00:01:25.882000,HARD,2.0,1,True,85.882,2024,Monza,R,33.1015037593985,49.31127819548872,0.0,12,Mid,1:25.882
GAS,Alpine,25.0,0 days 00:01:25.988000,HARD,2.0,1,True,85.988,2024,Monza,R,33.1015037593985,49.31127819548872,0.0,13,Mid,1:25.988
GAS,Alpine,26.0,0 days 00:01:25.742000,HARD,2.0,1,True,85.742,2024,Monza,R,33.1015037593985,49.31127819548872,0.0,14,Mid,1:25.742
GAS,Alpine,27.0,0 days 00:01:27.191000,HARD,2.0,1,True,87.191,2024,Monza,R,33.1015037593985,49.31127819548872,0.0,15,Mid,1:27.191
GAS,Alpine,28.0,0 days 00:01:25.823000,HARD,2.0,1,True,85.823,2024,Monza,R,33.1015037593985,49.31127819548872,0.0,16,Mid,1:25.823
GAS,Alpine,29.0,0 days 00:01:26.079000,HARD,2.0,1,True,86.079,2024,Monza,R,33.1015037593985,49.31127819548872,0.0,17,Mid,1:26.079
GAS,Alpine,32.0,0 days 00:01:24.423000,HARD,3.0,1,True,84.423,2024,Monza,R,33.1015037593985,49.31127819548872,0.0,0,Mid,1:24.423
GAS,Alpine,33.0,0 days 00:01:24.252000,HARD,3.0,1,True,84.252,2024,Monza,R,33.1015037593985,49.31127819548872,0.0,1,Mid,1:24.252
GAS,Alpine,34.0,0 days 00:01:24.383000,HARD,3.0,1,True,84.383,2024,Monza,R,33.1015037593985,49.31127819548872,0.0,2,Mid,1:24.383
GAS,Alpine,35.0,0 days 00:01:24.822000,HARD,3.0,1,True,84.822,2024,Monza,R,33.1015037593985,49.31127819548872,0.0,3,Mid,1:24.822
GAS,Alpine,36.0,0 days 00:01:25.591000,HARD,3.0,1,True,85.591,2024,Monza,R,33.1015037593985,49.31127819548872,0.0,4,Late,1:25.591
GAS,Alpine,37.0,0 days 00:01:24.386000,HARD,3.0,1,True,84.386,2024,Monza,R,33.1015037593985,49.31127819548872,0.0,5,Late,1:24.386
GAS,Alpine,38.0,0 days 00:01:25.229000,HARD,3.0,1,True,85.229,2024,Monza,R,33.1015037593985,49.31127819548872,0.0,6,Late,1:25.229
GAS,Alpine,39.0,0 days 00:01:24.591000,HARD,3.0,1,True,84.591,2024,Monza,R,33.1015037593985,49.31127819548872,0.0,7,Late,1:24.591
GAS,Alpine,40.0,0 days 00:01:25.104000,HARD,3.0,1,True,85.104,2024,Monza,R,33.1015037593985,49.31127819548872,0.0,8,Late,1:25.104
GAS,Alpine,41.0,0 days 00:01:25.772000,HARD,3.0,1,True,85.772,2024,Monza,R,33.1015037593985,49.31127819548872,0.0,9,Late,1:25.772
GAS,Alpine,42.0,0 days 00:01:24.605000,HARD,3.0,1,True,84.605,2024,Monza,R,33.1015037593985,49.31127819548872,0.0,10,Late,1:24.605
GAS,Alpine,43.0,0 days 00:01:25.142000,HARD,3.0,1,True,85.142,2024,Monza,R,33.1015037593985,49.31127819548872,0.0,11,Late,1:25.142
GAS,Alpine,44.0,0 days 00:01:26.175000,HARD,3.0,1,True,86.175,2024,Monza,R,33.1015037593985,49.31127819548872,0.0,12,Late,1:26.175
GAS,Alpine,45.0,0 days 00:01:25.425000,HARD,3.0,1,True,85.425,2024,Monza,R,33.1015037593985,49.31127819548872,0.0,13,Late,1:25.425
GAS,Alpine,46.0,0 days 00:01:24.403000,HARD,3.0,1,True,84.403,2024,Monza,R,33.1015037593985,49.31127819548872,0.0,14,Late,1:24.403
GAS,Alpine,47.0,0 days 00:01:23.923000,HARD,3.0,1,True,83.923,2024,Monza,R,33.1015037593985,49.31127819548872,0.0,15,Late,1:23.923
GAS,Alpine,48.0,0 days 00:01:24.036000,HARD,3.0,1,True,84.036,2024,Monza,R,33.1015037593985,49.31127819548872,0.0,16,Late,1:24.036
GAS,Alpine,49.0,0 days 00:01:23.852000,HARD,3.0,1,True,83.852,2024,Monza,R,33.1015037593985,49.31127819548872,0.0,17,Late,1:23.852
GAS,Alpine,50.0,0 days 00:01:24.077000,HARD,3.0,1,True,84.077,2024,Monza,R,33.1015037593985,49.31127819548872,0.0,18,Late,1:24.077
GAS,Alpine,51.0,0 days 00:01:23.755000,HARD,3.0,1,True,83.755,2024,Monza,R,33.1015037593985,49.31127819548872,0.0,19,Late,1:23.755
GAS,Alpine,52.0,0 days 00:01:23.973000,HARD,3.0,1,True,83.973,2024,Monza,R,33.1015037593985,49.31127819548872,0.0,20,Late,1:23.973
HAM,Mercedes,2.0,0 days 00:01:26.043000,MEDIUM,1.0,1,True,86.043,2024,Monza,R,33.1015037593985,49.31127819548872,0.0,0,Early,1:26.043
HAM,Mercedes,3.0,0 days 00:01:25.630000,MEDIUM,1.0,1,True,85.63,2024,Monza,R,33.1015037593985,49.31127819548872,0.0,1,Early,1:25.630
HAM,Mercedes,4.0,0 days 00:01:25.722000,MEDIUM,1.0,1,True,85.722,2024,Monza,R,33.1015037593985,49.31127819548872,0.0,2,Early,1:25.722
HAM,Mercedes,5.0,0 days 00:01:24.771000,MEDIUM,1.0,1,True,84.771,2024,Monza,R,33.1015037593985,49.31127819548872,0.0,3,Early,1:24.771
HAM,Mercedes,6.0,0 days 00:01:24.919000,MEDIUM,1.0,1,True,84.919,2024,Monza,R,33.1015037593985,49.31127819548872,0.0,4,Early,1:24.919
HAM,Mercedes,7.0,0 days 00:01:25.205000,MEDIUM,1.0,1,True,85.205,2024,Monza,R,33.1015037593985,49.31127819548872,0.0,5,Early,1:25.205
HAM,Mercedes,8.0,0 days 00:01:24.871000,MEDIUM,1.0,1,True,84.871,2024,Monza,R,33.1015037593985,49.31127819548872,0.0,6,Early,1:24.871
HAM,Mercedes,9.0,0 days 00:01:25.035000,MEDIUM,1.0,1,True,85.035,2024,Monza,R,33.1015037593985,49.31127819548872,0.0,7,Early,1:25.035
HAM,Mercedes,10.0,0 days 00:01:24.909000,MEDIUM,1.0,1,True,84.909,2024,Monza,R,33.1015037593985,49.31127819548872,0.0,8,Early,1:24.909
HAM,Mercedes,11.0,0 days 00:01:24.938000,MEDIUM,1.0,1,True,84.938,2024,Monza,R,33.1015037593985,49.31127819548872,0.0,9,Early,1:24.938
HAM,Mercedes,12.0,0 days 00:01:24.932000,MEDIUM,1.0,1,True,84.932,2024,Monza,R,33.1015037593985,49.31127819548872,0.0,10,Early,1:24.932
HAM,Mercedes,13.0,0 days 00:01:25.329000,MEDIUM,1.0,1,True,85.329,2024,Monza,R,33.1015037593985,49.31127819548872,0.0,11,Early,1:25.329
HAM,Mercedes,14.0,0 days 00:01:25.817000,MEDIUM,1.0,1,True,85.817,2024,Monza,R,33.1015037593985,49.31127819548872,0.0,12,Early,1:25.817
HAM,Mercedes,17.0,0 days 00:01:24.843000,HARD,2.0,1,True,84.843,2024,Monza,R,33.1015037593985,49.31127819548872,0.0,0,Early,1:24.843
HAM,Mercedes,18.0,0 days 00:01:24.831000,HARD,2.0,1,True,84.831,2024,Monza,R,33.1015037593985,49.31127819548872,0.0,1,Mid,1:24.831
HAM,Mercedes,19.0,0 days 00:01:24.649000,HARD,2.0,1,True,84.649,2024,Monza,R,33.1015037593985,49.31127819548872,0.0,2,Mid,1:24.649
HAM,Mercedes,20.0,0 days 00:01:24.640000,HARD,2.0,1,True,84.64,2024,Monza,R,33.1015037593985,49.31127819548872,0.0,3,Mid,1:24.640
HAM,Mercedes,21.0,0 days 00:01:24.915000,HARD,2.0,1,True,84.915,2024,Monza,R,33.1015037593985,49.31127819548872,0.0,4,Mid,1:24.915
HAM,Mercedes,22.0,0 days 00:01:24.613000,HARD,2.0,1,True,84.613,2024,Monza,R,33.1015037593985,49.31127819548872,0.0,5,Mid,1:24.613
HAM,Mercedes,23.0,0 days 00:01:24.132000,HARD,2.0,1,True,84.132,2024,Monza,R,33.1015037593985,49.31127819548872,0.0,6,Mid,1:24.132
HAM,Mercedes,24.0,0 days 00:01:23.818000,HARD,2.0,1,True,83.818,2024,Monza,R,33.1015037593985,49.31127819548872,0.0,7,Mid,1:23.818
HAM,Mercedes,25.0,0 days 00:01:23.804000,HARD,2.0,1,True,83.804,2024,Monza,R,33.1015037593985,49.31127819548872,0.0,8,Mid,1:23.804
HAM,Mercedes,26.0,0 days 00:01:23.673000,HARD,2.0,1,True,83.673,2024,Monza,R,33.1015037593985,49.31127819548872,0.0,9,Mid,1:23.673
HAM,Mercedes,27.0,0 days 00:01:23.495000,HARD,2.0,1,True,83.495,2024,Monza,R,33.1015037593985,49.31127819548872,0.0,10,Mid,1:23.495
HAM,Mercedes,28.0,0 days 00:01:23.640000,HARD,2.0,1,True,83.64,2024,Monza,R,33.1015037593985,49.31127819548872,0.0,11,Mid,1:23.640
HAM,Mercedes,29.0,0 days 00:01:23.507000,HARD,2.0,1,True,83.507,2024,Monza,R,33.1015037593985,49.31127819548872,0.0,12,Mid,1:23.507
HAM,Mercedes,30.0,0 days 00:01:23.445000,HARD,2.0,1,True,83.445,2024,Monza,R,33.1015037593985,49.31127819548872,0.0,13,Mid,1:23.445
HAM,Mercedes,31.0,0 days 00:01:23.360000,HARD,2.0,1,True,83.36,2024,Monza,R,33.1015037593985,49.31127819548872,0.0,14,Mid,1:23.360
HAM,Mercedes,32.0,0 days 00:01:23.328000,HARD,2.0,1,True,83.328,2024,Monza,R,33.1015037593985,49.31127819548872,0.0,15,Mid,1:23.328
HAM,Mercedes,33.0,0 days 00:01:23.397000,HARD,2.0,1,True,83.397,2024,Monza,R,33.1015037593985,49.31127819548872,0.0,16,Mid,1:23.397
HAM,Mercedes,34.0,0 days 00:01:23.531000,HARD,2.0,1,True,83.531,2024,Monza,R,33.1015037593985,49.31127819548872,0.0,17,Mid,1:23.531
HAM,Mercedes,35.0,0 days 00:01:23.378000,HARD,2.0,1,True,83.378,2024,Monza,R,33.1015037593985,49.31127819548872,0.0,18,Mid,1:23.378
HAM,Mercedes,36.0,0 days 00:01:23.601000,HARD,2.0,1,True,83.601,2024,Monza,R,33.1015037593985,49.31127819548872,0.0,19,Late,1:23.601
HAM,Mercedes,39.0,0 days 00:01:22.968000,HARD,3.0,1,True,82.968,2024,Monza,R,33.1015037593985,49.31127819548872,0.0,0,Late,1:22.968
HAM,Mercedes,40.0,0 days 00:01:23.012000,HARD,3.0,1,True,83.012,2024,Monza,R,33.1015037593985,49.31127819548872,0.0,1,Late,1:23.012
HAM,Mercedes,41.0,0 days 00:01:22.927000,HARD,3.0,1,True,82.927,2024,Monza,R,33.1015037593985,49.31127819548872,0.0,2,Late,1:22.927
HAM,Mercedes,42.0,0 days 00:01:22.520000,HARD,3.0,1,True,82.52,2024,Monza,R,33.1015037593985,49.31127819548872,0.0,3,Late,1:22.520
HAM,Mercedes,43.0,0 days 00:01:22.396000,HARD,3.0,1,True,82.396,2024,Monza,R,33.1015037593985,49.31127819548872,0.0,4,Late,1:22.396
HAM,Mercedes,44.0,0 days 00:01:22.136000,HARD,3.0,1,True,82.136,2024,Monza,R,33.1015037593985,49.31127819548872,0.0,5,Late,1:22.136
HAM,Mercedes,45.0,0 days 00:01:22.176000,HARD,3.0,1,True,82.176,2024,Monza,R,33.1015037593985,49.31127819548872,0.0,6,Late,1:22.176
HAM,Mercedes,46.0,0 days 00:01:22.307000,HARD,3.0,1,True,82.307,2024,Monza,R,33.1015037593985,49.31127819548872,0.0,7,Late,1:22.307
HAM,Mercedes,47.0,0 days 00:01:22.471000,HARD,3.0,1,True,82.471,2024,Monza,R,33.1015037593985,49.31127819548872,0.0,8,Late,1:22.471
HAM,Mercedes,48.0,0 days 00:01:22.794000,HARD,3.0,1,True,82.794,2024,Monza,R,33.1015037593985,49.31127819548872,0.0,9,Late,1:22.794
HAM,Mercedes,49.0,0 days 00:01:22.446000,HARD,3.0,1,True,82.446,2024,Monza,R,33.1015037593985,49.31127819548872,0.0,10,Late,1:22.446
HAM,Mercedes,50.0,0 days 00:01:22.243000,HARD,3.0,1,True,82.243,2024,Monza,R,33.1015037593985,49.31127819548872,0.0,11,Late,1:22.243
HAM,Mercedes,51.0,0 days 00:01:22.737000,HARD,3.0,1,True,82.737,2024,Monza,R,33.1015037593985,49.31127819548872,0.0,12,Late,1:22.737
HAM,Mercedes,52.0,0 days 00:01:25.703000,HARD,3.0,1,True,85.703,2024,Monza,R,33.1015037593985,49.31127819548872,0.0,13,Late,1:25.703
HAM,Mercedes,53.0,0 days 00:01:21.512000,HARD,3.0,1,True,81.512,2024,Monza,R,33.1015037593985,49.31127819548872,0.0,14,Late,1:21.512
HUL,Haas F1 Team,2.0,0 days 00:01:27.512000,MEDIUM,1.0,1,True,87.512,2024,Monza,R,33.1015037593985,49.31127819548872,0.0,0,Early,1:27.512
HUL,Haas F1 Team,3.0,0 days 00:01:26.434000,MEDIUM,1.0,1,True,86.434,2024,Monza,R,33.1015037593985,49.31127819548872,0.0,1,Early,1:26.434
HUL,Haas F1 Team,4.0,0 days 00:01:26.541000,MEDIUM,1.0,1,True,86.541,2024,Monza,R,33.1015037593985,49.31127819548872,0.0,2,Early,1:26.541
HUL,Haas F1 Team,7.0,0 days 00:01:25.882000,HARD,2.0,1,True,85.882,2024,Monza,R,33.1015037593985,49.31127819548872,0.0,0,Early,1:25.882
HUL,Haas F1 Team,8.0,0 days 00:01:25.351000,HARD,2.0,1,True,85.351,2024,Monza,R,33.1015037593985,49.31127819548872,0.0,1,Early,1:25.351
HUL,Haas F1 Team,9.0,0 days 00:01:25.191000,HARD,2.0,1,True,85.191,2024,Monza,R,33.1015037593985,49.31127819548872,0.0,2,Early,1:25.191
HUL,Haas F1 Team,10.0,0 days 00:01:25.194000,HARD,2.0,1,True,85.194,2024,Monza,R,33.1015037593985,49.31127819548872,0.0,3,Early,1:25.194
HUL,Haas F1 Team,11.0,0 days 00:01:25.322000,HARD,2.0,1,True,85.322,2024,Monza,R,33.1015037593985,49.31127819548872,0.0,4,Early,1:25.322
HUL,Haas F1 Team,12.0,0 days 00:01:25.166000,HARD,2.0,1,True,85.166,2024,Monza,R,33.1015037593985,49.31127819548872,0.0,5,Early,1:25.166
HUL,Haas F1 Team,13.0,0 days 00:01:24.983000,HARD,2.0,1,True,84.983,2024,Monza,R,33.1015037593985,49.31127819548872,0.0,6,Early,1:24.983
HUL,Haas F1 Team,14.0,0 days 00:01:25.014000,HARD,2.0,1,True,85.014,2024,Monza,R,33.1015037593985,49.31127819548872,0.0,7,Early,1:25.014
HUL,Haas F1 Team,15.0,0 days 00:01:25.862000,HARD,2.0,1,True,85.862,2024,Monza,R,33.1015037593985,49.31127819548872,0.0,8,Early,1:25.862
HUL,Haas F1 Team,16.0,0 days 00:01:25.017000,HARD,2.0,1,True,85.017,2024,Monza,R,33.1015037593985,49.31127819548872,0.0,9,Early,1:25.017
HUL,Haas F1 Team,17.0,0 days 00:01:26.119000,HARD,2.0,1,True,86.119,2024,Monza,R,33.1015037593985,49.31127819548872,0.0,10,Early,1:26.119
HUL,Haas F1 Team,18.0,0 days 00:01:25.465000,HARD,2.0,1,True,85.465,2024,Monza,R,33.1015037593985,49.31127819548872,0.0,11,Mid,1:25.465
HUL,Haas F1 Team,19.0,0 days 00:01:25.326000,HARD,2.0,1,True,85.326,2024,Monza,R,33.1015037593985,49.31127819548872,0.0,12,Mid,1:25.326
HUL,Haas F1 Team,20.0,0 days 00:01:26.113000,HARD,2.0,1,True,86.113,2024,Monza,R,33.1015037593985,49.31127819548872,0.0,13,Mid,1:26.113
HUL,Haas F1 Team,21.0,0 days 00:01:25.735000,HARD,2.0,1,True,85.735,2024,Monza,R,33.1015037593985,49.31127819548872,0.0,14,Mid,1:25.735
HUL,Haas F1 Team,22.0,0 days 00:01:25.565000,HARD,2.0,1,True,85.565,2024,Monza,R,33.1015037593985,49.31127819548872,0.0,15,Mid,1:25.565
HUL,Haas F1 Team,23.0,0 days 00:01:25.632000,HARD,2.0,1,True,85.632,2024,Monza,R,33.1015037593985,49.31127819548872,0.0,16,Mid,1:25.632
HUL,Haas F1 Team,24.0,0 days 00:01:25.608000,HARD,2.0,1,True,85.608,2024,Monza,R,33.1015037593985,49.31127819548872,0.0,17,Mid,1:25.608
HUL,Haas F1 Team,25.0,0 days 00:01:25.716000,HARD,2.0,1,True,85.716,2024,Monza,R,33.1015037593985,49.31127819548872,0.0,18,Mid,1:25.716
HUL,Haas F1 Team,26.0,0 days 00:01:25.506000,HARD,2.0,1,True,85.506,2024,Monza,R,33.1015037593985,49.31127819548872,0.0,19,Mid,1:25.506
HUL,Haas F1 Team,27.0,0 days 00:01:25.674000,HARD,2.0,1,True,85.674,2024,Monza,R,33.1015037593985,49.31127819548872,0.0,20,Mid,1:25.674
HUL,Haas F1 Team,28.0,0 days 00:01:25.430000,HARD,2.0,1,True,85.43,2024,Monza,R,33.1015037593985,49.31127819548872,0.0,21,Mid,1:25.430
HUL,Haas F1 Team,29.0,0 days 00:01:25.570000,HARD,2.0,1,True,85.57,2024,Monza,R,33.1015037593985,49.31127819548872,0.0,22,Mid,1:25.570
HUL,Haas F1 Team,30.0,0 days 00:01:25.628000,HARD,2.0,1,True,85.628,2024,Monza,R,33.1015037593985,49.31127819548872,0.0,23,Mid,1:25.628
HUL,Haas F1 Team,31.0,0 days 00:01:25.142000,HARD,2.0,1,True,85.142,2024,Monza,R,33.1015037593985,49.31127819548872,0.0,24,Mid,1:25.142
HUL,Haas F1 Team,34.0,0 days 00:01:23.587000,HARD,3.0,1,True,83.587,2024,Monza,R,33.1015037593985,49.31127819548872,0.0,0,Mid,1:23.587
HUL,Haas F1 Team,35.0,0 days 00:01:23.761000,HARD,3.0,1,True,83.761,2024,Monza,R,33.1015037593985,49.31127819548872,0.0,1,Mid,1:23.761
HUL,Haas F1 Team,36.0,0 days 00:01:23.772000,HARD,3.0,1,True,83.772,2024,Monza,R,33.1015037593985,49.31127819548872,0.0,2,Late,1:23.772
HUL,Haas F1 Team,37.0,0 days 00:01:27.809000,HARD,3.0,1,True,87.809,2024,Monza,R,33.1015037593985,49.31127819548872,0.0,3,Late,1:27.809
HUL,Haas F1 Team,38.0,0 days 00:01:23.880000,HARD,3.0,1,True,83.88,2024,Monza,R,33.1015037593985,49.31127819548872,0.0,4,Late,1:23.880
HUL,Haas F1 Team,39.0,0 days 00:01:24.019000,HARD,3.0,1,True,84.019,2024,Monza,R,33.1015037593985,49.31127819548872,0.0,5,Late,1:24.019
HUL,Haas F1 Team,40.0,0 days 00:01:23.621000,HARD,3.0,1,True,83.621,2024,Monza,R,33.1015037593985,49.31127819548872,0.0,6,Late,1:23.621
HUL,Haas F1 Team,41.0,0 days 00:01:23.449000,HARD,3.0,1,True,83.449,2024,Monza,R,33.1015037593985,49.31127819548872,0.0,7,Late,1:23.449
HUL,Haas F1 Team,42.0,0 days 00:01:23.624000,HARD,3.0,1,True,83.624,2024,Monza,R,33.1015037593985,49.31127819548872,0.0,8,Late,1:23.624
HUL,Haas F1 Team,43.0,0 days 00:01:23.591000,HARD,3.0,1,True,83.591,2024,Monza,R,33.1015037593985,49.31127819548872,0.0,9,Late,1:23.591
HUL,Haas F1 Team,44.0,0 days 00:01:23.275000,HARD,3.0,1,True,83.275,2024,Monza,R,33.1015037593985,49.31127819548872,0.0,10,Late,1:23.275
HUL,Haas F1 Team,45.0,0 days 00:01:23.807000,HARD,3.0,1,True,83.807,2024,Monza,R,33.1015037593985,49.31127819548872,0.0,11,Late,1:23.807
HUL,Haas F1 Team,46.0,0 days 00:01:24.107000,HARD,3.0,1,True,84.107,2024,Monza,R,33.1015037593985,49.31127819548872,0.0,12,Late,1:24.107
HUL,Haas F1 Team,47.0,0 days 00:01:26.991000,HARD,3.0,1,True,86.991,2024,Monza,R,33.1015037593985,49.31127819548872,0.0,13,Late,1:26.991
HUL,Haas F1 Team,48.0,0 days 00:01:25.125000,HARD,3.0,1,True,85.125,2024,Monza,R,33.1015037593985,49.31127819548872,0.0,14,Late,1:25.125
HUL,Haas F1 Team,49.0,0 days 00:01:23.404000,HARD,3.0,1,True,83.404,2024,Monza,R,33.1015037593985,49.31127819548872,0.0,15,Late,1:23.404
HUL,Haas F1 Team,50.0,0 days 00:01:24.017000,HARD,3.0,1,True,84.017,2024,Monza,R,33.1015037593985,49.31127819548872,0.0,16,Late,1:24.017
HUL,Haas F1 Team,51.0,0 days 00:01:24.211000,HARD,3.0,1,True,84.211,2024,Monza,R,33.1015037593985,49.31127819548872,0.0,17,Late,1:24.211
HUL,Haas F1 Team,52.0,0 days 00:01:23.966000,HARD,3.0,1,True,83.966,2024,Monza,R,33.1015037593985,49.31127819548872,0.0,18,Late,1:23.966
LEC,Ferrari,2.0,0 days 00:01:25.396000,MEDIUM,1.0,1,True,85.396,2024,Monza,R,33.1015037593985,49.31127819548872,0.0,0,Early,1:25.396
LEC,Ferrari,3.0,0 days 00:01:25.179000,MEDIUM,1.0,1,True,85.179,2024,Monza,R,33.1015037593985,49.31127819548872,0.0,1,Early,1:25.179
LEC,Ferrari,4.0,0 days 00:01:24.810000,MEDIUM,1.0,1,True,84.81,2024,Monza,R,33.1015037593985,49.31127819548872,0.0,2,Early,1:24.810
LEC,Ferrari,5.0,0 days 00:01:24.603000,MEDIUM,1.0,1,True,84.603,2024,Monza,R,33.1015037593985,49.31127819548872,0.0,3,Early,1:24.603
LEC,Ferrari,6.0,0 days 00:01:24.663000,MEDIUM,1.0,1,True,84.663,2024,Monza,R,33.1015037593985,49.31127819548872,0.0,4,Early,1:24.663
LEC,Ferrari,7.0,0 days 00:01:24.434000,MEDIUM,1.0,1,True,84.434,2024,Monza,R,33.1015037593985,49.31127819548872,0.0,5,Early,1:24.434
LEC,Ferrari,8.0,0 days 00:01:24.569000,MEDIUM,1.0,1,True,84.569,2024,Monza,R,33.1015037593985,49.31127819548872,0.0,6,Early,1:24.569
LEC,Ferrari,9.0,0 days 00:01:24.362000,MEDIUM,1.0,1,True,84.362,2024,Monza,R,33.1015037593985,49.31127819548872,0.0,7,Early,1:24.362
LEC,Ferrari,10.0,0 days 00:01:24.432000,MEDIUM,1.0,1,True,84.432,2024,Monza,R,33.1015037593985,49.31127819548872,0.0,8,Early,1:24.432
LEC,Ferrari,11.0,0 days 00:01:24.846000,MEDIUM,1.0,1,True,84.846,2024,Monza,R,33.1015037593985,49.31127819548872,0.0,9,Early,1:24.846
LEC,Ferrari,12.0,0 days 00:01:24.916000,MEDIUM,1.0,1,True,84.916,2024,Monza,R,33.1015037593985,49.31127819548872,0.0,10,Early,1:24.916
LEC,Ferrari,13.0,0 days 00:01:25.529000,MEDIUM,1.0,1,True,85.529,2024,Monza,R,33.1015037593985,49.31127819548872,0.0,11,Early,1:25.529
LEC,Ferrari,14.0,0 days 00:01:25.606000,MEDIUM,1.0,1,True,85.606,2024,Monza,R,33.1015037593985,49.31127819548872,0.0,12,Early,1:25.606
LEC,Ferrari,17.0,0 days 00:01:24.270000,HARD,2.0,1,True,84.27,2024,Monza,R,33.1015037593985,49.31127819548872,0.0,0,Early,1:24.270
LEC,Ferrari,18.0,0 days 00:01:23.875000,HARD,2.0,1,True,83.875,2024,Monza,R,33.1015037593985,49.31127819548872,0.0,1,Mid,1:23.875
LEC,Ferrari,19.0,0 days 00:01:24.203000,HARD,2.0,1,True,84.203,2024,Monza,R,33.1015037593985,49.31127819548872,0.0,2,Mid,1:24.203
LEC,Ferrari,20.0,0 days 00:01:23.826000,HARD,2.0,1,True,83.826,2024,Monza,R,33.1015037593985,49.31127819548872,0.0,3,Mid,1:23.826
LEC,Ferrari,21.0,0 days 00:01:23.880000,HARD,2.0,1,True,83.88,2024,Monza,R,33.1015037593985,49.31127819548872,0.0,4,Mid,1:23.880
LEC,Ferrari,22.0,0 days 00:01:23.768000,HARD,2.0,1,True,83.768,2024,Monza,R,33.1015037593985,49.31127819548872,0.0,5,Mid,1:23.768
LEC,Ferrari,23.0,0 days 00:01:23.864000,HARD,2.0,1,True,83.864,2024,Monza,R,33.1015037593985,49.31127819548872,0.0,6,Mid,1:23.864
LEC,Ferrari,24.0,0 days 00:01:23.640000,HARD,2.0,1,True,83.64,2024,Monza,R,33.1015037593985,49.31127819548872,0.0,7,Mid,1:23.640
LEC,Ferrari,25.0,0 days 00:01:23.590000,HARD,2.0,1,True,83.59,2024,Monza,R,33.1015037593985,49.31127819548872,0.0,8,Mid,1:23.590
LEC,Ferrari,26.0,0 days 00:01:23.321000,HARD,2.0,1,True,83.321,2024,Monza,R,33.1015037593985,49.31127819548872,0.0,9,Mid,1:23.321
LEC,Ferrari,27.0,0 days 00:01:23.534000,HARD,2.0,1,True,83.534,2024,Monza,R,33.1015037593985,49.31127819548872,0.0,10,Mid,1:23.534
LEC,Ferrari,28.0,0 days 00:01:23.284000,HARD,2.0,1,True,83.284,2024,Monza,R,33.1015037593985,49.31127819548872,0.0,11,Mid,1:23.284
LEC,Ferrari,29.0,0 days 00:01:23.229000,HARD,2.0,1,True,83.229,2024,Monza,R,33.1015037593985,49.31127819548872,0.0,12,Mid,1:23.229
LEC,Ferrari,30.0,0 days 00:01:23.359000,HARD,2.0,1,True,83.359,2024,Monza,R,33.1015037593985,49.31127819548872,0.0,13,Mid,1:23.359
LEC,Ferrari,31.0,0 days 00:01:23.972000,HARD,2.0,1,True,83.972,2024,Monza,R,33.1015037593985,49.31127819548872,0.0,14,Mid,1:23.972
LEC,Ferrari,32.0,0 days 00:01:23.274000,HARD,2.0,1,True,83.274,2024,Monza,R,33.1015037593985,49.31127819548872,0.0,15,Mid,1:23.274
LEC,Ferrari,33.0,0 days 00:01:23.226000,HARD,2.0,1,True,83.226,2024,Monza,R,33.1015037593985,49.31127819548872,0.0,16,Mid,1:23.226
LEC,Ferrari,34.0,0 days 00:01:23.430000,HARD,2.0,1,True,83.43,2024,Monza,R,33.1015037593985,49.31127819548872,0.0,17,Mid,1:23.430
LEC,Ferrari,35.0,0 days 00:01:23.681000,HARD,2.0,1,True,83.681,2024,Monza,R,33.1015037593985,49.31127819548872,0.0,18,Mid,1:23.681
LEC,Ferrari,36.0,0 days 00:01:23.714000,HARD,2.0,1,True,83.714,2024,Monza,R,33.1015037593985,49.31127819548872,0.0,19,Late,1:23.714
LEC,Ferrari,37.0,0 days 00:01:23.550000,HARD,2.0,1,True,83.55,2024,Monza,R,33.1015037593985,49.31127819548872,0.0,20,Late,1:23.550
LEC,Ferrari,38.0,0 days 00:01:23.624000,HARD,2.0,1,True,83.624,2024,Monza,R,33.1015037593985,49.31127819548872,0.0,21,Late,1:23.624
LEC,Ferrari,39.0,0 days 00:01:23.718000,HARD,2.0,1,True,83.718,2024,Monza,R,33.1015037593985,49.31127819548872,0.0,22,Late,1:23.718
LEC,Ferrari,40.0,0 days 00:01:23.690000,HARD,2.0,1,True,83.69,2024,Monza,R,33.1015037593985,49.31127819548872,0.0,23,Late,1:23.690
LEC,Ferrari,41.0,0 days 00:01:23.611000,HARD,2.0,1,True,83.611,2024,Monza,R,33.1015037593985,49.31127819548872,0.0,24,Late,1:23.611
LEC,Ferrari,42.0,0 days 00:01:23.670000,HARD,2.0,1,True,83.67,2024,Monza,R,33.1015037593985,49.31127819548872,0.0,25,Late,1:23.670
LEC,Ferrari,43.0,0 days 00:01:23.867000,HARD,2.0,1,True,83.867,2024,Monza,R,33.1015037593985,49.31127819548872,0.0,26,Late,1:23.867
LEC,Ferrari,44.0,0 days 00:01:23.430000,HARD,2.0,1,True,83.43,2024,Monza,R,33.1015037593985,49.31127819548872,0.0,27,Late,1:23.430
LEC,Ferrari,45.0,0 days 00:01:23.731000,HARD,2.0,1,True,83.731,2024,Monza,R,33.1015037593985,49.31127819548872,0.0,28,Late,1:23.731
LEC,Ferrari,46.0,0 days 00:01:23.597000,HARD,2.0,1,True,83.597,2024,Monza,R,33.1015037593985,49.31127819548872,0.0,29,Late,1:23.597
LEC,Ferrari,47.0,0 days 00:01:23.676000,HARD,2.0,1,True,83.676,2024,Monza,R,33.1015037593985,49.31127819548872,0.0,30,Late,1:23.676
LEC,Ferrari,48.0,0 days 00:01:23.518000,HARD,2.0,1,True,83.518,2024,Monza,R,33.1015037593985,49.31127819548872,0.0,31,Late,1:23.518
LEC,Ferrari,49.0,0 days 00:01:23.467000,HARD,2.0,1,True,83.467,2024,Monza,R,33.1015037593985,49.31127819548872,0.0,32,Late,1:23.467
LEC,Ferrari,50.0,0 days 00:01:23.461000,HARD,2.0,1,True,83.461,2024,Monza,R,33.1015037593985,49.31127819548872,0.0,33,Late,1:23.461
LEC,Ferrari,51.0,0 days 00:01:23.555000,HARD,2.0,1,True,83.555,2024,Monza,R,33.1015037593985,49.31127819548872,0.0,34,Late,1:23.555
LEC,Ferrari,52.0,0 days 00:01:23.750000,HARD,2.0,1,True,83.75,2024,Monza,R,33.1015037593985,49.31127819548872,0.0,35,Late,1:23.750
LEC,Ferrari,53.0,0 days 00:01:23.268000,HARD,2.0,1,True,83.268,2024,Monza,R,33.1015037593985,49.31127819548872,0.0,36,Late,1:23.268
MAG,Haas F1 Team,2.0,0 days 00:01:27.205000,MEDIUM,1.0,1,True,87.205,2024,Monza,R,33.1015037593985,49.31127819548872,0.0,0,Early,1:27.205
MAG,Haas F1 Team,3.0,0 days 00:01:26.584000,MEDIUM,1.0,1,True,86.584,2024,Monza,R,33.1015037593985,49.31127819548872,0.0,1,Early,1:26.584
MAG,Haas F1 Team,4.0,0 days 00:01:26.372000,MEDIUM,1.0,1,True,86.372,2024,Monza,R,33.1015037593985,49.31127819548872,0.0,2,Early,1:26.372
MAG,Haas F1 Team,5.0,0 days 00:01:26.142000,MEDIUM,1.0,1,True,86.142,2024,Monza,R,33.1015037593985,49.31127819548872,0.0,3,Early,1:26.142
MAG,Haas F1 Team,6.0,0 days 00:01:25.902000,MEDIUM,1.0,1,True,85.902,2024,Monza,R,33.1015037593985,49.31127819548872,0.0,4,Early,1:25.902
MAG,Haas F1 Team,7.0,0 days 00:01:25.825000,MEDIUM,1.0,1,True,85.825,2024,Monza,R,33.1015037593985,49.31127819548872,0.0,5,Early,1:25.825
MAG,Haas F1 Team,8.0,0 days 00:01:25.966000,MEDIUM,1.0,1,True,85.966,2024,Monza,R,33.1015037593985,49.31127819548872,0.0,6,Early,1:25.966
MAG,Haas F1 Team,9.0,0 days 00:01:25.785000,MEDIUM,1.0,1,True,85.785,2024,Monza,R,33.1015037593985,49.31127819548872,0.0,7,Early,1:25.785
MAG,Haas F1 Team,10.0,0 days 00:01:25.799000,MEDIUM,1.0,1,True,85.799,2024,Monza,R,33.1015037593985,49.31127819548872,0.0,8,Early,1:25.799
MAG,Haas F1 Team,11.0,0 days 00:01:26.040000,MEDIUM,1.0,1,True,86.04,2024,Monza,R,33.1015037593985,49.31127819548872,0.0,9,Early,1:26.040
MAG,Haas F1 Team,12.0,0 days 00:01:26.145000,MEDIUM,1.0,1,True,86.145,2024,Monza,R,33.1015037593985,49.31127819548872,0.0,10,Early,1:26.145
MAG,Haas F1 Team,13.0,0 days 00:01:26.286000,MEDIUM,1.0,1,True,86.286,2024,Monza,R,33.1015037593985,49.31127819548872,0.0,11,Early,1:26.286
MAG,Haas F1 Team,16.0,0 days 00:01:25.644000,HARD,2.0,1,True,85.644,2024,Monza,R,33.1015037593985,49.31127819548872,0.0,0,Early,1:25.644
MAG,Haas F1 Team,17.0,0 days 00:01:24.769000,HARD,2.0,1,True,84.769,2024,Monza,R,33.1015037593985,49.31127819548872,0.0,1,Early,1:24.769
MAG,Haas F1 Team,18.0,0 days 00:01:26.533000,HARD,2.0,1,True,86.533,2024,Monza,R,33.1015037593985,49.31127819548872,0.0,2,Mid,1:26.533
MAG,Haas F1 Team,19.0,0 days 00:01:25.109000,HARD,2.0,1,True,85.109,2024,Monza,R,33.1015037593985,49.31127819548872,0.0,3,Mid,1:25.109
MAG,Haas F1 Team,20.0,0 days 00:01:25.154000,HARD,2.0,1,True,85.154,2024,Monza,R,33.1015037593985,49.31127819548872,0.0,4,Mid,1:25.154
MAG,Haas F1 Team,21.0,0 days 00:01:24.793000,HARD,2.0,1,True,84.793,2024,Monza,R,33.1015037593985,49.31127819548872,0.0,5,Mid,1:24.793
MAG,Haas F1 Team,22.0,0 days 00:01:25.071000,HARD,2.0,1,True,85.071,2024,Monza,R,33.1015037593985,49.31127819548872,0.0,6,Mid,1:25.071
MAG,Haas F1 Team,23.0,0 days 00:01:25.057000,HARD,2.0,1,True,85.057,2024,Monza,R,33.1015037593985,49.31127819548872,0.0,7,Mid,1:25.057
MAG,Haas F1 Team,24.0,0 days 00:01:25.131000,HARD,2.0,1,True,85.131,2024,Monza,R,33.1015037593985,49.31127819548872,0.0,8,Mid,1:25.131
MAG,Haas F1 Team,25.0,0 days 00:01:25.504000,HARD,2.0,1,True,85.504,2024,Monza,R,33.1015037593985,49.31127819548872,0.0,9,Mid,1:25.504
MAG,Haas F1 Team,26.0,0 days 00:01:25.199000,HARD,2.0,1,True,85.199,2024,Monza,R,33.1015037593985,49.31127819548872,0.0,10,Mid,1:25.199
MAG,Haas F1 Team,27.0,0 days 00:01:24.640000,HARD,2.0,1,True,84.64,2024,Monza,R,33.1015037593985,49.31127819548872,0.0,11,Mid,1:24.640
MAG,Haas F1 Team,28.0,0 days 00:01:24.415000,HARD,2.0,1,True,84.415,2024,Monza,R,33.1015037593985,49.31127819548872,0.0,12,Mid,1:24.415
MAG,Haas F1 Team,29.0,0 days 00:01:24.799000,HARD,2.0,1,True,84.799,2024,Monza,R,33.1015037593985,49.31127819548872,0.0,13,Mid,1:24.799
MAG,Haas F1 Team,30.0,0 days 00:01:24.573000,HARD,2.0,1,True,84.573,2024,Monza,R,33.1015037593985,49.31127819548872,0.0,14,Mid,1:24.573
MAG,Haas F1 Team,31.0,0 days 00:01:24.458000,HARD,2.0,1,True,84.458,2024,Monza,R,33.1015037593985,49.31127819548872,0.0,15,Mid,1:24.458
MAG,Haas F1 Team,32.0,0 days 00:01:24.408000,HARD,2.0,1,True,84.408,2024,Monza,R,33.1015037593985,49.31127819548872,0.0,16,Mid,1:24.408
MAG,Haas F1 Team,33.0,0 days 00:01:24.853000,HARD,2.0,1,True,84.853,2024,Monza,R,33.1015037593985,49.31127819548872,0.0,17,Mid,1:24.853
MAG,Haas F1 Team,34.0,0 days 00:01:24.702000,HARD,2.0,1,True,84.702,2024,Monza,R,33.1015037593985,49.31127819548872,0.0,18,Mid,1:24.702
MAG,Haas F1 Team,35.0,0 days 00:01:24.170000,HARD,2.0,1,True,84.17,2024,Monza,R,33.1015037593985,49.31127819548872,0.0,19,Mid,1:24.170
MAG,Haas F1 Team,36.0,0 days 00:01:24.276000,HARD,2.0,1,True,84.276,2024,Monza,R,33.1015037593985,49.31127819548872,0.0,20,Late,1:24.276
MAG,Haas F1 Team,37.0,0 days 00:01:23.950000,HARD,2.0,1,True,83.95,2024,Monza,R,33.1015037593985,49.31127819548872,0.0,21,Late,1:23.950
MAG,Haas F1 Team,38.0,0 days 00:01:24.803000,HARD,2.0,1,True,84.803,2024,Monza,R,33.1015037593985,49.31127819548872,0.0,22,Late,1:24.803
MAG,Haas F1 Team,39.0,0 days 00:01:24.463000,HARD,2.0,1,True,84.463,2024,Monza,R,33.1015037593985,49.31127819548872,0.0,23,Late,1:24.463
MAG,Haas F1 Team,40.0,0 days 00:01:24.282000,HARD,2.0,1,True,84.282,2024,Monza,R,33.1015037593985,49.31127819548872,0.0,24,Late,1:24.282
MAG,Haas F1 Team,41.0,0 days 00:01:24.625000,HARD,2.0,1,True,84.625,2024,Monza,R,33.1015037593985,49.31127819548872,0.0,25,Late,1:24.625
MAG,Haas F1 Team,42.0,0 days 00:01:24.628000,HARD,2.0,1,True,84.628,2024,Monza,R,33.1015037593985,49.31127819548872,0.0,26,Late,1:24.628
MAG,Haas F1 Team,43.0,0 days 00:01:24.605000,HARD,2.0,1,True,84.605,2024,Monza,R,33.1015037593985,49.31127819548872,0.0,27,Late,1:24.605
MAG,Haas F1 Team,44.0,0 days 00:01:25.205000,HARD,2.0,1,True,85.205,2024,Monza,R,33.1015037593985,49.31127819548872,0.0,28,Late,1:25.205
MAG,Haas F1 Team,45.0,0 days 00:01:24.272000,HARD,2.0,1,True,84.272,2024,Monza,R,33.1015037593985,49.31127819548872,0.0,29,Late,1:24.272
MAG,Haas F1 Team,46.0,0 days 00:01:24.124000,HARD,2.0,1,True,84.124,2024,Monza,R,33.1015037593985,49.31127819548872,0.0,30,Late,1:24.124
MAG,Haas F1 Team,47.0,0 days 00:01:23.971000,HARD,2.0,1,True,83.971,2024,Monza,R,33.1015037593985,49.31127819548872,0.0,31,Late,1:23.971
MAG,Haas F1 Team,48.0,0 days 00:01:23.741000,HARD,2.0,1,True,83.741,2024,Monza,R,33.1015037593985,49.31127819548872,0.0,32,Late,1:23.741
MAG,Haas F1 Team,49.0,0 days 00:01:23.708000,HARD,2.0,1,True,83.708,2024,Monza,R,33.1015037593985,49.31127819548872,0.0,33,Late,1:23.708
MAG,Haas F1 Team,50.0,0 days 00:01:23.603000,HARD,2.0,1,True,83.603,2024,Monza,R,33.1015037593985,49.31127819548872,0.0,34,Late,1:23.603
MAG,Haas F1 Team,51.0,0 days 00:01:23.437000,HARD,2.0,1,True,83.437,2024,Monza,R,33.1015037593985,49.31127819548872,0.0,35,Late,1:23.437
MAG,Haas F1 Team,52.0,0 days 00:01:23.691000,HARD,2.0,1,True,83.691,2024,Monza,R,33.1015037593985,49.31127819548872,0.0,36,Late,1:23.691
MAG,Haas F1 Team,53.0,0 days 00:01:23.715000,HARD,2.0,1,True,83.715,2024,Monza,R,33.1015037593985,49.31127819548872,0.0,37,Late,1:23.715
NOR,McLaren,2.0,0 days 00:01:25.458000,MEDIUM,1.0,1,True,85.458,2024,Monza,R,33.1015037593985,49.31127819548872,0.0,0,Early,1:25.458
NOR,McLaren,3.0,0 days 00:01:25.110000,MEDIUM,1.0,1,True,85.11,2024,Monza,R,33.1015037593985,49.31127819548872,0.0,1,Early,1:25.110
NOR,McLaren,4.0,0 days 00:01:25.168000,MEDIUM,1.0,1,True,85.168,2024,Monza,R,33.1015037593985,49.31127819548872,0.0,2,Early,1:25.168
NOR,McLaren,5.0,0 days 00:01:24.674000,MEDIUM,1.0,1,True,84.674,2024,Monza,R,33.1015037593985,49.31127819548872,0.0,3,Early,1:24.674
NOR,McLaren,6.0,0 days 00:01:24.768000,MEDIUM,1.0,1,True,84.768,2024,Monza,R,33.1015037593985,49.31127819548872,0.0,4,Early,1:24.768
NOR,McLaren,7.0,0 days 00:01:24.531000,MEDIUM,1.0,1,True,84.531,2024,Monza,R,33.1015037593985,49.31127819548872,0.0,5,Early,1:24.531
NOR,McLaren,8.0,0 days 00:01:24.674000,MEDIUM,1.0,1,True,84.674,2024,Monza,R,33.1015037593985,49.31127819548872,0.0,6,Early,1:24.674
NOR,McLaren,9.0,0 days 00:01:24.664000,MEDIUM,1.0,1,True,84.664,2024,Monza,R,33.1015037593985,49.31127819548872,0.0,7,Early,1:24.664
NOR,McLaren,10.0,0 days 00:01:24.391000,MEDIUM,1.0,1,True,84.391,2024,Monza,R,33.1015037593985,49.31127819548872,0.0,8,Early,1:24.391
NOR,McLaren,11.0,0 days 00:01:24.448000,MEDIUM,1.0,1,True,84.448,2024,Monza,R,33.1015037593985,49.31127819548872,0.0,9,Early,1:24.448
NOR,McLaren,12.0,0 days 00:01:24.655000,MEDIUM,1.0,1,True,84.655,2024,Monza,R,33.1015037593985,49.31127819548872,0.0,10,Early,1:24.655
NOR,McLaren,13.0,0 days 00:01:25.359000,MEDIUM,1.0,1,True,85.359,2024,Monza,R,33.1015037593985,49.31127819548872,0.0,11,Early,1:25.359
NOR,McLaren,16.0,0 days 00:01:24.154000,HARD,2.0,1,True,84.154,2024,Monza,R,33.1015037593985,49.31127819548872,0.0,0,Early,1:24.154
NOR,McLaren,17.0,0 days 00:01:25.585000,HARD,2.0,1,True,85.585,2024,Monza,R,33.1015037593985,49.31127819548872,0.0,1,Early,1:25.585
NOR,McLaren,18.0,0 days 00:01:23.920000,HARD,2.0,1,True,83.92,2024,Monza,R,33.1015037593985,49.31127819548872,0.0,2,Mid,1:23.920
NOR,McLaren,19.0,0 days 00:01:24.152000,HARD,2.0,1,True,84.152,2024,Monza,R,33.1015037593985,49.31127819548872,0.0,3,Mid,1:24.152
NOR,McLaren,20.0,0 days 00:01:23.882000,HARD,2.0,1,True,83.882,2024,Monza,R,33.1015037593985,49.31127819548872,0.0,4,Mid,1:23.882
NOR,McLaren,21.0,0 days 00:01:23.753000,HARD,2.0,1,True,83.753,2024,Monza,R,33.1015037593985,49.31127819548872,0.0,5,Mid,1:23.753
NOR,McLaren,22.0,0 days 00:01:23.652000,HARD,2.0,1,True,83.652,2024,Monza,R,33.1015037593985,49.31127819548872,0.0,6,Mid,1:23.652
NOR,McLaren,23.0,0 days 00:01:23.581000,HARD,2.0,1,True,83.581,2024,Monza,R,33.1015037593985,49.31127819548872,0.0,7,Mid,1:23.581
NOR,McLaren,24.0,0 days 00:01:23.601000,HARD,2.0,1,True,83.601,2024,Monza,R,33.1015037593985,49.31127819548872,0.0,8,Mid,1:23.601
NOR,McLaren,25.0,0 days 00:01:23.321000,HARD,2.0,1,True,83.321,2024,Monza,R,33.1015037593985,49.31127819548872,0.0,9,Mid,1:23.321
NOR,McLaren,26.0,0 days 00:01:23.469000,HARD,2.0,1,True,83.469,2024,Monza,R,33.1015037593985,49.31127819548872,0.0,10,Mid,1:23.469
NOR,McLaren,27.0,0 days 00:01:23.267000,HARD,2.0,1,True,83.267,2024,Monza,R,33.1015037593985,49.31127819548872,0.0,11,Mid,1:23.267
NOR,McLaren,28.0,0 days 00:01:23.067000,HARD,2.0,1,True,83.067,2024,Monza,R,33.1015037593985,49.31127819548872,0.0,12,Mid,1:23.067
NOR,McLaren,29.0,0 days 00:01:23.300000,HARD,2.0,1,True,83.3,2024,Monza,R,33.1015037593985,49.31127819548872,0.0,13,Mid,1:23.300
NOR,McLaren,30.0,0 days 00:01:23.614000,HARD,2.0,1,True,83.614,2024,Monza,R,33.1015037593985,49.31127819548872,0.0,14,Mid,1:23.614
NOR,McLaren,31.0,0 days 00:01:24.940000,HARD,2.0,1,True,84.94,2024,Monza,R,33.1015037593985,49.31127819548872,0.0,15,Mid,1:24.940
NOR,McLaren,34.0,0 days 00:01:22.837000,HARD,3.0,1,True,82.837,2024,Monza,R,33.1015037593985,49.31127819548872,0.0,0,Mid,1:22.837
NOR,McLaren,35.0,0 days 00:01:23.137000,HARD,3.0,1,True,83.137,2024,Monza,R,33.1015037593985,49.31127819548872,0.0,1,Mid,1:23.137
NOR,McLaren,36.0,0 days 00:01:23.114000,HARD,3.0,1,True,83.114,2024,Monza,R,33.1015037593985,49.31127819548872,0.0,2,Late,1:23.114
NOR,McLaren,37.0,0 days 00:01:23.178000,HARD,3.0,1,True,83.178,2024,Monza,R,33.1015037593985,49.31127819548872,0.0,3,Late,1:23.178
NOR,McLaren,38.0,0 days 00:01:23.133000,HARD,3.0,1,True,83.133,2024,Monza,R,33.1015037593985,49.31127819548872,0.0,4,Late,1:23.133
NOR,McLaren,39.0,0 days 00:01:23.061000,HARD,3.0,1,True,83.061,2024,Monza,R,33.1015037593985,49.31127819548872,0.0,5,Late,1:23.061
NOR,McLaren,40.0,0 days 00:01:24.162000,HARD,3.0,1,True,84.162,2024,Monza,R,33.1015037593985,49.31127819548872,0.0,6,Late,1:24.162
NOR,McLaren,41.0,0 days 00:01:22.234000,HARD,3.0,1,True,82.234,2024,Monza,R,33.1015037593985,49.31127819548872,0.0,7,Late,1:22.234
NOR,McLaren,42.0,0 days 00:01:22.678000,HARD,3.0,1,True,82.678,2024,Monza,R,33.1015037593985,49.31127819548872,0.0,8,Late,1:22.678
NOR,McLaren,43.0,0 days 00:01:22.250000,HARD,3.0,1,True,82.25,2024,Monza,R,33.1015037593985,49.31127819548872,0.0,9,Late,1:22.250
NOR,McLaren,44.0,0 days 00:01:22.403000,HARD,3.0,1,True,82.403,2024,Monza,R,33.1015037593985,49.31127819548872,0.0,10,Late,1:22.403
NOR,McLaren,45.0,0 days 00:01:22.398000,HARD,3.0,1,True,82.398,2024,Monza,R,33.1015037593985,49.31127819548872,0.0,11,Late,1:22.398
NOR,McLaren,46.0,0 days 00:01:22.041000,HARD,3.0,1,True,82.041,2024,Monza,R,33.1015037593985,49.31127819548872,0.0,12,Late,1:22.041
NOR,McLaren,47.0,0 days 00:01:23.852000,HARD,3.0,1,True,83.852,2024,Monza,R,33.1015037593985,49.31127819548872,0.0,13,Late,1:23.852
NOR,McLaren,48.0,0 days 00:01:21.824000,HARD,3.0,1,True,81.824,2024,Monza,R,33.1015037593985,49.31127819548872,0.0,14,Late,1:21.824
NOR,McLaren,49.0,0 days 00:01:22.436000,HARD,3.0,1,True,82.436,2024,Monza,R,33.1015037593985,49.31127819548872,0.0,15,Late,1:22.436
NOR,McLaren,50.0,0 days 00:01:23.266000,HARD,3.0,1,True,83.266,2024,Monza,R,33.1015037593985,49.31127819548872,0.0,16,Late,1:23.266
NOR,McLaren,51.0,0 days 00:01:22.269000,HARD,3.0,1,True,82.269,2024,Monza,R,33.1015037593985,49.31127819548872,0.0,17,Late,1:22.269
NOR,McLaren,52.0,0 days 00:01:22.302000,HARD,3.0,1,True,82.302,2024,Monza,R,33.1015037593985,49.31127819548872,0.0,18,Late,1:22.302
NOR,McLaren,53.0,0 days 00:01:21.432000,HARD,3.0,1,True,81.432,2024,Monza,R,33.1015037593985,49.31127819548872,0.0,19,Late,1:21.432
OCO,Alpine,2.0,0 days 00:01:26.837000,HARD,1.0,1,True,86.837,2024,Monza,R,33.1015037593985,49.31127819548872,0.0,0,Early,1:26.837
OCO,Alpine,3.0,0 days 00:01:26.466000,HARD,1.0,1,True,86.466,2024,Monza,R,33.1015037593985,49.31127819548872,0.0,1,Early,1:26.466
OCO,Alpine,4.0,0 days 00:01:26.297000,HARD,1.0,1,True,86.297,2024,Monza,R,33.1015037593985,49.31127819548872,0.0,2,Early,1:26.297
OCO,Alpine,5.0,0 days 00:01:26.568000,HARD,1.0,1,True,86.568,2024,Monza,R,33.1015037593985,49.31127819548872,0.0,3,Early,1:26.568
OCO,Alpine,6.0,0 days 00:01:25.684000,HARD,1.0,1,True,85.684,2024,Monza,R,33.1015037593985,49.31127819548872,0.0,4,Early,1:25.684
OCO,Alpine,7.0,0 days 00:01:26.006000,HARD,1.0,1,True,86.006,2024,Monza,R,33.1015037593985,49.31127819548872,0.0,5,Early,1:26.006
OCO,Alpine,8.0,0 days 00:01:26.053000,HARD,1.0,1,True,86.053,2024,Monza,R,33.1015037593985,49.31127819548872,0.0,6,Early,1:26.053
OCO,Alpine,9.0,0 days 00:01:25.369000,HARD,1.0,1,True,85.369,2024,Monza,R,33.1015037593985,49.31127819548872,0.0,7,Early,1:25.369
OCO,Alpine,10.0,0 days 00:01:26.035000,HARD,1.0,1,True,86.035,2024,Monza,R,33.1015037593985,49.31127819548872,0.0,8,Early,1:26.035
OCO,Alpine,11.0,0 days 00:01:26.349000,HARD,1.0,1,True,86.349,2024,Monza,R,33.1015037593985,49.31127819548872,0.0,9,Early,1:26.349
OCO,Alpine,12.0,0 days 00:01:25.954000,HARD,1.0,1,True,85.954,2024,Monza,R,33.1015037593985,49.31127819548872,0.0,10,Early,1:25.954
OCO,Alpine,13.0,0 days 00:01:26.059000,HARD,1.0,1,True,86.059,2024,Monza,R,33.1015037593985,49.31127819548872,0.0,11,Early,1:26.059
OCO,Alpine,14.0,0 days 00:01:26.307000,HARD,1.0,1,True,86.307,2024,Monza,R,33.1015037593985,49.31127819548872,0.0,12,Early,1:26.307
OCO,Alpine,15.0,0 days 00:01:26.677000,HARD,1.0,1,True,86.677,2024,Monza,R,33.1015037593985,49.31127819548872,0.0,13,Early,1:26.677
OCO,Alpine,16.0,0 days 00:01:26.694000,HARD,1.0,1,True,86.694,2024,Monza,R,33.1015037593985,49.31127819548872,0.0,14,Early,1:26.694
OCO,Alpine,17.0,0 days 00:01:26.002000,HARD,1.0,1,True,86.002,2024,Monza,R,33.1015037593985,49.31127819548872,0.0,15,Early,1:26.002
OCO,Alpine,18.0,0 days 00:01:26.234000,HARD,1.0,1,True,86.234,2024,Monza,R,33.1015037593985,49.31127819548872,0.0,16,Mid,1:26.234
OCO,Alpine,19.0,0 days 00:01:26.174000,HARD,1.0,1,True,86.174,2024,Monza,R,33.1015037593985,49.31127819548872,0.0,17,Mid,1:26.174
OCO,Alpine,20.0,0 days 00:01:27.326000,HARD,1.0,1,True,87.326,2024,Monza,R,33.1015037593985,49.31127819548872,0.0,18,Mid,1:27.326
OCO,Alpine,21.0,0 days 00:01:26.450000,HARD,1.0,1,True,86.45,2024,Monza,R,33.1015037593985,49.31127819548872,0.0,19,Mid,1:26.450
OCO,Alpine,22.0,0 days 00:01:26.327000,HARD,1.0,1,True,86.327,2024,Monza,R,33.1015037593985,49.31127819548872,0.0,20,Mid,1:26.327
OCO,Alpine,23.0,0 days 00:01:26.201000,HARD,1.0,1,True,86.201,2024,Monza,R,33.1015037593985,49.31127819548872,0.0,21,Mid,1:26.201
OCO,Alpine,24.0,0 days 00:01:26.770000,HARD,1.0,1,True,86.77,2024,Monza,R,33.1015037593985,49.31127819548872,0.0,22,Mid,1:26.770
OCO,Alpine,25.0,0 days 00:01:27.519000,HARD,1.0,1,True,87.519,2024,Monza,R,33.1015037593985,49.31127819548872,0.0,23,Mid,1:27.519
OCO,Alpine,26.0,0 days 00:01:26.383000,HARD,1.0,1,True,86.383,2024,Monza,R,33.1015037593985,49.31127819548872,0.0,24,Mid,1:26.383
OCO,Alpine,27.0,0 days 00:01:26.725000,HARD,1.0,1,True,86.725,2024,Monza,R,33.1015037593985,49.31127819548872,0.0,25,Mid,1:26.725
OCO,Alpine,28.0,0 days 00:01:26.013000,HARD,1.0,1,True,86.013,2024,Monza,R,33.1015037593985,49.31127819548872,0.0,26,Mid,1:26.013
OCO,Alpine,29.0,0 days 00:01:26.099000,HARD,1.0,1,True,86.099,2024,Monza,R,33.1015037593985,49.31127819548872,0.0,27,Mid,1:26.099
OCO,Alpine,30.0,0 days 00:01:26.025000,HARD,1.0,1,True,86.025,2024,Monza,R,33.1015037593985,49.31127819548872,0.0,28,Mid,1:26.025
OCO,Alpine,33.0,0 days 00:01:24.652000,MEDIUM,2.0,1,True,84.652,2024,Monza,R,33.1015037593985,49.31127819548872,0.0,0,Mid,1:24.652
OCO,Alpine,34.0,0 days 00:01:24.965000,MEDIUM,2.0,1,True,84.965,2024,Monza,R,33.1015037593985,49.31127819548872,0.0,1,Mid,1:24.965
OCO,Alpine,35.0,0 days 00:01:25.019000,MEDIUM,2.0,1,True,85.019,2024,Monza,R,33.1015037593985,49.31127819548872,0.0,2,Mid,1:25.019
OCO,Alpine,36.0,0 days 00:01:24.942000,MEDIUM,2.0,1,True,84.942,2024,Monza,R,33.1015037593985,49.31127819548872,0.0,3,Late,1:24.942
OCO,Alpine,37.0,0 days 00:01:24.613000,MEDIUM,2.0,1,True,84.613,2024,Monza,R,33.1015037593985,49.31127819548872,0.0,4,Late,1:24.613
OCO,Alpine,38.0,0 days 00:01:24.845000,MEDIUM,2.0,1,True,84.845,2024,Monza,R,33.1015037593985,49.31127819548872,0.0,5,Late,1:24.845
OCO,Alpine,39.0,0 days 00:01:25.267000,MEDIUM,2.0,1,True,85.267,2024,Monza,R,33.1015037593985,49.31127819548872,0.0,6,Late,1:25.267
OCO,Alpine,40.0,0 days 00:01:25.211000,MEDIUM,2.0,1,True,85.211,2024,Monza,R,33.1015037593985,49.31127819548872,0.0,7,Late,1:25.211
OCO,Alpine,41.0,0 days 00:01:25.060000,MEDIUM,2.0,1,True,85.06,2024,Monza,R,33.1015037593985,49.31127819548872,0.0,8,Late,1:25.060
OCO,Alpine,42.0,0 days 00:01:25.119000,MEDIUM,2.0,1,True,85.119,2024,Monza,R,33.1015037593985,49.31127819548872,0.0,9,Late,1:25.119
OCO,Alpine,43.0,0 days 00:01:26.111000,MEDIUM,2.0,1,True,86.111,2024,Monza,R,33.1015037593985,49.31127819548872,0.0,10,Late,1:26.111
OCO,Alpine,44.0,0 days 00:01:24.669000,MEDIUM,2.0,1,True,84.669,2024,Monza,R,33.1015037593985,49.31127819548872,0.0,11,Late,1:24.669
OCO,Alpine,45.0,0 days 00:01:24.587000,MEDIUM,2.0,1,True,84.587,2024,Monza,R,33.1015037593985,49.31127819548872,0.0,12,Late,1:24.587
OCO,Alpine,46.0,0 days 00:01:24.449000,MEDIUM,2.0,1,True,84.449,2024,Monza,R,33.1015037593985,49.31127819548872,0.0,13,Late,1:24.449
OCO,Alpine,47.0,0 days 00:01:24.506000,MEDIUM,2.0,1,True,84.506,2024,Monza,R,33.1015037593985,49.31127819548872,0.0,14,Late,1:24.506
OCO,Alpine,48.0,0 days 00:01:24.458000,MEDIUM,2.0,1,True,84.458,2024,Monza,R,33.1015037593985,49.31127819548872,0.0,15,Late,1:24.458
OCO,Alpine,49.0,0 days 00:01:25.790000,MEDIUM,2.0,1,True,85.79,2024,Monza,R,33.1015037593985,49.31127819548872,0.0,16,Late,1:25.790
OCO,Alpine,50.0,0 days 00:01:25.688000,MEDIUM,2.0,1,True,85.688,2024,Monza,R,33.1015037593985,49.31127819548872,0.0,17,Late,1:25.688
OCO,Alpine,51.0,0 days 00:01:24.590000,MEDIUM,2.0,1,True,84.59,2024,Monza,R,33.1015037593985,49.31127819548872,0.0,18,Late,1:24.590
OCO,Alpine,52.0,0 days 00:01:24.343000,MEDIUM,2.0,1,True,84.343,2024,Monza,R,33.1015037593985,49.31127819548872,0.0,19,Late,1:24.343
PER,Red Bull Racing,2.0,0 days 00:01:26.411000,HARD,1.0,1,True,86.411,2024,Monza,R,33.1015037593985,49.31127819548872,0.0,0,Early,1:26.411
PER,Red Bull Racing,3.0,0 days 00:01:25.757000,HARD,1.0,1,True,85.757,2024,Monza,R,33.1015037593985,49.31127819548872,0.0,1,Early,1:25.757
PER,Red Bull Racing,4.0,0 days 00:01:25.805000,HARD,1.0,1,True,85.805,2024,Monza,R,33.1015037593985,49.31127819548872,0.0,2,Early,1:25.805
PER,Red Bull Racing,5.0,0 days 00:01:25.447000,HARD,1.0,1,True,85.447,2024,Monza,R,33.1015037593985,49.31127819548872,0.0,3,Early,1:25.447
PER,Red Bull Racing,6.0,0 days 00:01:25.105000,HARD,1.0,1,True,85.105,2024,Monza,R,33.1015037593985,49.31127819548872,0.0,4,Early,1:25.105
PER,Red Bull Racing,7.0,0 days 00:01:25.434000,HARD,1.0,1,True,85.434,2024,Monza,R,33.1015037593985,49.31127819548872,0.0,5,Early,1:25.434
PER,Red Bull Racing,8.0,0 days 00:01:25.186000,HARD,1.0,1,True,85.186,2024,Monza,R,33.1015037593985,49.31127819548872,0.0,6,Early,1:25.186
PER,Red Bull Racing,9.0,0 days 00:01:24.977000,HARD,1.0,1,True,84.977,2024,Monza,R,33.1015037593985,49.31127819548872,0.0,7,Early,1:24.977
PER,Red Bull Racing,10.0,0 days 00:01:24.841000,HARD,1.0,1,True,84.841,2024,Monza,R,33.1015037593985,49.31127819548872,0.0,8,Early,1:24.841
PER,Red Bull Racing,11.0,0 days 00:01:24.773000,HARD,1.0,1,True,84.773,2024,Monza,R,33.1015037593985,49.31127819548872,0.0,9,Early,1:24.773
PER,Red Bull Racing,12.0,0 days 00:01:24.654000,HARD,1.0,1,True,84.654,2024,Monza,R,33.1015037593985,49.31127819548872,0.0,10,Early,1:24.654
PER,Red Bull Racing,13.0,0 days 00:01:25.041000,HARD,1.0,1,True,85.041,2024,Monza,R,33.1015037593985,49.31127819548872,0.0,11,Early,1:25.041
PER,Red Bull Racing,14.0,0 days 00:01:25.229000,HARD,1.0,1,True,85.229,2024,Monza,R,33.1015037593985,49.31127819548872,0.0,12,Early,1:25.229
PER,Red Bull Racing,15.0,0 days 00:01:25.543000,HARD,1.0,1,True,85.543,2024,Monza,R,33.1015037593985,49.31127819548872,0.0,13,Early,1:25.543
PER,Red Bull Racing,16.0,0 days 00:01:25.434000,HARD,1.0,1,True,85.434,2024,Monza,R,33.1015037593985,49.31127819548872,0.0,14,Early,1:25.434
PER,Red Bull Racing,17.0,0 days 00:01:25.444000,HARD,1.0,1,True,85.444,2024,Monza,R,33.1015037593985,49.31127819548872,0.0,15,Early,1:25.444
PER,Red Bull Racing,18.0,0 days 00:01:25.448000,HARD,1.0,1,True,85.448,2024,Monza,R,33.1015037593985,49.31127819548872,0.0,16,Mid,1:25.448
PER,Red Bull Racing,19.0,0 days 00:01:25.683000,HARD,1.0,1,True,85.683,2024,Monza,R,33.1015037593985,49.31127819548872,0.0,17,Mid,1:25.683
PER,Red Bull Racing,20.0,0 days 00:01:26.111000,HARD,1.0,1,True,86.111,2024,Monza,R,33.1015037593985,49.31127819548872,0.0,18,Mid,1:26.111
PER,Red Bull Racing,21.0,0 days 00:01:25.864000,HARD,1.0,1,True,85.864,2024,Monza,R,33.1015037593985,49.31127819548872,0.0,19,Mid,1:25.864
PER,Red Bull Racing,22.0,0 days 00:01:25.709000,HARD,1.0,1,True,85.709,2024,Monza,R,33.1015037593985,49.31127819548872,0.0,20,Mid,1:25.709
PER,Red Bull Racing,25.0,0 days 00:01:24.109000,HARD,2.0,1,True,84.109,2024,Monza,R,33.1015037593985,49.31127819548872,0.0,0,Mid,1:24.109
PER,Red Bull Racing,26.0,0 days 00:01:23.975000,HARD,2.0,1,True,83.975,2024,Monza,R,33.1015037593985,49.31127819548872,0.0,1,Mid,1:23.975
PER,Red Bull Racing,27.0,0 days 00:01:23.784000,HARD,2.0,1,True,83.784,2024,Monza,R,33.1015037593985,49.31127819548872,0.0,2,Mid,1:23.784
PER,Red Bull Racing,28.0,0 days 00:01:23.598000,HARD,2.0,1,True,83.598,2024,Monza,R,33.1015037593985,49.31127819548872,0.0,3,Mid,1:23.598
PER,Red Bull Racing,29.0,0 days 00:01:23.854000,HARD,2.0,1,True,83.854,2024,Monza,R,33.1015037593985,49.31127819548872,0.0,4,Mid,1:23.854
PER,Red Bull Racing,30.0,0 days 00:01:23.474000,HARD,2.0,1,True,83.474,2024,Monza,R,33.1015037593985,49.31127819548872,0.0,5,Mid,1:23.474
PER,Red Bull Racing,31.0,0 days 00:01:25.086000,HARD,2.0,1,True,85.086,2024,Monza,R,33.1015037593985,49.31127819548872,0.0,6,Mid,1:25.086
PER,Red Bull Racing,32.0,0 days 00:01:23.825000,HARD,2.0,1,True,83.825,2024,Monza,R,33.1015037593985,49.31127819548872,0.0,7,Mid,1:23.825
PER,Red Bull Racing,33.0,0 days 00:01:23.473000,HARD,2.0,1,True,83.473,2024,Monza,R,33.1015037593985,49.31127819548872,0.0,8,Mid,1:23.473
PER,Red Bull Racing,34.0,0 days 00:01:23.611000,HARD,2.0,1,True,83.611,2024,Monza,R,33.1015037593985,49.31127819548872,0.0,9,Mid,1:23.611
PER,Red Bull Racing,37.0,0 days 00:01:23.291000,MEDIUM,3.0,1,True,83.291,2024,Monza,R,33.1015037593985,49.31127819548872,0.0,0,Late,1:23.291
PER,Red Bull Racing,38.0,0 days 00:01:26.243000,MEDIUM,3.0,1,True,86.243,2024,Monza,R,33.1015037593985,49.31127819548872,0.0,1,Late,1:26.243
PER,Red Bull Racing,39.0,0 days 00:01:23.707000,MEDIUM,3.0,1,True,83.707,2024,Monza,R,33.1015037593985,49.31127819548872,0.0,2,Late,1:23.707
PER,Red Bull Racing,40.0,0 days 00:01:23.393000,MEDIUM,3.0,1,True,83.393,2024,Monza,R,33.1015037593985,49.31127819548872,0.0,3,Late,1:23.393
PER,Red Bull Racing,41.0,0 days 00:01:23.267000,MEDIUM,3.0,1,True,83.267,2024,Monza,R,33.1015037593985,49.31127819548872,0.0,4,Late,1:23.267
PER,Red Bull Racing,42.0,0 days 00:01:23.908000,MEDIUM,3.0,1,True,83.908,2024,Monza,R,33.1015037593985,49.31127819548872,0.0,5,Late,1:23.908
PER,Red Bull Racing,43.0,0 days 00:01:24.537000,MEDIUM,3.0,1,True,84.537,2024,Monza,R,33.1015037593985,49.31127819548872,0.0,6,Late,1:24.537
PER,Red Bull Racing,44.0,0 days 00:01:23.617000,MEDIUM,3.0,1,True,83.617,2024,Monza,R,33.1015037593985,49.31127819548872,0.0,7,Late,1:23.617
PER,Red Bull Racing,45.0,0 days 00:01:23.033000,MEDIUM,3.0,1,True,83.033,2024,Monza,R,33.1015037593985,49.31127819548872,0.0,8,Late,1:23.033
PER,Red Bull Racing,46.0,0 days 00:01:22.996000,MEDIUM,3.0,1,True,82.996,2024,Monza,R,33.1015037593985,49.31127819548872,0.0,9,Late,1:22.996
PER,Red Bull Racing,47.0,0 days 00:01:22.971000,MEDIUM,3.0,1,True,82.971,2024,Monza,R,33.1015037593985,49.31127819548872,0.0,10,Late,1:22.971
PER,Red Bull Racing,48.0,0 days 00:01:23.315000,MEDIUM,3.0,1,True,83.315,2024,Monza,R,33.1015037593985,49.31127819548872,0.0,11,Late,1:23.315
PER,Red Bull Racing,49.0,0 days 00:01:23.612000,MEDIUM,3.0,1,True,83.612,2024,Monza,R,33.1015037593985,49.31127819548872,0.0,12,Late,1:23.612
PER,Red Bull Racing,50.0,0 days 00:01:23.390000,MEDIUM,3.0,1,True,83.39,2024,Monza,R,33.1015037593985,49.31127819548872,0.0,13,Late,1:23.390
PER,Red Bull Racing,51.0,0 days 00:01:23.415000,MEDIUM,3.0,1,True,83.415,2024,Monza,R,33.1015037593985,49.31127819548872,0.0,14,Late,1:23.415
PER,Red Bull Racing,52.0,0 days 00:01:24.071000,MEDIUM,3.0,1,True,84.071,2024,Monza,R,33.1015037593985,49.31127819548872,0.0,15,Late,1:24.071
PER,Red Bull Racing,53.0,0 days 00:01:24.511000,MEDIUM,3.0,1,True,84.511,2024,Monza,R,33.1015037593985,49.31127819548872,0.0,16,Late,1:24.511
PIA,McLaren,2.0,0 days 00:01:25.116000,MEDIUM,1.0,1,True,85.116,2024,Monza,R,33.1015037593985,49.31127819548872,0.0,0,Early,1:25.116
PIA,McLaren,3.0,0 days 00:01:25.261000,MEDIUM,1.0,1,True,85.261,2024,Monza,R,33.1015037593985,49.31127819548872,0.0,1,Early,1:25.261
PIA,McLaren,4.0,0 days 00:01:24.695000,MEDIUM,1.0,1,True,84.695,2024,Monza,R,33.1015037593985,49.31127819548872,0.0,2,Early,1:24.695
PIA,McLaren,5.0,0 days 00:01:24.660000,MEDIUM,1.0,1,True,84.66,2024,Monza,R,33.1015037593985,49.31127819548872,0.0,3,Early,1:24.660
PIA,McLaren,6.0,0 days 00:01:24.603000,MEDIUM,1.0,1,True,84.603,2024,Monza,R,33.1015037593985,49.31127819548872,0.0,4,Early,1:24.603
PIA,McLaren,7.0,0 days 00:01:24.418000,MEDIUM,1.0,1,True,84.418,2024,Monza,R,33.1015037593985,49.31127819548872,0.0,5,Early,1:24.418
PIA,McLaren,8.0,0 days 00:01:24.570000,MEDIUM,1.0,1,True,84.57,2024,Monza,R,33.1015037593985,49.31127819548872,0.0,6,Early,1:24.570
PIA,McLaren,9.0,0 days 00:01:24.375000,MEDIUM,1.0,1,True,84.375,2024,Monza,R,33.1015037593985,49.31127819548872,0.0,7,Early,1:24.375
PIA,McLaren,10.0,0 days 00:01:24.077000,MEDIUM,1.0,1,True,84.077,2024,Monza,R,33.1015037593985,49.31127819548872,0.0,8,Early,1:24.077
PIA,McLaren,11.0,0 days 00:01:24.247000,MEDIUM,1.0,1,True,84.247,2024,Monza,R,33.1015037593985,49.31127819548872,0.0,9,Early,1:24.247
PIA,McLaren,12.0,0 days 00:01:24.748000,MEDIUM,1.0,1,True,84.748,2024,Monza,R,33.1015037593985,49.31127819548872,0.0,10,Early,1:24.748
PIA,McLaren,13.0,0 days 00:01:24.670000,MEDIUM,1.0,1,True,84.67,2024,Monza,R,33.1015037593985,49.31127819548872,0.0,11,Early,1:24.670
PIA,McLaren,14.0,0 days 00:01:25.048000,MEDIUM,1.0,1,True,85.048,2024,Monza,R,33.1015037593985,49.31127819548872,0.0,12,Early,1:25.048
PIA,McLaren,15.0,0 days 00:01:25.166000,MEDIUM,1.0,1,True,85.166,2024,Monza,R,33.1015037593985,49.31127819548872,0.0,13,Early,1:25.166
PIA,McLaren,18.0,0 days 00:01:24.028000,HARD,2.0,1,True,84.028,2024,Monza,R,33.1015037593985,49.31127819548872,0.0,0,Mid,1:24.028
PIA,McLaren,19.0,0 days 00:01:24.602000,HARD,2.0,1,True,84.602,2024,Monza,R,33.1015037593985,49.31127819548872,0.0,1,Mid,1:24.602
PIA,McLaren,20.0,0 days 00:01:23.986000,HARD,2.0,1,True,83.986,2024,Monza,R,33.1015037593985,49.31127819548872,0.0,2,Mid,1:23.986
PIA,McLaren,21.0,0 days 00:01:23.903000,HARD,2.0,1,True,83.903,2024,Monza,R,33.1015037593985,49.31127819548872,0.0,3,Mid,1:23.903
PIA,McLaren,22.0,0 days 00:01:23.647000,HARD,2.0,1,True,83.647,2024,Monza,R,33.1015037593985,49.31127819548872,0.0,4,Mid,1:23.647
PIA,McLaren,23.0,0 days 00:01:23.660000,HARD,2.0,1,True,83.66,2024,Monza,R,33.1015037593985,49.31127819548872,0.0,5,Mid,1:23.660
PIA,McLaren,24.0,0 days 00:01:23.315000,HARD,2.0,1,True,83.315,2024,Monza,R,33.1015037593985,49.31127819548872,0.0,6,Mid,1:23.315
PIA,McLaren,25.0,0 days 00:01:23.230000,HARD,2.0,1,True,83.23,2024,Monza,R,33.1015037593985,49.31127819548872,0.0,7,Mid,1:23.230
PIA,McLaren,26.0,0 days 00:01:23.133000,HARD,2.0,1,True,83.133,2024,Monza,R,33.1015037593985,49.31127819548872,0.0,8,Mid,1:23.133
PIA,McLaren,27.0,0 days 00:01:23.088000,HARD,2.0,1,True,83.088,2024,Monza,R,33.1015037593985,49.31127819548872,0.0,9,Mid,1:23.088
PIA,McLaren,28.0,0 days 00:01:23.168000,HARD,2.0,1,True,83.168,2024,Monza,R,33.1015037593985,49.31127819548872,0.0,10,Mid,1:23.168
PIA,McLaren,29.0,0 days 00:01:23.066000,HARD,2.0,1,True,83.066,2024,Monza,R,33.1015037593985,49.31127819548872,0.0,11,Mid,1:23.066
PIA,McLaren,30.0,0 days 00:01:22.968000,HARD,2.0,1,True,82.968,2024,Monza,R,33.1015037593985,49.31127819548872,0.0,12,Mid,1:22.968
PIA,McLaren,31.0,0 days 00:01:23.221000,HARD,2.0,1,True,83.221,2024,Monza,R,33.1015037593985,49.31127819548872,0.0,13,Mid,1:23.221
PIA,McLaren,32.0,0 days 00:01:23.480000,HARD,2.0,1,True,83.48,2024,Monza,R,33.1015037593985,49.31127819548872,0.0,14,Mid,1:23.480
PIA,McLaren,33.0,0 days 00:01:23.148000,HARD,2.0,1,True,83.148,2024,Monza,R,33.1015037593985,49.31127819548872,0.0,15,Mid,1:23.148
PIA,McLaren,34.0,0 days 00:01:23.456000,HARD,2.0,1,True,83.456,2024,Monza,R,33.1015037593985,49.31127819548872,0.0,16,Mid,1:23.456
PIA,McLaren,35.0,0 days 00:01:23.409000,HARD,2.0,1,True,83.409,2024,Monza,R,33.1015037593985,49.31127819548872,0.0,17,Mid,1:23.409
PIA,McLaren,36.0,0 days 00:01:23.746000,HARD,2.0,1,True,83.746,2024,Monza,R,33.1015037593985,49.31127819548872,0.0,18,Late,1:23.746
PIA,McLaren,37.0,0 days 00:01:23.691000,HARD,2.0,1,True,83.691,2024,Monza,R,33.1015037593985,49.31127819548872,0.0,19,Late,1:23.691
PIA,McLaren,40.0,0 days 00:01:22.264000,HARD,3.0,1,True,82.264,2024,Monza,R,33.1015037593985,49.31127819548872,0.0,0,Late,1:22.264
PIA,McLaren,41.0,0 days 00:01:22.066000,HARD,3.0,1,True,82.066,2024,Monza,R,33.1015037593985,49.31127819548872,0.0,1,Late,1:22.066
PIA,McLaren,42.0,0 days 00:01:22.331000,HARD,3.0,1,True,82.331,2024,Monza,R,33.1015037593985,49.31127819548872,0.0,2,Late,1:22.331
PIA,McLaren,43.0,0 days 00:01:22.092000,HARD,3.0,1,True,82.092,2024,Monza,R,33.1015037593985,49.31127819548872,0.0,3,Late,1:22.092
PIA,McLaren,44.0,0 days 00:01:22.628000,HARD,3.0,1,True,82.628,2024,Monza,R,33.1015037593985,49.31127819548872,0.0,4,Late,1:22.628
PIA,McLaren,45.0,0 days 00:01:23.675000,HARD,3.0,1,True,83.675,2024,Monza,R,33.1015037593985,49.31127819548872,0.0,5,Late,1:23.675
PIA,McLaren,46.0,0 days 00:01:22.537000,HARD,3.0,1,True,82.537,2024,Monza,R,33.1015037593985,49.31127819548872,0.0,6,Late,1:22.537
PIA,McLaren,47.0,0 days 00:01:22.253000,HARD,3.0,1,True,82.253,2024,Monza,R,33.1015037593985,49.31127819548872,0.0,7,Late,1:22.253
PIA,McLaren,48.0,0 days 00:01:22.725000,HARD,3.0,1,True,82.725,2024,Monza,R,33.1015037593985,49.31127819548872,0.0,8,Late,1:22.725
PIA,McLaren,49.0,0 days 00:01:22.945000,HARD,3.0,1,True,82.945,2024,Monza,R,33.1015037593985,49.31127819548872,0.0,9,Late,1:22.945
PIA,McLaren,50.0,0 days 00:01:22.586000,HARD,3.0,1,True,82.586,2024,Monza,R,33.1015037593985,49.31127819548872,0.0,10,Late,1:22.586
PIA,McLaren,51.0,0 days 00:01:22.424000,HARD,3.0,1,True,82.424,2024,Monza,R,33.1015037593985,49.31127819548872,0.0,11,Late,1:22.424
PIA,McLaren,52.0,0 days 00:01:21.948000,HARD,3.0,1,True,81.948,2024,Monza,R,33.1015037593985,49.31127819548872,0.0,12,Late,1:21.948
PIA,McLaren,53.0,0 days 00:01:21.943000,HARD,3.0,1,True,81.943,2024,Monza,R,33.1015037593985,49.31127819548872,0.0,13,Late,1:21.943
RIC,RB,2.0,0 days 00:01:27.177000,MEDIUM,1.0,1,True,87.177,2024,Monza,R,33.1015037593985,49.31127819548872,0.0,0,Early,1:27.177
RIC,RB,3.0,0 days 00:01:26.588000,MEDIUM,1.0,1,True,86.588,2024,Monza,R,33.1015037593985,49.31127819548872,0.0,1,Early,1:26.588
RIC,RB,4.0,0 days 00:01:26.488000,MEDIUM,1.0,1,True,86.488,2024,Monza,R,33.1015037593985,49.31127819548872,0.0,2,Early,1:26.488
RIC,RB,5.0,0 days 00:01:26.251000,MEDIUM,1.0,1,True,86.251,2024,Monza,R,33.1015037593985,49.31127819548872,0.0,3,Early,1:26.251
RIC,RB,6.0,0 days 00:01:25.899000,MEDIUM,1.0,1,True,85.899,2024,Monza,R,33.1015037593985,49.31127819548872,0.0,4,Early,1:25.899
RIC,RB,7.0,0 days 00:01:25.713000,MEDIUM,1.0,1,True,85.713,2024,Monza,R,33.1015037593985,49.31127819548872,0.0,5,Early,1:25.713
RIC,RB,8.0,0 days 00:01:25.993000,MEDIUM,1.0,1,True,85.993,2024,Monza,R,33.1015037593985,49.31127819548872,0.0,6,Early,1:25.993
RIC,RB,9.0,0 days 00:01:25.815000,MEDIUM,1.0,1,True,85.815,2024,Monza,R,33.1015037593985,49.31127819548872,0.0,7,Early,1:25.815
RIC,RB,10.0,0 days 00:01:26.111000,MEDIUM,1.0,1,True,86.111,2024,Monza,R,33.1015037593985,49.31127819548872,0.0,8,Early,1:26.111
RIC,RB,13.0,0 days 00:01:26.122000,HARD,2.0,1,True,86.122,2024,Monza,R,33.1015037593985,49.31127819548872,0.0,0,Early,1:26.122
RIC,RB,14.0,0 days 00:01:25.827000,HARD,2.0,1,True,85.827,2024,Monza,R,33.1015037593985,49.31127819548872,0.0,1,Early,1:25.827
RIC,RB,15.0,0 days 00:01:25.572000,HARD,2.0,1,True,85.572,2024,Monza,R,33.1015037593985,49.31127819548872,0.0,2,Early,1:25.572
RIC,RB,16.0,0 days 00:01:25.398000,HARD,2.0,1,True,85.398,2024,Monza,R,33.1015037593985,49.31127819548872,0.0,3,Early,1:25.398
RIC,RB,17.0,0 days 00:01:25.028000,HARD,2.0,1,True,85.028,2024,Monza,R,33.1015037593985,49.31127819548872,0.0,4,Early,1:25.028
RIC,RB,18.0,0 days 00:01:25.062000,HARD,2.0,1,True,85.062,2024,Monza,R,33.1015037593985,49.31127819548872,0.0,5,Mid,1:25.062
RIC,RB,19.0,0 days 00:01:24.897000,HARD,2.0,1,True,84.897,2024,Monza,R,33.1015037593985,49.31127819548872,0.0,6,Mid,1:24.897
RIC,RB,20.0,0 days 00:01:24.753000,HARD,2.0,1,True,84.753,2024,Monza,R,33.1015037593985,49.31127819548872,0.0,7,Mid,1:24.753
RIC,RB,21.0,0 days 00:01:24.991000,HARD,2.0,1,True,84.991,2024,Monza,R,33.1015037593985,49.31127819548872,0.0,8,Mid,1:24.991
RIC,RB,22.0,0 days 00:01:25.080000,HARD,2.0,1,True,85.08,2024,Monza,R,33.1015037593985,49.31127819548872,0.0,9,Mid,1:25.080
RIC,RB,23.0,0 days 00:01:24.848000,HARD,2.0,1,True,84.848,2024,Monza,R,33.1015037593985,49.31127819548872,0.0,10,Mid,1:24.848
RIC,RB,24.0,0 days 00:01:24.931000,HARD,2.0,1,True,84.931,2024,Monza,R,33.1015037593985,49.31127819548872,0.0,11,Mid,1:24.931
RIC,RB,25.0,0 days 00:01:25.047000,HARD,2.0,1,True,85.047,2024,Monza,R,33.1015037593985,49.31127819548872,0.0,12,Mid,1:25.047
RIC,RB,26.0,0 days 00:01:24.906000,HARD,2.0,1,True,84.906,2024,Monza,R,33.1015037593985,49.31127819548872,0.0,13,Mid,1:24.906
RIC,RB,27.0,0 days 00:01:25.595000,HARD,2.0,1,True,85.595,2024,Monza,R,33.1015037593985,49.31127819548872,0.0,14,Mid,1:25.595
RIC,RB,28.0,0 days 00:01:25.380000,HARD,2.0,1,True,85.38,2024,Monza,R,33.1015037593985,49.31127819548872,0.0,15,Mid,1:25.380
RIC,RB,29.0,0 days 00:01:24.835000,HARD,2.0,1,True,84.835,2024,Monza,R,33.1015037593985,49.31127819548872,0.0,16,Mid,1:24.835
RIC,RB,30.0,0 days 00:01:24.970000,HARD,2.0,1,True,84.97,2024,Monza,R,33.1015037593985,49.31127819548872,0.0,17,Mid,1:24.970
RIC,RB,31.0,0 days 00:01:24.875000,HARD,2.0,1,True,84.875,2024,Monza,R,33.1015037593985,49.31127819548872,0.0,18,Mid,1:24.875
RIC,RB,32.0,0 days 00:01:24.690000,HARD,2.0,1,True,84.69,2024,Monza,R,33.1015037593985,49.31127819548872,0.0,19,Mid,1:24.690
RIC,RB,33.0,0 days 00:01:24.662000,HARD,2.0,1,True,84.662,2024,Monza,R,33.1015037593985,49.31127819548872,0.0,20,Mid,1:24.662
RIC,RB,34.0,0 days 00:01:24.777000,HARD,2.0,1,True,84.777,2024,Monza,R,33.1015037593985,49.31127819548872,0.0,21,Mid,1:24.777
RIC,RB,35.0,0 days 00:01:25.588000,HARD,2.0,1,True,85.588,2024,Monza,R,33.1015037593985,49.31127819548872,0.0,22,Mid,1:25.588
RIC,RB,36.0,0 days 00:01:25.081000,HARD,2.0,1,True,85.081,2024,Monza,R,33.1015037593985,49.31127819548872,0.0,23,Late,1:25.081
RIC,RB,37.0,0 days 00:01:25.095000,HARD,2.0,1,True,85.095,2024,Monza,R,33.1015037593985,49.31127819548872,0.0,24,Late,1:25.095
RIC,RB,38.0,0 days 00:01:25.288000,HARD,2.0,1,True,85.288,2024,Monza,R,33.1015037593985,49.31127819548872,0.0,25,Late,1:25.288
RIC,RB,39.0,0 days 00:01:25.033000,HARD,2.0,1,True,85.033,2024,Monza,R,33.1015037593985,49.31127819548872,0.0,26,Late,1:25.033
RIC,RB,40.0,0 days 00:01:25.025000,HARD,2.0,1,True,85.025,2024,Monza,R,33.1015037593985,49.31127819548872,0.0,27,Late,1:25.025
RIC,RB,41.0,0 days 00:01:24.945000,HARD,2.0,1,True,84.945,2024,Monza,R,33.1015037593985,49.31127819548872,0.0,28,Late,1:24.945
RIC,RB,42.0,0 days 00:01:24.954000,HARD,2.0,1,True,84.954,2024,Monza,R,33.1015037593985,49.31127819548872,0.0,29,Late,1:24.954
RIC,RB,43.0,0 days 00:01:25.179000,HARD,2.0,1,True,85.179,2024,Monza,R,33.1015037593985,49.31127819548872,0.0,30,Late,1:25.179
RIC,RB,44.0,0 days 00:01:24.776000,HARD,2.0,1,True,84.776,2024,Monza,R,33.1015037593985,49.31127819548872,0.0,31,Late,1:24.776
RIC,RB,45.0,0 days 00:01:25.063000,HARD,2.0,1,True,85.063,2024,Monza,R,33.1015037593985,49.31127819548872,0.0,32,Late,1:25.063
RIC,RB,46.0,0 days 00:01:25.685000,HARD,2.0,1,True,85.685,2024,Monza,R,33.1015037593985,49.31127819548872,0.0,33,Late,1:25.685
RIC,RB,47.0,0 days 00:01:24.775000,HARD,2.0,1,True,84.775,2024,Monza,R,33.1015037593985,49.31127819548872,0.0,34,Late,1:24.775
RIC,RB,48.0,0 days 00:01:24.518000,HARD,2.0,1,True,84.518,2024,Monza,R,33.1015037593985,49.31127819548872,0.0,35,Late,1:24.518
RIC,RB,49.0,0 days 00:01:24.617000,HARD,2.0,1,True,84.617,2024,Monza,R,33.1015037593985,49.31127819548872,0.0,36,Late,1:24.617
RIC,RB,50.0,0 days 00:01:24.817000,HARD,2.0,1,True,84.817,2024,Monza,R,33.1015037593985,49.31127819548872,0.0,37,Late,1:24.817
RIC,RB,51.0,0 days 00:01:24.639000,HARD,2.0,1,True,84.639,2024,Monza,R,33.1015037593985,49.31127819548872,0.0,38,Late,1:24.639
RIC,RB,52.0,0 days 00:01:24.219000,HARD,2.0,1,True,84.219,2024,Monza,R,33.1015037593985,49.31127819548872,0.0,39,Late,1:24.219
RIC,RB,53.0,0 days 00:01:24.347000,HARD,2.0,1,True,84.347,2024,Monza,R,33.1015037593985,49.31127819548872,0.0,40,Late,1:24.347
RUS,Mercedes,2.0,0 days 00:01:26.055000,MEDIUM,1.0,1,True,86.055,2024,Monza,R,33.1015037593985,49.31127819548872,0.0,0,Early,1:26.055
RUS,Mercedes,3.0,0 days 00:01:25.733000,MEDIUM,1.0,1,True,85.733,2024,Monza,R,33.1015037593985,49.31127819548872,0.0,1,Early,1:25.733
RUS,Mercedes,4.0,0 days 00:01:25.762000,MEDIUM,1.0,1,True,85.762,2024,Monza,R,33.1015037593985,49.31127819548872,0.0,2,Early,1:25.762
RUS,Mercedes,5.0,0 days 00:01:25.494000,MEDIUM,1.0,1,True,85.494,2024,Monza,R,33.1015037593985,49.31127819548872,0.0,3,Early,1:25.494
RUS,Mercedes,6.0,0 days 00:01:25.101000,MEDIUM,1.0,1,True,85.101,2024,Monza,R,33.1015037593985,49.31127819548872,0.0,4,Early,1:25.101
RUS,Mercedes,7.0,0 days 00:01:25.046000,MEDIUM,1.0,1,True,85.046,2024,Monza,R,33.1015037593985,49.31127819548872,0.0,5,Early,1:25.046
RUS,Mercedes,8.0,0 days 00:01:25.216000,MEDIUM,1.0,1,True,85.216,2024,Monza,R,33.1015037593985,49.31127819548872,0.0,6,Early,1:25.216
RUS,Mercedes,9.0,0 days 00:01:25.115000,MEDIUM,1.0,1,True,85.115,2024,Monza,R,33.1015037593985,49.31127819548872,0.0,7,Early,1:25.115
RUS,Mercedes,10.0,0 days 00:01:25.468000,MEDIUM,1.0,1,True,85.468,2024,Monza,R,33.1015037593985,49.31127819548872,0.0,8,Early,1:25.468
RUS,Mercedes,13.0,0 days 00:01:24.546000,HARD,2.0,1,True,84.546,2024,Monza,R,33.1015037593985,49.31127819548872,0.0,0,Early,1:24.546
RUS,Mercedes,14.0,0 days 00:01:24.548000,HARD,2.0,1,True,84.548,2024,Monza,R,33.1015037593985,49.31127819548872,0.0,1,Early,1:24.548
RUS,Mercedes,15.0,0 days 00:01:24.560000,HARD,2.0,1,True,84.56,2024,Monza,R,33.1015037593985,49.31127819548872,0.0,2,Early,1:24.560
RUS,Mercedes,16.0,0 days 00:01:24.692000,HARD,2.0,1,True,84.692,2024,Monza,R,33.1015037593985,49.31127819548872,0.0,3,Early,1:24.692
RUS,Mercedes,17.0,0 days 00:01:24.546000,HARD,2.0,1,True,84.546,2024,Monza,R,33.1015037593985,49.31127819548872,0.0,4,Early,1:24.546
RUS,Mercedes,18.0,0 days 00:01:24.521000,HARD,2.0,1,True,84.521,2024,Monza,R,33.1015037593985,49.31127819548872,0.0,5,Mid,1:24.521
RUS,Mercedes,19.0,0 days 00:01:24.706000,HARD,2.0,1,True,84.706,2024,Monza,R,33.1015037593985,49.31127819548872,0.0,6,Mid,1:24.706
RUS,Mercedes,20.0,0 days 00:01:25.504000,HARD,2.0,1,True,85.504,2024,Monza,R,33.1015037593985,49.31127819548872,0.0,7,Mid,1:25.504
RUS,Mercedes,21.0,0 days 00:01:24.626000,HARD,2.0,1,True,84.626,2024,Monza,R,33.1015037593985,49.31127819548872,0.0,8,Mid,1:24.626
RUS,Mercedes,22.0,0 days 00:01:24.711000,HARD,2.0,1,True,84.711,2024,Monza,R,33.1015037593985,49.31127819548872,0.0,9,Mid,1:24.711
RUS,Mercedes,23.0,0 days 00:01:24.624000,HARD,2.0,1,True,84.624,2024,Monza,R,33.1015037593985,49.31127819548872,0.0,10,Mid,1:24.624
RUS,Mercedes,24.0,0 days 00:01:24.621000,HARD,2.0,1,True,84.621,2024,Monza,R,33.1015037593985,49.31127819548872,0.0,11,Mid,1:24.621
RUS,Mercedes,25.0,0 days 00:01:25.174000,HARD,2.0,1,True,85.174,2024,Monza,R,33.1015037593985,49.31127819548872,0.0,12,Mid,1:25.174
RUS,Mercedes,26.0,0 days 00:01:23.575000,HARD,2.0,1,True,83.575,2024,Monza,R,33.1015037593985,49.31127819548872,0.0,13,Mid,1:23.575
RUS,Mercedes,27.0,0 days 00:01:23.732000,HARD,2.0,1,True,83.732,2024,Monza,R,33.1015037593985,49.31127819548872,0.0,14,Mid,1:23.732
RUS,Mercedes,28.0,0 days 00:01:23.383000,HARD,2.0,1,True,83.383,2024,Monza,R,33.1015037593985,49.31127819548872,0.0,15,Mid,1:23.383
RUS,Mercedes,29.0,0 days 00:01:23.516000,HARD,2.0,1,True,83.516,2024,Monza,R,33.1015037593985,49.31127819548872,0.0,16,Mid,1:23.516
RUS,Mercedes,30.0,0 days 00:01:23.177000,HARD,2.0,1,True,83.177,2024,Monza,R,33.1015037593985,49.31127819548872,0.0,17,Mid,1:23.177
RUS,Mercedes,31.0,0 days 00:01:25.331000,HARD,2.0,1,True,85.331,2024,Monza,R,33.1015037593985,49.31127819548872,0.0,18,Mid,1:25.331
RUS,Mercedes,32.0,0 days 00:01:23.542000,HARD,2.0,1,True,83.542,2024,Monza,R,33.1015037593985,49.31127819548872,0.0,19,Mid,1:23.542
RUS,Mercedes,35.0,0 days 00:01:22.944000,HARD,3.0,1,True,82.944,2024,Monza,R,33.1015037593985,49.31127819548872,0.0,0,Mid,1:22.944
RUS,Mercedes,36.0,0 days 00:01:23.333000,HARD,3.0,1,True,83.333,2024,Monza,R,33.1015037593985,49.31127819548872,0.0,1,Late,1:23.333
RUS,Mercedes,37.0,0 days 00:01:23.158000,HARD,3.0,1,True,83.158,2024,Monza,R,33.1015037593985,49.31127819548872,0.0,2,Late,1:23.158
RUS,Mercedes,38.0,0 days 00:01:25.166000,HARD,3.0,1,True,85.166,2024,Monza,R,33.1015037593985,49.31127819548872,0.0,3,Late,1:25.166
RUS,Mercedes,39.0,0 days 00:01:23.142000,HARD,3.0,1,True,83.142,2024,Monza,R,33.1015037593985,49.31127819548872,0.0,4,Late,1:23.142
RUS,Mercedes,40.0,0 days 00:01:22.886000,HARD,3.0,1,True,82.886,2024,Monza,R,33.1015037593985,49.31127819548872,0.0,5,Late,1:22.886
RUS,Mercedes,41.0,0 days 00:01:24.039000,HARD,3.0,1,True,84.039,2024,Monza,R,33.1015037593985,49.31127819548872,0.0,6,Late,1:24.039
RUS,Mercedes,42.0,0 days 00:01:22.799000,HARD,3.0,1,True,82.799,2024,Monza,R,33.1015037593985,49.31127819548872,0.0,7,Late,1:22.799
RUS,Mercedes,43.0,0 days 00:01:22.939000,HARD,3.0,1,True,82.939,2024,Monza,R,33.1015037593985,49.31127819548872,0.0,8,Late,1:22.939
RUS,Mercedes,44.0,0 days 00:01:22.923000,HARD,3.0,1,True,82.923,2024,Monza,R,33.1015037593985,49.31127819548872,0.0,9,Late,1:22.923
RUS,Mercedes,45.0,0 days 00:01:22.685000,HARD,3.0,1,True,82.685,2024,Monza,R,33.1015037593985,49.31127819548872,0.0,10,Late,1:22.685
RUS,Mercedes,46.0,0 days 00:01:22.419000,HARD,3.0,1,True,82.419,2024,Monza,R,33.1015037593985,49.31127819548872,0.0,11,Late,1:22.419
RUS,Mercedes,47.0,0 days 00:01:22.343000,HARD,3.0,1,True,82.343,2024,Monza,R,33.1015037593985,49.31127819548872,0.0,12,Late,1:22.343
RUS,Mercedes,48.0,0 days 00:01:22.165000,HARD,3.0,1,True,82.165,2024,Monza,R,33.1015037593985,49.31127819548872,0.0,13,Late,1:22.165
RUS,Mercedes,49.0,0 days 00:01:22.036000,HARD,3.0,1,True,82.036,2024,Monza,R,33.1015037593985,49.31127819548872,0.0,14,Late,1:22.036
RUS,Mercedes,50.0,0 days 00:01:22.156000,HARD,3.0,1,True,82.156,2024,Monza,R,33.1015037593985,49.31127819548872,0.0,15,Late,1:22.156
RUS,Mercedes,51.0,0 days 00:01:22.311000,HARD,3.0,1,True,82.311,2024,Monza,R,33.1015037593985,49.31127819548872,0.0,16,Late,1:22.311
RUS,Mercedes,52.0,0 days 00:01:22.447000,HARD,3.0,1,True,82.447,2024,Monza,R,33.1015037593985,49.31127819548872,0.0,17,Late,1:22.447
RUS,Mercedes,53.0,0 days 00:01:22.700000,HARD,3.0,1,True,82.7,2024,Monza,R,33.1015037593985,49.31127819548872,0.0,18,Late,1:22.700
SAI,Ferrari,2.0,0 days 00:01:25.731000,MEDIUM,1.0,1,True,85.731,2024,Monza,R,33.1015037593985,49.31127819548872,0.0,0,Early,1:25.731
SAI,Ferrari,3.0,0 days 00:01:25.358000,MEDIUM,1.0,1,True,85.358,2024,Monza,R,33.1015037593985,49.31127819548872,0.0,1,Early,1:25.358
SAI,Ferrari,4.0,0 days 00:01:25.086000,MEDIUM,1.0,1,True,85.086,2024,Monza,R,33.1015037593985,49.31127819548872,0.0,2,Early,1:25.086
SAI,Ferrari,5.0,0 days 00:01:25.006000,MEDIUM,1.0,1,True,85.006,2024,Monza,R,33.1015037593985,49.31127819548872,0.0,3,Early,1:25.006
SAI,Ferrari,6.0,0 days 00:01:24.642000,MEDIUM,1.0,1,True,84.642,2024,Monza,R,33.1015037593985,49.31127819548872,0.0,4,Early,1:24.642
SAI,Ferrari,7.0,0 days 00:01:24.715000,MEDIUM,1.0,1,True,84.715,2024,Monza,R,33.1015037593985,49.31127819548872,0.0,5,Early,1:24.715
SAI,Ferrari,8.0,0 days 00:01:24.870000,MEDIUM,1.0,1,True,84.87,2024,Monza,R,33.1015037593985,49.31127819548872,0.0,6,Early,1:24.870
SAI,Ferrari,9.0,0 days 00:01:24.774000,MEDIUM,1.0,1,True,84.774,2024,Monza,R,33.1015037593985,49.31127819548872,0.0,7,Early,1:24.774
SAI,Ferrari,10.0,0 days 00:01:24.684000,MEDIUM,1.0,1,True,84.684,2024,Monza,R,33.1015037593985,49.31127819548872,0.0,8,Early,1:24.684
SAI,Ferrari,11.0,0 days 00:01:25.066000,MEDIUM,1.0,1,True,85.066,2024,Monza,R,33.1015037593985,49.31127819548872,0.0,9,Early,1:25.066
SAI,Ferrari,12.0,0 days 00:01:25.276000,MEDIUM,1.0,1,True,85.276,2024,Monza,R,33.1015037593985,49.31127819548872,0.0,10,Early,1:25.276
SAI,Ferrari,13.0,0 days 00:01:25.423000,MEDIUM,1.0,1,True,85.423,2024,Monza,R,33.1015037593985,49.31127819548872,0.0,11,Early,1:25.423
SAI,Ferrari,14.0,0 days 00:01:25.234000,MEDIUM,1.0,1,True,85.234,2024,Monza,R,33.1015037593985,49.31127819548872,0.0,12,Early,1:25.234
SAI,Ferrari,15.0,0 days 00:01:25.183000,MEDIUM,1.0,1,True,85.183,2024,Monza,R,33.1015037593985,49.31127819548872,0.0,13,Early,1:25.183
SAI,Ferrari,16.0,0 days 00:01:25.341000,MEDIUM,1.0,1,True,85.341,2024,Monza,R,33.1015037593985,49.31127819548872,0.0,14,Early,1:25.341
SAI,Ferrari,17.0,0 days 00:01:25.407000,MEDIUM,1.0,1,True,85.407,2024,Monza,R,33.1015037593985,49.31127819548872,0.0,15,Early,1:25.407
SAI,Ferrari,18.0,0 days 00:01:25.678000,MEDIUM,1.0,1,True,85.678,2024,Monza,R,33.1015037593985,49.31127819548872,0.0,16,Mid,1:25.678
SAI,Ferrari,21.0,0 days 00:01:24.499000,HARD,2.0,1,True,84.499,2024,Monza,R,33.1015037593985,49.31127819548872,0.0,0,Mid,1:24.499
SAI,Ferrari,22.0,0 days 00:01:24.226000,HARD,2.0,1,True,84.226,2024,Monza,R,33.1015037593985,49.31127819548872,0.0,1,Mid,1:24.226
SAI,Ferrari,23.0,0 days 00:01:24.557000,HARD,2.0,1,True,84.557,2024,Monza,R,33.1015037593985,49.31127819548872,0.0,2,Mid,1:24.557
SAI,Ferrari,24.0,0 days 00:01:23.682000,HARD,2.0,1,True,83.682,2024,Monza,R,33.1015037593985,49.31127819548872,0.0,3,Mid,1:23.682
SAI,Ferrari,25.0,0 days 00:01:23.687000,HARD,2.0,1,True,83.687,2024,Monza,R,33.1015037593985,49.31127819548872,0.0,4,Mid,1:23.687
SAI,Ferrari,26.0,0 days 00:01:23.503000,HARD,2.0,1,True,83.503,2024,Monza,R,33.1015037593985,49.31127819548872,0.0,5,Mid,1:23.503
SAI,Ferrari,27.0,0 days 00:01:23.503000,HARD,2.0,1,True,83.503,2024,Monza,R,33.1015037593985,49.31127819548872,0.0,6,Mid,1:23.503
SAI,Ferrari,28.0,0 days 00:01:23.751000,HARD,2.0,1,True,83.751,2024,Monza,R,33.1015037593985,49.31127819548872,0.0,7,Mid,1:23.751
SAI,Ferrari,29.0,0 days 00:01:23.473000,HARD,2.0,1,True,83.473,2024,Monza,R,33.1015037593985,49.31127819548872,0.0,8,Mid,1:23.473
SAI,Ferrari,30.0,0 days 00:01:23.584000,HARD,2.0,1,True,83.584,2024,Monza,R,33.1015037593985,49.31127819548872,0.0,9,Mid,1:23.584
SAI,Ferrari,31.0,0 days 00:01:23.330000,HARD,2.0,1,True,83.33,2024,Monza,R,33.1015037593985,49.31127819548872,0.0,10,Mid,1:23.330
SAI,Ferrari,32.0,0 days 00:01:23.354000,HARD,2.0,1,True,83.354,2024,Monza,R,33.1015037593985,49.31127819548872,0.0,11,Mid,1:23.354
SAI,Ferrari,33.0,0 days 00:01:23.412000,HARD,2.0,1,True,83.412,2024,Monza,R,33.1015037593985,49.31127819548872,0.0,12,Mid,1:23.412
SAI,Ferrari,34.0,0 days 00:01:23.285000,HARD,2.0,1,True,83.285,2024,Monza,R,33.1015037593985,49.31127819548872,0.0,13,Mid,1:23.285
SAI,Ferrari,35.0,0 days 00:01:23.334000,HARD,2.0,1,True,83.334,2024,Monza,R,33.1015037593985,49.31127819548872,0.0,14,Mid,1:23.334
SAI,Ferrari,36.0,0 days 00:01:23.270000,HARD,2.0,1,True,83.27,2024,Monza,R,33.1015037593985,49.31127819548872,0.0,15,Late,1:23.270
SAI,Ferrari,37.0,0 days 00:01:23.290000,HARD,2.0,1,True,83.29,2024,Monza,R,33.1015037593985,49.31127819548872,0.0,16,Late,1:23.290
SAI,Ferrari,38.0,0 days 00:01:23.551000,HARD,2.0,1,True,83.551,2024,Monza,R,33.1015037593985,49.31127819548872,0.0,17,Late,1:23.551
SAI,Ferrari,39.0,0 days 00:01:23.809000,HARD,2.0,1,True,83.809,2024,Monza,R,33.1015037593985,49.31127819548872,0.0,18,Late,1:23.809
SAI,Ferrari,40.0,0 days 00:01:23.803000,HARD,2.0,1,True,83.803,2024,Monza,R,33.1015037593985,49.31127819548872,0.0,19,Late,1:23.803
SAI,Ferrari,41.0,0 days 00:01:23.337000,HARD,2.0,1,True,83.337,2024,Monza,R,33.1015037593985,49.31127819548872,0.0,20,Late,1:23.337
SAI,Ferrari,42.0,0 days 00:01:23.838000,HARD,2.0,1,True,83.838,2024,Monza,R,33.1015037593985,49.31127819548872,0.0,21,Late,1:23.838
SAI,Ferrari,43.0,0 days 00:01:23.793000,HARD,2.0,1,True,83.793,2024,Monza,R,33.1015037593985,49.31127819548872,0.0,22,Late,1:23.793
SAI,Ferrari,44.0,0 days 00:01:23.931000,HARD,2.0,1,True,83.931,2024,Monza,R,33.1015037593985,49.31127819548872,0.0,23,Late,1:23.931
SAI,Ferrari,45.0,0 days 00:01:25.113000,HARD,2.0,1,True,85.113,2024,Monza,R,33.1015037593985,49.31127819548872,0.0,24,Late,1:25.113
SAI,Ferrari,46.0,0 days 00:01:24.001000,HARD,2.0,1,True,84.001,2024,Monza,R,33.1015037593985,49.31127819548872,0.0,25,Late,1:24.001
SAI,Ferrari,47.0,0 days 00:01:24.090000,HARD,2.0,1,True,84.09,2024,Monza,R,33.1015037593985,49.31127819548872,0.0,26,Late,1:24.090
SAI,Ferrari,48.0,0 days 00:01:24.939000,HARD,2.0,1,True,84.939,2024,Monza,R,33.1015037593985,49.31127819548872,0.0,27,Late,1:24.939
SAI,Ferrari,49.0,0 days 00:01:23.921000,HARD,2.0,1,True,83.921,2024,Monza,R,33.1015037593985,49.31127819548872,0.0,28,Late,1:23.921
SAI,Ferrari,50.0,0 days 00:01:23.769000,HARD,2.0,1,True,83.769,2024,Monza,R,33.1015037593985,49.31127819548872,0.0,29,Late,1:23.769
SAI,Ferrari,51.0,0 days 00:01:23.754000,HARD,2.0,1,True,83.754,2024,Monza,R,33.1015037593985,49.31127819548872,0.0,30,Late,1:23.754
SAI,Ferrari,52.0,0 days 00:01:23.722000,HARD,2.0,1,True,83.722,2024,Monza,R,33.1015037593985,49.31127819548872,0.0,31,Late,1:23.722
SAI,Ferrari,53.0,0 days 00:01:23.219000,HARD,2.0,1,True,83.219,2024,Monza,R,33.1015037593985,49.31127819548872,0.0,32,Late,1:23.219
STR,Aston Martin,2.0,0 days 00:01:28.342000,HARD,1.0,1,True,88.342,2024,Monza,R,33.1015037593985,49.31127819548872,0.0,0,Early,1:28.342
STR,Aston Martin,3.0,0 days 00:01:26.734000,HARD,1.0,1,True,86.734,2024,Monza,R,33.1015037593985,49.31127819548872,0.0,1,Early,1:26.734
STR,Aston Martin,4.0,0 days 00:01:26.253000,HARD,1.0,1,True,86.253,2024,Monza,R,33.1015037593985,49.31127819548872,0.0,2,Early,1:26.253
STR,Aston Martin,5.0,0 days 00:01:27.234000,HARD,1.0,1,True,87.234,2024,Monza,R,33.1015037593985,49.31127819548872,0.0,3,Early,1:27.234
STR,Aston Martin,6.0,0 days 00:01:25.558000,HARD,1.0,1,True,85.558,2024,Monza,R,33.1015037593985,49.31127819548872,0.0,4,Early,1:25.558
STR,Aston Martin,7.0,0 days 00:01:26.208000,HARD,1.0,1,True,86.208,2024,Monza,R,33.1015037593985,49.31127819548872,0.0,5,Early,1:26.208
STR,Aston Martin,8.0,0 days 00:01:25.799000,HARD,1.0,1,True,85.799,2024,Monza,R,33.1015037593985,49.31127819548872,0.0,6,Early,1:25.799
STR,Aston Martin,9.0,0 days 00:01:26.024000,HARD,1.0,1,True,86.024,2024,Monza,R,33.1015037593985,49.31127819548872,0.0,7,Early,1:26.024
STR,Aston Martin,10.0,0 days 00:01:26.182000,HARD,1.0,1,True,86.182,2024,Monza,R,33.1015037593985,49.31127819548872,0.0,8,Early,1:26.182
STR,Aston Martin,11.0,0 days 00:01:25.675000,HARD,1.0,1,True,85.675,2024,Monza,R,33.1015037593985,49.31127819548872,0.0,9,Early,1:25.675
STR,Aston Martin,12.0,0 days 00:01:25.947000,HARD,1.0,1,True,85.947,2024,Monza,R,33.1015037593985,49.31127819548872,0.0,10,Early,1:25.947
STR,Aston Martin,13.0,0 days 00:01:26.143000,HARD,1.0,1,True,86.143,2024,Monza,R,33.1015037593985,49.31127819548872,0.0,11,Early,1:26.143
STR,Aston Martin,14.0,0 days 00:01:25.895000,HARD,1.0,1,True,85.895,2024,Monza,R,33.1015037593985,49.31127819548872,0.0,12,Early,1:25.895
STR,Aston Martin,15.0,0 days 00:01:26.986000,HARD,1.0,1,True,86.986,2024,Monza,R,33.1015037593985,49.31127819548872,0.0,13,Early,1:26.986
STR,Aston Martin,16.0,0 days 00:01:26.593000,HARD,1.0,1,True,86.593,2024,Monza,R,33.1015037593985,49.31127819548872,0.0,14,Early,1:26.593
STR,Aston Martin,17.0,0 days 00:01:26.584000,HARD,1.0,1,True,86.584,2024,Monza,R,33.1015037593985,49.31127819548872,0.0,15,Early,1:26.584
STR,Aston Martin,18.0,0 days 00:01:27.524000,HARD,1.0,1,True,87.524,2024,Monza,R,33.1015037593985,49.31127819548872,0.0,16,Mid,1:27.524
STR,Aston Martin,21.0,0 days 00:01:24.721000,HARD,2.0,1,True,84.721,2024,Monza,R,33.1015037593985,49.31127819548872,0.0,0,Mid,1:24.721
STR,Aston Martin,22.0,0 days 00:01:24.721000,HARD,2.0,1,True,84.721,2024,Monza,R,33.1015037593985,49.31127819548872,0.0,1,Mid,1:24.721
STR,Aston Martin,23.0,0 days 00:01:24.659000,HARD,2.0,1,True,84.659,2024,Monza,R,33.1015037593985,49.31127819548872,0.0,2,Mid,1:24.659
STR,Aston Martin,24.0,0 days 00:01:24.768000,HARD,2.0,1,True,84.768,2024,Monza,R,33.1015037593985,49.31127819548872,0.0,3,Mid,1:24.768
STR,Aston Martin,25.0,0 days 00:01:24.743000,HARD,2.0,1,True,84.743,2024,Monza,R,33.1015037593985,49.31127819548872,0.0,4,Mid,1:24.743
STR,Aston Martin,26.0,0 days 00:01:24.491000,HARD,2.0,1,True,84.491,2024,Monza,R,33.1015037593985,49.31127819548872,0.0,5,Mid,1:24.491
STR,Aston Martin,27.0,0 days 00:01:24.437000,HARD,2.0,1,True,84.437,2024,Monza,R,33.1015037593985,49.31127819548872,0.0,6,Mid,1:24.437
STR,Aston Martin,28.0,0 days 00:01:24.618000,HARD,2.0,1,True,84.618,2024,Monza,R,33.1015037593985,49.31127819548872,0.0,7,Mid,1:24.618
STR,Aston Martin,29.0,0 days 00:01:25.397000,HARD,2.0,1,True,85.397,2024,Monza,R,33.1015037593985,49.31127819548872,0.0,8,Mid,1:25.397
STR,Aston Martin,30.0,0 days 00:01:26.377000,HARD,2.0,1,True,86.377,2024,Monza,R,33.1015037593985,49.31127819548872,0.0,9,Mid,1:26.377
STR,Aston Martin,31.0,0 days 00:01:24.749000,HARD,2.0,1,True,84.749,2024,Monza,R,33.1015037593985,49.31127819548872,0.0,10,Mid,1:24.749
STR,Aston Martin,32.0,0 days 00:01:25.576000,HARD,2.0,1,True,85.576,2024,Monza,R,33.1015037593985,49.31127819548872,0.0,11,Mid,1:25.576
STR,Aston Martin,33.0,0 days 00:01:24.947000,HARD,2.0,1,True,84.947,2024,Monza,R,33.1015037593985,49.31127819548872,0.0,12,Mid,1:24.947
STR,Aston Martin,34.0,0 days 00:01:24.856000,HARD,2.0,1,True,84.856,2024,Monza,R,33.1015037593985,49.31127819548872,0.0,13,Mid,1:24.856
STR,Aston Martin,35.0,0 days 00:01:24.863000,HARD,2.0,1,True,84.863,2024,Monza,R,33.1015037593985,49.31127819548872,0.0,14,Mid,1:24.863
STR,Aston Martin,38.0,0 days 00:01:23.617000,MEDIUM,3.0,1,True,83.617,2024,Monza,R,33.1015037593985,49.31127819548872,0.0,0,Late,1:23.617
STR,Aston Martin,39.0,0 days 00:01:24.430000,MEDIUM,3.0,1,True,84.43,2024,Monza,R,33.1015037593985,49.31127819548872,0.0,1,Late,1:24.430
STR,Aston Martin,40.0,0 days 00:01:25.777000,MEDIUM,3.0,1,True,85.777,2024,Monza,R,33.1015037593985,49.31127819548872,0.0,2,Late,1:25.777
STR,Aston Martin,41.0,0 days 00:01:23.702000,MEDIUM,3.0,1,True,83.702,2024,Monza,R,33.1015037593985,49.31127819548872,0.0,3,Late,1:23.702
STR,Aston Martin,42.0,0 days 00:01:23.823000,MEDIUM,3.0,1,True,83.823,2024,Monza,R,33.1015037593985,49.31127819548872,0.0,4,Late,1:23.823
STR,Aston Martin,43.0,0 days 00:01:23.810000,MEDIUM,3.0,1,True,83.81,2024,Monza,R,33.1015037593985,49.31127819548872,0.0,5,Late,1:23.810
STR,Aston Martin,44.0,0 days 00:01:23.654000,MEDIUM,3.0,1,True,83.654,2024,Monza,R,33.1015037593985,49.31127819548872,0.0,6,Late,1:23.654
STR,Aston Martin,45.0,0 days 00:01:23.427000,MEDIUM,3.0,1,True,83.427,2024,Monza,R,33.1015037593985,49.31127819548872,0.0,7,Late,1:23.427
STR,Aston Martin,46.0,0 days 00:01:23.906000,MEDIUM,3.0,1,True,83.906,2024,Monza,R,33.1015037593985,49.31127819548872,0.0,8,Late,1:23.906
STR,Aston Martin,47.0,0 days 00:01:24.014000,MEDIUM,3.0,1,True,84.014,2024,Monza,R,33.1015037593985,49.31127819548872,0.0,9,Late,1:24.014
STR,Aston Martin,48.0,0 days 00:01:26.104000,MEDIUM,3.0,1,True,86.104,2024,Monza,R,33.1015037593985,49.31127819548872,0.0,10,Late,1:26.104
STR,Aston Martin,49.0,0 days 00:01:25.064000,MEDIUM,3.0,1,True,85.064,2024,Monza,R,33.1015037593985,49.31127819548872,0.0,11,Late,1:25.064
STR,Aston Martin,52.0,0 days 00:01:22.232000,SOFT,4.0,1,True,82.232,2024,Monza,R,33.1015037593985,49.31127819548872,0.0,0,Late,1:22.232
TSU,RB,2.0,0 days 00:01:27.538000,HARD,1.0,1,True,87.538,2024,Monza,R,33.1015037593985,49.31127819548872,0.0,0,Early,1:27.538
TSU,RB,3.0,0 days 00:01:26.665000,HARD,1.0,1,True,86.665,2024,Monza,R,33.1015037593985,49.31127819548872,0.0,1,Early,1:26.665
TSU,RB,4.0,0 days 00:01:26.198000,HARD,1.0,1,True,86.198,2024,Monza,R,33.1015037593985,49.31127819548872,0.0,2,Early,1:26.198
TSU,RB,5.0,0 days 00:01:32.241000,HARD,1.0,1,True,92.241,2024,Monza,R,33.1015037593985,49.31127819548872,0.0,3,Early,1:32.241
TSU,RB,6.0,0 days 00:01:28.473000,HARD,1.0,1,True,88.473,2024,Monza,R,33.1015037593985,49.31127819548872,0.0,4,Early,1:28.473
VER,Red Bull Racing,2.0,0 days 00:01:26.170000,HARD,1.0,1,True,86.17,2024,Monza,R,33.1015037593985,49.31127819548872,0.0,0,Early,1:26.170
VER,Red Bull Racing,3.0,0 days 00:01:25.855000,HARD,1.0,1,True,85.855,2024,Monza,R,33.1015037593985,49.31127819548872,0.0,1,Early,1:25.855
VER,Red Bull Racing,4.0,0 days 00:01:25.633000,HARD,1.0,1,True,85.633,2024,Monza,R,33.1015037593985,49.31127819548872,0.0,2,Early,1:25.633
VER,Red Bull Racing,5.0,0 days 00:01:25.218000,HARD,1.0,1,True,85.218,2024,Monza,R,33.1015037593985,49.31127819548872,0.0,3,Early,1:25.218
VER,Red Bull Racing,6.0,0 days 00:01:25.096000,HARD,1.0,1,True,85.096,2024,Monza,R,33.1015037593985,49.31127819548872,0.0,4,Early,1:25.096
VER,Red Bull Racing,7.0,0 days 00:01:25.042000,HARD,1.0,1,True,85.042,2024,Monza,R,33.1015037593985,49.31127819548872,0.0,5,Early,1:25.042
VER,Red Bull Racing,8.0,0 days 00:01:24.918000,HARD,1.0,1,True,84.918,2024,Monza,R,33.1015037593985,49.31127819548872,0.0,6,Early,1:24.918
VER,Red Bull Racing,9.0,0 days 00:01:25.050000,HARD,1.0,1,True,85.05,2024,Monza,R,33.1015037593985,49.31127819548872,0.0,7,Early,1:25.050
VER,Red Bull Racing,10.0,0 days 00:01:24.964000,HARD,1.0,1,True,84.964,2024,Monza,R,33.1015037593985,49.31127819548872,0.0,8,Early,1:24.964
VER,Red Bull Racing,11.0,0 days 00:01:24.978000,HARD,1.0,1,True,84.978,2024,Monza,R,33.1015037593985,49.31127819548872,0.0,9,Early,1:24.978
VER,Red Bull Racing,12.0,0 days 00:01:24.968000,HARD,1.0,1,True,84.968,2024,Monza,R,33.1015037593985,49.31127819548872,0.0,10,Early,1:24.968
VER,Red Bull Racing,13.0,0 days 00:01:24.957000,HARD,1.0,1,True,84.957,2024,Monza,R,33.1015037593985,49.31127819548872,0.0,11,Early,1:24.957
VER,Red Bull Racing,14.0,0 days 00:01:25.287000,HARD,1.0,1,True,85.287,2024,Monza,R,33.1015037593985,49.31127819548872,0.0,12,Early,1:25.287
VER,Red Bull Racing,15.0,0 days 00:01:25.746000,HARD,1.0,1,True,85.746,2024,Monza,R,33.1015037593985,49.31127819548872,0.0,13,Early,1:25.746
VER,Red Bull Racing,16.0,0 days 00:01:25.244000,HARD,1.0,1,True,85.244,2024,Monza,R,33.1015037593985,49.31127819548872,0.0,14,Early,1:25.244
VER,Red Bull Racing,17.0,0 days 00:01:25.340000,HARD,1.0,1,True,85.34,2024,Monza,R,33.1015037593985,49.31127819548872,0.0,15,Early,1:25.340
VER,Red Bull Racing,18.0,0 days 00:01:25.469000,HARD,1.0,1,True,85.469,2024,Monza,R,33.1015037593985,49.31127819548872,0.0,16,Mid,1:25.469
VER,Red Bull Racing,19.0,0 days 00:01:25.537000,HARD,1.0,1,True,85.537,2024,Monza,R,33.1015037593985,49.31127819548872,0.0,17,Mid,1:25.537
VER,Red Bull Racing,20.0,0 days 00:01:25.559000,HARD,1.0,1,True,85.559,2024,Monza,R,33.1015037593985,49.31127819548872,0.0,18,Mid,1:25.559
VER,Red Bull Racing,21.0,0 days 00:01:25.381000,HARD,1.0,1,True,85.381,2024,Monza,R,33.1015037593985,49.31127819548872,0.0,19,Mid,1:25.381
VER,Red Bull Racing,24.0,0 days 00:01:23.545000,HARD,2.0,1,True,83.545,2024,Monza,R,33.1015037593985,49.31127819548872,0.0,0,Mid,1:23.545
VER,Red Bull Racing,25.0,0 days 00:01:23.801000,HARD,2.0,1,True,83.801,2024,Monza,R,33.1015037593985,49.31127819548872,0.0,1,Mid,1:23.801
VER,Red Bull Racing,26.0,0 days 00:01:23.618000,HARD,2.0,1,True,83.618,2024,Monza,R,33.1015037593985,49.31127819548872,0.0,2,Mid,1:23.618
VER,Red Bull Racing,27.0,0 days 00:01:23.524000,HARD,2.0,1,True,83.524,2024,Monza,R,33.1015037593985,49.31127819548872,0.0,3,Mid,1:23.524
VER,Red Bull Racing,28.0,0 days 00:01:23.509000,HARD,2.0,1,True,83.509,2024,Monza,R,33.1015037593985,49.31127819548872,0.0,4,Mid,1:23.509
VER,Red Bull Racing,29.0,0 days 00:01:23.452000,HARD,2.0,1,True,83.452,2024,Monza,R,33.1015037593985,49.31127819548872,0.0,5,Mid,1:23.452
VER,Red Bull Racing,30.0,0 days 00:01:23.542000,HARD,2.0,1,True,83.542,2024,Monza,R,33.1015037593985,49.31127819548872,0.0,6,Mid,1:23.542
VER,Red Bull Racing,31.0,0 days 00:01:23.424000,HARD,2.0,1,True,83.424,2024,Monza,R,33.1015037593985,49.31127819548872,0.0,7,Mid,1:23.424
VER,Red Bull Racing,32.0,0 days 00:01:23.490000,HARD,2.0,1,True,83.49,2024,Monza,R,33.1015037593985,49.31127819548872,0.0,8,Mid,1:23.490
VER,Red Bull Racing,33.0,0 days 00:01:23.621000,HARD,2.0,1,True,83.621,2024,Monza,R,33.1015037593985,49.31127819548872,0.0,9,Mid,1:23.621
VER,Red Bull Racing,34.0,0 days 00:01:23.576000,HARD,2.0,1,True,83.576,2024,Monza,R,33.1015037593985,49.31127819548872,0.0,10,Mid,1:23.576
VER,Red Bull Racing,35.0,0 days 00:01:23.589000,HARD,2.0,1,True,83.589,2024,Monza,R,33.1015037593985,49.31127819548872,0.0,11,Mid,1:23.589
VER,Red Bull Racing,36.0,0 days 00:01:23.559000,HARD,2.0,1,True,83.559,2024,Monza,R,33.1015037593985,49.31127819548872,0.0,12,Late,1:23.559
VER,Red Bull Racing,37.0,0 days 00:01:23.485000,HARD,2.0,1,True,83.485,2024,Monza,R,33.1015037593985,49.31127819548872,0.0,13,Late,1:23.485
VER,Red Bull Racing,38.0,0 days 00:01:23.427000,HARD,2.0,1,True,83.427,2024,Monza,R,33.1015037593985,49.31127819548872,0.0,14,Late,1:23.427
VER,Red Bull Racing,39.0,0 days 00:01:23.501000,HARD,2.0,1,True,83.501,2024,Monza,R,33.1015037593985,49.31127819548872,0.0,15,Late,1:23.501
VER,Red Bull Racing,40.0,0 days 00:01:24.337000,HARD,2.0,1,True,84.337,2024,Monza,R,33.1015037593985,49.31127819548872,0.0,16,Late,1:24.337
VER,Red Bull Racing,43.0,0 days 00:01:21.745000,MEDIUM,3.0,1,True,81.745,2024,Monza,R,33.1015037593985,49.31127819548872,0.0,0,Late,1:21.745
VER,Red Bull Racing,44.0,0 days 00:01:23.045000,MEDIUM,3.0,1,True,83.045,2024,Monza,R,33.1015037593985,49.31127819548872,0.0,1,Late,1:23.045
VER,Red Bull Racing,45.0,0 days 00:01:23.363000,MEDIUM,3.0,1,True,83.363,2024,Monza,R,33.1015037593985,49.31127819548872,0.0,2,Late,1:23.363
VER,Red Bull Racing,46.0,0 days 00:01:22.941000,MEDIUM,3.0,1,True,82.941,2024,Monza,R,33.1015037593985,49.31127819548872,0.0,3,Late,1:22.941
VER,Red Bull Racing,47.0,0 days 00:01:22.520000,MEDIUM,3.0,1,True,82.52,2024,Monza,R,33.1015037593985,49.31127819548872,0.0,4,Late,1:22.520
VER,Red Bull Racing,48.0,0 days 00:01:22.570000,MEDIUM,3.0,1,True,82.57,2024,Monza,R,33.1015037593985,49.31127819548872,0.0,5,Late,1:22.570
VER,Red Bull Racing,49.0,0 days 00:01:22.584000,MEDIUM,3.0,1,True,82.584,2024,Monza,R,33.1015037593985,49.31127819548872,0.0,6,Late,1:22.584
VER,Red Bull Racing,50.0,0 days 00:01:22.585000,MEDIUM,3.0,1,True,82.585,2024,Monza,R,33.1015037593985,49.31127819548872,0.0,7,Late,1:22.585
VER,Red Bull Racing,51.0,0 days 00:01:22.574000,MEDIUM,3.0,1,True,82.574,2024,Monza,R,33.1015037593985,49.31127819548872,0.0,8,Late,1:22.574
VER,Red Bull Racing,52.0,0 days 00:01:22.920000,MEDIUM,3.0,1,True,82.92,2024,Monza,R,33.1015037593985,49.31127819548872,0.0,9,Late,1:22.920
VER,Red Bull Racing,53.0,0 days 00:01:23.711000,MEDIUM,3.0,1,True,83.711,2024,Monza,R,33.1015037593985,49.31127819548872,0.0,10,Late,1:23.711
ZHO,Kick Sauber,2.0,0 days 00:01:28.721000,MEDIUM,1.0,1,True,88.721,2024,Monza,R,33.1015037593985,49.31127819548872,0.0,0,Early,1:28.721
ZHO,Kick Sauber,3.0,0 days 00:01:26.997000,MEDIUM,1.0,1,True,86.997,2024,Monza,R,33.1015037593985,49.31127819548872,0.0,1,Early,1:26.997
ZHO,Kick Sauber,4.0,0 days 00:01:26.226000,MEDIUM,1.0,1,True,86.226,2024,Monza,R,33.1015037593985,49.31127819548872,0.0,2,Early,1:26.226
ZHO,Kick Sauber,5.0,0 days 00:01:29.256000,MEDIUM,1.0,1,True,89.256,2024,Monza,R,33.1015037593985,49.31127819548872,0.0,3,Early,1:29.256
ZHO,Kick Sauber,6.0,0 days 00:01:25.942000,MEDIUM,1.0,1,True,85.942,2024,Monza,R,33.1015037593985,49.31127819548872,0.0,4,Early,1:25.942
ZHO,Kick Sauber,7.0,0 days 00:01:26.381000,MEDIUM,1.0,1,True,86.381,2024,Monza,R,33.1015037593985,49.31127819548872,0.0,5,Early,1:26.381
ZHO,Kick Sauber,8.0,0 days 00:01:26.411000,MEDIUM,1.0,1,True,86.411,2024,Monza,R,33.1015037593985,49.31127819548872,0.0,6,Early,1:26.411
ZHO,Kick Sauber,9.0,0 days 00:01:26.315000,MEDIUM,1.0,1,True,86.315,2024,Monza,R,33.1015037593985,49.31127819548872,0.0,7,Early,1:26.315
ZHO,Kick Sauber,10.0,0 days 00:01:26.128000,MEDIUM,1.0,1,True,86.128,2024,Monza,R,33.1015037593985,49.31127819548872,0.0,8,Early,1:26.128
ZHO,Kick Sauber,11.0,0 days 00:01:26.488000,MEDIUM,1.0,1,True,86.488,2024,Monza,R,33.1015037593985,49.31127819548872,0.0,9,Early,1:26.488
ZHO,Kick Sauber,12.0,0 days 00:01:26.348000,MEDIUM,1.0,1,True,86.348,2024,Monza,R,33.1015037593985,49.31127819548872,0.0,10,Early,1:26.348
ZHO,Kick Sauber,13.0,0 days 00:01:26.802000,MEDIUM,1.0,1,True,86.802,2024,Monza,R,33.1015037593985,49.31127819548872,0.0,11,Early,1:26.802
ZHO,Kick Sauber,14.0,0 days 00:01:27.092000,MEDIUM,1.0,1,True,87.092,2024,Monza,R,33.1015037593985,49.31127819548872,0.0,12,Early,1:27.092
ZHO,Kick Sauber,17.0,0 days 00:01:25.092000,HARD,2.0,1,True,85.092,2024,Monza,R,33.1015037593985,49.31127819548872,0.0,0,Early,1:25.092
ZHO,Kick Sauber,18.0,0 days 00:01:25.245000,HARD,2.0,1,True,85.245,2024,Monza,R,33.1015037593985,49.31127819548872,0.0,1,Mid,1:25.245
ZHO,Kick Sauber,19.0,0 days 00:01:25.777000,HARD,2.0,1,True,85.777,2024,Monza,R,33.1015037593985,49.31127819548872,0.0,2,Mid,1:25.777
ZHO,Kick Sauber,20.0,0 days 00:01:25.588000,HARD,2.0,1,True,85.588,2024,Monza,R,33.1015037593985,49.31127819548872,0.0,3,Mid,1:25.588
ZHO,Kick Sauber,21.0,0 days 00:01:25.743000,HARD,2.0,1,True,85.743,2024,Monza,R,33.1015037593985,49.31127819548872,0.0,4,Mid,1:25.743
ZHO,Kick Sauber,22.0,0 days 00:01:25.876000,HARD,2.0,1,True,85.876,2024,Monza,R,33.1015037593985,49.31127819548872,0.0,5,Mid,1:25.876
ZHO,Kick Sauber,23.0,0 days 00:01:26.061000,HARD,2.0,1,True,86.061,2024,Monza,R,33.1015037593985,49.31127819548872,0.0,6,Mid,1:26.061
ZHO,Kick Sauber,24.0,0 days 00:01:26.041000,HARD,2.0,1,True,86.041,2024,Monza,R,33.1015037593985,49.31127819548872,0.0,7,Mid,1:26.041
ZHO,Kick Sauber,25.0,0 days 00:01:25.583000,HARD,2.0,1,True,85.583,2024,Monza,R,33.1015037593985,49.31127819548872,0.0,8,Mid,1:25.583
ZHO,Kick Sauber,26.0,0 days 00:01:25.549000,HARD,2.0,1,True,85.549,2024,Monza,R,33.1015037593985,49.31127819548872,0.0,9,Mid,1:25.549
ZHO,Kick Sauber,27.0,0 days 00:01:25.603000,HARD,2.0,1,True,85.603,2024,Monza,R,33.1015037593985,49.31127819548872,0.0,10,Mid,1:25.603
ZHO,Kick Sauber,28.0,0 days 00:01:25.699000,HARD,2.0,1,True,85.699,2024,Monza,R,33.1015037593985,49.31127819548872,0.0,11,Mid,1:25.699
ZHO,Kick Sauber,29.0,0 days 00:01:25.515000,HARD,2.0,1,True,85.515,2024,Monza,R,33.1015037593985,49.31127819548872,0.0,12,Mid,1:25.515
ZHO,Kick Sauber,30.0,0 days 00:01:25.491000,HARD,2.0,1,True,85.491,2024,Monza,R,33.1015037593985,49.31127819548872,0.0,13,Mid,1:25.491
ZHO,Kick Sauber,31.0,0 days 00:01:25.478000,HARD,2.0,1,True,85.478,2024,Monza,R,33.1015037593985,49.31127819548872,0.0,14,Mid,1:25.478
ZHO,Kick Sauber,32.0,0 days 00:01:25.356000,HARD,2.0,1,True,85.356,2024,Monza,R,33.1015037593985,49.31127819548872,0.0,15,Mid,1:25.356
ZHO,Kick Sauber,33.0,0 days 00:01:25.451000,HARD,2.0,1,True,85.451,2024,Monza,R,33.1015037593985,49.31127819548872,0.0,16,Mid,1:25.451
ZHO,Kick Sauber,34.0,0 days 00:01:25.487000,HARD,2.0,1,True,85.487,2024,Monza,R,33.1015037593985,49.31127819548872,0.0,17,Mid,1:25.487
ZHO,Kick Sauber,35.0,0 days 00:01:25.520000,HARD,2.0,1,True,85.52,2024,Monza,R,33.1015037593985,49.31127819548872,0.0,18,Mid,1:25.520
ZHO,Kick Sauber,36.0,0 days 00:01:26.606000,HARD,2.0,1,True,86.606,2024,Monza,R,33.1015037593985,49.31127819548872,0.0,19,Late,1:26.606
ZHO,Kick Sauber,37.0,0 days 00:01:25.205000,HARD,2.0,1,True,85.205,2024,Monza,R,33.1015037593985,49.31127819548872,0.0,20,Late,1:25.205
ZHO,Kick Sauber,38.0,0 days 00:01:26.652000,HARD,2.0,1,True,86.652,2024,Monza,R,33.1015037593985,49.31127819548872,0.0,21,Late,1:26.652
ZHO,Kick Sauber,39.0,0 days 00:01:25.584000,HARD,2.0,1,True,85.584,2024,Monza,R,33.1015037593985,49.31127819548872,0.0,22,Late,1:25.584
ZHO,Kick Sauber,40.0,0 days 00:01:25.820000,HARD,2.0,1,True,85.82,2024,Monza,R,33.1015037593985,49.31127819548872,0.0,23,Late,1:25.820
ZHO,Kick Sauber,41.0,0 days 00:01:26.437000,HARD,2.0,1,True,86.437,2024,Monza,R,33.1015037593985,49.31127819548872,0.0,24,Late,1:26.437
ZHO,Kick Sauber,42.0,0 days 00:01:27.640000,HARD,2.0,1,True,87.64,2024,Monza,R,33.1015037593985,49.31127819548872,0.0,25,Late,1:27.640
ZHO,Kick Sauber,43.0,0 days 00:01:26.916000,HARD,2.0,1,True,86.916,2024,Monza,R,33.1015037593985,49.31127819548872,0.0,26,Late,1:26.916
ZHO,Kick Sauber,44.0,0 days 00:01:26.918000,HARD,2.0,1,True,86.918,2024,Monza,R,33.1015037593985,49.31127819548872,0.0,27,Late,1:26.918
ZHO,Kick Sauber,45.0,0 days 00:01:25.632000,HARD,2.0,1,True,85.632,2024,Monza,R,33.1015037593985,49.31127819548872,0.0,28,Late,1:25.632
ZHO,Kick Sauber,46.0,0 days 00:01:25.857000,HARD,2.0,1,True,85.857,2024,Monza,R,33.1015037593985,49.31127819548872,0.0,29,Late,1:25.857
ZHO,Kick Sauber,47.0,0 days 00:01:27.442000,HARD,2.0,1,True,87.442,2024,Monza,R,33.1015037593985,49.31127819548872,0.0,30,Late,1:27.442
ZHO,Kick Sauber,48.0,0 days 00:01:25.840000,HARD,2.0,1,True,85.84,2024,Monza,R,33.1015037593985,49.31127819548872,0.0,31,Late,1:25.840
ZHO,Kick Sauber,49.0,0 days 00:01:26.298000,HARD,2.0,1,True,86.298,2024,Monza,R,33.1015037593985,49.31127819548872,0.0,32,Late,1:26.298
ZHO,Kick Sauber,50.0,0 days 00:01:25.539000,HARD,2.0,1,True,85.539,2024,Monza,R,33.1015037593985,49.31127819548872,0.0,33,Late,1:25.539
ZHO,Kick Sauber,51.0,0 days 00:01:25.946000,HARD,2.0,1,True,85.946,2024,Monza,R,33.1015037593985,49.31127819548872,0.0,34,Late,1:25.946
ZHO,Kick Sauber,52.0,0 days 00:01:27.280000,HARD,2.0,1,True,87.28,2024,Monza,R,33.1015037593985,49.31127819548872,0.0,35,Late,1:27.280
ALB,Williams,2.0,0 days 00:01:27.135000,SOFT,1.0,1,True,87.135,2024,Monaco,Q,21.242105263157892,44.72631578947369,0.0,0,Early,1:27.135
ALB,Williams,3.0,0 days 00:01:13.328000,SOFT,1.0,1,True,73.328,2024,Monaco,Q,21.242105263157892,44.72631578947369,0.0,1,Early,1:13.328
ALB,Williams,4.0,0 days 00:01:55.799000,SOFT,1.0,1,True,115.799,2024,Monaco,Q,21.242105263157892,44.72631578947369,0.0,2,Early,1:55.799
ALB,Williams,5.0,0 days 00:01:12.702000,SOFT,1.0,1,True,72.702,2024,Monaco,Q,21.242105263157892,44.72631578947369,0.0,3,Early,1:12.702
ALB,Williams,6.0,0 days 00:01:39.155000,SOFT,1.0,1,True,99.155,2024,Monaco,Q,21.242105263157892,44.72631578947369,0.0,4,Early,1:39.155
ALB,Williams,7.0,0 days 00:01:12.478000,SOFT,1.0,1,True,72.478,2024,Monaco,Q,21.242105263157892,44.72631578947369,0.0,5,Early,1:12.478
ALB,Williams,10.0,0 days 00:01:11.753000,SOFT,2.0,1,True,71.753,2024,Monaco,Q,21.242105263157892,44.72631578947369,0.0,0,Mid,1:11.753
ALB,Williams,11.0,0 days 00:01:42.380000,SOFT,2.0,1,True,102.38,2024,Monaco,Q,21.242105263157892,44.72631578947369,0.0,1,Mid,1:42.380
ALB,Williams,12.0,0 days 00:01:11.623000,SOFT,2.0,1,True,71.623,2024,Monaco,Q,21.242105263157892,44.72631578947369,0.0,2,Mid,1:11.623
ALB,Williams,15.0,0 days 00:01:24.760000,SOFT,3.0,1,True,84.76,2024,Monaco,Q,21.242105263157892,44.72631578947369,0.0,0,Mid,1:24.760
ALB,Williams,16.0,0 days 00:01:11.660000,SOFT,3.0,1,True,71.66,2024,Monaco,Q,21.242105263157892,44.72631578947369,0.0,1,Mid,1:11.660
ALB,Williams,17.0,0 days 00:01:38.414000,SOFT,3.0,1,True,98.414,2024,Monaco,Q,21.242105263157892,44.72631578947369,0.0,2,Mid,1:38.414
ALB,Williams,18.0,0 days 00:01:11.607000,SOFT,3.0,1,True,71.607,2024,Monaco,Q,21.242105263157892,44.72631578947369,0.0,3,Mid,1:11.607
ALB,Williams,21.0,0 days 00:01:11.216000,SOFT,4.0,1,True,71.216,2024,Monaco,Q,21.242105263157892,44.72631578947369,0.0,0,Late,1:11.216
ALB,Williams,22.0,0 days 00:01:36.792000,SOFT,4.0,1,True,96.792,2024,Monaco,Q,21.242105263157892,44.72631578947369,0.0,1,Late,1:36.792
ALB,Williams,25.0,0 days 00:01:11.805000,SOFT,5.0,1,True,71.805,2024,Monaco,Q,21.242105263157892,44.72631578947369,0.0,0,Late,1:11.805
ALB,Williams,28.0,0 days 00:01:10.948000,SOFT,6.0,1,True,70.948,2024,Monaco,Q,21.242105263157892,44.72631578947369,0.0,0,Late,1:10.948
ALO,Aston Martin,2.0,0 days 00:01:30.414000,SOFT,1.0,1,True,90.414,2024,Monaco,Q,21.242105263157892,44.72631578947369,0.0,0,Early,1:30.414
ALO,Aston Martin,3.0,0 days 00:01:12.927000,SOFT,1.0,1,True,72.927,2024,Monaco,Q,21.242105263157892,44.72631578947369,0.0,1,Early,1:12.927
ALO,Aston Martin,4.0,0 days 00:01:44.231000,SOFT,1.0,1,True,104.231,2024,Monaco,Q,21.242105263157892,44.72631578947369,0.0,2,Early,1:44.231
ALO,Aston Martin,5.0,0 days 00:01:12.118000,SOFT,1.0,1,True,72.118,2024,Monaco,Q,21.242105263157892,44.72631578947369,0.0,3,Early,1:12.118
ALO,Aston Martin,8.0,0 days 00:01:12.019000,SOFT,2.0,12,True,72.019,2024,Monaco,Q,21.242105263157892,44.72631578947369,0.0,0,Early,1:12.019
ALO,Aston Martin,9.0,0 days 00:01:35.356000,SOFT,2.0,1,True,95.356,2024,Monaco,Q,21.242105263157892,44.72631578947369,0.0,1,Early,1:35.356
ALO,Aston Martin,10.0,0 days 00:01:12.087000,SOFT,2.0,1,True,72.087,2024,Monaco,Q,21.242105263157892,44.72631578947369,0.0,2,Mid,1:12.087
BOT,Kick Sauber,2.0,0 days 00:01:13.936000,SOFT,1.0,1,True,73.936,2024,Monaco,Q,21.242105263157892,44.72631578947369,0.0,0,Early,1:13.936
BOT,Kick Sauber,3.0,0 days 00:01:57.598000,SOFT,1.0,1,True,117.598,2024,Monaco,Q,21.242105263157892,44.72631578947369,0.0,1,Early,1:57.598
BOT,Kick Sauber,4.0,0 days 00:01:13.684000,SOFT,1.0,1,True,73.684,2024,Monaco,Q,21.242105263157892,44.72631578947369,0.0,2,Early,1:13.684
BOT,Kick Sauber,5.0,0 days 00:01:39.650000,SOFT,1.0,1,True,99.65,2024,Monaco,Q,21.242105263157892,44.72631578947369,0.0,3,Early,1:39.650
BOT,Kick Sauber,8.0,0 days 00:01:12.741000,SOFT,2.0,1,True,72.741,2024,Monaco,Q,21.242105263157892,44.72631578947369,0.0,0,Early,1:12.741
BOT,Kick Sauber,9.0,0 days 00:01:49.339000,SOFT,2.0,1,True,109.339,2024,Monaco,Q,21.242105263157892,44.72631578947369,0.0,1,Early,1:49.339
BOT,Kick Sauber,10.0,0 days 00:01:12.512000,SOFT,2.0,1,True,72.512,2024,Monaco,Q,21.242105263157892,44.72631578947369,0.0,2,Mid,1:12.512
GAS,Alpine,2.0,0 days 00:01:14.032000,SOFT,1.0,1,True,74.032,2024,Monaco,Q,21.242105263157892,44.72631578947369,0.0,0,Early,1:14.032
GAS,Alpine,3.0,0 days 00:01:35.022000,SOFT,1.0,1,True,95.022,2024,Monaco,Q,21.242105263157892,44.72631578947369,0.0,1,Early,1:35.022
GAS,Alpine,4.0,0 days 00:01:12.736000,SOFT,1.0,1,True,72.736,2024,Monaco,Q,21.242105263157892,44.72631578947369,0.0,2,Early,1:12.736
GAS,Alpine,5.0,0 days 00:01:40.965000,SOFT,1.0,1,True,100.965,2024,Monaco,Q,21.242105263157892,44.72631578947369,0.0,3,Early,1:40.965
GAS,Alpine,6.0,0 days 00:01:12.113000,SOFT,1.0,1,True,72.113,2024,Monaco,Q,21.242105263157892,44.72631578947369,0.0,4,Early,1:12.113
GAS,Alpine,9.0,0 days 00:01:14.708000,SOFT,2.0,1,True,74.708,2024,Monaco,Q,21.242105263157892,44.72631578947369,0.0,0,Early,1:14.708
GAS,Alpine,10.0,0 days 00:01:44.860000,SOFT,2.0,1,True,104.86,2024,Monaco,Q,21.242105263157892,44.72631578947369,0.0,1,Mid,1:44.860
GAS,Alpine,11.0,0 days 00:01:11.714000,SOFT,2.0,1,True,71.714,2024,Monaco,Q,21.242105263157892,44.72631578947369,0.0,2,Mid,1:11.714
GAS,Alpine,14.0,0 days 00:01:12.495000,SOFT,3.0,1,True,72.495,2024,Monaco,Q,21.242105263157892,44.72631578947369,0.0,0,Mid,1:12.495
GAS,Alpine,15.0,0 days 00:01:37.686000,SOFT,3.0,1,True,97.686,2024,Monaco,Q,21.242105263157892,44.72631578947369,0.0,1,Mid,1:37.686
GAS,Alpine,16.0,0 days 00:01:31.616000,SOFT,3.0,1,True,91.616,2024,Monaco,Q,21.242105263157892,44.72631578947369,0.0,2,Mid,1:31.616
GAS,Alpine,17.0,0 days 00:01:11.334000,SOFT,3.0,1,True,71.334,2024,Monaco,Q,21.242105263157892,44.72631578947369,0.0,3,Mid,1:11.334
GAS,Alpine,20.0,0 days 00:01:31.053000,SOFT,4.0,1,True,91.053,2024,Monaco,Q,21.242105263157892,44.72631578947369,0.0,0,Late,1:31.053
GAS,Alpine,21.0,0 days 00:01:10.896000,SOFT,4.0,1,True,70.896,2024,Monaco,Q,21.242105263157892,44.72631578947369,0.0,1,Late,1:10.896
GAS,Alpine,24.0,0 days 00:01:26.312000,SOFT,5.0,1,True,86.312,2024,Monaco,Q,21.242105263157892,44.72631578947369,0.0,0,Late,1:26.312
GAS,Alpine,25.0,0 days 00:01:11.311000,SOFT,5.0,1,True,71.311,2024,Monaco,Q,21.242105263157892,44.72631578947369,0.0,1,Late,1:11.311
GAS,Alpine,28.0,0 days 00:01:28.741000,SOFT,6.0,1,True,88.741,2024,Monaco,Q,21.242105263157892,44.72631578947369,0.0,0,Late,1:28.741
GAS,Alpine,29.0,0 days 00:01:11.505000,SOFT,6.0,1,True,71.505,2024,Monaco,Q,21.242105263157892,44.72631578947369,0.0,1,Late,1:11.505
HAM,Mercedes,2.0,0 days 00:01:19.550000,SOFT,1.0,1,True,79.55,2024,Monaco,Q,21.242105263157892,44.72631578947369,0.0,0,Early,1:19.550
HAM,Mercedes,3.0,0 days 00:01:12.954000,SOFT,1.0,1,True,72.954,2024,Monaco,Q,21.242105263157892,44.72631578947369,0.0,1,Early,1:12.954
HAM,Mercedes,4.0,0 days 00:01:57.786000,SOFT,1.0,1,True,117.786,2024,Monaco,Q,21.242105263157892,44.72631578947369,0.0,2,Early,1:57.786
HAM,Mercedes,5.0,0 days 00:01:12.461000,SOFT,1.0,1,True,72.461,2024,Monaco,Q,21.242105263157892,44.72631578947369,0.0,3,Early,1:12.461
HAM,Mercedes,6.0,0 days 00:01:46.762000,SOFT,1.0,1,True,106.762,2024,Monaco,Q,21.242105263157892,44.72631578947369,0.0,4,Early,1:46.762
HAM,Mercedes,7.0,0 days 00:01:36.743000,SOFT,1.0,1,True,96.743,2024,Monaco,Q,21.242105263157892,44.72631578947369,0.0,5,Early,1:36.743
HAM,Mercedes,8.0,0 days 00:01:11.916000,SOFT,1.0,1,True,71.916,2024,Monaco,Q,21.242105263157892,44.72631578947369,0.0,6,Early,1:11.916
HAM,Mercedes,11.0,0 days 00:01:11.528000,SOFT,2.0,1,True,71.528,2024,Monaco,Q,21.242105263157892,44.72631578947369,0.0,0,Mid,1:11.528
HAM,Mercedes,14.0,0 days 00:01:18.124000,SOFT,3.0,1,True,78.124,2024,Monaco,Q,21.242105263157892,44.72631578947369,0.0,0,Mid,1:18.124
HAM,Mercedes,15.0,0 days 00:01:11.502000,SOFT,3.0,1,True,71.502,2024,Monaco,Q,21.242105263157892,44.72631578947369,0.0,1,Mid,1:11.502
HAM,Mercedes,18.0,0 days 00:01:11.110000,SOFT,4.0,1,True,71.11,2024,Monaco,Q,21.242105263157892,44.72631578947369,0.0,0,Mid,1:11.110
HAM,Mercedes,21.0,0 days 00:01:11.056000,SOFT,5.0,1,True,71.056,2024,Monaco,Q,21.242105263157892,44.72631578947369,0.0,0,Late,1:11.056
HAM,Mercedes,24.0,0 days 00:01:10.975000,SOFT,6.0,1,True,70.975,2024,Monaco,Q,21.242105263157892,44.72631578947369,0.0,0,Late,1:10.975
HAM,Mercedes,27.0,0 days 00:01:10.621000,SOFT,7.0,1,True,70.621,2024,Monaco,Q,21.242105263157892,44.72631578947369,0.0,0,Late,1:10.621
HUL,Haas F1 Team,2.0,0 days 00:01:12.416000,SOFT,1.0,1,True,72.416,2024,Monaco,Q,21.242105263157892,44.72631578947369,0.0,0,Early,1:12.416
HUL,Haas F1 Team,3.0,0 days 00:01:53.596000,SOFT,1.0,1,True,113.596,2024,Monaco,Q,21.242105263157892,44.72631578947369,0.0,1,Early,1:53.596
HUL,Haas F1 Team,4.0,0 days 00:01:12.286000,SOFT,1.0,1,True,72.286,2024,Monaco,Q,21.242105263157892,44.72631578947369,0.0,2,Early,1:12.286
HUL,Haas F1 Team,7.0,0 days 00:01:11.876000,SOFT,2.0,12,True,71.876,2024,Monaco,Q,21.242105263157892,44.72631578947369,0.0,0,Early,1:11.876
HUL,Haas F1 Team,8.0,0 days 00:01:41.592000,SOFT,2.0,1,True,101.592,2024,Monaco,Q,21.242105263157892,44.72631578947369,0.0,1,Early,1:41.592
HUL,Haas F1 Team,9.0,0 days 00:01:12.357000,SOFT,2.0,1,True,72.357,2024,Monaco,Q,21.242105263157892,44.72631578947369,0.0,2,Early,1:12.357
HUL,Haas F1 Team,12.0,0 days 00:01:11.928000,SOFT,3.0,1,True,71.928,2024,Monaco,Q,21.242105263157892,44.72631578947369,0.0,0,Mid,1:11.928
HUL,Haas F1 Team,13.0,0 days 00:01:35.683000,SOFT,3.0,1,True,95.683,2024,Monaco,Q,21.242105263157892,44.72631578947369,0.0,1,Mid,1:35.683
HUL,Haas F1 Team,14.0,0 days 00:01:33.148000,SOFT,3.0,1,True,93.148,2024,Monaco,Q,21.242105263157892,44.72631578947369,0.0,2,Mid,1:33.148
HUL,Haas F1 Team,15.0,0 days 00:01:12.080000,SOFT,3.0,1,True,72.08,2024,Monaco,Q,21.242105263157892,44.72631578947369,0.0,3,Mid,1:12.080
HUL,Haas F1 Team,18.0,0 days 00:01:29.833000,SOFT,4.0,1,True,89.833,2024,Monaco,Q,21.242105263157892,44.72631578947369,0.0,0,Mid,1:29.833
HUL,Haas F1 Team,19.0,0 days 00:01:11.440000,SOFT,4.0,1,True,71.44,2024,Monaco,Q,21.242105263157892,44.72631578947369,0.0,1,Mid,1:11.440
LEC,Ferrari,2.0,0 days 00:01:12.839000,SOFT,1.0,1,True,72.839,2024,Monaco,Q,21.242105263157892,44.72631578947369,0.0,0,Early,1:12.839
LEC,Ferrari,3.0,0 days 00:01:37.033000,SOFT,1.0,1,True,97.033,2024,Monaco,Q,21.242105263157892,44.72631578947369,0.0,1,Early,1:37.033
LEC,Ferrari,4.0,0 days 00:01:12.452000,SOFT,1.0,1,True,72.452,2024,Monaco,Q,21.242105263157892,44.72631578947369,0.0,2,Early,1:12.452
LEC,Ferrari,7.0,0 days 00:01:11.653000,SOFT,2.0,12,True,71.653,2024,Monaco,Q,21.242105263157892,44.72631578947369,0.0,0,Early,1:11.653
LEC,Ferrari,8.0,0 days 00:01:39.792000,SOFT,2.0,1,True,99.792,2024,Monaco,Q,21.242105263157892,44.72631578947369,0.0,1,Early,1:39.792
LEC,Ferrari,9.0,0 days 00:01:11.584000,SOFT,2.0,1,True,71.584,2024,Monaco,Q,21.242105263157892,44.72631578947369,0.0,2,Early,1:11.584
LEC,Ferrari,12.0,0 days 00:01:11.356000,SOFT,3.0,1,True,71.356,2024,Monaco,Q,21.242105263157892,44.72631578947369,0.0,0,Mid,1:11.356
LEC,Ferrari,13.0,0 days 00:01:35.734000,SOFT,3.0,1,True,95.734,2024,Monaco,Q,21.242105263157892,44.72631578947369,0.0,1,Mid,1:35.734
LEC,Ferrari,14.0,0 days 00:01:11.289000,SOFT,3.0,1,True,71.289,2024,Monaco,Q,21.242105263157892,44.72631578947369,0.0,2,Mid,1:11.289
LEC,Ferrari,17.0,0 days 00:01:10.825000,SOFT,4.0,1,True,70.825,2024,Monaco,Q,21.242105263157892,44.72631578947369,0.0,0,Mid,1:10.825
LEC,Ferrari,18.0,0 days 00:01:30.654000,SOFT,4.0,1,True,90.654,2024,Monaco,Q,21.242105263157892,44.72631578947369,0.0,1,Mid,1:30.654
LEC,Ferrari,19.0,0 days 00:01:11.074000,SOFT,4.0,1,True,71.074,2024,Monaco,Q,21.242105263157892,44.72631578947369,0.0,2,Mid,1:11.074
LEC,Ferrari,22.0,0 days 00:01:10.418000,SOFT,5.0,1,True,70.418,2024,Monaco,Q,21.242105263157892,44.72631578947369,0.0,0,Late,1:10.418
LEC,Ferrari,25.0,0 days 00:01:10.270000,SOFT,6.0,1,True,70.27,2024,Monaco,Q,21.242105263157892,44.72631578947369,0.0,0,Late,1:10.270
MAG,Haas F1 Team,2.0,0 days 00:01:12.572000,SOFT,1.0,1,True,72.572,2024,Monaco,Q,21.242105263157892,44.72631578947369,0.0,0,Early,1:12.572
MAG,Haas F1 Team,3.0,0 days 00:01:53.192000,SOFT,1.0,1,True,113.192,2024,Monaco,Q,21.242105263157892,44.72631578947369,0.0,1,Early,1:53.192
MAG,Haas F1 Team,4.0,0 days 00:01:12.404000,SOFT,1.0,1,True,72.404,2024,Monaco,Q,21.242105263157892,44.72631578947369,0.0,2,Early,1:12.404
MAG,Haas F1 Team,7.0,0 days 00:01:11.832000,SOFT,2.0,1,True,71.832,2024,Monaco,Q,21.242105263157892,44.72631578947369,0.0,0,Early,1:11.832
MAG,Haas F1 Team,8.0,0 days 00:01:28.236000,SOFT,2.0,12,True,88.236,2024,Monaco,Q,21.242105263157892,44.72631578947369,0.0,1,Early,1:28.236
MAG,Haas F1 Team,9.0,0 days 00:01:35.209000,SOFT,2.0,1,True,95.209,2024,Monaco,Q,21.242105263157892,44.72631578947369,0.0,2,Early,1:35.209
MAG,Haas F1 Team,10.0,0 days 00:01:11.845000,SOFT,2.0,1,True,71.845,2024,Monaco,Q,21.242105263157892,44.72631578947369,0.0,3,Mid,1:11.845
MAG,Haas F1 Team,13.0,0 days 00:01:11.725000,SOFT,3.0,1,True,71.725,2024,Monaco,Q,21.242105263157892,44.72631578947369,0.0,0,Mid,1:11.725
MAG,Haas F1 Team,16.0,0 days 00:01:30.695000,SOFT,4.0,1,True,90.695,2024,Monaco,Q,21.242105263157892,44.72631578947369,0.0,0,Mid,1:30.695
MAG,Haas F1 Team,17.0,0 days 00:01:11.966000,SOFT,4.0,1,True,71.966,2024,Monaco,Q,21.242105263157892,44.72631578947369,0.0,1,Mid,1:11.966
NOR,McLaren,2.0,0 days 00:01:14.086000,SOFT,1.0,1,True,74.086,2024,Monaco,Q,21.242105263157892,44.72631578947369,0.0,0,Early,1:14.086
NOR,McLaren,3.0,0 days 00:01:39.177000,SOFT,1.0,1,True,99.177,2024,Monaco,Q,21.242105263157892,44.72631578947369,0.0,1,Early,1:39.177
NOR,McLaren,4.0,0 days 00:01:12.609000,SOFT,1.0,1,True,72.609,2024,Monaco,Q,21.242105263157892,44.72631578947369,0.0,2,Early,1:12.609
NOR,McLaren,5.0,0 days 00:01:39.713000,SOFT,1.0,1,True,99.713,2024,Monaco,Q,21.242105263157892,44.72631578947369,0.0,3,Early,1:39.713
NOR,McLaren,6.0,0 days 00:01:12.379000,SOFT,1.0,1,True,72.379,2024,Monaco,Q,21.242105263157892,44.72631578947369,0.0,4,Early,1:12.379
NOR,McLaren,7.0,0 days 00:01:42.833000,SOFT,1.0,1,True,102.833,2024,Monaco,Q,21.242105263157892,44.72631578947369,0.0,5,Early,1:42.833
NOR,McLaren,12.0,0 days 00:01:11.760000,SOFT,3.0,1,True,71.76,2024,Monaco,Q,21.242105263157892,44.72631578947369,0.0,0,Mid,1:11.760
NOR,McLaren,15.0,0 days 00:01:11.372000,SOFT,4.0,1,True,71.372,2024,Monaco,Q,21.242105263157892,44.72631578947369,0.0,0,Mid,1:11.372
NOR,McLaren,16.0,0 days 00:01:34.840000,SOFT,4.0,1,True,94.84,2024,Monaco,Q,21.242105263157892,44.72631578947369,0.0,1,Mid,1:34.840
NOR,McLaren,17.0,0 days 00:01:11.429000,SOFT,4.0,1,True,71.429,2024,Monaco,Q,21.242105263157892,44.72631578947369,0.0,2,Mid,1:11.429
NOR,McLaren,20.0,0 days 00:01:10.732000,SOFT,5.0,1,True,70.732,2024,Monaco,Q,21.242105263157892,44.72631578947369,0.0,0,Late,1:10.732
NOR,McLaren,23.0,0 days 00:01:10.940000,SOFT,6.0,1,True,70.94,2024,Monaco,Q,21.242105263157892,44.72631578947369,0.0,0,Late,1:10.940
NOR,McLaren,26.0,0 days 00:01:10.542000,SOFT,7.0,1,True,70.542,2024,Monaco,Q,21.242105263157892,44.72631578947369,0.0,0,Late,1:10.542
OCO,Alpine,2.0,0 days 00:01:13.659000,SOFT,1.0,1,True,73.659,2024,Monaco,Q,21.242105263157892,44.72631578947369,0.0,0,Early,1:13.659
OCO,Alpine,3.0,0 days 00:01:38.069000,SOFT,1.0,1,True,98.069,2024,Monaco,Q,21.242105263157892,44.72631578947369,0.0,1,Early,1:38.069
OCO,Alpine,4.0,0 days 00:01:12.506000,SOFT,1.0,1,True,72.506,2024,Monaco,Q,21.242105263157892,44.72631578947369,0.0,2,Early,1:12.506
OCO,Alpine,5.0,0 days 00:01:33.805000,SOFT,1.0,1,True,93.805,2024,Monaco,Q,21.242105263157892,44.72631578947369,0.0,3,Early,1:33.805
OCO,Alpine,6.0,0 days 00:01:12.230000,SOFT,1.0,1,True,72.23,2024,Monaco,Q,21.242105263157892,44.72631578947369,0.0,4,Early,1:12.230
OCO,Alpine,9.0,0 days 00:01:11.906000,SOFT,2.0,1,True,71.906,2024,Monaco,Q,21.242105263157892,44.72631578947369,0.0,0,Early,1:11.906
OCO,Alpine,10.0,0 days 00:01:48.306000,SOFT,2.0,1,True,108.306,2024,Monaco,Q,21.242105263157892,44.72631578947369,0.0,1,Mid,1:48.306
OCO,Alpine,11.0,0 days 00:01:11.887000,SOFT,2.0,1,True,71.887,2024,Monaco,Q,21.242105263157892,44.72631578947369,0.0,2,Mid,1:11.887
OCO,Alpine,14.0,0 days 00:01:23.529000,SOFT,3.0,1,True,83.529,2024,Monaco,Q,21.242105263157892,44.72631578947369,0.0,0,Mid,1:23.529
OCO,Alpine,15.0,0 days 00:01:11.285000,SOFT,3.0,1,True,71.285,2024,Monaco,Q,21.242105263157892,44.72631578947369,0.0,1,Mid,1:11.285
OCO,Alpine,16.0,0 days 00:01:35.420000,SOFT,3.0,1,True,95.42,2024,Monaco,Q,21.242105263157892,44.72631578947369,0.0,2,Mid,1:35.420
OCO,Alpine,19.0,0 days 00:01:27.094000,SOFT,4.0,1,True,87.094,2024,Monaco,Q,21.242105263157892,44.72631578947369,0.0,0,Mid,1:27.094
PER,Red Bull Racing,2.0,0 days 00:01:13.981000,SOFT,1.0,1,True,73.981,2024,Monaco,Q,21.242105263157892,44.72631578947369,0.0,0,Early,1:13.981
PER,Red Bull Racing,3.0,0 days 00:01:50.413000,SOFT,1.0,1,True,110.413,2024,Monaco,Q,21.242105263157892,44.72631578947369,0.0,1,Early,1:50.413
PER,Red Bull Racing,4.0,0 days 00:01:13.359000,SOFT,1.0,1,True,73.359,2024,Monaco,Q,21.242105263157892,44.72631578947369,0.0,2,Early,1:13.359
PER,Red Bull Racing,5.0,0 days 00:01:40.195000,SOFT,1.0,1,True,100.195,2024,Monaco,Q,21.242105263157892,44.72631578947369,0.0,3,Early,1:40.195
PER,Red Bull Racing,6.0,0 days 00:01:12.698000,SOFT,1.0,1,True,72.698,2024,Monaco,Q,21.242105263157892,44.72631578947369,0.0,4,Early,1:12.698
PER,Red Bull Racing,9.0,0 days 00:01:12.060000,SOFT,2.0,1,True,72.06,2024,Monaco,Q,21.242105263157892,44.72631578947369,0.0,0,Early,1:12.060
PER,Red Bull Racing,10.0,0 days 00:01:43.987000,SOFT,2.0,1,True,103.987,2024,Monaco,Q,21.242105263157892,44.72631578947369,0.0,1,Mid,1:43.987
PER,Red Bull Racing,11.0,0 days 00:01:12.067000,SOFT,2.0,1,True,72.067,2024,Monaco,Q,21.242105263157892,44.72631578947369,0.0,2,Mid,1:12.067
PIA,McLaren,2.0,0 days 00:01:23.932000,SOFT,1.0,1,True,83.932,2024,Monaco,Q,21.242105263157892,44.72631578947369,0.0,0,Early,1:23.932
PIA,McLaren,3.0,0 days 00:01:12.644000,SOFT,1.0,1,True,72.644,2024,Monaco,Q,21.242105263157892,44.72631578947369,0.0,1,Early,1:12.644
PIA,McLaren,4.0,0 days 00:01:54.216000,SOFT,1.0,1,True,114.216,2024,Monaco,Q,21.242105263157892,44.72631578947369,0.0,2,Early,1:54.216
PIA,McLaren,5.0,0 days 00:01:11.881000,SOFT,1.0,1,True,71.881,2024,Monaco,Q,21.242105263157892,44.72631578947369,0.0,3,Early,1:11.881
PIA,McLaren,6.0,0 days 00:01:34.691000,SOFT,1.0,1,True,94.691,2024,Monaco,Q,21.242105263157892,44.72631578947369,0.0,4,Early,1:34.691
PIA,McLaren,9.0,0 days 00:01:12.099000,SOFT,2.0,1,True,72.099,2024,Monaco,Q,21.242105263157892,44.72631578947369,0.0,0,Early,1:12.099
PIA,McLaren,10.0,0 days 00:01:39.475000,SOFT,2.0,1,True,99.475,2024,Monaco,Q,21.242105263157892,44.72631578947369,0.0,1,Mid,1:39.475
PIA,McLaren,11.0,0 days 00:01:11.500000,SOFT,2.0,1,True,71.5,2024,Monaco,Q,21.242105263157892,44.72631578947369,0.0,2,Mid,1:11.500
PIA,McLaren,14.0,0 days 00:01:11.373000,SOFT,3.0,1,True,71.373,2024,Monaco,Q,21.242105263157892,44.72631578947369,0.0,0,Mid,1:11.373
PIA,McLaren,17.0,0 days 00:01:10.756000,SOFT,4.0,1,True,70.756,2024,Monaco,Q,21.242105263157892,44.72631578947369,0.0,0,Mid,1:10.756
PIA,McLaren,20.0,0 days 00:01:10.444000,SOFT,5.0,1,True,70.444,2024,Monaco,Q,21.242105263157892,44.72631578947369,0.0,0,Late,1:10.444
PIA,McLaren,23.0,0 days 00:01:10.424000,SOFT,6.0,1,True,70.424,2024,Monaco,Q,21.242105263157892,44.72631578947369,0.0,0,Late,1:10.424
RIC,RB,2.0,0 days 00:01:14.337000,SOFT,1.0,1,True,74.337,2024,Monaco,Q,21.242105263157892,44.72631578947369,0.0,0,Early,1:14.337
RIC,RB,3.0,0 days 00:01:46.670000,SOFT,1.0,1,True,106.67,2024,Monaco,Q,21.242105263157892,44.72631578947369,0.0,1,Early,1:46.670
RIC,RB,4.0,0 days 00:01:37.553000,SOFT,1.0,1,True,97.553,2024,Monaco,Q,21.242105263157892,44.72631578947369,0.0,2,Early,1:37.553
RIC,RB,5.0,0 days 00:01:12.766000,SOFT,1.0,1,True,72.766,2024,Monaco,Q,21.242105263157892,44.72631578947369,0.0,3,Early,1:12.766
RIC,RB,8.0,0 days 00:01:12.122000,SOFT,2.0,12,True,72.122,2024,Monaco,Q,21.242105263157892,44.72631578947369,0.0,0,Early,1:12.122
RIC,RB,9.0,0 days 00:01:46.289000,SOFT,2.0,1,True,106.289,2024,Monaco,Q,21.242105263157892,44.72631578947369,0.0,1,Early,1:46.289
RIC,RB,10.0,0 days 00:01:46.199000,SOFT,2.0,1,True,106.199,2024,Monaco,Q,21.242105263157892,44.72631578947369,0.0,2,Mid,1:46.199
RIC,RB,11.0,0 days 00:01:11.785000,SOFT,2.0,1,True,71.785,2024,Monaco,Q,21.242105263157892,44.72631578947369,0.0,3,Mid,1:11.785
RIC,RB,14.0,0 days 00:01:12.194000,SOFT,3.0,1,True,72.194,2024,Monaco,Q,21.242105263157892,44.72631578947369,0.0,0,Mid,1:12.194
RIC,RB,15.0,0 days 00:01:34.799000,SOFT,3.0,1,True,94.799,2024,Monaco,Q,21.242105263157892,44.72631578947369,0.0,1,Mid,1:34.799
RIC,RB,17.0,0 days 00:01:12.064000,SOFT,3.0,1,True,72.064,2024,Monaco,Q,21.242105263157892,44.72631578947369,0.0,2,Mid,1:12.064
RIC,RB,20.0,0 days 00:01:11.482000,SOFT,4.0,1,True,71.482,2024,Monaco,Q,21.242105263157892,44.72631578947369,0.0,0,Late,1:11.482
RUS,Mercedes,2.0,0 days 00:01:24.444000,SOFT,1.0,1,True,84.444,2024,Monaco,Q,21.242105263157892,44.72631578947369,0.0,0,Early,1:24.444
RUS,Mercedes,3.0,0 days 00:01:13.238000,SOFT,1.0,1,True,73.238,2024,Monaco,Q,21.242105263157892,44.72631578947369,0.0,1,Early,1:13.238
RUS,Mercedes,4.0,0 days 00:01:37.479000,SOFT,1.0,1,True,97.479,2024,Monaco,Q,21.242105263157892,44.72631578947369,0.0,2,Early,1:37.479
RUS,Mercedes,5.0,0 days 00:01:12.267000,SOFT,1.0,1,True,72.267,2024,Monaco,Q,21.242105263157892,44.72631578947369,0.0,3,Early,1:12.267
RUS,Mercedes,6.0,0 days 00:01:52.435000,SOFT,1.0,1,True,112.435,2024,Monaco,Q,21.242105263157892,44.72631578947369,0.0,4,Early,1:52.435
RUS,Mercedes,7.0,0 days 00:01:11.939000,SOFT,1.0,1,True,71.939,2024,Monaco,Q,21.242105263157892,44.72631578947369,0.0,5,Early,1:11.939
RUS,Mercedes,10.0,0 days 00:01:11.492000,SOFT,2.0,12,True,71.492,2024,Monaco,Q,21.242105263157892,44.72631578947369,0.0,0,Mid,1:11.492
RUS,Mercedes,11.0,0 days 00:01:58.803000,SOFT,2.0,1,True,118.803,2024,Monaco,Q,21.242105263157892,44.72631578947369,0.0,1,Mid,1:58.803
RUS,Mercedes,14.0,0 days 00:01:33.724000,SOFT,3.0,1,True,93.724,2024,Monaco,Q,21.242105263157892,44.72631578947369,0.0,0,Mid,1:33.724
RUS,Mercedes,15.0,0 days 00:01:11.517000,SOFT,3.0,1,True,71.517,2024,Monaco,Q,21.242105263157892,44.72631578947369,0.0,1,Mid,1:11.517
RUS,Mercedes,18.0,0 days 00:01:10.929000,SOFT,4.0,1,True,70.929,2024,Monaco,Q,21.242105263157892,44.72631578947369,0.0,0,Mid,1:10.929
RUS,Mercedes,23.0,0 days 00:01:25.441000,SOFT,6.0,1,True,85.441,2024,Monaco,Q,21.242105263157892,44.72631578947369,0.0,0,Late,1:25.441
RUS,Mercedes,24.0,0 days 00:01:10.918000,SOFT,6.0,1,True,70.918,2024,Monaco,Q,21.242105263157892,44.72631578947369,0.0,1,Late,1:10.918
RUS,Mercedes,27.0,0 days 00:01:10.543000,SOFT,7.0,1,True,70.543,2024,Monaco,Q,21.242105263157892,44.72631578947369,0.0,0,Late,1:10.543
SAI,Ferrari,2.0,0 days 00:01:20.355000,SOFT,1.0,1,True,80.355,2024,Monaco,Q,21.242105263157892,44.72631578947369,0.0,0,Early,1:20.355
SAI,Ferrari,3.0,0 days 00:01:12.291000,SOFT,1.0,1,True,72.291,2024,Monaco,Q,21.242105263157892,44.72631578947369,0.0,1,Early,1:12.291
SAI,Ferrari,4.0,0 days 00:01:39.649000,SOFT,1.0,1,True,99.649,2024,Monaco,Q,21.242105263157892,44.72631578947369,0.0,2,Early,1:39.649
SAI,Ferrari,5.0,0 days 00:01:44.831000,SOFT,1.0,1,True,104.831,2024,Monaco,Q,21.242105263157892,44.72631578947369,0.0,3,Early,1:44.831
SAI,Ferrari,6.0,0 days 00:01:11.942000,SOFT,1.0,1,True,71.942,2024,Monaco,Q,21.242105263157892,44.72631578947369,0.0,4,Early,1:11.942
SAI,Ferrari,9.0,0 days 00:01:29.794000,SOFT,2.0,1,True,89.794,2024,Monaco,Q,21.242105263157892,44.72631578947369,0.0,0,Early,1:29.794
SAI,Ferrari,10.0,0 days 00:01:11.543000,SOFT,2.0,1,True,71.543,2024,Monaco,Q,21.242105263157892,44.72631578947369,0.0,1,Mid,1:11.543
SAI,Ferrari,13.0,0 days 00:01:11.177000,SOFT,3.0,1,True,71.177,2024,Monaco,Q,21.242105263157892,44.72631578947369,0.0,0,Mid,1:11.177
SAI,Ferrari,16.0,0 days 00:01:11.075000,SOFT,4.0,1,True,71.075,2024,Monaco,Q,21.242105263157892,44.72631578947369,0.0,0,Mid,1:11.075
SAI,Ferrari,17.0,0 days 00:01:43.878000,SOFT,4.0,1,True,103.878,2024,Monaco,Q,21.242105263157892,44.72631578947369,0.0,1,Mid,1:43.878
SAI,Ferrari,18.0,0 days 00:01:48.156000,SOFT,4.0,1,True,108.156,2024,Monaco,Q,21.242105263157892,44.72631578947369,0.0,2,Mid,1:48.156
SAI,Ferrari,19.0,0 days 00:01:11.180000,SOFT,4.0,1,True,71.18,2024,Monaco,Q,21.242105263157892,44.72631578947369,0.0,3,Mid,1:11.180
SAI,Ferrari,22.0,0 days 00:01:21.953000,SOFT,5.0,1,True,81.953,2024,Monaco,Q,21.242105263157892,44.72631578947369,0.0,0,Late,1:21.953
SAI,Ferrari,23.0,0 days 00:01:10.673000,SOFT,5.0,1,True,70.673,2024,Monaco,Q,21.242105263157892,44.72631578947369,0.0,1,Late,1:10.673
SAI,Ferrari,26.0,0 days 00:01:23.069000,SOFT,6.0,1,True,83.069,2024,Monaco,Q,21.242105263157892,44.72631578947369,0.0,0,Late,1:23.069
SAI,Ferrari,27.0,0 days 00:01:10.518000,SOFT,6.0,1,True,70.518,2024,Monaco,Q,21.242105263157892,44.72631578947369,0.0,1,Late,1:10.518
SAR,Williams,2.0,0 days 00:01:24.050000,SOFT,1.0,1,True,84.05,2024,Monaco,Q,21.242105263157892,44.72631578947369,0.0,0,Early,1:24.050
SAR,Williams,3.0,0 days 00:01:13.197000,SOFT,1.0,1,True,73.197,2024,Monaco,Q,21.242105263157892,44.72631578947369,0.0,1,Early,1:13.197
SAR,Williams,4.0,0 days 00:01:51.393000,SOFT,1.0,1,True,111.393,2024,Monaco,Q,21.242105263157892,44.72631578947369,0.0,2,Early,1:51.393
SAR,Williams,5.0,0 days 00:01:12.796000,SOFT,1.0,1,True,72.796,2024,Monaco,Q,21.242105263157892,44.72631578947369,0.0,3,Early,1:12.796
SAR,Williams,8.0,0 days 00:01:32.436000,SOFT,2.0,12,True,92.436,2024,Monaco,Q,21.242105263157892,44.72631578947369,0.0,0,Early,1:32.436
SAR,Williams,9.0,0 days 00:01:12.094000,SOFT,2.0,1,True,72.094,2024,Monaco,Q,21.242105263157892,44.72631578947369,0.0,1,Early,1:12.094
SAR,Williams,10.0,0 days 00:01:41.762000,SOFT,2.0,1,True,101.762,2024,Monaco,Q,21.242105263157892,44.72631578947369,0.0,2,Mid,1:41.762
SAR,Williams,11.0,0 days 00:01:12.020000,SOFT,2.0,1,True,72.02,2024,Monaco,Q,21.242105263157892,44.72631578947369,0.0,3,Mid,1:12.020
STR,Aston Martin,2.0,0 days 00:01:20.373000,SOFT,1.0,1,True,80.373,2024,Monaco,Q,21.242105263157892,44.72631578947369,0.0,0,Early,1:20.373
STR,Aston Martin,3.0,0 days 00:01:12.826000,SOFT,1.0,1,True,72.826,2024,Monaco,Q,21.242105263157892,44.72631578947369,0.0,1,Early,1:12.826
STR,Aston Martin,4.0,0 days 00:01:55.759000,SOFT,1.0,1,True,115.759,2024,Monaco,Q,21.242105263157892,44.72631578947369,0.0,2,Early,1:55.759
STR,Aston Martin,5.0,0 days 00:01:12.239000,SOFT,1.0,1,True,72.239,2024,Monaco,Q,21.242105263157892,44.72631578947369,0.0,3,Early,1:12.239
STR,Aston Martin,8.0,0 days 00:01:11.728000,SOFT,2.0,12,True,71.728,2024,Monaco,Q,21.242105263157892,44.72631578947369,0.0,0,Early,1:11.728
STR,Aston Martin,9.0,0 days 00:01:51.655000,SOFT,2.0,1,True,111.655,2024,Monaco,Q,21.242105263157892,44.72631578947369,0.0,1,Early,1:51.655
STR,Aston Martin,10.0,0 days 00:01:12.026000,SOFT,2.0,1,True,72.026,2024,Monaco,Q,21.242105263157892,44.72631578947369,0.0,2,Mid,1:12.026
STR,Aston Martin,13.0,0 days 00:01:11.563000,SOFT,3.0,1,True,71.563,2024,Monaco,Q,21.242105263157892,44.72631578947369,0.0,0,Mid,1:11.563
STR,Aston Martin,16.0,0 days 00:01:11.618000,SOFT,4.0,1,True,71.618,2024,Monaco,Q,21.242105263157892,44.72631578947369,0.0,0,Mid,1:11.618
TSU,RB,2.0,0 days 00:01:13.087000,SOFT,1.0,1,True,73.087,2024,Monaco,Q,21.242105263157892,44.72631578947369,0.0,0,Early,1:13.087
TSU,RB,3.0,0 days 00:01:37.231000,SOFT,1.0,1,True,97.231,2024,Monaco,Q,21.242105263157892,44.72631578947369,0.0,1,Early,1:37.231
TSU,RB,4.0,0 days 00:01:12.752000,SOFT,1.0,1,True,72.752,2024,Monaco,Q,21.242105263157892,44.72631578947369,0.0,2,Early,1:12.752
TSU,RB,7.0,0 days 00:01:11.852000,SOFT,2.0,1,True,71.852,2024,Monaco,Q,21.242105263157892,44.72631578947369,0.0,0,Early,1:11.852
TSU,RB,8.0,0 days 00:01:47.786000,SOFT,2.0,1,True,107.786,2024,Monaco,Q,21.242105263157892,44.72631578947369,0.0,1,Early,1:47.786
TSU,RB,9.0,0 days 00:01:12.213000,SOFT,2.0,1,True,72.213,2024,Monaco,Q,21.242105263157892,44.72631578947369,0.0,2,Early,1:12.213
TSU,RB,12.0,0 days 00:01:11.257000,SOFT,3.0,1,True,71.257,2024,Monaco,Q,21.242105263157892,44.72631578947369,0.0,0,Mid,1:11.257
TSU,RB,13.0,0 days 00:01:38.297000,SOFT,3.0,1,True,98.297,2024,Monaco,Q,21.242105263157892,44.72631578947369,0.0,1,Mid,1:38.297
TSU,RB,14.0,0 days 00:01:34.768000,SOFT,3.0,1,True,94.768,2024,Monaco,Q,21.242105263157892,44.72631578947369,0.0,2,Mid,1:34.768
TSU,RB,15.0,0 days 00:01:11.683000,SOFT,3.0,1,True,71.683,2024,Monaco,Q,21.242105263157892,44.72631578947369,0.0,3,Mid,1:11.683
TSU,RB,18.0,0 days 00:01:11.106000,SOFT,4.0,1,True,71.106,2024,Monaco,Q,21.242105263157892,44.72631578947369,0.0,0,Mid,1:11.106
TSU,RB,21.0,0 days 00:01:11.605000,SOFT,5.0,1,True,71.605,2024,Monaco,Q,21.242105263157892,44.72631578947369,0.0,0,Late,1:11.605
TSU,RB,24.0,0 days 00:01:10.858000,SOFT,6.0,1,True,70.858,2024,Monaco,Q,21.242105263157892,44.72631578947369,0.0,0,Late,1:10.858
VER,Red Bull Racing,2.0,0 days 00:01:12.790000,SOFT,1.0,1,True,72.79,2024,Monaco,Q,21.242105263157892,44.72631578947369,0.0,0,Early,1:12.790
VER,Red Bull Racing,3.0,0 days 00:01:51.646000,SOFT,1.0,1,True,111.646,2024,Monaco,Q,21.242105263157892,44.72631578947369,0.0,1,Early,1:51.646
VER,Red Bull Racing,4.0,0 days 00:01:12.084000,SOFT,1.0,1,True,72.084,2024,Monaco,Q,21.242105263157892,44.72631578947369,0.0,2,Early,1:12.084
VER,Red Bull Racing,5.0,0 days 00:01:41.545000,SOFT,1.0,1,True,101.545,2024,Monaco,Q,21.242105263157892,44.72631578947369,0.0,3,Early,1:41.545
VER,Red Bull Racing,6.0,0 days 00:01:11.970000,SOFT,1.0,1,True,71.97,2024,Monaco,Q,21.242105263157892,44.72631578947369,0.0,4,Early,1:11.970
VER,Red Bull Racing,7.0,0 days 00:01:39.003000,SOFT,1.0,1,True,99.003,2024,Monaco,Q,21.242105263157892,44.72631578947369,0.0,5,Early,1:39.003
VER,Red Bull Racing,8.0,0 days 00:01:43.103000,SOFT,1.0,12,True,103.103,2024,Monaco,Q,21.242105263157892,44.72631578947369,0.0,6,Early,1:43.103
VER,Red Bull Racing,9.0,0 days 00:01:11.711000,SOFT,1.0,1,True,71.711,2024,Monaco,Q,21.242105263157892,44.72631578947369,0.0,7,Early,1:11.711
VER,Red Bull Racing,10.0,0 days 00:01:42.177000,SOFT,1.0,1,True,102.177,2024,Monaco,Q,21.242105263157892,44.72631578947369,0.0,8,Mid,1:42.177
VER,Red Bull Racing,11.0,0 days 00:01:11.923000,SOFT,1.0,1,True,71.923,2024,Monaco,Q,21.242105263157892,44.72631578947369,0.0,9,Mid,1:11.923
VER,Red Bull Racing,14.0,0 days 00:01:11.196000,SOFT,2.0,1,True,71.196,2024,Monaco,Q,21.242105263157892,44.72631578947369,0.0,0,Mid,1:11.196
VER,Red Bull Racing,15.0,0 days 00:01:34.879000,SOFT,2.0,1,True,94.879,2024,Monaco,Q,21.242105263157892,44.72631578947369,0.0,1,Mid,1:34.879
VER,Red Bull Racing,16.0,0 days 00:01:11.019000,SOFT,2.0,1,True,71.019,2024,Monaco,Q,21.242105263157892,44.72631578947369,0.0,2,Mid,1:11.019
VER,Red Bull Racing,19.0,0 days 00:01:26.950000,SOFT,3.0,1,True,86.95,2024,Monaco,Q,21.242105263157892,44.72631578947369,0.0,0,Mid,1:26.950
VER,Red Bull Racing,20.0,0 days 00:01:10.745000,SOFT,3.0,1,True,70.745,2024,Monaco,Q,21.242105263157892,44.72631578947369,0.0,1,Late,1:10.745
VER,Red Bull Racing,23.0,0 days 00:01:30.709000,SOFT,4.0,1,True,90.709,2024,Monaco,Q,21.242105263157892,44.72631578947369,0.0,0,Late,1:30.709
VER,Red Bull Racing,24.0,0 days 00:01:10.567000,SOFT,4.0,1,True,70.567,2024,Monaco,Q,21.242105263157892,44.72631578947369,0.0,1,Late,1:10.567
VER,Red Bull Racing,27.0,0 days 00:01:31.412000,SOFT,5.0,1,True,91.412,2024,Monaco,Q,21.242105263157892,44.72631578947369,0.0,0,Late,1:31.412
ZHO,Kick Sauber,2.0,0 days 00:01:15.072000,SOFT,1.0,1,True,75.072,2024,Monaco,Q,21.242105263157892,44.72631578947369,0.0,0,Early,1:15.072
ZHO,Kick Sauber,3.0,0 days 00:01:46.598000,SOFT,1.0,1,True,106.598,2024,Monaco,Q,21.242105263157892,44.72631578947369,0.0,1,Early,1:46.598
ZHO,Kick Sauber,4.0,0 days 00:01:14.151000,SOFT,1.0,1,True,74.151,2024,Monaco,Q,21.242105263157892,44.72631578947369,0.0,2,Early,1:14.151
ZHO,Kick Sauber,5.0,0 days 00:01:38.960000,SOFT,1.0,1,True,98.96,2024,Monaco,Q,21.242105263157892,44.72631578947369,0.0,3,Early,1:38.960
ZHO,Kick Sauber,8.0,0 days 00:01:13.247000,SOFT,2.0,1,True,73.247,2024,Monaco,Q,21.242105263157892,44.72631578947369,0.0,0,Early,1:13.247
ZHO,Kick Sauber,9.0,0 days 00:01:39.693000,SOFT,2.0,1,True,99.693,2024,Monaco,Q,21.242105263157892,44.72631578947369,0.0,1,Early,1:39.693
ZHO,Kick Sauber,10.0,0 days 00:01:13.028000,SOFT,2.0,1,True,73.028,2024,Monaco,Q,21.242105263157892,44.72631578947369,0.0,2,Mid,1:13.028
ALB,Williams,3.0,0 days 00:01:27.834000,HARD,2.0,1,True,87.834,2024,Monaco,R,21.596499999999995,46.318000000000005,0.0,0,Early,1:27.834
ALB,Williams,4.0,0 days 00:01:23.286000,HARD,2.0,1,True,83.286,2024,Monaco,R,21.596499999999995,46.318000000000005,0.0,1,Early,1:23.286
ALB,Williams,5.0,0 days 00:01:23.369000,HARD,2.0,1,True,83.369,2024,Monaco,R,21.596499999999995,46.318000000000005,0.0,2,Early,1:23.369
ALB,Williams,6.0,0 days 00:01:23.416000,HARD,2.0,1,True,83.416,2024,Monaco,R,21.596499999999995,46.318000000000005,0.0,3,Early,1:23.416
ALB,Williams,7.0,0 days 00:01:21.913000,HARD,2.0,1,True,81.913,2024,Monaco,R,21.596499999999995,46.318000000000005,0.0,4,Early,1:21.913
ALB,Williams,8.0,0 days 00:01:21.536000,HARD,2.0,1,True,81.536,2024,Monaco,R,21.596499999999995,46.318000000000005,0.0,5,Early,1:21.536
ALB,Williams,9.0,0 days 00:01:22.004000,HARD,2.0,1,True,82.004,2024,Monaco,R,21.596499999999995,46.318000000000005,0.0,6,Early,1:22.004
ALB,Williams,10.0,0 days 00:01:21.562000,HARD,2.0,1,True,81.562,2024,Monaco,R,21.596499999999995,46.318000000000005,0.0,7,Early,1:21.562
ALB,Williams,11.0,0 days 00:01:21.514000,HARD,2.0,1,True,81.514,2024,Monaco,R,21.596499999999995,46.318000000000005,0.0,8,Early,1:21.514
ALB,Williams,12.0,0 days 00:01:20.821000,HARD,2.0,1,True,80.821,2024,Monaco,R,21.596499999999995,46.318000000000005,0.0,9,Early,1:20.821
ALB,Williams,13.0,0 days 00:01:21.420000,HARD,2.0,1,True,81.42,2024,Monaco,R,21.596499999999995,46.318000000000005,0.0,10,Early,1:21.420
ALB,Williams,14.0,0 days 00:01:20.591000,HARD,2.0,1,True,80.591,2024,Monaco,R,21.596499999999995,46.318000000000005,0.0,11,Early,1:20.591
ALB,Williams,15.0,0 days 00:01:20.591000,HARD,2.0,1,True,80.591,2024,Monaco,R,21.596499999999995,46.318000000000005,0.0,12,Early,1:20.591
ALB,Williams,16.0,0 days 00:01:20.793000,HARD,2.0,1,True,80.793,2024,Monaco,R,21.596499999999995,46.318000000000005,0.0,13,Early,1:20.793
ALB,Williams,17.0,0 days 00:01:21.137000,HARD,2.0,1,True,81.137,2024,Monaco,R,21.596499999999995,46.318000000000005,0.0,14,Early,1:21.137
ALB,Williams,18.0,0 days 00:01:20.042000,HARD,2.0,1,True,80.042,2024,Monaco,R,21.596499999999995,46.318000000000005,0.0,15,Early,1:20.042
ALB,Williams,19.0,0 days 00:01:20.245000,HARD,2.0,1,True,80.245,2024,Monaco,R,21.596499999999995,46.318000000000005,0.0,16,Early,1:20.245
ALB,Williams,20.0,0 days 00:01:20.360000,HARD,2.0,1,True,80.36,2024,Monaco,R,21.596499999999995,46.318000000000005,0.0,17,Early,1:20.360
ALB,Williams,21.0,0 days 00:01:20.937000,HARD,2.0,1,True,80.937,2024,Monaco,R,21.596499999999995,46.318000000000005,0.0,18,Early,1:20.937
ALB,Williams,22.0,0 days 00:01:20.542000,HARD,2.0,1,True,80.542,2024,Monaco,R,21.596499999999995,46.318000000000005,0.0,19,Early,1:20.542
ALB,Williams,23.0,0 days 00:01:20.143000,HARD,2.0,1,True,80.143,2024,Monaco,R,21.596499999999995,46.318000000000005,0.0,20,Early,1:20.143
ALB,Williams,24.0,0 days 00:01:20.517000,HARD,2.0,1,True,80.517,2024,Monaco,R,21.596499999999995,46.318000000000005,0.0,21,Early,1:20.517
ALB,Williams,25.0,0 days 00:01:20.323000,HARD,2.0,1,True,80.323,2024,Monaco,R,21.596499999999995,46.318000000000005,0.0,22,Early,1:20.323
ALB,Williams,26.0,0 days 00:01:20.463000,HARD,2.0,1,True,80.463,2024,Monaco,R,21.596499999999995,46.318000000000005,0.0,23,Early,1:20.463
ALB,Williams,27.0,0 days 00:01:20.509000,HARD,2.0,1,True,80.509,2024,Monaco,R,21.596499999999995,46.318000000000005,0.0,24,Mid,1:20.509
ALB,Williams,28.0,0 days 00:01:19.510000,HARD,2.0,1,True,79.51,2024,Monaco,R,21.596499999999995,46.318000000000005,0.0,25,Mid,1:19.510
ALB,Williams,29.0,0 days 00:01:20.271000,HARD,2.0,1,True,80.271,2024,Monaco,R,21.596499999999995,46.318000000000005,0.0,26,Mid,1:20.271
ALB,Williams,30.0,0 days 00:01:21.439000,HARD,2.0,1,True,81.439,2024,Monaco,R,21.596499999999995,46.318000000000005,0.0,27,Mid,1:21.439
ALB,Williams,31.0,0 days 00:01:20.941000,HARD,2.0,1,True,80.941,2024,Monaco,R,21.596499999999995,46.318000000000005,0.0,28,Mid,1:20.941
ALB,Williams,32.0,0 days 00:01:20.148000,HARD,2.0,1,True,80.148,2024,Monaco,R,21.596499999999995,46.318000000000005,0.0,29,Mid,1:20.148
ALB,Williams,33.0,0 days 00:01:19.491000,HARD,2.0,1,True,79.491,2024,Monaco,R,21.596499999999995,46.318000000000005,0.0,30,Mid,1:19.491
ALB,Williams,34.0,0 days 00:01:19.134000,HARD,2.0,1,True,79.134,2024,Monaco,R,21.596499999999995,46.318000000000005,0.0,31,Mid,1:19.134
ALB,Williams,35.0,0 days 00:01:18.816000,HARD,2.0,1,True,78.816,2024,Monaco,R,21.596499999999995,46.318000000000005,0.0,32,Mid,1:18.816
ALB,Williams,36.0,0 days 00:01:21.628000,HARD,2.0,1,True,81.628,2024,Monaco,R,21.596499999999995,46.318000000000005,0.0,33,Mid,1:21.628
ALB,Williams,37.0,0 days 00:01:20.775000,HARD,2.0,1,True,80.775,2024,Monaco,R,21.596499999999995,46.318000000000005,0.0,34,Mid,1:20.775
ALB,Williams,38.0,0 days 00:01:20.314000,HARD,2.0,1,True,80.314,2024,Monaco,R,21.596499999999995,46.318000000000005,0.0,35,Mid,1:20.314
ALB,Williams,39.0,0 days 00:01:20.389000,HARD,2.0,1,True,80.389,2024,Monaco,R,21.596499999999995,46.318000000000005,0.0,36,Mid,1:20.389
ALB,Williams,40.0,0 days 00:01:19.812000,HARD,2.0,1,True,79.812,2024,Monaco,R,21.596499999999995,46.318000000000005,0.0,37,Mid,1:19.812
ALB,Williams,41.0,0 days 00:01:19.329000,HARD,2.0,1,True,79.329,2024,Monaco,R,21.596499999999995,46.318000000000005,0.0,38,Mid,1:19.329
ALB,Williams,42.0,0 days 00:01:20.084000,HARD,2.0,1,True,80.084,2024,Monaco,R,21.596499999999995,46.318000000000005,0.0,39,Mid,1:20.084
ALB,Williams,43.0,0 days 00:01:19.496000,HARD,2.0,1,True,79.496,2024,Monaco,R,21.596499999999995,46.318000000000005,0.0,40,Mid,1:19.496
ALB,Williams,44.0,0 days 00:01:19.683000,HARD,2.0,1,True,79.683,2024,Monaco,R,21.596499999999995,46.318000000000005,0.0,41,Mid,1:19.683
ALB,Williams,45.0,0 days 00:01:21.748000,HARD,2.0,1,True,81.748,2024,Monaco,R,21.596499999999995,46.318000000000005,0.0,42,Mid,1:21.748
ALB,Williams,46.0,0 days 00:01:20.594000,HARD,2.0,1,True,80.594,2024,Monaco,R,21.596499999999995,46.318000000000005,0.0,43,Mid,1:20.594
ALB,Williams,47.0,0 days 00:01:20.462000,HARD,2.0,1,True,80.462,2024,Monaco,R,21.596499999999995,46.318000000000005,0.0,44,Mid,1:20.462
ALB,Williams,48.0,0 days 00:01:19.321000,HARD,2.0,1,True,79.321,2024,Monaco,R,21.596499999999995,46.318000000000005,0.0,45,Mid,1:19.321
ALB,Williams,49.0,0 days 00:01:19.378000,HARD,2.0,1,True,79.378,2024,Monaco,R,21.596499999999995,46.318000000000005,0.0,46,Mid,1:19.378
ALB,Williams,50.0,0 days 00:01:19.268000,HARD,2.0,1,True,79.268,2024,Monaco,R,21.596499999999995,46.318000000000005,0.0,47,Mid,1:19.268
ALB,Williams,51.0,0 days 00:01:18.863000,HARD,2.0,1,True,78.863,2024,Monaco,R,21.596499999999995,46.318000000000005,0.0,48,Mid,1:18.863
ALB,Williams,52.0,0 days 00:01:21.554000,HARD,2.0,12,True,81.554,2024,Monaco,R,21.596499999999995,46.318000000000005,0.0,49,Mid,1:21.554
ALB,Williams,53.0,0 days 00:01:20.700000,HARD,2.0,1,True,80.7,2024,Monaco,R,21.596499999999995,46.318000000000005,0.0,50,Late,1:20.700
ALB,Williams,54.0,0 days 00:01:23.647000,HARD,2.0,1,True,83.647,2024,Monaco,R,21.596499999999995,46.318000000000005,0.0,51,Late,1:23.647
ALB,Williams,55.0,0 days 00:01:19.085000,HARD,2.0,1,True,79.085,2024,Monaco,R,21.596499999999995,46.318000000000005,0.0,52,Late,1:19.085
ALB,Williams,56.0,0 days 00:01:18.796000,HARD,2.0,1,True,78.796,2024,Monaco,R,21.596499999999995,46.318000000000005,0.0,53,Late,1:18.796
ALB,Williams,57.0,0 days 00:01:18.271000,HARD,2.0,1,True,78.271,2024,Monaco,R,21.596499999999995,46.318000000000005,0.0,54,Late,1:18.271
ALB,Williams,58.0,0 days 00:01:18.690000,HARD,2.0,1,True,78.69,2024,Monaco,R,21.596499999999995,46.318000000000005,0.0,55,Late,1:18.690
ALB,Williams,59.0,0 days 00:01:18.201000,HARD,2.0,1,True,78.201,2024,Monaco,R,21.596499999999995,46.318000000000005,0.0,56,Late,1:18.201
ALB,Williams,60.0,0 days 00:01:19.533000,HARD,2.0,1,True,79.533,2024,Monaco,R,21.596499999999995,46.318000000000005,0.0,57,Late,1:19.533
ALB,Williams,61.0,0 days 00:01:20.222000,HARD,2.0,1,True,80.222,2024,Monaco,R,21.596499999999995,46.318000000000005,0.0,58,Late,1:20.222
ALB,Williams,62.0,0 days 00:01:19.506000,HARD,2.0,1,True,79.506,2024,Monaco,R,21.596499999999995,46.318000000000005,0.0,59,Late,1:19.506
ALB,Williams,63.0,0 days 00:01:23.085000,HARD,2.0,1,True,83.085,2024,Monaco,R,21.596499999999995,46.318000000000005,0.0,60,Late,1:23.085
ALB,Williams,64.0,0 days 00:01:17.911000,HARD,2.0,1,True,77.911,2024,Monaco,R,21.596499999999995,46.318000000000005,0.0,61,Late,1:17.911
ALB,Williams,65.0,0 days 00:01:17.261000,HARD,2.0,1,True,77.261,2024,Monaco,R,21.596499999999995,46.318000000000005,0.0,62,Late,1:17.261
ALB,Williams,66.0,0 days 00:01:18.003000,HARD,2.0,1,True,78.003,2024,Monaco,R,21.596499999999995,46.318000000000005,0.0,63,Late,1:18.003
ALB,Williams,67.0,0 days 00:01:17.874000,HARD,2.0,1,True,77.874,2024,Monaco,R,21.596499999999995,46.318000000000005,0.0,64,Late,1:17.874
ALB,Williams,68.0,0 days 00:01:18.385000,HARD,2.0,1,True,78.385,2024,Monaco,R,21.596499999999995,46.318000000000005,0.0,65,Late,1:18.385
ALB,Williams,69.0,0 days 00:01:19.921000,HARD,2.0,1,True,79.921,2024,Monaco,R,21.596499999999995,46.318000000000005,0.0,66,Late,1:19.921
ALB,Williams,70.0,0 days 00:01:19.370000,HARD,2.0,1,True,79.37,2024,Monaco,R,21.596499999999995,46.318000000000005,0.0,67,Late,1:19.370
ALB,Williams,71.0,0 days 00:01:18.957000,HARD,2.0,1,True,78.957,2024,Monaco,R,21.596499999999995,46.318000000000005,0.0,68,Late,1:18.957
ALB,Williams,72.0,0 days 00:01:18.165000,HARD,2.0,1,True,78.165,2024,Monaco,R,21.596499999999995,46.318000000000005,0.0,69,Late,1:18.165
ALB,Williams,73.0,0 days 00:01:18.432000,HARD,2.0,1,True,78.432,2024,Monaco,R,21.596499999999995,46.318000000000005,0.0,70,Late,1:18.432
ALB,Williams,74.0,0 days 00:01:18.014000,HARD,2.0,1,True,78.014,2024,Monaco,R,21.596499999999995,46.318000000000005,0.0,71,Late,1:18.014
ALB,Williams,75.0,0 days 00:01:17.850000,HARD,2.0,1,True,77.85,2024,Monaco,R,21.596499999999995,46.318000000000005,0.0,72,Late,1:17.850
ALB,Williams,76.0,0 days 00:01:17.279000,HARD,2.0,1,True,77.279,2024,Monaco,R,21.596499999999995,46.318000000000005,0.0,73,Late,1:17.279
ALB,Williams,77.0,0 days 00:01:17.060000,HARD,2.0,1,True,77.06,2024,Monaco,R,21.596499999999995,46.318000000000005,0.0,74,Late,1:17.060
ALO,Aston Martin,3.0,0 days 00:01:29.188000,MEDIUM,2.0,1,True,89.188,2024,Monaco,R,21.596499999999995,46.318000000000005,0.0,0,Early,1:29.188
ALO,Aston Martin,4.0,0 days 00:01:23.736000,MEDIUM,2.0,1,True,83.736,2024,Monaco,R,21.596499999999995,46.318000000000005,0.0,1,Early,1:23.736
ALO,Aston Martin,5.0,0 days 00:01:23.575000,MEDIUM,2.0,1,True,83.575,2024,Monaco,R,21.596499999999995,46.318000000000005,0.0,2,Early,1:23.575
ALO,Aston Martin,6.0,0 days 00:01:22.711000,MEDIUM,2.0,1,True,82.711,2024,Monaco,R,21.596499999999995,46.318000000000005,0.0,3,Early,1:22.711
ALO,Aston Martin,7.0,0 days 00:01:22.866000,MEDIUM,2.0,1,True,82.866,2024,Monaco,R,21.596499999999995,46.318000000000005,0.0,4,Early,1:22.866
ALO,Aston Martin,8.0,0 days 00:01:22.284000,MEDIUM,2.0,1,True,82.284,2024,Monaco,R,21.596499999999995,46.318000000000005,0.0,5,Early,1:22.284
ALO,Aston Martin,9.0,0 days 00:01:21.650000,MEDIUM,2.0,1,True,81.65,2024,Monaco,R,21.596499999999995,46.318000000000005,0.0,6,Early,1:21.650
ALO,Aston Martin,10.0,0 days 00:01:21.864000,MEDIUM,2.0,1,True,81.864,2024,Monaco,R,21.596499999999995,46.318000000000005,0.0,7,Early,1:21.864
ALO,Aston Martin,11.0,0 days 00:01:21.418000,MEDIUM,2.0,1,True,81.418,2024,Monaco,R,21.596499999999995,46.318000000000005,0.0,8,Early,1:21.418
ALO,Aston Martin,12.0,0 days 00:01:21.366000,MEDIUM,2.0,1,True,81.366,2024,Monaco,R,21.596499999999995,46.318000000000005,0.0,9,Early,1:21.366
ALO,Aston Martin,13.0,0 days 00:01:21.428000,MEDIUM,2.0,1,True,81.428,2024,Monaco,R,21.596499999999995,46.318000000000005,0.0,10,Early,1:21.428
ALO,Aston Martin,14.0,0 days 00:01:21.392000,MEDIUM,2.0,1,True,81.392,2024,Monaco,R,21.596499999999995,46.318000000000005,0.0,11,Early,1:21.392
ALO,Aston Martin,15.0,0 days 00:01:21.061000,MEDIUM,2.0,1,True,81.061,2024,Monaco,R,21.596499999999995,46.318000000000005,0.0,12,Early,1:21.061
ALO,Aston Martin,16.0,0 days 00:01:21.318000,MEDIUM,2.0,1,True,81.318,2024,Monaco,R,21.596499999999995,46.318000000000005,0.0,13,Early,1:21.318
ALO,Aston Martin,17.0,0 days 00:01:20.799000,MEDIUM,2.0,1,True,80.799,2024,Monaco,R,21.596499999999995,46.318000000000005,0.0,14,Early,1:20.799
ALO,Aston Martin,18.0,0 days 00:01:21.075000,MEDIUM,2.0,1,True,81.075,2024,Monaco,R,21.596499999999995,46.318000000000005,0.0,15,Early,1:21.075
ALO,Aston Martin,19.0,0 days 00:01:20.605000,MEDIUM,2.0,1,True,80.605,2024,Monaco,R,21.596499999999995,46.318000000000005,0.0,16,Early,1:20.605
ALO,Aston Martin,20.0,0 days 00:01:21.110000,MEDIUM,2.0,1,True,81.11,2024,Monaco,R,21.596499999999995,46.318000000000005,0.0,17,Early,1:21.110
ALO,Aston Martin,21.0,0 days 00:01:20.317000,MEDIUM,2.0,1,True,80.317,2024,Monaco,R,21.596499999999995,46.318000000000005,0.0,18,Early,1:20.317
ALO,Aston Martin,22.0,0 days 00:01:21.037000,MEDIUM,2.0,1,True,81.037,2024,Monaco,R,21.596499999999995,46.318000000000005,0.0,19,Early,1:21.037
ALO,Aston Martin,23.0,0 days 00:01:20.246000,MEDIUM,2.0,1,True,80.246,2024,Monaco,R,21.596499999999995,46.318000000000005,0.0,20,Early,1:20.246
ALO,Aston Martin,24.0,0 days 00:01:21.413000,MEDIUM,2.0,1,True,81.413,2024,Monaco,R,21.596499999999995,46.318000000000005,0.0,21,Early,1:21.413
ALO,Aston Martin,25.0,0 days 00:01:21.091000,MEDIUM,2.0,1,True,81.091,2024,Monaco,R,21.596499999999995,46.318000000000005,0.0,22,Early,1:21.091
ALO,Aston Martin,26.0,0 days 00:01:20.858000,MEDIUM,2.0,1,True,80.858,2024,Monaco,R,21.596499999999995,46.318000000000005,0.0,23,Early,1:20.858
ALO,Aston Martin,27.0,0 days 00:01:21.303000,MEDIUM,2.0,1,True,81.303,2024,Monaco,R,21.596499999999995,46.318000000000005,0.0,24,Mid,1:21.303
ALO,Aston Martin,28.0,0 days 00:01:21.544000,MEDIUM,2.0,1,True,81.544,2024,Monaco,R,21.596499999999995,46.318000000000005,0.0,25,Mid,1:21.544
ALO,Aston Martin,29.0,0 days 00:01:21.205000,MEDIUM,2.0,1,True,81.205,2024,Monaco,R,21.596499999999995,46.318000000000005,0.0,26,Mid,1:21.205
ALO,Aston Martin,30.0,0 days 00:01:21.034000,MEDIUM,2.0,1,True,81.034,2024,Monaco,R,21.596499999999995,46.318000000000005,0.0,27,Mid,1:21.034
ALO,Aston Martin,31.0,0 days 00:01:20.642000,MEDIUM,2.0,1,True,80.642,2024,Monaco,R,21.596499999999995,46.318000000000005,0.0,28,Mid,1:20.642
ALO,Aston Martin,32.0,0 days 00:01:21.010000,MEDIUM,2.0,1,True,81.01,2024,Monaco,R,21.596499999999995,46.318000000000005,0.0,29,Mid,1:21.010
ALO,Aston Martin,33.0,0 days 00:01:20.350000,MEDIUM,2.0,1,True,80.35,2024,Monaco,R,21.596499999999995,46.318000000000005,0.0,30,Mid,1:20.350
ALO,Aston Martin,34.0,0 days 00:01:20.877000,MEDIUM,2.0,1,True,80.877,2024,Monaco,R,21.596499999999995,46.318000000000005,0.0,31,Mid,1:20.877
ALO,Aston Martin,35.0,0 days 00:01:20.432000,MEDIUM,2.0,1,True,80.432,2024,Monaco,R,21.596499999999995,46.318000000000005,0.0,32,Mid,1:20.432
ALO,Aston Martin,36.0,0 days 00:01:21.128000,MEDIUM,2.0,1,True,81.128,2024,Monaco,R,21.596499999999995,46.318000000000005,0.0,33,Mid,1:21.128
ALO,Aston Martin,37.0,0 days 00:01:21.512000,MEDIUM,2.0,1,True,81.512,2024,Monaco,R,21.596499999999995,46.318000000000005,0.0,34,Mid,1:21.512
ALO,Aston Martin,38.0,0 days 00:01:21.082000,MEDIUM,2.0,1,True,81.082,2024,Monaco,R,21.596499999999995,46.318000000000005,0.0,35,Mid,1:21.082
ALO,Aston Martin,39.0,0 days 00:01:21.265000,MEDIUM,2.0,1,True,81.265,2024,Monaco,R,21.596499999999995,46.318000000000005,0.0,36,Mid,1:21.265
ALO,Aston Martin,40.0,0 days 00:01:20.755000,MEDIUM,2.0,1,True,80.755,2024,Monaco,R,21.596499999999995,46.318000000000005,0.0,37,Mid,1:20.755
ALO,Aston Martin,41.0,0 days 00:01:23.446000,MEDIUM,2.0,1,True,83.446,2024,Monaco,R,21.596499999999995,46.318000000000005,0.0,38,Mid,1:23.446
ALO,Aston Martin,42.0,0 days 00:01:23.332000,MEDIUM,2.0,1,True,83.332,2024,Monaco,R,21.596499999999995,46.318000000000005,0.0,39,Mid,1:23.332
ALO,Aston Martin,43.0,0 days 00:01:20.286000,MEDIUM,2.0,1,True,80.286,2024,Monaco,R,21.596499999999995,46.318000000000005,0.0,40,Mid,1:20.286
ALO,Aston Martin,44.0,0 days 00:01:18.852000,MEDIUM,2.0,1,True,78.852,2024,Monaco,R,21.596499999999995,46.318000000000005,0.0,41,Mid,1:18.852
ALO,Aston Martin,45.0,0 days 00:01:19.956000,MEDIUM,2.0,1,True,79.956,2024,Monaco,R,21.596499999999995,46.318000000000005,0.0,42,Mid,1:19.956
ALO,Aston Martin,46.0,0 days 00:01:18.928000,MEDIUM,2.0,1,True,78.928,2024,Monaco,R,21.596499999999995,46.318000000000005,0.0,43,Mid,1:18.928
ALO,Aston Martin,47.0,0 days 00:01:19.109000,MEDIUM,2.0,1,True,79.109,2024,Monaco,R,21.596499999999995,46.318000000000005,0.0,44,Mid,1:19.109
ALO,Aston Martin,48.0,0 days 00:01:20.315000,MEDIUM,2.0,1,True,80.315,2024,Monaco,R,21.596499999999995,46.318000000000005,0.0,45,Mid,1:20.315
ALO,Aston Martin,49.0,0 days 00:01:19.837000,MEDIUM,2.0,1,True,79.837,2024,Monaco,R,21.596499999999995,46.318000000000005,0.0,46,Mid,1:19.837
ALO,Aston Martin,50.0,0 days 00:01:19.334000,MEDIUM,2.0,1,True,79.334,2024,Monaco,R,21.596499999999995,46.318000000000005,0.0,47,Mid,1:19.334
ALO,Aston Martin,51.0,0 days 00:01:20.636000,MEDIUM,2.0,1,True,80.636,2024,Monaco,R,21.596499999999995,46.318000000000005,0.0,48,Mid,1:20.636
ALO,Aston Martin,52.0,0 days 00:01:23.377000,MEDIUM,2.0,12,True,83.377,2024,Monaco,R,21.596499999999995,46.318000000000005,0.0,49,Mid,1:23.377
ALO,Aston Martin,53.0,0 days 00:01:19.992000,MEDIUM,2.0,1,True,79.992,2024,Monaco,R,21.596499999999995,46.318000000000005,0.0,50,Late,1:19.992
ALO,Aston Martin,54.0,0 days 00:01:19.191000,MEDIUM,2.0,1,True,79.191,2024,Monaco,R,21.596499999999995,46.318000000000005,0.0,51,Late,1:19.191
ALO,Aston Martin,55.0,0 days 00:01:19.411000,MEDIUM,2.0,1,True,79.411,2024,Monaco,R,21.596499999999995,46.318000000000005,0.0,52,Late,1:19.411
ALO,Aston Martin,56.0,0 days 00:01:20.739000,MEDIUM,2.0,1,True,80.739,2024,Monaco,R,21.596499999999995,46.318000000000005,0.0,53,Late,1:20.739
ALO,Aston Martin,57.0,0 days 00:01:20.600000,MEDIUM,2.0,1,True,80.6,2024,Monaco,R,21.596499999999995,46.318000000000005,0.0,54,Late,1:20.600
ALO,Aston Martin,58.0,0 days 00:01:19.229000,MEDIUM,2.0,1,True,79.229,2024,Monaco,R,21.596499999999995,46.318000000000005,0.0,55,Late,1:19.229
ALO,Aston Martin,59.0,0 days 00:01:19.219000,MEDIUM,2.0,1,True,79.219,2024,Monaco,R,21.596499999999995,46.318000000000005,0.0,56,Late,1:19.219
ALO,Aston Martin,60.0,0 days 00:01:19.166000,MEDIUM,2.0,1,True,79.166,2024,Monaco,R,21.596499999999995,46.318000000000005,0.0,57,Late,1:19.166
ALO,Aston Martin,61.0,0 days 00:01:18.752000,MEDIUM,2.0,1,True,78.752,2024,Monaco,R,21.596499999999995,46.318000000000005,0.0,58,Late,1:18.752
ALO,Aston Martin,62.0,0 days 00:01:18.816000,MEDIUM,2.0,1,True,78.816,2024,Monaco,R,21.596499999999995,46.318000000000005,0.0,59,Late,1:18.816
ALO,Aston Martin,63.0,0 days 00:01:18.556000,MEDIUM,2.0,1,True,78.556,2024,Monaco,R,21.596499999999995,46.318000000000005,0.0,60,Late,1:18.556
ALO,Aston Martin,64.0,0 days 00:01:18.736000,MEDIUM,2.0,1,True,78.736,2024,Monaco,R,21.596499999999995,46.318000000000005,0.0,61,Late,1:18.736
ALO,Aston Martin,65.0,0 days 00:01:18.633000,MEDIUM,2.0,1,True,78.633,2024,Monaco,R,21.596499999999995,46.318000000000005,0.0,62,Late,1:18.633
ALO,Aston Martin,66.0,0 days 00:01:18.637000,MEDIUM,2.0,1,True,78.637,2024,Monaco,R,21.596499999999995,46.318000000000005,0.0,63,Late,1:18.637
ALO,Aston Martin,67.0,0 days 00:01:18.126000,MEDIUM,2.0,1,True,78.126,2024,Monaco,R,21.596499999999995,46.318000000000005,0.0,64,Late,1:18.126
ALO,Aston Martin,68.0,0 days 00:01:17.939000,MEDIUM,2.0,1,True,77.939,2024,Monaco,R,21.596499999999995,46.318000000000005,0.0,65,Late,1:17.939
ALO,Aston Martin,69.0,0 days 00:01:18.713000,MEDIUM,2.0,1,True,78.713,2024,Monaco,R,21.596499999999995,46.318000000000005,0.0,66,Late,1:18.713
ALO,Aston Martin,70.0,0 days 00:01:18.473000,MEDIUM,2.0,1,True,78.473,2024,Monaco,R,21.596499999999995,46.318000000000005,0.0,67,Late,1:18.473
ALO,Aston Martin,71.0,0 days 00:01:18.133000,MEDIUM,2.0,1,True,78.133,2024,Monaco,R,21.596499999999995,46.318000000000005,0.0,68,Late,1:18.133
ALO,Aston Martin,72.0,0 days 00:01:18.081000,MEDIUM,2.0,1,True,78.081,2024,Monaco,R,21.596499999999995,46.318000000000005,0.0,69,Late,1:18.081
ALO,Aston Martin,73.0,0 days 00:01:18.504000,MEDIUM,2.0,1,True,78.504,2024,Monaco,R,21.596499999999995,46.318000000000005,0.0,70,Late,1:18.504
ALO,Aston Martin,74.0,0 days 00:01:20.336000,MEDIUM,2.0,1,True,80.336,2024,Monaco,R,21.596499999999995,46.318000000000005,0.0,71,Late,1:20.336
ALO,Aston Martin,75.0,0 days 00:01:18.663000,MEDIUM,2.0,1,True,78.663,2024,Monaco,R,21.596499999999995,46.318000000000005,0.0,72,Late,1:18.663
ALO,Aston Martin,76.0,0 days 00:01:19.053000,MEDIUM,2.0,1,True,79.053,2024,Monaco,R,21.596499999999995,46.318000000000005,0.0,73,Late,1:19.053
BOT,Kick Sauber,3.0,0 days 00:01:29.743000,MEDIUM,2.0,1,True,89.743,2024,Monaco,R,21.596499999999995,46.318000000000005,0.0,0,Early,1:29.743
BOT,Kick Sauber,4.0,0 days 00:01:23.386000,MEDIUM,2.0,1,True,83.386,2024,Monaco,R,21.596499999999995,46.318000000000005,0.0,1,Early,1:23.386
BOT,Kick Sauber,5.0,0 days 00:01:23.636000,MEDIUM,2.0,1,True,83.636,2024,Monaco,R,21.596499999999995,46.318000000000005,0.0,2,Early,1:23.636
BOT,Kick Sauber,6.0,0 days 00:01:22.868000,MEDIUM,2.0,1,True,82.868,2024,Monaco,R,21.596499999999995,46.318000000000005,0.0,3,Early,1:22.868
BOT,Kick Sauber,7.0,0 days 00:01:22.832000,MEDIUM,2.0,1,True,82.832,2024,Monaco,R,21.596499999999995,46.318000000000005,0.0,4,Early,1:22.832
BOT,Kick Sauber,8.0,0 days 00:01:22.249000,MEDIUM,2.0,1,True,82.249,2024,Monaco,R,21.596499999999995,46.318000000000005,0.0,5,Early,1:22.249
BOT,Kick Sauber,9.0,0 days 00:01:21.715000,MEDIUM,2.0,1,True,81.715,2024,Monaco,R,21.596499999999995,46.318000000000005,0.0,6,Early,1:21.715
BOT,Kick Sauber,10.0,0 days 00:01:21.947000,MEDIUM,2.0,1,True,81.947,2024,Monaco,R,21.596499999999995,46.318000000000005,0.0,7,Early,1:21.947
BOT,Kick Sauber,11.0,0 days 00:01:21.547000,MEDIUM,2.0,1,True,81.547,2024,Monaco,R,21.596499999999995,46.318000000000005,0.0,8,Early,1:21.547
BOT,Kick Sauber,12.0,0 days 00:01:21.328000,MEDIUM,2.0,1,True,81.328,2024,Monaco,R,21.596499999999995,46.318000000000005,0.0,9,Early,1:21.328
BOT,Kick Sauber,13.0,0 days 00:01:21.540000,MEDIUM,2.0,1,True,81.54,2024,Monaco,R,21.596499999999995,46.318000000000005,0.0,10,Early,1:21.540
BOT,Kick Sauber,14.0,0 days 00:01:21.221000,MEDIUM,2.0,1,True,81.221,2024,Monaco,R,21.596499999999995,46.318000000000005,0.0,11,Early,1:21.221
BOT,Kick Sauber,17.0,0 days 00:01:16.561000,HARD,3.0,1,True,76.561,2024,Monaco,R,21.596499999999995,46.318000000000005,0.0,0,Early,1:16.561
BOT,Kick Sauber,18.0,0 days 00:01:16.567000,HARD,3.0,1,True,76.567,2024,Monaco,R,21.596499999999995,46.318000000000005,0.0,1,Early,1:16.567
BOT,Kick Sauber,19.0,0 days 00:01:17.829000,HARD,3.0,1,True,77.829,2024,Monaco,R,21.596499999999995,46.318000000000005,0.0,2,Early,1:17.829
BOT,Kick Sauber,20.0,0 days 00:01:19.124000,HARD,3.0,1,True,79.124,2024,Monaco,R,21.596499999999995,46.318000000000005,0.0,3,Early,1:19.124
BOT,Kick Sauber,21.0,0 days 00:01:20.462000,HARD,3.0,1,True,80.462,2024,Monaco,R,21.596499999999995,46.318000000000005,0.0,4,Early,1:20.462
BOT,Kick Sauber,22.0,0 days 00:01:21.022000,HARD,3.0,1,True,81.022,2024,Monaco,R,21.596499999999995,46.318000000000005,0.0,5,Early,1:21.022
BOT,Kick Sauber,23.0,0 days 00:01:20.750000,HARD,3.0,1,True,80.75,2024,Monaco,R,21.596499999999995,46.318000000000005,0.0,6,Early,1:20.750
BOT,Kick Sauber,24.0,0 days 00:01:20.564000,HARD,3.0,1,True,80.564,2024,Monaco,R,21.596499999999995,46.318000000000005,0.0,7,Early,1:20.564
BOT,Kick Sauber,25.0,0 days 00:01:20.783000,HARD,3.0,1,True,80.783,2024,Monaco,R,21.596499999999995,46.318000000000005,0.0,8,Early,1:20.783
BOT,Kick Sauber,26.0,0 days 00:01:20.851000,HARD,3.0,1,True,80.851,2024,Monaco,R,21.596499999999995,46.318000000000005,0.0,9,Early,1:20.851
BOT,Kick Sauber,27.0,0 days 00:01:21.370000,HARD,3.0,1,True,81.37,2024,Monaco,R,21.596499999999995,46.318000000000005,0.0,10,Mid,1:21.370
BOT,Kick Sauber,28.0,0 days 00:01:21.765000,HARD,3.0,1,True,81.765,2024,Monaco,R,21.596499999999995,46.318000000000005,0.0,11,Mid,1:21.765
BOT,Kick Sauber,29.0,0 days 00:01:20.857000,HARD,3.0,1,True,80.857,2024,Monaco,R,21.596499999999995,46.318000000000005,0.0,12,Mid,1:20.857
BOT,Kick Sauber,30.0,0 days 00:01:21.470000,HARD,3.0,1,True,81.47,2024,Monaco,R,21.596499999999995,46.318000000000005,0.0,13,Mid,1:21.470
BOT,Kick Sauber,31.0,0 days 00:01:20.752000,HARD,3.0,1,True,80.752,2024,Monaco,R,21.596499999999995,46.318000000000005,0.0,14,Mid,1:20.752
BOT,Kick Sauber,32.0,0 days 00:01:20.658000,HARD,3.0,1,True,80.658,2024,Monaco,R,21.596499999999995,46.318000000000005,0.0,15,Mid,1:20.658
BOT,Kick Sauber,33.0,0 days 00:01:20.525000,HARD,3.0,1,True,80.525,2024,Monaco,R,21.596499999999995,46.318000000000005,0.0,16,Mid,1:20.525
BOT,Kick Sauber,34.0,0 days 00:01:20.903000,HARD,3.0,1,True,80.903,2024,Monaco,R,21.596499999999995,46.318000000000005,0.0,17,Mid,1:20.903
BOT,Kick Sauber,35.0,0 days 00:01:20.254000,HARD,3.0,1,True,80.254,2024,Monaco,R,21.596499999999995,46.318000000000005,0.0,18,Mid,1:20.254
BOT,Kick Sauber,36.0,0 days 00:01:21.196000,HARD,3.0,1,True,81.196,2024,Monaco,R,21.596499999999995,46.318000000000005,0.0,19,Mid,1:21.196
BOT,Kick Sauber,37.0,0 days 00:01:21.386000,HARD,3.0,1,True,81.386,2024,Monaco,R,21.596499999999995,46.318000000000005,0.0,20,Mid,1:21.386
BOT,Kick Sauber,38.0,0 days 00:01:20.948000,HARD,3.0,1,True,80.948,2024,Monaco,R,21.596499999999995,46.318000000000005,0.0,21,Mid,1:20.948
BOT,Kick Sauber,39.0,0 days 00:01:23.172000,HARD,3.0,1,True,83.172,2024,Monaco,R,21.596499999999995,46.318000000000005,0.0,22,Mid,1:23.172
BOT,Kick Sauber,40.0,0 days 00:01:23.591000,HARD,3.0,1,True,83.591,2024,Monaco,R,21.596499999999995,46.318000000000005,0.0,23,Mid,1:23.591
BOT,Kick Sauber,41.0,0 days 00:01:20.230000,HARD,3.0,1,True,80.23,2024,Monaco,R,21.596499999999995,46.318000000000005,0.0,24,Mid,1:20.230
BOT,Kick Sauber,42.0,0 days 00:01:22.109000,HARD,3.0,1,True,82.109,2024,Monaco,R,21.596499999999995,46.318000000000005,0.0,25,Mid,1:22.109
BOT,Kick Sauber,43.0,0 days 00:01:20.912000,HARD,3.0,1,True,80.912,2024,Monaco,R,21.596499999999995,46.318000000000005,0.0,26,Mid,1:20.912
BOT,Kick Sauber,44.0,0 days 00:01:19.772000,HARD,3.0,1,True,79.772,2024,Monaco,R,21.596499999999995,46.318000000000005,0.0,27,Mid,1:19.772
BOT,Kick Sauber,45.0,0 days 00:01:20.043000,HARD,3.0,1,True,80.043,2024,Monaco,R,21.596499999999995,46.318000000000005,0.0,28,Mid,1:20.043
BOT,Kick Sauber,46.0,0 days 00:01:20.417000,HARD,3.0,1,True,80.417,2024,Monaco,R,21.596499999999995,46.318000000000005,0.0,29,Mid,1:20.417
BOT,Kick Sauber,47.0,0 days 00:01:22.969000,HARD,3.0,1,True,82.969,2024,Monaco,R,21.596499999999995,46.318000000000005,0.0,30,Mid,1:22.969
BOT,Kick Sauber,48.0,0 days 00:01:20.562000,HARD,3.0,1,True,80.562,2024,Monaco,R,21.596499999999995,46.318000000000005,0.0,31,Mid,1:20.562
BOT,Kick Sauber,49.0,0 days 00:01:20.818000,HARD,3.0,1,True,80.818,2024,Monaco,R,21.596499999999995,46.318000000000005,0.0,32,Mid,1:20.818
BOT,Kick Sauber,50.0,0 days 00:01:20.239000,HARD,3.0,1,True,80.239,2024,Monaco,R,21.596499999999995,46.318000000000005,0.0,33,Mid,1:20.239
BOT,Kick Sauber,51.0,0 days 00:01:17.205000,HARD,3.0,12,True,77.205,2024,Monaco,R,21.596499999999995,46.318000000000005,0.0,34,Mid,1:17.205
BOT,Kick Sauber,52.0,0 days 00:01:17.202000,HARD,3.0,1,True,77.202,2024,Monaco,R,21.596499999999995,46.318000000000005,0.0,35,Mid,1:17.202
BOT,Kick Sauber,53.0,0 days 00:01:18.456000,HARD,3.0,1,True,78.456,2024,Monaco,R,21.596499999999995,46.318000000000005,0.0,36,Late,1:18.456
BOT,Kick Sauber,54.0,0 days 00:01:19.403000,HARD,3.0,1,True,79.403,2024,Monaco,R,21.596499999999995,46.318000000000005,0.0,37,Late,1:19.403
BOT,Kick Sauber,55.0,0 days 00:01:20.375000,HARD,3.0,1,True,80.375,2024,Monaco,R,21.596499999999995,46.318000000000005,0.0,38,Late,1:20.375
BOT,Kick Sauber,56.0,0 days 00:01:21.657000,HARD,3.0,1,True,81.657,2024,Monaco,R,21.596499999999995,46.318000000000005,0.0,39,Late,1:21.657
BOT,Kick Sauber,57.0,0 days 00:01:18.994000,HARD,3.0,1,True,78.994,2024,Monaco,R,21.596499999999995,46.318000000000005,0.0,40,Late,1:18.994
BOT,Kick Sauber,58.0,0 days 00:01:19.280000,HARD,3.0,1,True,79.28,2024,Monaco,R,21.596499999999995,46.318000000000005,0.0,41,Late,1:19.280
BOT,Kick Sauber,59.0,0 days 00:01:18.999000,HARD,3.0,1,True,78.999,2024,Monaco,R,21.596499999999995,46.318000000000005,0.0,42,Late,1:18.999
BOT,Kick Sauber,60.0,0 days 00:01:19.069000,HARD,3.0,1,True,79.069,2024,Monaco,R,21.596499999999995,46.318000000000005,0.0,43,Late,1:19.069
BOT,Kick Sauber,61.0,0 days 00:01:18.623000,HARD,3.0,1,True,78.623,2024,Monaco,R,21.596499999999995,46.318000000000005,0.0,44,Late,1:18.623
BOT,Kick Sauber,62.0,0 days 00:01:18.964000,HARD,3.0,1,True,78.964,2024,Monaco,R,21.596499999999995,46.318000000000005,0.0,45,Late,1:18.964
BOT,Kick Sauber,63.0,0 days 00:01:19.024000,HARD,3.0,1,True,79.024,2024,Monaco,R,21.596499999999995,46.318000000000005,0.0,46,Late,1:19.024
BOT,Kick Sauber,64.0,0 days 00:01:18.531000,HARD,3.0,1,True,78.531,2024,Monaco,R,21.596499999999995,46.318000000000005,0.0,47,Late,1:18.531
BOT,Kick Sauber,65.0,0 days 00:01:18.642000,HARD,3.0,1,True,78.642,2024,Monaco,R,21.596499999999995,46.318000000000005,0.0,48,Late,1:18.642
BOT,Kick Sauber,66.0,0 days 00:01:18.383000,HARD,3.0,1,True,78.383,2024,Monaco,R,21.596499999999995,46.318000000000005,0.0,49,Late,1:18.383
BOT,Kick Sauber,67.0,0 days 00:01:18.467000,HARD,3.0,1,True,78.467,2024,Monaco,R,21.596499999999995,46.318000000000005,0.0,50,Late,1:18.467
BOT,Kick Sauber,68.0,0 days 00:01:18.052000,HARD,3.0,1,True,78.052,2024,Monaco,R,21.596499999999995,46.318000000000005,0.0,51,Late,1:18.052
BOT,Kick Sauber,69.0,0 days 00:01:18.088000,HARD,3.0,1,True,78.088,2024,Monaco,R,21.596499999999995,46.318000000000005,0.0,52,Late,1:18.088
BOT,Kick Sauber,70.0,0 days 00:01:18.778000,HARD,3.0,1,True,78.778,2024,Monaco,R,21.596499999999995,46.318000000000005,0.0,53,Late,1:18.778
BOT,Kick Sauber,71.0,0 days 00:01:18.104000,HARD,3.0,1,True,78.104,2024,Monaco,R,21.596499999999995,46.318000000000005,0.0,54,Late,1:18.104
BOT,Kick Sauber,72.0,0 days 00:01:18.347000,HARD,3.0,1,True,78.347,2024,Monaco,R,21.596499999999995,46.318000000000005,0.0,55,Late,1:18.347
BOT,Kick Sauber,73.0,0 days 00:01:20.068000,HARD,3.0,1,True,80.068,2024,Monaco,R,21.596499999999995,46.318000000000005,0.0,56,Late,1:20.068
BOT,Kick Sauber,74.0,0 days 00:01:18.318000,HARD,3.0,1,True,78.318,2024,Monaco,R,21.596499999999995,46.318000000000005,0.0,57,Late,1:18.318
BOT,Kick Sauber,75.0,0 days 00:01:18.779000,HARD,3.0,1,True,78.779,2024,Monaco,R,21.596499999999995,46.318000000000005,0.0,58,Late,1:18.779
BOT,Kick Sauber,76.0,0 days 00:01:18.774000,HARD,3.0,1,True,78.774,2024,Monaco,R,21.596499999999995,46.318000000000005,0.0,59,Late,1:18.774
GAS,Alpine,3.0,0 days 00:01:28.269000,MEDIUM,2.0,1,True,88.269,2024,Monaco,R,21.596499999999995,46.318000000000005,0.0,0,Early,1:28.269
GAS,Alpine,4.0,0 days 00:01:23.269000,MEDIUM,2.0,1,True,83.269,2024,Monaco,R,21.596499999999995,46.318000000000005,0.0,1,Early,1:23.269
GAS,Alpine,5.0,0 days 00:01:23.428000,MEDIUM,2.0,1,True,83.428,2024,Monaco,R,21.596499999999995,46.318000000000005,0.0,2,Early,1:23.428
GAS,Alpine,6.0,0 days 00:01:23.106000,MEDIUM,2.0,1,True,83.106,2024,Monaco,R,21.596499999999995,46.318000000000005,0.0,3,Early,1:23.106
GAS,Alpine,7.0,0 days 00:01:22.233000,MEDIUM,2.0,1,True,82.233,2024,Monaco,R,21.596499999999995,46.318000000000005,0.0,4,Early,1:22.233
GAS,Alpine,8.0,0 days 00:01:21.600000,MEDIUM,2.0,1,True,81.6,2024,Monaco,R,21.596499999999995,46.318000000000005,0.0,5,Early,1:21.600
GAS,Alpine,9.0,0 days 00:01:22.071000,MEDIUM,2.0,1,True,82.071,2024,Monaco,R,21.596499999999995,46.318000000000005,0.0,6,Early,1:22.071
GAS,Alpine,10.0,0 days 00:01:21.394000,MEDIUM,2.0,1,True,81.394,2024,Monaco,R,21.596499999999995,46.318000000000005,0.0,7,Early,1:21.394
GAS,Alpine,11.0,0 days 00:01:21.298000,MEDIUM,2.0,1,True,81.298,2024,Monaco,R,21.596499999999995,46.318000000000005,0.0,8,Early,1:21.298
GAS,Alpine,12.0,0 days 00:01:21.289000,MEDIUM,2.0,1,True,81.289,2024,Monaco,R,21.596499999999995,46.318000000000005,0.0,9,Early,1:21.289
GAS,Alpine,13.0,0 days 00:01:21.530000,MEDIUM,2.0,1,True,81.53,2024,Monaco,R,21.596499999999995,46.318000000000005,0.0,10,Early,1:21.530
GAS,Alpine,14.0,0 days 00:01:19.920000,MEDIUM,2.0,1,True,79.92,2024,Monaco,R,21.596499999999995,46.318000000000005,0.0,11,Early,1:19.920
GAS,Alpine,15.0,0 days 00:01:21.066000,MEDIUM,2.0,1,True,81.066,2024,Monaco,R,21.596499999999995,46.318000000000005,0.0,12,Early,1:21.066
GAS,Alpine,16.0,0 days 00:01:21.054000,MEDIUM,2.0,1,True,81.054,2024,Monaco,R,21.596499999999995,46.318000000000005,0.0,13,Early,1:21.054
GAS,Alpine,17.0,0 days 00:01:21.961000,MEDIUM,2.0,1,True,81.961,2024,Monaco,R,21.596499999999995,46.318000000000005,0.0,14,Early,1:21.961
GAS,Alpine,18.0,0 days 00:01:20.797000,MEDIUM,2.0,1,True,80.797,2024,Monaco,R,21.596499999999995,46.318000000000005,0.0,15,Early,1:20.797
GAS,Alpine,19.0,0 days 00:01:19.904000,MEDIUM,2.0,1,True,79.904,2024,Monaco,R,21.596499999999995,46.318000000000005,0.0,16,Early,1:19.904
GAS,Alpine,20.0,0 days 00:01:20.255000,MEDIUM,2.0,1,True,80.255,2024,Monaco,R,21.596499999999995,46.318000000000005,0.0,17,Early,1:20.255
GAS,Alpine,21.0,0 days 00:01:19.876000,MEDIUM,2.0,1,True,79.876,2024,Monaco,R,21.596499999999995,46.318000000000005,0.0,18,Early,1:19.876
GAS,Alpine,22.0,0 days 00:01:20.554000,MEDIUM,2.0,1,True,80.554,2024,Monaco,R,21.596499999999995,46.318000000000005,0.0,19,Early,1:20.554
GAS,Alpine,23.0,0 days 00:01:21.306000,MEDIUM,2.0,1,True,81.306,2024,Monaco,R,21.596499999999995,46.318000000000005,0.0,20,Early,1:21.306
GAS,Alpine,24.0,0 days 00:01:20.949000,MEDIUM,2.0,1,True,80.949,2024,Monaco,R,21.596499999999995,46.318000000000005,0.0,21,Early,1:20.949
GAS,Alpine,25.0,0 days 00:01:20.372000,MEDIUM,2.0,1,True,80.372,2024,Monaco,R,21.596499999999995,46.318000000000005,0.0,22,Early,1:20.372
GAS,Alpine,26.0,0 days 00:01:20.593000,MEDIUM,2.0,1,True,80.593,2024,Monaco,R,21.596499999999995,46.318000000000005,0.0,23,Early,1:20.593
GAS,Alpine,27.0,0 days 00:01:20.521000,MEDIUM,2.0,1,True,80.521,2024,Monaco,R,21.596499999999995,46.318000000000005,0.0,24,Mid,1:20.521
GAS,Alpine,28.0,0 days 00:01:20.229000,MEDIUM,2.0,1,True,80.229,2024,Monaco,R,21.596499999999995,46.318000000000005,0.0,25,Mid,1:20.229
GAS,Alpine,29.0,0 days 00:01:19.376000,MEDIUM,2.0,1,True,79.376,2024,Monaco,R,21.596499999999995,46.318000000000005,0.0,26,Mid,1:19.376
GAS,Alpine,30.0,0 days 00:01:21.764000,MEDIUM,2.0,1,True,81.764,2024,Monaco,R,21.596499999999995,46.318000000000005,0.0,27,Mid,1:21.764
GAS,Alpine,31.0,0 days 00:01:21.427000,MEDIUM,2.0,1,True,81.427,2024,Monaco,R,21.596499999999995,46.318000000000005,0.0,28,Mid,1:21.427
GAS,Alpine,32.0,0 days 00:01:21.121000,MEDIUM,2.0,1,True,81.121,2024,Monaco,R,21.596499999999995,46.318000000000005,0.0,29,Mid,1:21.121
GAS,Alpine,33.0,0 days 00:01:20.965000,MEDIUM,2.0,1,True,80.965,2024,Monaco,R,21.596499999999995,46.318000000000005,0.0,30,Mid,1:20.965
GAS,Alpine,34.0,0 days 00:01:20.751000,MEDIUM,2.0,1,True,80.751,2024,Monaco,R,21.596499999999995,46.318000000000005,0.0,31,Mid,1:20.751
GAS,Alpine,35.0,0 days 00:01:19.361000,MEDIUM,2.0,1,True,79.361,2024,Monaco,R,21.596499999999995,46.318000000000005,0.0,32,Mid,1:19.361
GAS,Alpine,36.0,0 days 00:01:19.576000,MEDIUM,2.0,1,True,79.576,2024,Monaco,R,21.596499999999995,46.318000000000005,0.0,33,Mid,1:19.576
GAS,Alpine,37.0,0 days 00:01:19.975000,MEDIUM,2.0,1,True,79.975,2024,Monaco,R,21.596499999999995,46.318000000000005,0.0,34,Mid,1:19.975
GAS,Alpine,38.0,0 days 00:01:19.428000,MEDIUM,2.0,1,True,79.428,2024,Monaco,R,21.596499999999995,46.318000000000005,0.0,35,Mid,1:19.428
GAS,Alpine,39.0,0 days 00:01:20.320000,MEDIUM,2.0,1,True,80.32,2024,Monaco,R,21.596499999999995,46.318000000000005,0.0,36,Mid,1:20.320
GAS,Alpine,40.0,0 days 00:01:20.384000,MEDIUM,2.0,1,True,80.384,2024,Monaco,R,21.596499999999995,46.318000000000005,0.0,37,Mid,1:20.384
GAS,Alpine,41.0,0 days 00:01:20.200000,MEDIUM,2.0,1,True,80.2,2024,Monaco,R,21.596499999999995,46.318000000000005,0.0,38,Mid,1:20.200
GAS,Alpine,42.0,0 days 00:01:19.977000,MEDIUM,2.0,1,True,79.977,2024,Monaco,R,21.596499999999995,46.318000000000005,0.0,39,Mid,1:19.977
GAS,Alpine,43.0,0 days 00:01:21.048000,MEDIUM,2.0,1,True,81.048,2024,Monaco,R,21.596499999999995,46.318000000000005,0.0,40,Mid,1:21.048
GAS,Alpine,44.0,0 days 00:01:20.621000,MEDIUM,2.0,1,True,80.621,2024,Monaco,R,21.596499999999995,46.318000000000005,0.0,41,Mid,1:20.621
GAS,Alpine,45.0,0 days 00:01:19.382000,MEDIUM,2.0,1,True,79.382,2024,Monaco,R,21.596499999999995,46.318000000000005,0.0,42,Mid,1:19.382
GAS,Alpine,46.0,0 days 00:01:19.970000,MEDIUM,2.0,1,True,79.97,2024,Monaco,R,21.596499999999995,46.318000000000005,0.0,43,Mid,1:19.970
GAS,Alpine,47.0,0 days 00:01:19.435000,MEDIUM,2.0,1,True,79.435,2024,Monaco,R,21.596499999999995,46.318000000000005,0.0,44,Mid,1:19.435
GAS,Alpine,48.0,0 days 00:01:19.865000,MEDIUM,2.0,1,True,79.865,2024,Monaco,R,21.596499999999995,46.318000000000005,0.0,45,Mid,1:19.865
GAS,Alpine,49.0,0 days 00:01:20.534000,MEDIUM,2.0,1,True,80.534,2024,Monaco,R,21.596499999999995,46.318000000000005,0.0,46,Mid,1:20.534
GAS,Alpine,50.0,0 days 00:01:21.023000,MEDIUM,2.0,1,True,81.023,2024,Monaco,R,21.596499999999995,46.318000000000005,0.0,47,Mid,1:21.023
GAS,Alpine,51.0,0 days 00:01:24.473000,MEDIUM,2.0,1,True,84.473,2024,Monaco,R,21.596499999999995,46.318000000000005,0.0,48,Mid,1:24.473
GAS,Alpine,52.0,0 days 00:01:19.743000,MEDIUM,2.0,12,True,79.743,2024,Monaco,R,21.596499999999995,46.318000000000005,0.0,49,Mid,1:19.743
GAS,Alpine,53.0,0 days 00:01:19.917000,MEDIUM,2.0,1,True,79.917,2024,Monaco,R,21.596499999999995,46.318000000000005,0.0,50,Late,1:19.917
GAS,Alpine,54.0,0 days 00:01:19.091000,MEDIUM,2.0,1,True,79.091,2024,Monaco,R,21.596499999999995,46.318000000000005,0.0,51,Late,1:19.091
GAS,Alpine,55.0,0 days 00:01:19.407000,MEDIUM,2.0,1,True,79.407,2024,Monaco,R,21.596499999999995,46.318000000000005,0.0,52,Late,1:19.407
GAS,Alpine,56.0,0 days 00:01:19.704000,MEDIUM,2.0,1,True,79.704,2024,Monaco,R,21.596499999999995,46.318000000000005,0.0,53,Late,1:19.704
GAS,Alpine,57.0,0 days 00:01:19.448000,MEDIUM,2.0,1,True,79.448,2024,Monaco,R,21.596499999999995,46.318000000000005,0.0,54,Late,1:19.448
GAS,Alpine,58.0,0 days 00:01:19.097000,MEDIUM,2.0,1,True,79.097,2024,Monaco,R,21.596499999999995,46.318000000000005,0.0,55,Late,1:19.097
GAS,Alpine,59.0,0 days 00:01:21.378000,MEDIUM,2.0,1,True,81.378,2024,Monaco,R,21.596499999999995,46.318000000000005,0.0,56,Late,1:21.378
GAS,Alpine,60.0,0 days 00:01:20.237000,MEDIUM,2.0,1,True,80.237,2024,Monaco,R,21.596499999999995,46.318000000000005,0.0,57,Late,1:20.237
GAS,Alpine,61.0,0 days 00:01:20.407000,MEDIUM,2.0,1,True,80.407,2024,Monaco,R,21.596499999999995,46.318000000000005,0.0,58,Late,1:20.407
GAS,Alpine,62.0,0 days 00:01:18.469000,MEDIUM,2.0,1,True,78.469,2024,Monaco,R,21.596499999999995,46.318000000000005,0.0,59,Late,1:18.469
GAS,Alpine,63.0,0 days 00:01:19.155000,MEDIUM,2.0,1,True,79.155,2024,Monaco,R,21.596499999999995,46.318000000000005,0.0,60,Late,1:19.155
GAS,Alpine,64.0,0 days 00:01:18.868000,MEDIUM,2.0,1,True,78.868,2024,Monaco,R,21.596499999999995,46.318000000000005,0.0,61,Late,1:18.868
GAS,Alpine,65.0,0 days 00:01:19.220000,MEDIUM,2.0,1,True,79.22,2024,Monaco,R,21.596499999999995,46.318000000000005,0.0,62,Late,1:19.220
GAS,Alpine,66.0,0 days 00:01:18.726000,MEDIUM,2.0,1,True,78.726,2024,Monaco,R,21.596499999999995,46.318000000000005,0.0,63,Late,1:18.726
GAS,Alpine,67.0,0 days 00:01:18.624000,MEDIUM,2.0,1,True,78.624,2024,Monaco,R,21.596499999999995,46.318000000000005,0.0,64,Late,1:18.624
GAS,Alpine,68.0,0 days 00:01:18.545000,MEDIUM,2.0,1,True,78.545,2024,Monaco,R,21.596499999999995,46.318000000000005,0.0,65,Late,1:18.545
GAS,Alpine,69.0,0 days 00:01:18.363000,MEDIUM,2.0,1,True,78.363,2024,Monaco,R,21.596499999999995,46.318000000000005,0.0,66,Late,1:18.363
GAS,Alpine,70.0,0 days 00:01:17.799000,MEDIUM,2.0,1,True,77.799,2024,Monaco,R,21.596499999999995,46.318000000000005,0.0,67,Late,1:17.799
GAS,Alpine,71.0,0 days 00:01:18.140000,MEDIUM,2.0,1,True,78.14,2024,Monaco,R,21.596499999999995,46.318000000000005,0.0,68,Late,1:18.140
GAS,Alpine,72.0,0 days 00:01:18.382000,MEDIUM,2.0,1,True,78.382,2024,Monaco,R,21.596499999999995,46.318000000000005,0.0,69,Late,1:18.382
GAS,Alpine,73.0,0 days 00:01:17.992000,MEDIUM,2.0,1,True,77.992,2024,Monaco,R,21.596499999999995,46.318000000000005,0.0,70,Late,1:17.992
GAS,Alpine,74.0,0 days 00:01:16.689000,MEDIUM,2.0,1,True,76.689,2024,Monaco,R,21.596499999999995,46.318000000000005,0.0,71,Late,1:16.689
GAS,Alpine,75.0,0 days 00:01:18.120000,MEDIUM,2.0,1,True,78.12,2024,Monaco,R,21.596499999999995,46.318000000000005,0.0,72,Late,1:18.120
GAS,Alpine,76.0,0 days 00:01:17.516000,MEDIUM,2.0,1,True,77.516,2024,Monaco,R,21.596499999999995,46.318000000000005,0.0,73,Late,1:17.516
GAS,Alpine,77.0,0 days 00:01:15.625000,MEDIUM,2.0,1,True,75.625,2024,Monaco,R,21.596499999999995,46.318000000000005,0.0,74,Late,1:15.625
HAM,Mercedes,3.0,0 days 00:01:27.058000,MEDIUM,2.0,1,True,87.058,2024,Monaco,R,21.596499999999995,46.318000000000005,0.0,0,Early,1:27.058
HAM,Mercedes,4.0,0 days 00:01:23.376000,MEDIUM,2.0,1,True,83.376,2024,Monaco,R,21.596499999999995,46.318000000000005,0.0,1,Early,1:23.376
HAM,Mercedes,5.0,0 days 00:01:23.640000,MEDIUM,2.0,1,True,83.64,2024,Monaco,R,21.596499999999995,46.318000000000005,0.0,2,Early,1:23.640
HAM,Mercedes,6.0,0 days 00:01:23.369000,MEDIUM,2.0,1,True,83.369,2024,Monaco,R,21.596499999999995,46.318000000000005,0.0,3,Early,1:23.369
HAM,Mercedes,7.0,0 days 00:01:21.463000,MEDIUM,2.0,1,True,81.463,2024,Monaco,R,21.596499999999995,46.318000000000005,0.0,4,Early,1:21.463
HAM,Mercedes,8.0,0 days 00:01:21.612000,MEDIUM,2.0,1,True,81.612,2024,Monaco,R,21.596499999999995,46.318000000000005,0.0,5,Early,1:21.612
HAM,Mercedes,9.0,0 days 00:01:21.851000,MEDIUM,2.0,1,True,81.851,2024,Monaco,R,21.596499999999995,46.318000000000005,0.0,6,Early,1:21.851
HAM,Mercedes,10.0,0 days 00:01:21.437000,MEDIUM,2.0,1,True,81.437,2024,Monaco,R,21.596499999999995,46.318000000000005,0.0,7,Early,1:21.437
HAM,Mercedes,11.0,0 days 00:01:21.325000,MEDIUM,2.0,1,True,81.325,2024,Monaco,R,21.596499999999995,46.318000000000005,0.0,8,Early,1:21.325
HAM,Mercedes,12.0,0 days 00:01:21.164000,MEDIUM,2.0,1,True,81.164,2024,Monaco,R,21.596499999999995,46.318000000000005,0.0,9,Early,1:21.164
HAM,Mercedes,13.0,0 days 00:01:20.171000,MEDIUM,2.0,1,True,80.171,2024,Monaco,R,21.596499999999995,46.318000000000005,0.0,10,Early,1:20.171
HAM,Mercedes,14.0,0 days 00:01:20.126000,MEDIUM,2.0,1,True,80.126,2024,Monaco,R,21.596499999999995,46.318000000000005,0.0,11,Early,1:20.126
HAM,Mercedes,15.0,0 days 00:01:19.971000,MEDIUM,2.0,1,True,79.971,2024,Monaco,R,21.596499999999995,46.318000000000005,0.0,12,Early,1:19.971
HAM,Mercedes,16.0,0 days 00:01:20.384000,MEDIUM,2.0,1,True,80.384,2024,Monaco,R,21.596499999999995,46.318000000000005,0.0,13,Early,1:20.384
HAM,Mercedes,17.0,0 days 00:01:19.738000,MEDIUM,2.0,1,True,79.738,2024,Monaco,R,21.596499999999995,46.318000000000005,0.0,14,Early,1:19.738
HAM,Mercedes,18.0,0 days 00:01:20.037000,MEDIUM,2.0,1,True,80.037,2024,Monaco,R,21.596499999999995,46.318000000000005,0.0,15,Early,1:20.037
HAM,Mercedes,19.0,0 days 00:01:19.874000,MEDIUM,2.0,1,True,79.874,2024,Monaco,R,21.596499999999995,46.318000000000005,0.0,16,Early,1:19.874
HAM,Mercedes,20.0,0 days 00:01:20.504000,MEDIUM,2.0,1,True,80.504,2024,Monaco,R,21.596499999999995,46.318000000000005,0.0,17,Early,1:20.504
HAM,Mercedes,21.0,0 days 00:01:19.760000,MEDIUM,2.0,1,True,79.76,2024,Monaco,R,21.596499999999995,46.318000000000005,0.0,18,Early,1:19.760
HAM,Mercedes,22.0,0 days 00:01:20.590000,MEDIUM,2.0,1,True,80.59,2024,Monaco,R,21.596499999999995,46.318000000000005,0.0,19,Early,1:20.590
HAM,Mercedes,23.0,0 days 00:01:19.089000,MEDIUM,2.0,1,True,79.089,2024,Monaco,R,21.596499999999995,46.318000000000005,0.0,20,Early,1:19.089
HAM,Mercedes,24.0,0 days 00:01:18.785000,MEDIUM,2.0,1,True,78.785,2024,Monaco,R,21.596499999999995,46.318000000000005,0.0,21,Early,1:18.785
HAM,Mercedes,25.0,0 days 00:01:19.342000,MEDIUM,2.0,1,True,79.342,2024,Monaco,R,21.596499999999995,46.318000000000005,0.0,22,Early,1:19.342
HAM,Mercedes,26.0,0 days 00:01:19.862000,MEDIUM,2.0,1,True,79.862,2024,Monaco,R,21.596499999999995,46.318000000000005,0.0,23,Early,1:19.862
HAM,Mercedes,27.0,0 days 00:01:18.549000,MEDIUM,2.0,1,True,78.549,2024,Monaco,R,21.596499999999995,46.318000000000005,0.0,24,Mid,1:18.549
HAM,Mercedes,28.0,0 days 00:01:18.587000,MEDIUM,2.0,1,True,78.587,2024,Monaco,R,21.596499999999995,46.318000000000005,0.0,25,Mid,1:18.587
HAM,Mercedes,29.0,0 days 00:01:18.940000,MEDIUM,2.0,1,True,78.94,2024,Monaco,R,21.596499999999995,46.318000000000005,0.0,26,Mid,1:18.940
HAM,Mercedes,30.0,0 days 00:01:18.371000,MEDIUM,2.0,1,True,78.371,2024,Monaco,R,21.596499999999995,46.318000000000005,0.0,27,Mid,1:18.371
HAM,Mercedes,31.0,0 days 00:01:18.471000,MEDIUM,2.0,1,True,78.471,2024,Monaco,R,21.596499999999995,46.318000000000005,0.0,28,Mid,1:18.471
HAM,Mercedes,32.0,0 days 00:01:18.618000,MEDIUM,2.0,1,True,78.618,2024,Monaco,R,21.596499999999995,46.318000000000005,0.0,29,Mid,1:18.618
HAM,Mercedes,33.0,0 days 00:01:18.746000,MEDIUM,2.0,1,True,78.746,2024,Monaco,R,21.596499999999995,46.318000000000005,0.0,30,Mid,1:18.746
HAM,Mercedes,34.0,0 days 00:01:18.860000,MEDIUM,2.0,1,True,78.86,2024,Monaco,R,21.596499999999995,46.318000000000005,0.0,31,Mid,1:18.860
HAM,Mercedes,35.0,0 days 00:01:19.518000,MEDIUM,2.0,1,True,79.518,2024,Monaco,R,21.596499999999995,46.318000000000005,0.0,32,Mid,1:19.518
HAM,Mercedes,36.0,0 days 00:01:20.648000,MEDIUM,2.0,1,True,80.648,2024,Monaco,R,21.596499999999995,46.318000000000005,0.0,33,Mid,1:20.648
HAM,Mercedes,37.0,0 days 00:01:18.605000,MEDIUM,2.0,1,True,78.605,2024,Monaco,R,21.596499999999995,46.318000000000005,0.0,34,Mid,1:18.605
HAM,Mercedes,38.0,0 days 00:01:20.514000,MEDIUM,2.0,1,True,80.514,2024,Monaco,R,21.596499999999995,46.318000000000005,0.0,35,Mid,1:20.514
HAM,Mercedes,39.0,0 days 00:01:18.943000,MEDIUM,2.0,1,True,78.943,2024,Monaco,R,21.596499999999995,46.318000000000005,0.0,36,Mid,1:18.943
HAM,Mercedes,40.0,0 days 00:01:18.673000,MEDIUM,2.0,1,True,78.673,2024,Monaco,R,21.596499999999995,46.318000000000005,0.0,37,Mid,1:18.673
HAM,Mercedes,41.0,0 days 00:01:18.946000,MEDIUM,2.0,1,True,78.946,2024,Monaco,R,21.596499999999995,46.318000000000005,0.0,38,Mid,1:18.946
HAM,Mercedes,42.0,0 days 00:01:17.542000,MEDIUM,2.0,1,True,77.542,2024,Monaco,R,21.596499999999995,46.318000000000005,0.0,39,Mid,1:17.542
HAM,Mercedes,43.0,0 days 00:01:17.867000,MEDIUM,2.0,1,True,77.867,2024,Monaco,R,21.596499999999995,46.318000000000005,0.0,40,Mid,1:17.867
HAM,Mercedes,44.0,0 days 00:01:18.225000,MEDIUM,2.0,1,True,78.225,2024,Monaco,R,21.596499999999995,46.318000000000005,0.0,41,Mid,1:18.225
HAM,Mercedes,45.0,0 days 00:01:18.156000,MEDIUM,2.0,1,True,78.156,2024,Monaco,R,21.596499999999995,46.318000000000005,0.0,42,Mid,1:18.156
HAM,Mercedes,46.0,0 days 00:01:18.104000,MEDIUM,2.0,1,True,78.104,2024,Monaco,R,21.596499999999995,46.318000000000005,0.0,43,Mid,1:18.104
HAM,Mercedes,47.0,0 days 00:01:18.331000,MEDIUM,2.0,1,True,78.331,2024,Monaco,R,21.596499999999995,46.318000000000005,0.0,44,Mid,1:18.331
HAM,Mercedes,48.0,0 days 00:01:17.831000,MEDIUM,2.0,1,True,77.831,2024,Monaco,R,21.596499999999995,46.318000000000005,0.0,45,Mid,1:17.831
HAM,Mercedes,49.0,0 days 00:01:17.398000,MEDIUM,2.0,1,True,77.398,2024,Monaco,R,21.596499999999995,46.318000000000005,0.0,46,Mid,1:17.398
HAM,Mercedes,50.0,0 days 00:01:18.461000,MEDIUM,2.0,1,True,78.461,2024,Monaco,R,21.596499999999995,46.318000000000005,0.0,47,Mid,1:18.461
HAM,Mercedes,53.0,0 days 00:01:16.458000,HARD,3.0,1,True,76.458,2024,Monaco,R,21.596499999999995,46.318000000000005,0.0,0,Late,1:16.458
HAM,Mercedes,54.0,0 days 00:01:16.388000,HARD,3.0,1,True,76.388,2024,Monaco,R,21.596499999999995,46.318000000000005,0.0,1,Late,1:16.388
HAM,Mercedes,55.0,0 days 00:01:16.492000,HARD,3.0,1,True,76.492,2024,Monaco,R,21.596499999999995,46.318000000000005,0.0,2,Late,1:16.492
HAM,Mercedes,56.0,0 days 00:01:14.423000,HARD,3.0,1,True,74.423,2024,Monaco,R,21.596499999999995,46.318000000000005,0.0,3,Late,1:14.423
HAM,Mercedes,57.0,0 days 00:01:17.857000,HARD,3.0,1,True,77.857,2024,Monaco,R,21.596499999999995,46.318000000000005,0.0,4,Late,1:17.857
HAM,Mercedes,58.0,0 days 00:01:16.855000,HARD,3.0,1,True,76.855,2024,Monaco,R,21.596499999999995,46.318000000000005,0.0,5,Late,1:16.855
HAM,Mercedes,59.0,0 days 00:01:14.204000,HARD,3.0,1,True,74.204,2024,Monaco,R,21.596499999999995,46.318000000000005,0.0,6,Late,1:14.204
HAM,Mercedes,60.0,0 days 00:01:15.848000,HARD,3.0,1,True,75.848,2024,Monaco,R,21.596499999999995,46.318000000000005,0.0,7,Late,1:15.848
HAM,Mercedes,61.0,0 days 00:01:15.274000,HARD,3.0,1,True,75.274,2024,Monaco,R,21.596499999999995,46.318000000000005,0.0,8,Late,1:15.274
HAM,Mercedes,62.0,0 days 00:01:15.414000,HARD,3.0,1,True,75.414,2024,Monaco,R,21.596499999999995,46.318000000000005,0.0,9,Late,1:15.414
HAM,Mercedes,63.0,0 days 00:01:14.165000,HARD,3.0,1,True,74.165,2024,Monaco,R,21.596499999999995,46.318000000000005,0.0,10,Late,1:14.165
HAM,Mercedes,64.0,0 days 00:01:16.164000,HARD,3.0,1,True,76.164,2024,Monaco,R,21.596499999999995,46.318000000000005,0.0,11,Late,1:16.164
HAM,Mercedes,65.0,0 days 00:01:15.190000,HARD,3.0,1,True,75.19,2024,Monaco,R,21.596499999999995,46.318000000000005,0.0,12,Late,1:15.190
HAM,Mercedes,66.0,0 days 00:01:15.342000,HARD,3.0,1,True,75.342,2024,Monaco,R,21.596499999999995,46.318000000000005,0.0,13,Late,1:15.342
HAM,Mercedes,67.0,0 days 00:01:16.117000,HARD,3.0,1,True,76.117,2024,Monaco,R,21.596499999999995,46.318000000000005,0.0,14,Late,1:16.117
HAM,Mercedes,68.0,0 days 00:01:15.836000,HARD,3.0,1,True,75.836,2024,Monaco,R,21.596499999999995,46.318000000000005,0.0,15,Late,1:15.836
HAM,Mercedes,69.0,0 days 00:01:15.648000,HARD,3.0,1,True,75.648,2024,Monaco,R,21.596499999999995,46.318000000000005,0.0,16,Late,1:15.648
HAM,Mercedes,70.0,0 days 00:01:15.638000,HARD,3.0,1,True,75.638,2024,Monaco,R,21.596499999999995,46.318000000000005,0.0,17,Late,1:15.638
HAM,Mercedes,71.0,0 days 00:01:15.643000,HARD,3.0,1,True,75.643,2024,Monaco,R,21.596499999999995,46.318000000000005,0.0,18,Late,1:15.643
HAM,Mercedes,72.0,0 days 00:01:15.468000,HARD,3.0,1,True,75.468,2024,Monaco,R,21.596499999999995,46.318000000000005,0.0,19,Late,1:15.468
HAM,Mercedes,73.0,0 days 00:01:15.134000,HARD,3.0,1,True,75.134,2024,Monaco,R,21.596499999999995,46.318000000000005,0.0,20,Late,1:15.134
HAM,Mercedes,74.0,0 days 00:01:15.324000,HARD,3.0,1,True,75.324,2024,Monaco,R,21.596499999999995,46.318000000000005,0.0,21,Late,1:15.324
HAM,Mercedes,75.0,0 days 00:01:15.324000,HARD,3.0,1,True,75.324,2024,Monaco,R,21.596499999999995,46.318000000000005,0.0,22,Late,1:15.324
HAM,Mercedes,76.0,0 days 00:01:15.245000,HARD,3.0,1,True,75.245,2024,Monaco,R,21.596499999999995,46.318000000000005,0.0,23,Late,1:15.245
HAM,Mercedes,77.0,0 days 00:01:15.697000,HARD,3.0,1,True,75.697,2024,Monaco,R,21.596499999999995,46.318000000000005,0.0,24,Late,1:15.697
HAM,Mercedes,78.0,0 days 00:01:16.355000,HARD,3.0,1,True,76.355,2024,Monaco,R,21.596499999999995,46.318000000000005,0.0,25,Late,1:16.355
LEC,Ferrari,3.0,0 days 00:01:24.624000,HARD,2.0,1,True,84.624,2024,Monaco,R,21.596499999999995,46.318000000000005,0.0,0,Early,1:24.624
LEC,Ferrari,4.0,0 days 00:01:22.625000,HARD,2.0,1,True,82.625,2024,Monaco,R,21.596499999999995,46.318000000000005,0.0,1,Early,1:22.625
LEC,Ferrari,5.0,0 days 00:01:21.795000,HARD,2.0,1,True,81.795,2024,Monaco,R,21.596499999999995,46.318000000000005,0.0,2,Early,1:21.795
LEC,Ferrari,6.0,0 days 00:01:21.145000,HARD,2.0,1,True,81.145,2024,Monaco,R,21.596499999999995,46.318000000000005,0.0,3,Early,1:21.145
LEC,Ferrari,7.0,0 days 00:01:20.980000,HARD,2.0,1,True,80.98,2024,Monaco,R,21.596499999999995,46.318000000000005,0.0,4,Early,1:20.980
LEC,Ferrari,8.0,0 days 00:01:21.030000,HARD,2.0,1,True,81.03,2024,Monaco,R,21.596499999999995,46.318000000000005,0.0,5,Early,1:21.030
LEC,Ferrari,9.0,0 days 00:01:20.114000,HARD,2.0,1,True,80.114,2024,Monaco,R,21.596499999999995,46.318000000000005,0.0,6,Early,1:20.114
LEC,Ferrari,10.0,0 days 00:01:20.775000,HARD,2.0,1,True,80.775,2024,Monaco,R,21.596499999999995,46.318000000000005,0.0,7,Early,1:20.775
LEC,Ferrari,11.0,0 days 00:01:21.046000,HARD,2.0,1,True,81.046,2024,Monaco,R,21.596499999999995,46.318000000000005,0.0,8,Early,1:21.046
LEC,Ferrari,12.0,0 days 00:01:20.252000,HARD,2.0,1,True,80.252,2024,Monaco,R,21.596499999999995,46.318000000000005,0.0,9,Early,1:20.252
LEC,Ferrari,13.0,0 days 00:01:19.017000,HARD,2.0,1,True,79.017,2024,Monaco,R,21.596499999999995,46.318000000000005,0.0,10,Early,1:19.017
LEC,Ferrari,14.0,0 days 00:01:19.913000,HARD,2.0,1,True,79.913,2024,Monaco,R,21.596499999999995,46.318000000000005,0.0,11,Early,1:19.913
LEC,Ferrari,15.0,0 days 00:01:19.838000,HARD,2.0,1,True,79.838,2024,Monaco,R,21.596499999999995,46.318000000000005,0.0,12,Early,1:19.838
LEC,Ferrari,16.0,0 days 00:01:20.156000,HARD,2.0,1,True,80.156,2024,Monaco,R,21.596499999999995,46.318000000000005,0.0,13,Early,1:20.156
LEC,Ferrari,17.0,0 days 00:01:20.279000,HARD,2.0,1,True,80.279,2024,Monaco,R,21.596499999999995,46.318000000000005,0.0,14,Early,1:20.279
LEC,Ferrari,18.0,0 days 00:01:19.580000,HARD,2.0,1,True,79.58,2024,Monaco,R,21.596499999999995,46.318000000000005,0.0,15,Early,1:19.580
LEC,Ferrari,19.0,0 days 00:01:18.842000,HARD,2.0,1,True,78.842,2024,Monaco,R,21.596499999999995,46.318000000000005,0.0,16,Early,1:18.842
LEC,Ferrari,20.0,0 days 00:01:18.724000,HARD,2.0,1,True,78.724,2024,Monaco,R,21.596499999999995,46.318000000000005,0.0,17,Early,1:18.724
LEC,Ferrari,21.0,0 days 00:01:18.472000,HARD,2.0,1,True,78.472,2024,Monaco,R,21.596499999999995,46.318000000000005,0.0,18,Early,1:18.472
LEC,Ferrari,22.0,0 days 00:01:18.620000,HARD,2.0,1,True,78.62,2024,Monaco,R,21.596499999999995,46.318000000000005,0.0,19,Early,1:18.620
LEC,Ferrari,23.0,0 days 00:01:18.458000,HARD,2.0,1,True,78.458,2024,Monaco,R,21.596499999999995,46.318000000000005,0.0,20,Early,1:18.458
LEC,Ferrari,24.0,0 days 00:01:18.725000,HARD,2.0,1,True,78.725,2024,Monaco,R,21.596499999999995,46.318000000000005,0.0,21,Early,1:18.725
LEC,Ferrari,25.0,0 days 00:01:18.973000,HARD,2.0,1,True,78.973,2024,Monaco,R,21.596499999999995,46.318000000000005,0.0,22,Early,1:18.973
LEC,Ferrari,26.0,0 days 00:01:18.445000,HARD,2.0,1,True,78.445,2024,Monaco,R,21.596499999999995,46.318000000000005,0.0,23,Early,1:18.445
LEC,Ferrari,27.0,0 days 00:01:18.351000,HARD,2.0,1,True,78.351,2024,Monaco,R,21.596499999999995,46.318000000000005,0.0,24,Mid,1:18.351
LEC,Ferrari,28.0,0 days 00:01:18.710000,HARD,2.0,1,True,78.71,2024,Monaco,R,21.596499999999995,46.318000000000005,0.0,25,Mid,1:18.710
LEC,Ferrari,29.0,0 days 00:01:19.053000,HARD,2.0,1,True,79.053,2024,Monaco,R,21.596499999999995,46.318000000000005,0.0,26,Mid,1:19.053
LEC,Ferrari,30.0,0 days 00:01:19.935000,HARD,2.0,1,True,79.935,2024,Monaco,R,21.596499999999995,46.318000000000005,0.0,27,Mid,1:19.935
LEC,Ferrari,31.0,0 days 00:01:18.393000,HARD,2.0,1,True,78.393,2024,Monaco,R,21.596499999999995,46.318000000000005,0.0,28,Mid,1:18.393
LEC,Ferrari,32.0,0 days 00:01:19.125000,HARD,2.0,1,True,79.125,2024,Monaco,R,21.596499999999995,46.318000000000005,0.0,29,Mid,1:19.125
LEC,Ferrari,33.0,0 days 00:01:18.494000,HARD,2.0,1,True,78.494,2024,Monaco,R,21.596499999999995,46.318000000000005,0.0,30,Mid,1:18.494
LEC,Ferrari,34.0,0 days 00:01:19.319000,HARD,2.0,1,True,79.319,2024,Monaco,R,21.596499999999995,46.318000000000005,0.0,31,Mid,1:19.319
LEC,Ferrari,35.0,0 days 00:01:18.530000,HARD,2.0,1,True,78.53,2024,Monaco,R,21.596499999999995,46.318000000000005,0.0,32,Mid,1:18.530
LEC,Ferrari,36.0,0 days 00:01:18.689000,HARD,2.0,1,True,78.689,2024,Monaco,R,21.596499999999995,46.318000000000005,0.0,33,Mid,1:18.689
LEC,Ferrari,37.0,0 days 00:01:18.925000,HARD,2.0,1,True,78.925,2024,Monaco,R,21.596499999999995,46.318000000000005,0.0,34,Mid,1:18.925
LEC,Ferrari,38.0,0 days 00:01:18.528000,HARD,2.0,1,True,78.528,2024,Monaco,R,21.596499999999995,46.318000000000005,0.0,35,Mid,1:18.528
LEC,Ferrari,39.0,0 days 00:01:18.181000,HARD,2.0,1,True,78.181,2024,Monaco,R,21.596499999999995,46.318000000000005,0.0,36,Mid,1:18.181
LEC,Ferrari,40.0,0 days 00:01:18.733000,HARD,2.0,1,True,78.733,2024,Monaco,R,21.596499999999995,46.318000000000005,0.0,37,Mid,1:18.733
LEC,Ferrari,41.0,0 days 00:01:18.694000,HARD,2.0,1,True,78.694,2024,Monaco,R,21.596499999999995,46.318000000000005,0.0,38,Mid,1:18.694
LEC,Ferrari,42.0,0 days 00:01:19.277000,HARD,2.0,1,True,79.277,2024,Monaco,R,21.596499999999995,46.318000000000005,0.0,39,Mid,1:19.277
LEC,Ferrari,43.0,0 days 00:01:17.865000,HARD,2.0,1,True,77.865,2024,Monaco,R,21.596499999999995,46.318000000000005,0.0,40,Mid,1:17.865
LEC,Ferrari,44.0,0 days 00:01:18.276000,HARD,2.0,1,True,78.276,2024,Monaco,R,21.596499999999995,46.318000000000005,0.0,41,Mid,1:18.276
LEC,Ferrari,45.0,0 days 00:01:18.541000,HARD,2.0,1,True,78.541,2024,Monaco,R,21.596499999999995,46.318000000000005,0.0,42,Mid,1:18.541
LEC,Ferrari,46.0,0 days 00:01:18.567000,HARD,2.0,1,True,78.567,2024,Monaco,R,21.596499999999995,46.318000000000005,0.0,43,Mid,1:18.567
LEC,Ferrari,47.0,0 days 00:01:19.185000,HARD,2.0,1,True,79.185,2024,Monaco,R,21.596499999999995,46.318000000000005,0.0,44,Mid,1:19.185
LEC,Ferrari,48.0,0 days 00:01:17.941000,HARD,2.0,1,True,77.941,2024,Monaco,R,21.596499999999995,46.318000000000005,0.0,45,Mid,1:17.941
LEC,Ferrari,49.0,0 days 00:01:18.506000,HARD,2.0,1,True,78.506,2024,Monaco,R,21.596499999999995,46.318000000000005,0.0,46,Mid,1:18.506
LEC,Ferrari,50.0,0 days 00:01:18.185000,HARD,2.0,1,True,78.185,2024,Monaco,R,21.596499999999995,46.318000000000005,0.0,47,Mid,1:18.185
LEC,Ferrari,51.0,0 days 00:01:17.790000,HARD,2.0,1,True,77.79,2024,Monaco,R,21.596499999999995,46.318000000000005,0.0,48,Mid,1:17.790
LEC,Ferrari,52.0,0 days 00:01:18.311000,HARD,2.0,1,True,78.311,2024,Monaco,R,21.596499999999995,46.318000000000005,0.0,49,Mid,1:18.311
LEC,Ferrari,53.0,0 days 00:01:17.748000,HARD,2.0,12,True,77.748,2024,Monaco,R,21.596499999999995,46.318000000000005,0.0,50,Late,1:17.748
LEC,Ferrari,54.0,0 days 00:01:17.357000,HARD,2.0,1,True,77.357,2024,Monaco,R,21.596499999999995,46.318000000000005,0.0,51,Late,1:17.357
LEC,Ferrari,55.0,0 days 00:01:17.444000,HARD,2.0,1,True,77.444,2024,Monaco,R,21.596499999999995,46.318000000000005,0.0,52,Late,1:17.444
LEC,Ferrari,56.0,0 days 00:01:17.266000,HARD,2.0,1,True,77.266,2024,Monaco,R,21.596499999999995,46.318000000000005,0.0,53,Late,1:17.266
LEC,Ferrari,57.0,0 days 00:01:17.640000,HARD,2.0,1,True,77.64,2024,Monaco,R,21.596499999999995,46.318000000000005,0.0,54,Late,1:17.640
LEC,Ferrari,58.0,0 days 00:01:17.028000,HARD,2.0,1,True,77.028,2024,Monaco,R,21.596499999999995,46.318000000000005,0.0,55,Late,1:17.028
LEC,Ferrari,59.0,0 days 00:01:17.034000,HARD,2.0,1,True,77.034,2024,Monaco,R,21.596499999999995,46.318000000000005,0.0,56,Late,1:17.034
LEC,Ferrari,60.0,0 days 00:01:16.414000,HARD,2.0,1,True,76.414,2024,Monaco,R,21.596499999999995,46.318000000000005,0.0,57,Late,1:16.414
LEC,Ferrari,61.0,0 days 00:01:16.863000,HARD,2.0,1,True,76.863,2024,Monaco,R,21.596499999999995,46.318000000000005,0.0,58,Late,1:16.863
LEC,Ferrari,62.0,0 days 00:01:17.454000,HARD,2.0,1,True,77.454,2024,Monaco,R,21.596499999999995,46.318000000000005,0.0,59,Late,1:17.454
LEC,Ferrari,63.0,0 days 00:01:16.971000,HARD,2.0,1,True,76.971,2024,Monaco,R,21.596499999999995,46.318000000000005,0.0,60,Late,1:16.971
LEC,Ferrari,64.0,0 days 00:01:16.560000,HARD,2.0,1,True,76.56,2024,Monaco,R,21.596499999999995,46.318000000000005,0.0,61,Late,1:16.560
LEC,Ferrari,65.0,0 days 00:01:16.607000,HARD,2.0,1,True,76.607,2024,Monaco,R,21.596499999999995,46.318000000000005,0.0,62,Late,1:16.607
LEC,Ferrari,66.0,0 days 00:01:16.489000,HARD,2.0,1,True,76.489,2024,Monaco,R,21.596499999999995,46.318000000000005,0.0,63,Late,1:16.489
LEC,Ferrari,67.0,0 days 00:01:15.941000,HARD,2.0,1,True,75.941,2024,Monaco,R,21.596499999999995,46.318000000000005,0.0,64,Late,1:15.941
LEC,Ferrari,68.0,0 days 00:01:16.082000,HARD,2.0,1,True,76.082,2024,Monaco,R,21.596499999999995,46.318000000000005,0.0,65,Late,1:16.082
LEC,Ferrari,69.0,0 days 00:01:16.373000,HARD,2.0,1,True,76.373,2024,Monaco,R,21.596499999999995,46.318000000000005,0.0,66,Late,1:16.373
LEC,Ferrari,70.0,0 days 00:01:15.767000,HARD,2.0,1,True,75.767,2024,Monaco,R,21.596499999999995,46.318000000000005,0.0,67,Late,1:15.767
LEC,Ferrari,71.0,0 days 00:01:15.162000,HARD,2.0,1,True,75.162,2024,Monaco,R,21.596499999999995,46.318000000000005,0.0,68,Late,1:15.162
LEC,Ferrari,72.0,0 days 00:01:15.547000,HARD,2.0,1,True,75.547,2024,Monaco,R,21.596499999999995,46.318000000000005,0.0,69,Late,1:15.547
LEC,Ferrari,73.0,0 days 00:01:16.219000,HARD,2.0,1,True,76.219,2024,Monaco,R,21.596499999999995,46.318000000000005,0.0,70,Late,1:16.219
LEC,Ferrari,74.0,0 days 00:01:16.105000,HARD,2.0,1,True,76.105,2024,Monaco,R,21.596499999999995,46.318000000000005,0.0,71,Late,1:16.105
LEC,Ferrari,75.0,0 days 00:01:16.387000,HARD,2.0,1,True,76.387,2024,Monaco,R,21.596499999999995,46.318000000000005,0.0,72,Late,1:16.387
LEC,Ferrari,76.0,0 days 00:01:16.808000,HARD,2.0,1,True,76.808,2024,Monaco,R,21.596499999999995,46.318000000000005,0.0,73,Late,1:16.808
LEC,Ferrari,77.0,0 days 00:01:16.933000,HARD,2.0,1,True,76.933,2024,Monaco,R,21.596499999999995,46.318000000000005,0.0,74,Late,1:16.933
LEC,Ferrari,78.0,0 days 00:01:18.636000,HARD,2.0,1,True,78.636,2024,Monaco,R,21.596499999999995,46.318000000000005,0.0,75,Late,1:18.636
NOR,McLaren,3.0,0 days 00:01:25.283000,HARD,2.0,1,True,85.283,2024,Monaco,R,21.596499999999995,46.318000000000005,0.0,0,Early,1:25.283
NOR,McLaren,4.0,0 days 00:01:22.782000,HARD,2.0,1,True,82.782,2024,Monaco,R,21.596499999999995,46.318000000000005,0.0,1,Early,1:22.782
NOR,McLaren,5.0,0 days 00:01:22.147000,HARD,2.0,1,True,82.147,2024,Monaco,R,21.596499999999995,46.318000000000005,0.0,2,Early,1:22.147
NOR,McLaren,6.0,0 days 00:01:21.804000,HARD,2.0,1,True,81.804,2024,Monaco,R,21.596499999999995,46.318000000000005,0.0,3,Early,1:21.804
NOR,McLaren,7.0,0 days 00:01:20.828000,HARD,2.0,1,True,80.828,2024,Monaco,R,21.596499999999995,46.318000000000005,0.0,4,Early,1:20.828
NOR,McLaren,8.0,0 days 00:01:20.820000,HARD,2.0,1,True,80.82,2024,Monaco,R,21.596499999999995,46.318000000000005,0.0,5,Early,1:20.820
NOR,McLaren,9.0,0 days 00:01:20.397000,HARD,2.0,1,True,80.397,2024,Monaco,R,21.596499999999995,46.318000000000005,0.0,6,Early,1:20.397
NOR,McLaren,10.0,0 days 00:01:20.972000,HARD,2.0,1,True,80.972,2024,Monaco,R,21.596499999999995,46.318000000000005,0.0,7,Early,1:20.972
NOR,McLaren,11.0,0 days 00:01:20.870000,HARD,2.0,1,True,80.87,2024,Monaco,R,21.596499999999995,46.318000000000005,0.0,8,Early,1:20.870
NOR,McLaren,12.0,0 days 00:01:19.933000,HARD,2.0,1,True,79.933,2024,Monaco,R,21.596499999999995,46.318000000000005,0.0,9,Early,1:19.933
NOR,McLaren,13.0,0 days 00:01:19.820000,HARD,2.0,1,True,79.82,2024,Monaco,R,21.596499999999995,46.318000000000005,0.0,10,Early,1:19.820
NOR,McLaren,14.0,0 days 00:01:19.385000,HARD,2.0,1,True,79.385,2024,Monaco,R,21.596499999999995,46.318000000000005,0.0,11,Early,1:19.385
NOR,McLaren,15.0,0 days 00:01:19.775000,HARD,2.0,1,True,79.775,2024,Monaco,R,21.596499999999995,46.318000000000005,0.0,12,Early,1:19.775
NOR,McLaren,16.0,0 days 00:01:19.637000,HARD,2.0,1,True,79.637,2024,Monaco,R,21.596499999999995,46.318000000000005,0.0,13,Early,1:19.637
NOR,McLaren,17.0,0 days 00:01:20.337000,HARD,2.0,1,True,80.337,2024,Monaco,R,21.596499999999995,46.318000000000005,0.0,14,Early,1:20.337
NOR,McLaren,18.0,0 days 00:01:19.398000,HARD,2.0,1,True,79.398,2024,Monaco,R,21.596499999999995,46.318000000000005,0.0,15,Early,1:19.398
NOR,McLaren,19.0,0 days 00:01:19.280000,HARD,2.0,1,True,79.28,2024,Monaco,R,21.596499999999995,46.318000000000005,0.0,16,Early,1:19.280
NOR,McLaren,20.0,0 days 00:01:19.043000,HARD,2.0,1,True,79.043,2024,Monaco,R,21.596499999999995,46.318000000000005,0.0,17,Early,1:19.043
NOR,McLaren,21.0,0 days 00:01:18.983000,HARD,2.0,1,True,78.983,2024,Monaco,R,21.596499999999995,46.318000000000005,0.0,18,Early,1:18.983
NOR,McLaren,22.0,0 days 00:01:18.981000,HARD,2.0,1,True,78.981,2024,Monaco,R,21.596499999999995,46.318000000000005,0.0,19,Early,1:18.981
NOR,McLaren,23.0,0 days 00:01:19.194000,HARD,2.0,1,True,79.194,2024,Monaco,R,21.596499999999995,46.318000000000005,0.0,20,Early,1:19.194
NOR,McLaren,24.0,0 days 00:01:18.699000,HARD,2.0,1,True,78.699,2024,Monaco,R,21.596499999999995,46.318000000000005,0.0,21,Early,1:18.699
NOR,McLaren,25.0,0 days 00:01:18.640000,HARD,2.0,1,True,78.64,2024,Monaco,R,21.596499999999995,46.318000000000005,0.0,22,Early,1:18.640
NOR,McLaren,26.0,0 days 00:01:18.396000,HARD,2.0,1,True,78.396,2024,Monaco,R,21.596499999999995,46.318000000000005,0.0,23,Early,1:18.396
NOR,McLaren,27.0,0 days 00:01:18.720000,HARD,2.0,1,True,78.72,2024,Monaco,R,21.596499999999995,46.318000000000005,0.0,24,Mid,1:18.720
NOR,McLaren,28.0,0 days 00:01:19.238000,HARD,2.0,1,True,79.238,2024,Monaco,R,21.596499999999995,46.318000000000005,0.0,25,Mid,1:19.238
NOR,McLaren,29.0,0 days 00:01:18.766000,HARD,2.0,1,True,78.766,2024,Monaco,R,21.596499999999995,46.318000000000005,0.0,26,Mid,1:18.766
NOR,McLaren,30.0,0 days 00:01:18.403000,HARD,2.0,1,True,78.403,2024,Monaco,R,21.596499999999995,46.318000000000005,0.0,27,Mid,1:18.403
NOR,McLaren,31.0,0 days 00:01:18.780000,HARD,2.0,1,True,78.78,2024,Monaco,R,21.596499999999995,46.318000000000005,0.0,28,Mid,1:18.780
NOR,McLaren,32.0,0 days 00:01:19.538000,HARD,2.0,1,True,79.538,2024,Monaco,R,21.596499999999995,46.318000000000005,0.0,29,Mid,1:19.538
NOR,McLaren,33.0,0 days 00:01:19.233000,HARD,2.0,1,True,79.233,2024,Monaco,R,21.596499999999995,46.318000000000005,0.0,30,Mid,1:19.233
NOR,McLaren,34.0,0 days 00:01:19.243000,HARD,2.0,1,True,79.243,2024,Monaco,R,21.596499999999995,46.318000000000005,0.0,31,Mid,1:19.243
NOR,McLaren,35.0,0 days 00:01:18.714000,HARD,2.0,1,True,78.714,2024,Monaco,R,21.596499999999995,46.318000000000005,0.0,32,Mid,1:18.714
NOR,McLaren,36.0,0 days 00:01:18.582000,HARD,2.0,1,True,78.582,2024,Monaco,R,21.596499999999995,46.318000000000005,0.0,33,Mid,1:18.582
NOR,McLaren,37.0,0 days 00:01:17.958000,HARD,2.0,1,True,77.958,2024,Monaco,R,21.596499999999995,46.318000000000005,0.0,34,Mid,1:17.958
NOR,McLaren,38.0,0 days 00:01:17.994000,HARD,2.0,1,True,77.994,2024,Monaco,R,21.596499999999995,46.318000000000005,0.0,35,Mid,1:17.994
NOR,McLaren,39.0,0 days 00:01:18.303000,HARD,2.0,1,True,78.303,2024,Monaco,R,21.596499999999995,46.318000000000005,0.0,36,Mid,1:18.303
NOR,McLaren,40.0,0 days 00:01:18.824000,HARD,2.0,1,True,78.824,2024,Monaco,R,21.596499999999995,46.318000000000005,0.0,37,Mid,1:18.824
NOR,McLaren,41.0,0 days 00:01:18.519000,HARD,2.0,1,True,78.519,2024,Monaco,R,21.596499999999995,46.318000000000005,0.0,38,Mid,1:18.519
NOR,McLaren,42.0,0 days 00:01:19.436000,HARD,2.0,1,True,79.436,2024,Monaco,R,21.596499999999995,46.318000000000005,0.0,39,Mid,1:19.436
NOR,McLaren,43.0,0 days 00:01:19.796000,HARD,2.0,1,True,79.796,2024,Monaco,R,21.596499999999995,46.318000000000005,0.0,40,Mid,1:19.796
NOR,McLaren,44.0,0 days 00:01:18.906000,HARD,2.0,1,True,78.906,2024,Monaco,R,21.596499999999995,46.318000000000005,0.0,41,Mid,1:18.906
NOR,McLaren,45.0,0 days 00:01:17.897000,HARD,2.0,1,True,77.897,2024,Monaco,R,21.596499999999995,46.318000000000005,0.0,42,Mid,1:17.897
NOR,McLaren,46.0,0 days 00:01:18.215000,HARD,2.0,1,True,78.215,2024,Monaco,R,21.596499999999995,46.318000000000005,0.0,43,Mid,1:18.215
NOR,McLaren,47.0,0 days 00:01:18.141000,HARD,2.0,1,True,78.141,2024,Monaco,R,21.596499999999995,46.318000000000005,0.0,44,Mid,1:18.141
NOR,McLaren,48.0,0 days 00:01:17.975000,HARD,2.0,1,True,77.975,2024,Monaco,R,21.596499999999995,46.318000000000005,0.0,45,Mid,1:17.975
NOR,McLaren,49.0,0 days 00:01:18.177000,HARD,2.0,1,True,78.177,2024,Monaco,R,21.596499999999995,46.318000000000005,0.0,46,Mid,1:18.177
NOR,McLaren,50.0,0 days 00:01:18.218000,HARD,2.0,1,True,78.218,2024,Monaco,R,21.596499999999995,46.318000000000005,0.0,47,Mid,1:18.218
NOR,McLaren,51.0,0 days 00:01:17.772000,HARD,2.0,1,True,77.772,2024,Monaco,R,21.596499999999995,46.318000000000005,0.0,48,Mid,1:17.772
NOR,McLaren,52.0,0 days 00:01:18.223000,HARD,2.0,1,True,78.223,2024,Monaco,R,21.596499999999995,46.318000000000005,0.0,49,Mid,1:18.223
NOR,McLaren,53.0,0 days 00:01:17.570000,HARD,2.0,12,True,77.57,2024,Monaco,R,21.596499999999995,46.318000000000005,0.0,50,Late,1:17.570
NOR,McLaren,54.0,0 days 00:01:17.838000,HARD,2.0,1,True,77.838,2024,Monaco,R,21.596499999999995,46.318000000000005,0.0,51,Late,1:17.838
NOR,McLaren,55.0,0 days 00:01:18.382000,HARD,2.0,1,True,78.382,2024,Monaco,R,21.596499999999995,46.318000000000005,0.0,52,Late,1:18.382
NOR,McLaren,56.0,0 days 00:01:18.155000,HARD,2.0,1,True,78.155,2024,Monaco,R,21.596499999999995,46.318000000000005,0.0,53,Late,1:18.155
NOR,McLaren,57.0,0 days 00:01:17.815000,HARD,2.0,1,True,77.815,2024,Monaco,R,21.596499999999995,46.318000000000005,0.0,54,Late,1:17.815
NOR,McLaren,58.0,0 days 00:01:17.395000,HARD,2.0,1,True,77.395,2024,Monaco,R,21.596499999999995,46.318000000000005,0.0,55,Late,1:17.395
NOR,McLaren,59.0,0 days 00:01:17.122000,HARD,2.0,1,True,77.122,2024,Monaco,R,21.596499999999995,46.318000000000005,0.0,56,Late,1:17.122
NOR,McLaren,60.0,0 days 00:01:16.695000,HARD,2.0,1,True,76.695,2024,Monaco,R,21.596499999999995,46.318000000000005,0.0,57,Late,1:16.695
NOR,McLaren,61.0,0 days 00:01:17.614000,HARD,2.0,1,True,77.614,2024,Monaco,R,21.596499999999995,46.318000000000005,0.0,58,Late,1:17.614
NOR,McLaren,62.0,0 days 00:01:16.026000,HARD,2.0,1,True,76.026,2024,Monaco,R,21.596499999999995,46.318000000000005,0.0,59,Late,1:16.026
NOR,McLaren,63.0,0 days 00:01:16.876000,HARD,2.0,1,True,76.876,2024,Monaco,R,21.596499999999995,46.318000000000005,0.0,60,Late,1:16.876
NOR,McLaren,64.0,0 days 00:01:15.742000,HARD,2.0,1,True,75.742,2024,Monaco,R,21.596499999999995,46.318000000000005,0.0,61,Late,1:15.742
NOR,McLaren,65.0,0 days 00:01:17.143000,HARD,2.0,1,True,77.143,2024,Monaco,R,21.596499999999995,46.318000000000005,0.0,62,Late,1:17.143
NOR,McLaren,66.0,0 days 00:01:16.214000,HARD,2.0,1,True,76.214,2024,Monaco,R,21.596499999999995,46.318000000000005,0.0,63,Late,1:16.214
NOR,McLaren,67.0,0 days 00:01:16.115000,HARD,2.0,1,True,76.115,2024,Monaco,R,21.596499999999995,46.318000000000005,0.0,64,Late,1:16.115
NOR,McLaren,68.0,0 days 00:01:16.172000,HARD,2.0,1,True,76.172,2024,Monaco,R,21.596499999999995,46.318000000000005,0.0,65,Late,1:16.172
NOR,McLaren,69.0,0 days 00:01:16.314000,HARD,2.0,1,True,76.314,2024,Monaco,R,21.596499999999995,46.318000000000005,0.0,66,Late,1:16.314
NOR,McLaren,70.0,0 days 00:01:17.213000,HARD,2.0,1,True,77.213,2024,Monaco,R,21.596499999999995,46.318000000000005,0.0,67,Late,1:17.213
NOR,McLaren,71.0,0 days 00:01:16.609000,HARD,2.0,1,True,76.609,2024,Monaco,R,21.596499999999995,46.318000000000005,0.0,68,Late,1:16.609
NOR,McLaren,72.0,0 days 00:01:16.801000,HARD,2.0,1,True,76.801,2024,Monaco,R,21.596499999999995,46.318000000000005,0.0,69,Late,1:16.801
NOR,McLaren,73.0,0 days 00:01:16.285000,HARD,2.0,1,True,76.285,2024,Monaco,R,21.596499999999995,46.318000000000005,0.0,70,Late,1:16.285
NOR,McLaren,74.0,0 days 00:01:16.429000,HARD,2.0,1,True,76.429,2024,Monaco,R,21.596499999999995,46.318000000000005,0.0,71,Late,1:16.429
NOR,McLaren,75.0,0 days 00:01:16.517000,HARD,2.0,1,True,76.517,2024,Monaco,R,21.596499999999995,46.318000000000005,0.0,72,Late,1:16.517
NOR,McLaren,76.0,0 days 00:01:16.671000,HARD,2.0,1,True,76.671,2024,Monaco,R,21.596499999999995,46.318000000000005,0.0,73,Late,1:16.671
NOR,McLaren,77.0,0 days 00:01:16.512000,HARD,2.0,1,True,76.512,2024,Monaco,R,21.596499999999995,46.318000000000005,0.0,74,Late,1:16.512
NOR,McLaren,78.0,0 days 00:01:17.296000,HARD,2.0,1,True,77.296,2024,Monaco,R,21.596499999999995,46.318000000000005,0.0,75,Late,1:17.296
PIA,McLaren,3.0,0 days 00:01:24.953000,HARD,2.0,1,True,84.953,2024,Monaco,R,21.596499999999995,46.318000000000005,0.0,0,Early,1:24.953
PIA,McLaren,4.0,0 days 00:01:22.314000,HARD,2.0,1,True,82.314,2024,Monaco,R,21.596499999999995,46.318000000000005,0.0,1,Early,1:22.314
PIA,McLaren,5.0,0 days 00:01:22.019000,HARD,2.0,1,True,82.019,2024,Monaco,R,21.596499999999995,46.318000000000005,0.0,2,Early,1:22.019
PIA,McLaren,6.0,0 days 00:01:21.354000,HARD,2.0,1,True,81.354,2024,Monaco,R,21.596499999999995,46.318000000000005,0.0,3,Early,1:21.354
PIA,McLaren,7.0,0 days 00:01:20.808000,HARD,2.0,1,True,80.808,2024,Monaco,R,21.596499999999995,46.318000000000005,0.0,4,Early,1:20.808
PIA,McLaren,8.0,0 days 00:01:21.058000,HARD,2.0,1,True,81.058,2024,Monaco,R,21.596499999999995,46.318000000000005,0.0,5,Early,1:21.058
PIA,McLaren,9.0,0 days 00:01:19.906000,HARD,2.0,1,True,79.906,2024,Monaco,R,21.596499999999995,46.318000000000005,0.0,6,Early,1:19.906
PIA,McLaren,10.0,0 days 00:01:20.890000,HARD,2.0,1,True,80.89,2024,Monaco,R,21.596499999999995,46.318000000000005,0.0,7,Early,1:20.890
PIA,McLaren,11.0,0 days 00:01:20.898000,HARD,2.0,1,True,80.898,2024,Monaco,R,21.596499999999995,46.318000000000005,0.0,8,Early,1:20.898
PIA,McLaren,12.0,0 days 00:01:20.135000,HARD,2.0,1,True,80.135,2024,Monaco,R,21.596499999999995,46.318000000000005,0.0,9,Early,1:20.135
PIA,McLaren,13.0,0 days 00:01:18.745000,HARD,2.0,1,True,78.745,2024,Monaco,R,21.596499999999995,46.318000000000005,0.0,10,Early,1:18.745
PIA,McLaren,14.0,0 days 00:01:20.014000,HARD,2.0,1,True,80.014,2024,Monaco,R,21.596499999999995,46.318000000000005,0.0,11,Early,1:20.014
PIA,McLaren,15.0,0 days 00:01:20.264000,HARD,2.0,1,True,80.264,2024,Monaco,R,21.596499999999995,46.318000000000005,0.0,12,Early,1:20.264
PIA,McLaren,16.0,0 days 00:01:19.829000,HARD,2.0,1,True,79.829,2024,Monaco,R,21.596499999999995,46.318000000000005,0.0,13,Early,1:19.829
PIA,McLaren,17.0,0 days 00:01:20.028000,HARD,2.0,1,True,80.028,2024,Monaco,R,21.596499999999995,46.318000000000005,0.0,14,Early,1:20.028
PIA,McLaren,18.0,0 days 00:01:19.832000,HARD,2.0,1,True,79.832,2024,Monaco,R,21.596499999999995,46.318000000000005,0.0,15,Early,1:19.832
PIA,McLaren,19.0,0 days 00:01:19.179000,HARD,2.0,1,True,79.179,2024,Monaco,R,21.596499999999995,46.318000000000005,0.0,16,Early,1:19.179
PIA,McLaren,20.0,0 days 00:01:19.055000,HARD,2.0,1,True,79.055,2024,Monaco,R,21.596499999999995,46.318000000000005,0.0,17,Early,1:19.055
PIA,McLaren,21.0,0 days 00:01:18.601000,HARD,2.0,1,True,78.601,2024,Monaco,R,21.596499999999995,46.318000000000005,0.0,18,Early,1:18.601
PIA,McLaren,22.0,0 days 00:01:18.585000,HARD,2.0,1,True,78.585,2024,Monaco,R,21.596499999999995,46.318000000000005,0.0,19,Early,1:18.585
PIA,McLaren,23.0,0 days 00:01:18.658000,HARD,2.0,1,True,78.658,2024,Monaco,R,21.596499999999995,46.318000000000005,0.0,20,Early,1:18.658
PIA,McLaren,24.0,0 days 00:01:18.636000,HARD,2.0,1,True,78.636,2024,Monaco,R,21.596499999999995,46.318000000000005,0.0,21,Early,1:18.636
PIA,McLaren,25.0,0 days 00:01:18.784000,HARD,2.0,1,True,78.784,2024,Monaco,R,21.596499999999995,46.318000000000005,0.0,22,Early,1:18.784
PIA,McLaren,26.0,0 days 00:01:18.440000,HARD,2.0,1,True,78.44,2024,Monaco,R,21.596499999999995,46.318000000000005,0.0,23,Early,1:18.440
PIA,McLaren,27.0,0 days 00:01:18.523000,HARD,2.0,1,True,78.523,2024,Monaco,R,21.596499999999995,46.318000000000005,0.0,24,Mid,1:18.523
PIA,McLaren,28.0,0 days 00:01:18.791000,HARD,2.0,1,True,78.791,2024,Monaco,R,21.596499999999995,46.318000000000005,0.0,25,Mid,1:18.791
PIA,McLaren,29.0,0 days 00:01:19.010000,HARD,2.0,1,True,79.01,2024,Monaco,R,21.596499999999995,46.318000000000005,0.0,26,Mid,1:19.010
PIA,McLaren,30.0,0 days 00:01:19.396000,HARD,2.0,1,True,79.396,2024,Monaco,R,21.596499999999995,46.318000000000005,0.0,27,Mid,1:19.396
PIA,McLaren,31.0,0 days 00:01:18.449000,HARD,2.0,1,True,78.449,2024,Monaco,R,21.596499999999995,46.318000000000005,0.0,28,Mid,1:18.449
PIA,McLaren,32.0,0 days 00:01:18.969000,HARD,2.0,1,True,78.969,2024,Monaco,R,21.596499999999995,46.318000000000005,0.0,29,Mid,1:18.969
PIA,McLaren,33.0,0 days 00:01:19.060000,HARD,2.0,1,True,79.06,2024,Monaco,R,21.596499999999995,46.318000000000005,0.0,30,Mid,1:19.060
PIA,McLaren,34.0,0 days 00:01:18.978000,HARD,2.0,1,True,78.978,2024,Monaco,R,21.596499999999995,46.318000000000005,0.0,31,Mid,1:18.978
PIA,McLaren,35.0,0 days 00:01:18.605000,HARD,2.0,1,True,78.605,2024,Monaco,R,21.596499999999995,46.318000000000005,0.0,32,Mid,1:18.605
PIA,McLaren,36.0,0 days 00:01:18.882000,HARD,2.0,1,True,78.882,2024,Monaco,R,21.596499999999995,46.318000000000005,0.0,33,Mid,1:18.882
PIA,McLaren,37.0,0 days 00:01:18.612000,HARD,2.0,1,True,78.612,2024,Monaco,R,21.596499999999995,46.318000000000005,0.0,34,Mid,1:18.612
PIA,McLaren,38.0,0 days 00:01:18.731000,HARD,2.0,1,True,78.731,2024,Monaco,R,21.596499999999995,46.318000000000005,0.0,35,Mid,1:18.731
PIA,McLaren,39.0,0 days 00:01:18.362000,HARD,2.0,1,True,78.362,2024,Monaco,R,21.596499999999995,46.318000000000005,0.0,36,Mid,1:18.362
PIA,McLaren,40.0,0 days 00:01:18.951000,HARD,2.0,1,True,78.951,2024,Monaco,R,21.596499999999995,46.318000000000005,0.0,37,Mid,1:18.951
PIA,McLaren,41.0,0 days 00:01:18.846000,HARD,2.0,1,True,78.846,2024,Monaco,R,21.596499999999995,46.318000000000005,0.0,38,Mid,1:18.846
PIA,McLaren,42.0,0 days 00:01:19.795000,HARD,2.0,1,True,79.795,2024,Monaco,R,21.596499999999995,46.318000000000005,0.0,39,Mid,1:19.795
PIA,McLaren,43.0,0 days 00:01:18.198000,HARD,2.0,1,True,78.198,2024,Monaco,R,21.596499999999995,46.318000000000005,0.0,40,Mid,1:18.198
PIA,McLaren,44.0,0 days 00:01:18.277000,HARD,2.0,1,True,78.277,2024,Monaco,R,21.596499999999995,46.318000000000005,0.0,41,Mid,1:18.277
PIA,McLaren,45.0,0 days 00:01:18.082000,HARD,2.0,1,True,78.082,2024,Monaco,R,21.596499999999995,46.318000000000005,0.0,42,Mid,1:18.082
PIA,McLaren,46.0,0 days 00:01:18.623000,HARD,2.0,1,True,78.623,2024,Monaco,R,21.596499999999995,46.318000000000005,0.0,43,Mid,1:18.623
PIA,McLaren,47.0,0 days 00:01:18.399000,HARD,2.0,1,True,78.399,2024,Monaco,R,21.596499999999995,46.318000000000005,0.0,44,Mid,1:18.399
PIA,McLaren,48.0,0 days 00:01:18.395000,HARD,2.0,1,True,78.395,2024,Monaco,R,21.596499999999995,46.318000000000005,0.0,45,Mid,1:18.395
PIA,McLaren,49.0,0 days 00:01:18.136000,HARD,2.0,1,True,78.136,2024,Monaco,R,21.596499999999995,46.318000000000005,0.0,46,Mid,1:18.136
PIA,McLaren,50.0,0 days 00:01:18.350000,HARD,2.0,1,True,78.35,2024,Monaco,R,21.596499999999995,46.318000000000005,0.0,47,Mid,1:18.350
PIA,McLaren,51.0,0 days 00:01:17.909000,HARD,2.0,1,True,77.909,2024,Monaco,R,21.596499999999995,46.318000000000005,0.0,48,Mid,1:17.909
PIA,McLaren,52.0,0 days 00:01:18.214000,HARD,2.0,1,True,78.214,2024,Monaco,R,21.596499999999995,46.318000000000005,0.0,49,Mid,1:18.214
PIA,McLaren,53.0,0 days 00:01:17.609000,HARD,2.0,12,True,77.609,2024,Monaco,R,21.596499999999995,46.318000000000005,0.0,50,Late,1:17.609
PIA,McLaren,54.0,0 days 00:01:17.362000,HARD,2.0,1,True,77.362,2024,Monaco,R,21.596499999999995,46.318000000000005,0.0,51,Late,1:17.362
PIA,McLaren,55.0,0 days 00:01:17.445000,HARD,2.0,1,True,77.445,2024,Monaco,R,21.596499999999995,46.318000000000005,0.0,52,Late,1:17.445
PIA,McLaren,56.0,0 days 00:01:17.456000,HARD,2.0,1,True,77.456,2024,Monaco,R,21.596499999999995,46.318000000000005,0.0,53,Late,1:17.456
PIA,McLaren,57.0,0 days 00:01:17.300000,HARD,2.0,1,True,77.3,2024,Monaco,R,21.596499999999995,46.318000000000005,0.0,54,Late,1:17.300
PIA,McLaren,58.0,0 days 00:01:17.344000,HARD,2.0,1,True,77.344,2024,Monaco,R,21.596499999999995,46.318000000000005,0.0,55,Late,1:17.344
PIA,McLaren,59.0,0 days 00:01:17.042000,HARD,2.0,1,True,77.042,2024,Monaco,R,21.596499999999995,46.318000000000005,0.0,56,Late,1:17.042
PIA,McLaren,60.0,0 days 00:01:16.617000,HARD,2.0,1,True,76.617,2024,Monaco,R,21.596499999999995,46.318000000000005,0.0,57,Late,1:16.617
PIA,McLaren,61.0,0 days 00:01:16.771000,HARD,2.0,1,True,76.771,2024,Monaco,R,21.596499999999995,46.318000000000005,0.0,58,Late,1:16.771
PIA,McLaren,62.0,0 days 00:01:17.095000,HARD,2.0,1,True,77.095,2024,Monaco,R,21.596499999999995,46.318000000000005,0.0,59,Late,1:17.095
PIA,McLaren,63.0,0 days 00:01:16.921000,HARD,2.0,1,True,76.921,2024,Monaco,R,21.596499999999995,46.318000000000005,0.0,60,Late,1:16.921
PIA,McLaren,64.0,0 days 00:01:16.909000,HARD,2.0,1,True,76.909,2024,Monaco,R,21.596499999999995,46.318000000000005,0.0,61,Late,1:16.909
PIA,McLaren,65.0,0 days 00:01:16.391000,HARD,2.0,1,True,76.391,2024,Monaco,R,21.596499999999995,46.318000000000005,0.0,62,Late,1:16.391
PIA,McLaren,66.0,0 days 00:01:16.640000,HARD,2.0,1,True,76.64,2024,Monaco,R,21.596499999999995,46.318000000000005,0.0,63,Late,1:16.640
PIA,McLaren,67.0,0 days 00:01:16.596000,HARD,2.0,1,True,76.596,2024,Monaco,R,21.596499999999995,46.318000000000005,0.0,64,Late,1:16.596
PIA,McLaren,68.0,0 days 00:01:16.601000,HARD,2.0,1,True,76.601,2024,Monaco,R,21.596499999999995,46.318000000000005,0.0,65,Late,1:16.601
PIA,McLaren,69.0,0 days 00:01:17.371000,HARD,2.0,1,True,77.371,2024,Monaco,R,21.596499999999995,46.318000000000005,0.0,66,Late,1:17.371
PIA,McLaren,70.0,0 days 00:01:17.270000,HARD,2.0,1,True,77.27,2024,Monaco,R,21.596499999999995,46.318000000000005,0.0,67,Late,1:17.270
PIA,McLaren,71.0,0 days 00:01:17.184000,HARD,2.0,1,True,77.184,2024,Monaco,R,21.596499999999995,46.318000000000005,0.0,68,Late,1:17.184
PIA,McLaren,72.0,0 days 00:01:16.652000,HARD,2.0,1,True,76.652,2024,Monaco,R,21.596499999999995,46.318000000000005,0.0,69,Late,1:16.652
PIA,McLaren,73.0,0 days 00:01:16.281000,HARD,2.0,1,True,76.281,2024,Monaco,R,21.596499999999995,46.318000000000005,0.0,70,Late,1:16.281
PIA,McLaren,74.0,0 days 00:01:16.356000,HARD,2.0,1,True,76.356,2024,Monaco,R,21.596499999999995,46.318000000000005,0.0,71,Late,1:16.356
PIA,McLaren,75.0,0 days 00:01:16.644000,HARD,2.0,1,True,76.644,2024,Monaco,R,21.596499999999995,46.318000000000005,0.0,72,Late,1:16.644
PIA,McLaren,76.0,0 days 00:01:16.590000,HARD,2.0,1,True,76.59,2024,Monaco,R,21.596499999999995,46.318000000000005,0.0,73,Late,1:16.590
PIA,McLaren,77.0,0 days 00:01:16.734000,HARD,2.0,1,True,76.734,2024,Monaco,R,21.596499999999995,46.318000000000005,0.0,74,Late,1:16.734
PIA,McLaren,78.0,0 days 00:01:17.126000,HARD,2.0,1,True,77.126,2024,Monaco,R,21.596499999999995,46.318000000000005,0.0,75,Late,1:17.126
RIC,RB,3.0,0 days 00:01:29.656000,HARD,2.0,1,True,89.656,2024,Monaco,R,21.596499999999995,46.318000000000005,0.0,0,Early,1:29.656
RIC,RB,4.0,0 days 00:01:23.524000,HARD,2.0,1,True,83.524,2024,Monaco,R,21.596499999999995,46.318000000000005,0.0,1,Early,1:23.524
RIC,RB,5.0,0 days 00:01:23.744000,HARD,2.0,1,True,83.744,2024,Monaco,R,21.596499999999995,46.318000000000005,0.0,2,Early,1:23.744
RIC,RB,6.0,0 days 00:01:22.748000,HARD,2.0,1,True,82.748,2024,Monaco,R,21.596499999999995,46.318000000000005,0.0,3,Early,1:22.748
RIC,RB,7.0,0 days 00:01:22.747000,HARD,2.0,1,True,82.747,2024,Monaco,R,21.596499999999995,46.318000000000005,0.0,4,Early,1:22.747
RIC,RB,8.0,0 days 00:01:22.433000,HARD,2.0,1,True,82.433,2024,Monaco,R,21.596499999999995,46.318000000000005,0.0,5,Early,1:22.433
RIC,RB,9.0,0 days 00:01:21.528000,HARD,2.0,1,True,81.528,2024,Monaco,R,21.596499999999995,46.318000000000005,0.0,6,Early,1:21.528
RIC,RB,10.0,0 days 00:01:21.976000,HARD,2.0,1,True,81.976,2024,Monaco,R,21.596499999999995,46.318000000000005,0.0,7,Early,1:21.976
RIC,RB,11.0,0 days 00:01:21.530000,HARD,2.0,1,True,81.53,2024,Monaco,R,21.596499999999995,46.318000000000005,0.0,8,Early,1:21.530
RIC,RB,12.0,0 days 00:01:21.277000,HARD,2.0,1,True,81.277,2024,Monaco,R,21.596499999999995,46.318000000000005,0.0,9,Early,1:21.277
RIC,RB,13.0,0 days 00:01:21.416000,HARD,2.0,1,True,81.416,2024,Monaco,R,21.596499999999995,46.318000000000005,0.0,10,Early,1:21.416
RIC,RB,14.0,0 days 00:01:21.391000,HARD,2.0,1,True,81.391,2024,Monaco,R,21.596499999999995,46.318000000000005,0.0,11,Early,1:21.391
RIC,RB,15.0,0 days 00:01:21.177000,HARD,2.0,1,True,81.177,2024,Monaco,R,21.596499999999995,46.318000000000005,0.0,12,Early,1:21.177
RIC,RB,16.0,0 days 00:01:21.125000,HARD,2.0,1,True,81.125,2024,Monaco,R,21.596499999999995,46.318000000000005,0.0,13,Early,1:21.125
RIC,RB,17.0,0 days 00:01:20.862000,HARD,2.0,1,True,80.862,2024,Monaco,R,21.596499999999995,46.318000000000005,0.0,14,Early,1:20.862
RIC,RB,18.0,0 days 00:01:21.108000,HARD,2.0,1,True,81.108,2024,Monaco,R,21.596499999999995,46.318000000000005,0.0,15,Early,1:21.108
RIC,RB,19.0,0 days 00:01:21.310000,HARD,2.0,1,True,81.31,2024,Monaco,R,21.596499999999995,46.318000000000005,0.0,16,Early,1:21.310
RIC,RB,20.0,0 days 00:01:20.942000,HARD,2.0,1,True,80.942,2024,Monaco,R,21.596499999999995,46.318000000000005,0.0,17,Early,1:20.942
RIC,RB,21.0,0 days 00:01:20.817000,HARD,2.0,1,True,80.817,2024,Monaco,R,21.596499999999995,46.318000000000005,0.0,18,Early,1:20.817
RIC,RB,22.0,0 days 00:01:20.849000,HARD,2.0,1,True,80.849,2024,Monaco,R,21.596499999999995,46.318000000000005,0.0,19,Early,1:20.849
RIC,RB,23.0,0 days 00:01:20.662000,HARD,2.0,1,True,80.662,2024,Monaco,R,21.596499999999995,46.318000000000005,0.0,20,Early,1:20.662
RIC,RB,24.0,0 days 00:01:20.348000,HARD,2.0,1,True,80.348,2024,Monaco,R,21.596499999999995,46.318000000000005,0.0,21,Early,1:20.348
RIC,RB,25.0,0 days 00:01:21.029000,HARD,2.0,1,True,81.029,2024,Monaco,R,21.596499999999995,46.318000000000005,0.0,22,Early,1:21.029
RIC,RB,26.0,0 days 00:01:20.691000,HARD,2.0,1,True,80.691,2024,Monaco,R,21.596499999999995,46.318000000000005,0.0,23,Early,1:20.691
RIC,RB,27.0,0 days 00:01:21.365000,HARD,2.0,1,True,81.365,2024,Monaco,R,21.596499999999995,46.318000000000005,0.0,24,Mid,1:21.365
RIC,RB,28.0,0 days 00:01:21.566000,HARD,2.0,1,True,81.566,2024,Monaco,R,21.596499999999995,46.318000000000005,0.0,25,Mid,1:21.566
RIC,RB,29.0,0 days 00:01:21.265000,HARD,2.0,1,True,81.265,2024,Monaco,R,21.596499999999995,46.318000000000005,0.0,26,Mid,1:21.265
RIC,RB,30.0,0 days 00:01:20.900000,HARD,2.0,1,True,80.9,2024,Monaco,R,21.596499999999995,46.318000000000005,0.0,27,Mid,1:20.900
RIC,RB,31.0,0 days 00:01:20.703000,HARD,2.0,1,True,80.703,2024,Monaco,R,21.596499999999995,46.318000000000005,0.0,28,Mid,1:20.703
RIC,RB,32.0,0 days 00:01:20.940000,HARD,2.0,1,True,80.94,2024,Monaco,R,21.596499999999995,46.318000000000005,0.0,29,Mid,1:20.940
RIC,RB,33.0,0 days 00:01:20.395000,HARD,2.0,1,True,80.395,2024,Monaco,R,21.596499999999995,46.318000000000005,0.0,30,Mid,1:20.395
RIC,RB,34.0,0 days 00:01:20.840000,HARD,2.0,1,True,80.84,2024,Monaco,R,21.596499999999995,46.318000000000005,0.0,31,Mid,1:20.840
RIC,RB,35.0,0 days 00:01:20.540000,HARD,2.0,1,True,80.54,2024,Monaco,R,21.596499999999995,46.318000000000005,0.0,32,Mid,1:20.540
RIC,RB,36.0,0 days 00:01:21.126000,HARD,2.0,1,True,81.126,2024,Monaco,R,21.596499999999995,46.318000000000005,0.0,33,Mid,1:21.126
RIC,RB,37.0,0 days 00:01:21.358000,HARD,2.0,1,True,81.358,2024,Monaco,R,21.596499999999995,46.318000000000005,0.0,34,Mid,1:21.358
RIC,RB,38.0,0 days 00:01:21.099000,HARD,2.0,1,True,81.099,2024,Monaco,R,21.596499999999995,46.318000000000005,0.0,35,Mid,1:21.099
RIC,RB,39.0,0 days 00:01:21.255000,HARD,2.0,1,True,81.255,2024,Monaco,R,21.596499999999995,46.318000000000005,0.0,36,Mid,1:21.255
RIC,RB,40.0,0 days 00:01:20.870000,HARD,2.0,1,True,80.87,2024,Monaco,R,21.596499999999995,46.318000000000005,0.0,37,Mid,1:20.870
RIC,RB,41.0,0 days 00:01:25.218000,HARD,2.0,1,True,85.218,2024,Monaco,R,21.596499999999995,46.318000000000005,0.0,38,Mid,1:25.218
RIC,RB,42.0,0 days 00:01:21.527000,HARD,2.0,1,True,81.527,2024,Monaco,R,21.596499999999995,46.318000000000005,0.0,39,Mid,1:21.527
RIC,RB,43.0,0 days 00:01:21.053000,HARD,2.0,1,True,81.053,2024,Monaco,R,21.596499999999995,46.318000000000005,0.0,40,Mid,1:21.053
RIC,RB,44.0,0 days 00:01:18.003000,HARD,2.0,1,True,78.003,2024,Monaco,R,21.596499999999995,46.318000000000005,0.0,41,Mid,1:18.003
RIC,RB,45.0,0 days 00:01:21.761000,HARD,2.0,1,True,81.761,2024,Monaco,R,21.596499999999995,46.318000000000005,0.0,42,Mid,1:21.761
RIC,RB,46.0,0 days 00:01:17.172000,HARD,2.0,1,True,77.172,2024,Monaco,R,21.596499999999995,46.318000000000005,0.0,43,Mid,1:17.172
RIC,RB,47.0,0 days 00:01:21.071000,HARD,2.0,1,True,81.071,2024,Monaco,R,21.596499999999995,46.318000000000005,0.0,44,Mid,1:21.071
RIC,RB,48.0,0 days 00:01:18.282000,HARD,2.0,1,True,78.282,2024,Monaco,R,21.596499999999995,46.318000000000005,0.0,45,Mid,1:18.282
RIC,RB,49.0,0 days 00:01:19.837000,HARD,2.0,1,True,79.837,2024,Monaco,R,21.596499999999995,46.318000000000005,0.0,46,Mid,1:19.837
RIC,RB,50.0,0 days 00:01:19.796000,HARD,2.0,1,True,79.796,2024,Monaco,R,21.596499999999995,46.318000000000005,0.0,47,Mid,1:19.796
RIC,RB,51.0,0 days 00:01:22.683000,HARD,2.0,12,True,82.683,2024,Monaco,R,21.596499999999995,46.318000000000005,0.0,48,Mid,1:22.683
RIC,RB,52.0,0 days 00:01:20.696000,HARD,2.0,21,True,80.696,2024,Monaco,R,21.596499999999995,46.318000000000005,0.0,49,Mid,1:20.696
RIC,RB,53.0,0 days 00:01:20.079000,HARD,2.0,1,True,80.079,2024,Monaco,R,21.596499999999995,46.318000000000005,0.0,50,Late,1:20.079
RIC,RB,54.0,0 days 00:01:19.176000,HARD,2.0,1,True,79.176,2024,Monaco,R,21.596499999999995,46.318000000000005,0.0,51,Late,1:19.176
RIC,RB,55.0,0 days 00:01:19.457000,HARD,2.0,1,True,79.457,2024,Monaco,R,21.596499999999995,46.318000000000005,0.0,52,Late,1:19.457
RIC,RB,56.0,0 days 00:01:22.007000,HARD,2.0,1,True,82.007,2024,Monaco,R,21.596499999999995,46.318000000000005,0.0,53,Late,1:22.007
RIC,RB,57.0,0 days 00:01:19.672000,HARD,2.0,1,True,79.672,2024,Monaco,R,21.596499999999995,46.318000000000005,0.0,54,Late,1:19.672
RIC,RB,58.0,0 days 00:01:19.119000,HARD,2.0,1,True,79.119,2024,Monaco,R,21.596499999999995,46.318000000000005,0.0,55,Late,1:19.119
RIC,RB,59.0,0 days 00:01:18.936000,HARD,2.0,1,True,78.936,2024,Monaco,R,21.596499999999995,46.318000000000005,0.0,56,Late,1:18.936
RIC,RB,60.0,0 days 00:01:19.230000,HARD,2.0,1,True,79.23,2024,Monaco,R,21.596499999999995,46.318000000000005,0.0,57,Late,1:19.230
RIC,RB,61.0,0 days 00:01:18.771000,HARD,2.0,1,True,78.771,2024,Monaco,R,21.596499999999995,46.318000000000005,0.0,58,Late,1:18.771
RIC,RB,62.0,0 days 00:01:18.977000,HARD,2.0,1,True,78.977,2024,Monaco,R,21.596499999999995,46.318000000000005,0.0,59,Late,1:18.977
RIC,RB,63.0,0 days 00:01:18.805000,HARD,2.0,1,True,78.805,2024,Monaco,R,21.596499999999995,46.318000000000005,0.0,60,Late,1:18.805
RIC,RB,64.0,0 days 00:01:18.637000,HARD,2.0,1,True,78.637,2024,Monaco,R,21.596499999999995,46.318000000000005,0.0,61,Late,1:18.637
RIC,RB,65.0,0 days 00:01:18.730000,HARD,2.0,1,True,78.73,2024,Monaco,R,21.596499999999995,46.318000000000005,0.0,62,Late,1:18.730
RIC,RB,66.0,0 days 00:01:18.248000,HARD,2.0,1,True,78.248,2024,Monaco,R,21.596499999999995,46.318000000000005,0.0,63,Late,1:18.248
RIC,RB,67.0,0 days 00:01:18.219000,HARD,2.0,1,True,78.219,2024,Monaco,R,21.596499999999995,46.318000000000005,0.0,64,Late,1:18.219
RIC,RB,68.0,0 days 00:01:18.116000,HARD,2.0,1,True,78.116,2024,Monaco,R,21.596499999999995,46.318000000000005,0.0,65,Late,1:18.116
RIC,RB,69.0,0 days 00:01:18.386000,HARD,2.0,1,True,78.386,2024,Monaco,R,21.596499999999995,46.318000000000005,0.0,66,Late,1:18.386
RIC,RB,70.0,0 days 00:01:18.706000,HARD,2.0,1,True,78.706,2024,Monaco,R,21.596499999999995,46.318000000000005,0.0,67,Late,1:18.706
RIC,RB,71.0,0 days 00:01:18.108000,HARD,2.0,1,True,78.108,2024,Monaco,R,21.596499999999995,46.318000000000005,0.0,68,Late,1:18.108
RIC,RB,72.0,0 days 00:01:18.068000,HARD,2.0,1,True,78.068,2024,Monaco,R,21.596499999999995,46.318000000000005,0.0,69,Late,1:18.068
RIC,RB,73.0,0 days 00:01:18.512000,HARD,2.0,1,True,78.512,2024,Monaco,R,21.596499999999995,46.318000000000005,0.0,70,Late,1:18.512
RIC,RB,74.0,0 days 00:01:20.358000,HARD,2.0,1,True,80.358,2024,Monaco,R,21.596499999999995,46.318000000000005,0.0,71,Late,1:20.358
RIC,RB,75.0,0 days 00:01:18.645000,HARD,2.0,1,True,78.645,2024,Monaco,R,21.596499999999995,46.318000000000005,0.0,72,Late,1:18.645
RIC,RB,76.0,0 days 00:01:18.930000,HARD,2.0,1,True,78.93,2024,Monaco,R,21.596499999999995,46.318000000000005,0.0,73,Late,1:18.930
RUS,Mercedes,3.0,0 days 00:01:25.319000,MEDIUM,2.0,1,True,85.319,2024,Monaco,R,21.596499999999995,46.318000000000005,0.0,0,Early,1:25.319
RUS,Mercedes,4.0,0 days 00:01:22.868000,MEDIUM,2.0,1,True,82.868,2024,Monaco,R,21.596499999999995,46.318000000000005,0.0,1,Early,1:22.868
RUS,Mercedes,5.0,0 days 00:01:23.045000,MEDIUM,2.0,1,True,83.045,2024,Monaco,R,21.596499999999995,46.318000000000005,0.0,2,Early,1:23.045
RUS,Mercedes,6.0,0 days 00:01:23.012000,MEDIUM,2.0,1,True,83.012,2024,Monaco,R,21.596499999999995,46.318000000000005,0.0,3,Early,1:23.012
RUS,Mercedes,7.0,0 days 00:01:21.415000,MEDIUM,2.0,1,True,81.415,2024,Monaco,R,21.596499999999995,46.318000000000005,0.0,4,Early,1:21.415
RUS,Mercedes,8.0,0 days 00:01:21.612000,MEDIUM,2.0,1,True,81.612,2024,Monaco,R,21.596499999999995,46.318000000000005,0.0,5,Early,1:21.612
RUS,Mercedes,9.0,0 days 00:01:21.433000,MEDIUM,2.0,1,True,81.433,2024,Monaco,R,21.596499999999995,46.318000000000005,0.0,6,Early,1:21.433
RUS,Mercedes,10.0,0 days 00:01:21.531000,MEDIUM,2.0,1,True,81.531,2024,Monaco,R,21.596499999999995,46.318000000000005,0.0,7,Early,1:21.531
RUS,Mercedes,11.0,0 days 00:01:21.452000,MEDIUM,2.0,1,True,81.452,2024,Monaco,R,21.596499999999995,46.318000000000005,0.0,8,Early,1:21.452
RUS,Mercedes,12.0,0 days 00:01:20.316000,MEDIUM,2.0,1,True,80.316,2024,Monaco,R,21.596499999999995,46.318000000000005,0.0,9,Early,1:20.316
RUS,Mercedes,13.0,0 days 00:01:20.525000,MEDIUM,2.0,1,True,80.525,2024,Monaco,R,21.596499999999995,46.318000000000005,0.0,10,Early,1:20.525
RUS,Mercedes,14.0,0 days 00:01:20.272000,MEDIUM,2.0,1,True,80.272,2024,Monaco,R,21.596499999999995,46.318000000000005,0.0,11,Early,1:20.272
RUS,Mercedes,15.0,0 days 00:01:20.202000,MEDIUM,2.0,1,True,80.202,2024,Monaco,R,21.596499999999995,46.318000000000005,0.0,12,Early,1:20.202
RUS,Mercedes,16.0,0 days 00:01:19.913000,MEDIUM,2.0,1,True,79.913,2024,Monaco,R,21.596499999999995,46.318000000000005,0.0,13,Early,1:19.913
RUS,Mercedes,17.0,0 days 00:01:20.150000,MEDIUM,2.0,1,True,80.15,2024,Monaco,R,21.596499999999995,46.318000000000005,0.0,14,Early,1:20.150
RUS,Mercedes,18.0,0 days 00:01:19.438000,MEDIUM,2.0,1,True,79.438,2024,Monaco,R,21.596499999999995,46.318000000000005,0.0,15,Early,1:19.438
RUS,Mercedes,19.0,0 days 00:01:20.157000,MEDIUM,2.0,1,True,80.157,2024,Monaco,R,21.596499999999995,46.318000000000005,0.0,16,Early,1:20.157
RUS,Mercedes,20.0,0 days 00:01:20.053000,MEDIUM,2.0,1,True,80.053,2024,Monaco,R,21.596499999999995,46.318000000000005,0.0,17,Early,1:20.053
RUS,Mercedes,21.0,0 days 00:01:19.788000,MEDIUM,2.0,1,True,79.788,2024,Monaco,R,21.596499999999995,46.318000000000005,0.0,18,Early,1:19.788
RUS,Mercedes,22.0,0 days 00:01:19.691000,MEDIUM,2.0,1,True,79.691,2024,Monaco,R,21.596499999999995,46.318000000000005,0.0,19,Early,1:19.691
RUS,Mercedes,23.0,0 days 00:01:19.397000,MEDIUM,2.0,1,True,79.397,2024,Monaco,R,21.596499999999995,46.318000000000005,0.0,20,Early,1:19.397
RUS,Mercedes,24.0,0 days 00:01:19.484000,MEDIUM,2.0,1,True,79.484,2024,Monaco,R,21.596499999999995,46.318000000000005,0.0,21,Early,1:19.484
RUS,Mercedes,25.0,0 days 00:01:18.651000,MEDIUM,2.0,1,True,78.651,2024,Monaco,R,21.596499999999995,46.318000000000005,0.0,22,Early,1:18.651
RUS,Mercedes,26.0,0 days 00:01:19.006000,MEDIUM,2.0,1,True,79.006,2024,Monaco,R,21.596499999999995,46.318000000000005,0.0,23,Early,1:19.006
RUS,Mercedes,27.0,0 days 00:01:18.927000,MEDIUM,2.0,1,True,78.927,2024,Monaco,R,21.596499999999995,46.318000000000005,0.0,24,Mid,1:18.927
RUS,Mercedes,28.0,0 days 00:01:18.679000,MEDIUM,2.0,1,True,78.679,2024,Monaco,R,21.596499999999995,46.318000000000005,0.0,25,Mid,1:18.679
RUS,Mercedes,29.0,0 days 00:01:18.624000,MEDIUM,2.0,1,True,78.624,2024,Monaco,R,21.596499999999995,46.318000000000005,0.0,26,Mid,1:18.624
RUS,Mercedes,30.0,0 days 00:01:18.811000,MEDIUM,2.0,1,True,78.811,2024,Monaco,R,21.596499999999995,46.318000000000005,0.0,27,Mid,1:18.811
RUS,Mercedes,31.0,0 days 00:01:19.101000,MEDIUM,2.0,1,True,79.101,2024,Monaco,R,21.596499999999995,46.318000000000005,0.0,28,Mid,1:19.101
RUS,Mercedes,32.0,0 days 00:01:19.122000,MEDIUM,2.0,1,True,79.122,2024,Monaco,R,21.596499999999995,46.318000000000005,0.0,29,Mid,1:19.122
RUS,Mercedes,33.0,0 days 00:01:18.910000,MEDIUM,2.0,1,True,78.91,2024,Monaco,R,21.596499999999995,46.318000000000005,0.0,30,Mid,1:18.910
RUS,Mercedes,34.0,0 days 00:01:19.379000,MEDIUM,2.0,1,True,79.379,2024,Monaco,R,21.596499999999995,46.318000000000005,0.0,31,Mid,1:19.379
RUS,Mercedes,35.0,0 days 00:01:20.448000,MEDIUM,2.0,1,True,80.448,2024,Monaco,R,21.596499999999995,46.318000000000005,0.0,32,Mid,1:20.448
RUS,Mercedes,36.0,0 days 00:01:19.728000,MEDIUM,2.0,1,True,79.728,2024,Monaco,R,21.596499999999995,46.318000000000005,0.0,33,Mid,1:19.728
RUS,Mercedes,37.0,0 days 00:01:18.757000,MEDIUM,2.0,1,True,78.757,2024,Monaco,R,21.596499999999995,46.318000000000005,0.0,34,Mid,1:18.757
RUS,Mercedes,38.0,0 days 00:01:18.446000,MEDIUM,2.0,1,True,78.446,2024,Monaco,R,21.596499999999995,46.318000000000005,0.0,35,Mid,1:18.446
RUS,Mercedes,39.0,0 days 00:01:18.450000,MEDIUM,2.0,1,True,78.45,2024,Monaco,R,21.596499999999995,46.318000000000005,0.0,36,Mid,1:18.450
RUS,Mercedes,40.0,0 days 00:01:18.139000,MEDIUM,2.0,1,True,78.139,2024,Monaco,R,21.596499999999995,46.318000000000005,0.0,37,Mid,1:18.139
RUS,Mercedes,41.0,0 days 00:01:18.308000,MEDIUM,2.0,1,True,78.308,2024,Monaco,R,21.596499999999995,46.318000000000005,0.0,38,Mid,1:18.308
RUS,Mercedes,42.0,0 days 00:01:18.204000,MEDIUM,2.0,1,True,78.204,2024,Monaco,R,21.596499999999995,46.318000000000005,0.0,39,Mid,1:18.204
RUS,Mercedes,43.0,0 days 00:01:18.684000,MEDIUM,2.0,1,True,78.684,2024,Monaco,R,21.596499999999995,46.318000000000005,0.0,40,Mid,1:18.684
RUS,Mercedes,44.0,0 days 00:01:18.177000,MEDIUM,2.0,1,True,78.177,2024,Monaco,R,21.596499999999995,46.318000000000005,0.0,41,Mid,1:18.177
RUS,Mercedes,45.0,0 days 00:01:18.449000,MEDIUM,2.0,1,True,78.449,2024,Monaco,R,21.596499999999995,46.318000000000005,0.0,42,Mid,1:18.449
RUS,Mercedes,46.0,0 days 00:01:18.387000,MEDIUM,2.0,1,True,78.387,2024,Monaco,R,21.596499999999995,46.318000000000005,0.0,43,Mid,1:18.387
RUS,Mercedes,47.0,0 days 00:01:18.314000,MEDIUM,2.0,1,True,78.314,2024,Monaco,R,21.596499999999995,46.318000000000005,0.0,44,Mid,1:18.314
RUS,Mercedes,48.0,0 days 00:01:18.702000,MEDIUM,2.0,1,True,78.702,2024,Monaco,R,21.596499999999995,46.318000000000005,0.0,45,Mid,1:18.702
RUS,Mercedes,49.0,0 days 00:01:18.985000,MEDIUM,2.0,1,True,78.985,2024,Monaco,R,21.596499999999995,46.318000000000005,0.0,46,Mid,1:18.985
RUS,Mercedes,50.0,0 days 00:01:18.447000,MEDIUM,2.0,1,True,78.447,2024,Monaco,R,21.596499999999995,46.318000000000005,0.0,47,Mid,1:18.447
RUS,Mercedes,51.0,0 days 00:01:18.049000,MEDIUM,2.0,1,True,78.049,2024,Monaco,R,21.596499999999995,46.318000000000005,0.0,48,Mid,1:18.049
RUS,Mercedes,52.0,0 days 00:01:18.602000,MEDIUM,2.0,12,True,78.602,2024,Monaco,R,21.596499999999995,46.318000000000005,0.0,49,Mid,1:18.602
RUS,Mercedes,53.0,0 days 00:01:20.891000,MEDIUM,2.0,21,True,80.891,2024,Monaco,R,21.596499999999995,46.318000000000005,0.0,50,Late,1:20.891
RUS,Mercedes,54.0,0 days 00:01:18.201000,MEDIUM,2.0,1,True,78.201,2024,Monaco,R,21.596499999999995,46.318000000000005,0.0,51,Late,1:18.201
RUS,Mercedes,55.0,0 days 00:01:17.305000,MEDIUM,2.0,1,True,77.305,2024,Monaco,R,21.596499999999995,46.318000000000005,0.0,52,Late,1:17.305
RUS,Mercedes,56.0,0 days 00:01:17.071000,MEDIUM,2.0,1,True,77.071,2024,Monaco,R,21.596499999999995,46.318000000000005,0.0,53,Late,1:17.071
RUS,Mercedes,57.0,0 days 00:01:16.910000,MEDIUM,2.0,1,True,76.91,2024,Monaco,R,21.596499999999995,46.318000000000005,0.0,54,Late,1:16.910
RUS,Mercedes,58.0,0 days 00:01:17.142000,MEDIUM,2.0,1,True,77.142,2024,Monaco,R,21.596499999999995,46.318000000000005,0.0,55,Late,1:17.142
RUS,Mercedes,59.0,0 days 00:01:16.842000,MEDIUM,2.0,1,True,76.842,2024,Monaco,R,21.596499999999995,46.318000000000005,0.0,56,Late,1:16.842
RUS,Mercedes,60.0,0 days 00:01:16.604000,MEDIUM,2.0,1,True,76.604,2024,Monaco,R,21.596499999999995,46.318000000000005,0.0,57,Late,1:16.604
RUS,Mercedes,61.0,0 days 00:01:16.697000,MEDIUM,2.0,1,True,76.697,2024,Monaco,R,21.596499999999995,46.318000000000005,0.0,58,Late,1:16.697
RUS,Mercedes,62.0,0 days 00:01:16.787000,MEDIUM,2.0,1,True,76.787,2024,Monaco,R,21.596499999999995,46.318000000000005,0.0,59,Late,1:16.787
RUS,Mercedes,63.0,0 days 00:01:16.581000,MEDIUM,2.0,1,True,76.581,2024,Monaco,R,21.596499999999995,46.318000000000005,0.0,60,Late,1:16.581
RUS,Mercedes,64.0,0 days 00:01:16.133000,MEDIUM,2.0,1,True,76.133,2024,Monaco,R,21.596499999999995,46.318000000000005,0.0,61,Late,1:16.133
RUS,Mercedes,65.0,0 days 00:01:15.651000,MEDIUM,2.0,1,True,75.651,2024,Monaco,R,21.596499999999995,46.318000000000005,0.0,62,Late,1:15.651
RUS,Mercedes,66.0,0 days 00:01:15.848000,MEDIUM,2.0,1,True,75.848,2024,Monaco,R,21.596499999999995,46.318000000000005,0.0,63,Late,1:15.848
RUS,Mercedes,67.0,0 days 00:01:16.157000,MEDIUM,2.0,1,True,76.157,2024,Monaco,R,21.596499999999995,46.318000000000005,0.0,64,Late,1:16.157
RUS,Mercedes,68.0,0 days 00:01:15.931000,MEDIUM,2.0,1,True,75.931,2024,Monaco,R,21.596499999999995,46.318000000000005,0.0,65,Late,1:15.931
RUS,Mercedes,69.0,0 days 00:01:15.869000,MEDIUM,2.0,1,True,75.869,2024,Monaco,R,21.596499999999995,46.318000000000005,0.0,66,Late,1:15.869
RUS,Mercedes,70.0,0 days 00:01:15.251000,MEDIUM,2.0,1,True,75.251,2024,Monaco,R,21.596499999999995,46.318000000000005,0.0,67,Late,1:15.251
RUS,Mercedes,71.0,0 days 00:01:15.827000,MEDIUM,2.0,1,True,75.827,2024,Monaco,R,21.596499999999995,46.318000000000005,0.0,68,Late,1:15.827
RUS,Mercedes,72.0,0 days 00:01:15.839000,MEDIUM,2.0,1,True,75.839,2024,Monaco,R,21.596499999999995,46.318000000000005,0.0,69,Late,1:15.839
RUS,Mercedes,73.0,0 days 00:01:15.228000,MEDIUM,2.0,1,True,75.228,2024,Monaco,R,21.596499999999995,46.318000000000005,0.0,70,Late,1:15.228
RUS,Mercedes,74.0,0 days 00:01:15.376000,MEDIUM,2.0,1,True,75.376,2024,Monaco,R,21.596499999999995,46.318000000000005,0.0,71,Late,1:15.376
RUS,Mercedes,75.0,0 days 00:01:15.525000,MEDIUM,2.0,1,True,75.525,2024,Monaco,R,21.596499999999995,46.318000000000005,0.0,72,Late,1:15.525
RUS,Mercedes,76.0,0 days 00:01:15.753000,MEDIUM,2.0,1,True,75.753,2024,Monaco,R,21.596499999999995,46.318000000000005,0.0,73,Late,1:15.753
RUS,Mercedes,77.0,0 days 00:01:15.532000,MEDIUM,2.0,1,True,75.532,2024,Monaco,R,21.596499999999995,46.318000000000005,0.0,74,Late,1:15.532
RUS,Mercedes,78.0,0 days 00:01:16.303000,MEDIUM,2.0,1,True,76.303,2024,Monaco,R,21.596499999999995,46.318000000000005,0.0,75,Late,1:16.303
SAI,Ferrari,3.0,0 days 00:01:25.012000,HARD,2.0,1,True,85.012,2024,Monaco,R,21.596499999999995,46.318000000000005,0.0,0,Early,1:25.012
SAI,Ferrari,4.0,0 days 00:01:22.358000,HARD,2.0,1,True,82.358,2024,Monaco,R,21.596499999999995,46.318000000000005,0.0,1,Early,1:22.358
SAI,Ferrari,5.0,0 days 00:01:21.978000,HARD,2.0,1,True,81.978,2024,Monaco,R,21.596499999999995,46.318000000000005,0.0,2,Early,1:21.978
SAI,Ferrari,6.0,0 days 00:01:21.163000,HARD,2.0,1,True,81.163,2024,Monaco,R,21.596499999999995,46.318000000000005,0.0,3,Early,1:21.163
SAI,Ferrari,7.0,0 days 00:01:21.466000,HARD,2.0,1,True,81.466,2024,Monaco,R,21.596499999999995,46.318000000000005,0.0,4,Early,1:21.466
SAI,Ferrari,8.0,0 days 00:01:20.272000,HARD,2.0,1,True,80.272,2024,Monaco,R,21.596499999999995,46.318000000000005,0.0,5,Early,1:20.272
SAI,Ferrari,9.0,0 days 00:01:20.525000,HARD,2.0,1,True,80.525,2024,Monaco,R,21.596499999999995,46.318000000000005,0.0,6,Early,1:20.525
SAI,Ferrari,10.0,0 days 00:01:21.259000,HARD,2.0,1,True,81.259,2024,Monaco,R,21.596499999999995,46.318000000000005,0.0,7,Early,1:21.259
SAI,Ferrari,11.0,0 days 00:01:20.246000,HARD,2.0,1,True,80.246,2024,Monaco,R,21.596499999999995,46.318000000000005,0.0,8,Early,1:20.246
SAI,Ferrari,12.0,0 days 00:01:19.974000,HARD,2.0,1,True,79.974,2024,Monaco,R,21.596499999999995,46.318000000000005,0.0,9,Early,1:19.974
SAI,Ferrari,13.0,0 days 00:01:20.017000,HARD,2.0,1,True,80.017,2024,Monaco,R,21.596499999999995,46.318000000000005,0.0,10,Early,1:20.017
SAI,Ferrari,14.0,0 days 00:01:19.480000,HARD,2.0,1,True,79.48,2024,Monaco,R,21.596499999999995,46.318000000000005,0.0,11,Early,1:19.480
SAI,Ferrari,15.0,0 days 00:01:19.543000,HARD,2.0,1,True,79.543,2024,Monaco,R,21.596499999999995,46.318000000000005,0.0,12,Early,1:19.543
SAI,Ferrari,16.0,0 days 00:01:20.579000,HARD,2.0,1,True,80.579,2024,Monaco,R,21.596499999999995,46.318000000000005,0.0,13,Early,1:20.579
SAI,Ferrari,17.0,0 days 00:01:20.076000,HARD,2.0,1,True,80.076,2024,Monaco,R,21.596499999999995,46.318000000000005,0.0,14,Early,1:20.076
SAI,Ferrari,18.0,0 days 00:01:19.177000,HARD,2.0,1,True,79.177,2024,Monaco,R,21.596499999999995,46.318000000000005,0.0,15,Early,1:19.177
SAI,Ferrari,19.0,0 days 00:01:19.445000,HARD,2.0,1,True,79.445,2024,Monaco,R,21.596499999999995,46.318000000000005,0.0,16,Early,1:19.445
SAI,Ferrari,20.0,0 days 00:01:19.403000,HARD,2.0,1,True,79.403,2024,Monaco,R,21.596499999999995,46.318000000000005,0.0,17,Early,1:19.403
SAI,Ferrari,21.0,0 days 00:01:18.917000,HARD,2.0,1,True,78.917,2024,Monaco,R,21.596499999999995,46.318000000000005,0.0,18,Early,1:18.917
SAI,Ferrari,22.0,0 days 00:01:18.889000,HARD,2.0,1,True,78.889,2024,Monaco,R,21.596499999999995,46.318000000000005,0.0,19,Early,1:18.889
SAI,Ferrari,23.0,0 days 00:01:18.993000,HARD,2.0,1,True,78.993,2024,Monaco,R,21.596499999999995,46.318000000000005,0.0,20,Early,1:18.993
SAI,Ferrari,24.0,0 days 00:01:18.568000,HARD,2.0,1,True,78.568,2024,Monaco,R,21.596499999999995,46.318000000000005,0.0,21,Early,1:18.568
SAI,Ferrari,25.0,0 days 00:01:18.537000,HARD,2.0,1,True,78.537,2024,Monaco,R,21.596499999999995,46.318000000000005,0.0,22,Early,1:18.537
SAI,Ferrari,26.0,0 days 00:01:18.088000,HARD,2.0,1,True,78.088,2024,Monaco,R,21.596499999999995,46.318000000000005,0.0,23,Early,1:18.088
SAI,Ferrari,27.0,0 days 00:01:19.490000,HARD,2.0,1,True,79.49,2024,Monaco,R,21.596499999999995,46.318000000000005,0.0,24,Mid,1:19.490
SAI,Ferrari,28.0,0 days 00:01:19.281000,HARD,2.0,1,True,79.281,2024,Monaco,R,21.596499999999995,46.318000000000005,0.0,25,Mid,1:19.281
SAI,Ferrari,29.0,0 days 00:01:18.697000,HARD,2.0,1,True,78.697,2024,Monaco,R,21.596499999999995,46.318000000000005,0.0,26,Mid,1:18.697
SAI,Ferrari,30.0,0 days 00:01:17.326000,HARD,2.0,1,True,77.326,2024,Monaco,R,21.596499999999995,46.318000000000005,0.0,27,Mid,1:17.326
SAI,Ferrari,31.0,0 days 00:01:19.784000,HARD,2.0,1,True,79.784,2024,Monaco,R,21.596499999999995,46.318000000000005,0.0,28,Mid,1:19.784
SAI,Ferrari,32.0,0 days 00:01:20.136000,HARD,2.0,1,True,80.136,2024,Monaco,R,21.596499999999995,46.318000000000005,0.0,29,Mid,1:20.136
SAI,Ferrari,33.0,0 days 00:01:18.778000,HARD,2.0,1,True,78.778,2024,Monaco,R,21.596499999999995,46.318000000000005,0.0,30,Mid,1:18.778
SAI,Ferrari,34.0,0 days 00:01:19.013000,HARD,2.0,1,True,79.013,2024,Monaco,R,21.596499999999995,46.318000000000005,0.0,31,Mid,1:19.013
SAI,Ferrari,35.0,0 days 00:01:18.465000,HARD,2.0,1,True,78.465,2024,Monaco,R,21.596499999999995,46.318000000000005,0.0,32,Mid,1:18.465
SAI,Ferrari,36.0,0 days 00:01:19.275000,HARD,2.0,1,True,79.275,2024,Monaco,R,21.596499999999995,46.318000000000005,0.0,33,Mid,1:19.275
SAI,Ferrari,37.0,0 days 00:01:17.577000,HARD,2.0,1,True,77.577,2024,Monaco,R,21.596499999999995,46.318000000000005,0.0,34,Mid,1:17.577
SAI,Ferrari,38.0,0 days 00:01:18.412000,HARD,2.0,1,True,78.412,2024,Monaco,R,21.596499999999995,46.318000000000005,0.0,35,Mid,1:18.412
SAI,Ferrari,39.0,0 days 00:01:18.310000,HARD,2.0,1,True,78.31,2024,Monaco,R,21.596499999999995,46.318000000000005,0.0,36,Mid,1:18.310
SAI,Ferrari,40.0,0 days 00:01:18.653000,HARD,2.0,1,True,78.653,2024,Monaco,R,21.596499999999995,46.318000000000005,0.0,37,Mid,1:18.653
SAI,Ferrari,41.0,0 days 00:01:18.714000,HARD,2.0,1,True,78.714,2024,Monaco,R,21.596499999999995,46.318000000000005,0.0,38,Mid,1:18.714
SAI,Ferrari,42.0,0 days 00:01:19.171000,HARD,2.0,1,True,79.171,2024,Monaco,R,21.596499999999995,46.318000000000005,0.0,39,Mid,1:19.171
SAI,Ferrari,43.0,0 days 00:01:19.594000,HARD,2.0,1,True,79.594,2024,Monaco,R,21.596499999999995,46.318000000000005,0.0,40,Mid,1:19.594
SAI,Ferrari,44.0,0 days 00:01:18.762000,HARD,2.0,1,True,78.762,2024,Monaco,R,21.596499999999995,46.318000000000005,0.0,41,Mid,1:18.762
SAI,Ferrari,45.0,0 days 00:01:17.885000,HARD,2.0,1,True,77.885,2024,Monaco,R,21.596499999999995,46.318000000000005,0.0,42,Mid,1:17.885
SAI,Ferrari,46.0,0 days 00:01:18.731000,HARD,2.0,1,True,78.731,2024,Monaco,R,21.596499999999995,46.318000000000005,0.0,43,Mid,1:18.731
SAI,Ferrari,47.0,0 days 00:01:18.141000,HARD,2.0,1,True,78.141,2024,Monaco,R,21.596499999999995,46.318000000000005,0.0,44,Mid,1:18.141
SAI,Ferrari,48.0,0 days 00:01:17.894000,HARD,2.0,1,True,77.894,2024,Monaco,R,21.596499999999995,46.318000000000005,0.0,45,Mid,1:17.894
SAI,Ferrari,49.0,0 days 00:01:18.259000,HARD,2.0,1,True,78.259,2024,Monaco,R,21.596499999999995,46.318000000000005,0.0,46,Mid,1:18.259
SAI,Ferrari,50.0,0 days 00:01:18.545000,HARD,2.0,1,True,78.545,2024,Monaco,R,21.596499999999995,46.318000000000005,0.0,47,Mid,1:18.545
SAI,Ferrari,51.0,0 days 00:01:17.528000,HARD,2.0,1,True,77.528,2024,Monaco,R,21.596499999999995,46.318000000000005,0.0,48,Mid,1:17.528
SAI,Ferrari,52.0,0 days 00:01:18.094000,HARD,2.0,1,True,78.094,2024,Monaco,R,21.596499999999995,46.318000000000005,0.0,49,Mid,1:18.094
SAI,Ferrari,53.0,0 days 00:01:17.759000,HARD,2.0,12,True,77.759,2024,Monaco,R,21.596499999999995,46.318000000000005,0.0,50,Late,1:17.759
SAI,Ferrari,54.0,0 days 00:01:17.742000,HARD,2.0,1,True,77.742,2024,Monaco,R,21.596499999999995,46.318000000000005,0.0,51,Late,1:17.742
SAI,Ferrari,55.0,0 days 00:01:18.661000,HARD,2.0,1,True,78.661,2024,Monaco,R,21.596499999999995,46.318000000000005,0.0,52,Late,1:18.661
SAI,Ferrari,56.0,0 days 00:01:18.119000,HARD,2.0,1,True,78.119,2024,Monaco,R,21.596499999999995,46.318000000000005,0.0,53,Late,1:18.119
SAI,Ferrari,57.0,0 days 00:01:17.599000,HARD,2.0,1,True,77.599,2024,Monaco,R,21.596499999999995,46.318000000000005,0.0,54,Late,1:17.599
SAI,Ferrari,58.0,0 days 00:01:17.501000,HARD,2.0,1,True,77.501,2024,Monaco,R,21.596499999999995,46.318000000000005,0.0,55,Late,1:17.501
SAI,Ferrari,59.0,0 days 00:01:17.134000,HARD,2.0,1,True,77.134,2024,Monaco,R,21.596499999999995,46.318000000000005,0.0,56,Late,1:17.134
SAI,Ferrari,60.0,0 days 00:01:15.159000,HARD,2.0,1,True,75.159,2024,Monaco,R,21.596499999999995,46.318000000000005,0.0,57,Late,1:15.159
SAI,Ferrari,61.0,0 days 00:01:19.046000,HARD,2.0,1,True,79.046,2024,Monaco,R,21.596499999999995,46.318000000000005,0.0,58,Late,1:19.046
SAI,Ferrari,62.0,0 days 00:01:14.726000,HARD,2.0,1,True,74.726,2024,Monaco,R,21.596499999999995,46.318000000000005,0.0,59,Late,1:14.726
SAI,Ferrari,63.0,0 days 00:01:18.207000,HARD,2.0,1,True,78.207,2024,Monaco,R,21.596499999999995,46.318000000000005,0.0,60,Late,1:18.207
SAI,Ferrari,64.0,0 days 00:01:14.813000,HARD,2.0,1,True,74.813,2024,Monaco,R,21.596499999999995,46.318000000000005,0.0,61,Late,1:14.813
SAI,Ferrari,65.0,0 days 00:01:18.137000,HARD,2.0,1,True,78.137,2024,Monaco,R,21.596499999999995,46.318000000000005,0.0,62,Late,1:18.137
SAI,Ferrari,66.0,0 days 00:01:15.409000,HARD,2.0,1,True,75.409,2024,Monaco,R,21.596499999999995,46.318000000000005,0.0,63,Late,1:15.409
SAI,Ferrari,67.0,0 days 00:01:16.847000,HARD,2.0,1,True,76.847,2024,Monaco,R,21.596499999999995,46.318000000000005,0.0,64,Late,1:16.847
SAI,Ferrari,68.0,0 days 00:01:15.595000,HARD,2.0,1,True,75.595,2024,Monaco,R,21.596499999999995,46.318000000000005,0.0,65,Late,1:15.595
SAI,Ferrari,69.0,0 days 00:01:16.218000,HARD,2.0,1,True,76.218,2024,Monaco,R,21.596499999999995,46.318000000000005,0.0,66,Late,1:16.218
SAI,Ferrari,70.0,0 days 00:01:17.117000,HARD,2.0,1,True,77.117,2024,Monaco,R,21.596499999999995,46.318000000000005,0.0,67,Late,1:17.117
SAI,Ferrari,71.0,0 days 00:01:17.214000,HARD,2.0,1,True,77.214,2024,Monaco,R,21.596499999999995,46.318000000000005,0.0,68,Late,1:17.214
SAI,Ferrari,72.0,0 days 00:01:16.785000,HARD,2.0,1,True,76.785,2024,Monaco,R,21.596499999999995,46.318000000000005,0.0,69,Late,1:16.785
SAI,Ferrari,73.0,0 days 00:01:16.417000,HARD,2.0,1,True,76.417,2024,Monaco,R,21.596499999999995,46.318000000000005,0.0,70,Late,1:16.417
SAI,Ferrari,74.0,0 days 00:01:16.063000,HARD,2.0,1,True,76.063,2024,Monaco,R,21.596499999999995,46.318000000000005,0.0,71,Late,1:16.063
SAI,Ferrari,75.0,0 days 00:01:16.905000,HARD,2.0,1,True,76.905,2024,Monaco,R,21.596499999999995,46.318000000000005,0.0,72,Late,1:16.905
SAI,Ferrari,76.0,0 days 00:01:16.328000,HARD,2.0,1,True,76.328,2024,Monaco,R,21.596499999999995,46.318000000000005,0.0,73,Late,1:16.328
SAI,Ferrari,77.0,0 days 00:01:16.701000,HARD,2.0,1,True,76.701,2024,Monaco,R,21.596499999999995,46.318000000000005,0.0,74,Late,1:16.701
SAI,Ferrari,78.0,0 days 00:01:17.072000,HARD,2.0,1,True,77.072,2024,Monaco,R,21.596499999999995,46.318000000000005,0.0,75,Late,1:17.072
SAR,Williams,3.0,0 days 00:01:30.077000,HARD,2.0,1,True,90.077,2024,Monaco,R,21.596499999999995,46.318000000000005,0.0,0,Early,1:30.077
SAR,Williams,4.0,0 days 00:01:23.682000,HARD,2.0,1,True,83.682,2024,Monaco,R,21.596499999999995,46.318000000000005,0.0,1,Early,1:23.682
SAR,Williams,5.0,0 days 00:01:23.674000,HARD,2.0,1,True,83.674,2024,Monaco,R,21.596499999999995,46.318000000000005,0.0,2,Early,1:23.674
SAR,Williams,6.0,0 days 00:01:22.739000,HARD,2.0,1,True,82.739,2024,Monaco,R,21.596499999999995,46.318000000000005,0.0,3,Early,1:22.739
SAR,Williams,7.0,0 days 00:01:22.899000,HARD,2.0,1,True,82.899,2024,Monaco,R,21.596499999999995,46.318000000000005,0.0,4,Early,1:22.899
SAR,Williams,8.0,0 days 00:01:22.221000,HARD,2.0,1,True,82.221,2024,Monaco,R,21.596499999999995,46.318000000000005,0.0,5,Early,1:22.221
SAR,Williams,9.0,0 days 00:01:21.679000,HARD,2.0,1,True,81.679,2024,Monaco,R,21.596499999999995,46.318000000000005,0.0,6,Early,1:21.679
SAR,Williams,10.0,0 days 00:01:21.944000,HARD,2.0,1,True,81.944,2024,Monaco,R,21.596499999999995,46.318000000000005,0.0,7,Early,1:21.944
SAR,Williams,11.0,0 days 00:01:21.492000,HARD,2.0,1,True,81.492,2024,Monaco,R,21.596499999999995,46.318000000000005,0.0,8,Early,1:21.492
SAR,Williams,12.0,0 days 00:01:21.404000,HARD,2.0,1,True,81.404,2024,Monaco,R,21.596499999999995,46.318000000000005,0.0,9,Early,1:21.404
SAR,Williams,13.0,0 days 00:01:21.499000,HARD,2.0,1,True,81.499,2024,Monaco,R,21.596499999999995,46.318000000000005,0.0,10,Early,1:21.499
SAR,Williams,14.0,0 days 00:01:21.219000,HARD,2.0,1,True,81.219,2024,Monaco,R,21.596499999999995,46.318000000000005,0.0,11,Early,1:21.219
SAR,Williams,15.0,0 days 00:01:21.340000,HARD,2.0,1,True,81.34,2024,Monaco,R,21.596499999999995,46.318000000000005,0.0,12,Early,1:21.340
SAR,Williams,16.0,0 days 00:01:20.646000,HARD,2.0,1,True,80.646,2024,Monaco,R,21.596499999999995,46.318000000000005,0.0,13,Early,1:20.646
SAR,Williams,17.0,0 days 00:01:21.016000,HARD,2.0,1,True,81.016,2024,Monaco,R,21.596499999999995,46.318000000000005,0.0,14,Early,1:21.016
SAR,Williams,18.0,0 days 00:01:21.031000,HARD,2.0,1,True,81.031,2024,Monaco,R,21.596499999999995,46.318000000000005,0.0,15,Early,1:21.031
SAR,Williams,19.0,0 days 00:01:21.221000,HARD,2.0,1,True,81.221,2024,Monaco,R,21.596499999999995,46.318000000000005,0.0,16,Early,1:21.221
SAR,Williams,20.0,0 days 00:01:20.853000,HARD,2.0,1,True,80.853,2024,Monaco,R,21.596499999999995,46.318000000000005,0.0,17,Early,1:20.853
SAR,Williams,21.0,0 days 00:01:20.849000,HARD,2.0,1,True,80.849,2024,Monaco,R,21.596499999999995,46.318000000000005,0.0,18,Early,1:20.849
SAR,Williams,22.0,0 days 00:01:20.897000,HARD,2.0,1,True,80.897,2024,Monaco,R,21.596499999999995,46.318000000000005,0.0,19,Early,1:20.897
SAR,Williams,23.0,0 days 00:01:20.593000,HARD,2.0,1,True,80.593,2024,Monaco,R,21.596499999999995,46.318000000000005,0.0,20,Early,1:20.593
SAR,Williams,24.0,0 days 00:01:20.395000,HARD,2.0,1,True,80.395,2024,Monaco,R,21.596499999999995,46.318000000000005,0.0,21,Early,1:20.395
SAR,Williams,25.0,0 days 00:01:20.903000,HARD,2.0,1,True,80.903,2024,Monaco,R,21.596499999999995,46.318000000000005,0.0,22,Early,1:20.903
SAR,Williams,26.0,0 days 00:01:20.929000,HARD,2.0,1,True,80.929,2024,Monaco,R,21.596499999999995,46.318000000000005,0.0,23,Early,1:20.929
SAR,Williams,27.0,0 days 00:01:21.231000,HARD,2.0,1,True,81.231,2024,Monaco,R,21.596499999999995,46.318000000000005,0.0,24,Mid,1:21.231
SAR,Williams,28.0,0 days 00:01:21.604000,HARD,2.0,1,True,81.604,2024,Monaco,R,21.596499999999995,46.318000000000005,0.0,25,Mid,1:21.604
SAR,Williams,29.0,0 days 00:01:21.334000,HARD,2.0,1,True,81.334,2024,Monaco,R,21.596499999999995,46.318000000000005,0.0,26,Mid,1:21.334
SAR,Williams,30.0,0 days 00:01:20.840000,HARD,2.0,1,True,80.84,2024,Monaco,R,21.596499999999995,46.318000000000005,0.0,27,Mid,1:20.840
SAR,Williams,31.0,0 days 00:01:20.775000,HARD,2.0,1,True,80.775,2024,Monaco,R,21.596499999999995,46.318000000000005,0.0,28,Mid,1:20.775
SAR,Williams,32.0,0 days 00:01:20.797000,HARD,2.0,1,True,80.797,2024,Monaco,R,21.596499999999995,46.318000000000005,0.0,29,Mid,1:20.797
SAR,Williams,33.0,0 days 00:01:20.530000,HARD,2.0,1,True,80.53,2024,Monaco,R,21.596499999999995,46.318000000000005,0.0,30,Mid,1:20.530
SAR,Williams,34.0,0 days 00:01:20.738000,HARD,2.0,1,True,80.738,2024,Monaco,R,21.596499999999995,46.318000000000005,0.0,31,Mid,1:20.738
SAR,Williams,35.0,0 days 00:01:20.584000,HARD,2.0,1,True,80.584,2024,Monaco,R,21.596499999999995,46.318000000000005,0.0,32,Mid,1:20.584
SAR,Williams,36.0,0 days 00:01:21.134000,HARD,2.0,1,True,81.134,2024,Monaco,R,21.596499999999995,46.318000000000005,0.0,33,Mid,1:21.134
SAR,Williams,37.0,0 days 00:01:21.404000,HARD,2.0,1,True,81.404,2024,Monaco,R,21.596499999999995,46.318000000000005,0.0,34,Mid,1:21.404
SAR,Williams,38.0,0 days 00:01:21.131000,HARD,2.0,1,True,81.131,2024,Monaco,R,21.596499999999995,46.318000000000005,0.0,35,Mid,1:21.131
SAR,Williams,39.0,0 days 00:01:21.273000,HARD,2.0,1,True,81.273,2024,Monaco,R,21.596499999999995,46.318000000000005,0.0,36,Mid,1:21.273
SAR,Williams,40.0,0 days 00:01:21.780000,HARD,2.0,1,True,81.78,2024,Monaco,R,21.596499999999995,46.318000000000005,0.0,37,Mid,1:21.780
SAR,Williams,41.0,0 days 00:01:24.378000,HARD,2.0,1,True,84.378,2024,Monaco,R,21.596499999999995,46.318000000000005,0.0,38,Mid,1:24.378
SAR,Williams,42.0,0 days 00:01:21.870000,HARD,2.0,1,True,81.87,2024,Monaco,R,21.596499999999995,46.318000000000005,0.0,39,Mid,1:21.870
SAR,Williams,43.0,0 days 00:01:20.552000,HARD,2.0,1,True,80.552,2024,Monaco,R,21.596499999999995,46.318000000000005,0.0,40,Mid,1:20.552
SAR,Williams,44.0,0 days 00:01:19.511000,HARD,2.0,1,True,79.511,2024,Monaco,R,21.596499999999995,46.318000000000005,0.0,41,Mid,1:19.511
SAR,Williams,45.0,0 days 00:01:20.720000,HARD,2.0,1,True,80.72,2024,Monaco,R,21.596499999999995,46.318000000000005,0.0,42,Mid,1:20.720
SAR,Williams,46.0,0 days 00:01:20.124000,HARD,2.0,1,True,80.124,2024,Monaco,R,21.596499999999995,46.318000000000005,0.0,43,Mid,1:20.124
SAR,Williams,47.0,0 days 00:01:19.888000,HARD,2.0,1,True,79.888,2024,Monaco,R,21.596499999999995,46.318000000000005,0.0,44,Mid,1:19.888
SAR,Williams,48.0,0 days 00:01:20.970000,HARD,2.0,1,True,80.97,2024,Monaco,R,21.596499999999995,46.318000000000005,0.0,45,Mid,1:20.970
SAR,Williams,49.0,0 days 00:01:23.966000,HARD,2.0,1,True,83.966,2024,Monaco,R,21.596499999999995,46.318000000000005,0.0,46,Mid,1:23.966
SAR,Williams,50.0,0 days 00:01:20.292000,HARD,2.0,1,True,80.292,2024,Monaco,R,21.596499999999995,46.318000000000005,0.0,47,Mid,1:20.292
SAR,Williams,51.0,0 days 00:01:21.817000,HARD,2.0,12,True,81.817,2024,Monaco,R,21.596499999999995,46.318000000000005,0.0,48,Mid,1:21.817
SAR,Williams,52.0,0 days 00:01:20.780000,HARD,2.0,1,True,80.78,2024,Monaco,R,21.596499999999995,46.318000000000005,0.0,49,Mid,1:20.780
SAR,Williams,53.0,0 days 00:01:21.318000,HARD,2.0,1,True,81.318,2024,Monaco,R,21.596499999999995,46.318000000000005,0.0,50,Late,1:21.318
SAR,Williams,54.0,0 days 00:01:22.289000,HARD,2.0,1,True,82.289,2024,Monaco,R,21.596499999999995,46.318000000000005,0.0,51,Late,1:22.289
SAR,Williams,55.0,0 days 00:01:20.342000,HARD,2.0,1,True,80.342,2024,Monaco,R,21.596499999999995,46.318000000000005,0.0,52,Late,1:20.342
SAR,Williams,56.0,0 days 00:01:21.474000,HARD,2.0,1,True,81.474,2024,Monaco,R,21.596499999999995,46.318000000000005,0.0,53,Late,1:21.474
SAR,Williams,59.0,0 days 00:01:15.594000,MEDIUM,3.0,1,True,75.594,2024,Monaco,R,21.596499999999995,46.318000000000005,0.0,0,Late,1:15.594
SAR,Williams,60.0,0 days 00:01:15.580000,MEDIUM,3.0,1,True,75.58,2024,Monaco,R,21.596499999999995,46.318000000000005,0.0,1,Late,1:15.580
SAR,Williams,61.0,0 days 00:01:15.558000,MEDIUM,3.0,1,True,75.558,2024,Monaco,R,21.596499999999995,46.318000000000005,0.0,2,Late,1:15.558
SAR,Williams,62.0,0 days 00:01:15.525000,MEDIUM,3.0,1,True,75.525,2024,Monaco,R,21.596499999999995,46.318000000000005,0.0,3,Late,1:15.525
SAR,Williams,63.0,0 days 00:01:15.688000,MEDIUM,3.0,1,True,75.688,2024,Monaco,R,21.596499999999995,46.318000000000005,0.0,4,Late,1:15.688
SAR,Williams,64.0,0 days 00:01:16.895000,MEDIUM,3.0,1,True,76.895,2024,Monaco,R,21.596499999999995,46.318000000000005,0.0,5,Late,1:16.895
SAR,Williams,65.0,0 days 00:01:19.869000,MEDIUM,3.0,1,True,79.869,2024,Monaco,R,21.596499999999995,46.318000000000005,0.0,6,Late,1:19.869
SAR,Williams,66.0,0 days 00:01:20.799000,MEDIUM,3.0,1,True,80.799,2024,Monaco,R,21.596499999999995,46.318000000000005,0.0,7,Late,1:20.799
SAR,Williams,67.0,0 days 00:01:20.347000,MEDIUM,3.0,1,True,80.347,2024,Monaco,R,21.596499999999995,46.318000000000005,0.0,8,Late,1:20.347
SAR,Williams,68.0,0 days 00:01:20.004000,MEDIUM,3.0,1,True,80.004,2024,Monaco,R,21.596499999999995,46.318000000000005,0.0,9,Late,1:20.004
SAR,Williams,69.0,0 days 00:01:16.077000,MEDIUM,3.0,1,True,76.077,2024,Monaco,R,21.596499999999995,46.318000000000005,0.0,10,Late,1:16.077
SAR,Williams,70.0,0 days 00:01:16.866000,MEDIUM,3.0,1,True,76.866,2024,Monaco,R,21.596499999999995,46.318000000000005,0.0,11,Late,1:16.866
SAR,Williams,71.0,0 days 00:01:16.326000,MEDIUM,3.0,1,True,76.326,2024,Monaco,R,21.596499999999995,46.318000000000005,0.0,12,Late,1:16.326
SAR,Williams,72.0,0 days 00:01:16.402000,MEDIUM,3.0,1,True,76.402,2024,Monaco,R,21.596499999999995,46.318000000000005,0.0,13,Late,1:16.402
SAR,Williams,73.0,0 days 00:01:16.370000,MEDIUM,3.0,1,True,76.37,2024,Monaco,R,21.596499999999995,46.318000000000005,0.0,14,Late,1:16.370
SAR,Williams,74.0,0 days 00:01:16.863000,MEDIUM,3.0,1,True,76.863,2024,Monaco,R,21.596499999999995,46.318000000000005,0.0,15,Late,1:16.863
SAR,Williams,75.0,0 days 00:01:16.324000,MEDIUM,3.0,1,True,76.324,2024,Monaco,R,21.596499999999995,46.318000000000005,0.0,16,Late,1:16.324
SAR,Williams,76.0,0 days 00:01:17.197000,MEDIUM,3.0,1,True,77.197,2024,Monaco,R,21.596499999999995,46.318000000000005,0.0,17,Late,1:17.197
STR,Aston Martin,3.0,0 days 00:01:28.303000,MEDIUM,2.0,1,True,88.303,2024,Monaco,R,21.596499999999995,46.318000000000005,0.0,0,Early,1:28.303
STR,Aston Martin,4.0,0 days 00:01:23.354000,MEDIUM,2.0,1,True,83.354,2024,Monaco,R,21.596499999999995,46.318000000000005,0.0,1,Early,1:23.354
STR,Aston Martin,5.0,0 days 00:01:23.731000,MEDIUM,2.0,1,True,83.731,2024,Monaco,R,21.596499999999995,46.318000000000005,0.0,2,Early,1:23.731
STR,Aston Martin,6.0,0 days 00:01:22.977000,MEDIUM,2.0,1,True,82.977,2024,Monaco,R,21.596499999999995,46.318000000000005,0.0,3,Early,1:22.977
STR,Aston Martin,7.0,0 days 00:01:22.634000,MEDIUM,2.0,1,True,82.634,2024,Monaco,R,21.596499999999995,46.318000000000005,0.0,4,Early,1:22.634
STR,Aston Martin,8.0,0 days 00:01:21.653000,MEDIUM,2.0,1,True,81.653,2024,Monaco,R,21.596499999999995,46.318000000000005,0.0,5,Early,1:21.653
STR,Aston Martin,9.0,0 days 00:01:22.090000,MEDIUM,2.0,1,True,82.09,2024,Monaco,R,21.596499999999995,46.318000000000005,0.0,6,Early,1:22.090
STR,Aston Martin,10.0,0 days 00:01:21.725000,MEDIUM,2.0,1,True,81.725,2024,Monaco,R,21.596499999999995,46.318000000000005,0.0,7,Early,1:21.725
STR,Aston Martin,11.0,0 days 00:01:21.517000,MEDIUM,2.0,1,True,81.517,2024,Monaco,R,21.596499999999995,46.318000000000005,0.0,8,Early,1:21.517
STR,Aston Martin,12.0,0 days 00:01:21.471000,MEDIUM,2.0,1,True,81.471,2024,Monaco,R,21.596499999999995,46.318000000000005,0.0,9,Early,1:21.471
STR,Aston Martin,13.0,0 days 00:01:21.314000,MEDIUM,2.0,1,True,81.314,2024,Monaco,R,21.596499999999995,46.318000000000005,0.0,10,Early,1:21.314
STR,Aston Martin,14.0,0 days 00:01:20.427000,MEDIUM,2.0,1,True,80.427,2024,Monaco,R,21.596499999999995,46.318000000000005,0.0,11,Early,1:20.427
STR,Aston Martin,15.0,0 days 00:01:20.781000,MEDIUM,2.0,1,True,80.781,2024,Monaco,R,21.596499999999995,46.318000000000005,0.0,12,Early,1:20.781
STR,Aston Martin,16.0,0 days 00:01:21.189000,MEDIUM,2.0,1,True,81.189,2024,Monaco,R,21.596499999999995,46.318000000000005,0.0,13,Early,1:21.189
STR,Aston Martin,17.0,0 days 00:01:21.970000,MEDIUM,2.0,1,True,81.97,2024,Monaco,R,21.596499999999995,46.318000000000005,0.0,14,Early,1:21.970
STR,Aston Martin,18.0,0 days 00:01:20.698000,MEDIUM,2.0,1,True,80.698,2024,Monaco,R,21.596499999999995,46.318000000000005,0.0,15,Early,1:20.698
STR,Aston Martin,19.0,0 days 00:01:20.353000,MEDIUM,2.0,1,True,80.353,2024,Monaco,R,21.596499999999995,46.318000000000005,0.0,16,Early,1:20.353
STR,Aston Martin,20.0,0 days 00:01:19.398000,MEDIUM,2.0,1,True,79.398,2024,Monaco,R,21.596499999999995,46.318000000000005,0.0,17,Early,1:19.398
STR,Aston Martin,21.0,0 days 00:01:19.016000,MEDIUM,2.0,1,True,79.016,2024,Monaco,R,21.596499999999995,46.318000000000005,0.0,18,Early,1:19.016
STR,Aston Martin,22.0,0 days 00:01:21.307000,MEDIUM,2.0,1,True,81.307,2024,Monaco,R,21.596499999999995,46.318000000000005,0.0,19,Early,1:21.307
STR,Aston Martin,23.0,0 days 00:01:21.188000,MEDIUM,2.0,1,True,81.188,2024,Monaco,R,21.596499999999995,46.318000000000005,0.0,20,Early,1:21.188
STR,Aston Martin,24.0,0 days 00:01:21.621000,MEDIUM,2.0,1,True,81.621,2024,Monaco,R,21.596499999999995,46.318000000000005,0.0,21,Early,1:21.621
STR,Aston Martin,25.0,0 days 00:01:20.506000,MEDIUM,2.0,1,True,80.506,2024,Monaco,R,21.596499999999995,46.318000000000005,0.0,22,Early,1:20.506
STR,Aston Martin,26.0,0 days 00:01:20.589000,MEDIUM,2.0,1,True,80.589,2024,Monaco,R,21.596499999999995,46.318000000000005,0.0,23,Early,1:20.589
STR,Aston Martin,27.0,0 days 00:01:20.307000,MEDIUM,2.0,1,True,80.307,2024,Monaco,R,21.596499999999995,46.318000000000005,0.0,24,Mid,1:20.307
STR,Aston Martin,28.0,0 days 00:01:20.131000,MEDIUM,2.0,1,True,80.131,2024,Monaco,R,21.596499999999995,46.318000000000005,0.0,25,Mid,1:20.131
STR,Aston Martin,29.0,0 days 00:01:19.464000,MEDIUM,2.0,1,True,79.464,2024,Monaco,R,21.596499999999995,46.318000000000005,0.0,26,Mid,1:19.464
STR,Aston Martin,30.0,0 days 00:01:21.422000,MEDIUM,2.0,1,True,81.422,2024,Monaco,R,21.596499999999995,46.318000000000005,0.0,27,Mid,1:21.422
STR,Aston Martin,31.0,0 days 00:01:22.535000,MEDIUM,2.0,1,True,82.535,2024,Monaco,R,21.596499999999995,46.318000000000005,0.0,28,Mid,1:22.535
STR,Aston Martin,32.0,0 days 00:01:21.252000,MEDIUM,2.0,1,True,81.252,2024,Monaco,R,21.596499999999995,46.318000000000005,0.0,29,Mid,1:21.252
STR,Aston Martin,33.0,0 days 00:01:20.536000,MEDIUM,2.0,1,True,80.536,2024,Monaco,R,21.596499999999995,46.318000000000005,0.0,30,Mid,1:20.536
STR,Aston Martin,34.0,0 days 00:01:19.789000,MEDIUM,2.0,1,True,79.789,2024,Monaco,R,21.596499999999995,46.318000000000005,0.0,31,Mid,1:19.789
STR,Aston Martin,35.0,0 days 00:01:19.497000,MEDIUM,2.0,1,True,79.497,2024,Monaco,R,21.596499999999995,46.318000000000005,0.0,32,Mid,1:19.497
STR,Aston Martin,36.0,0 days 00:01:19.297000,MEDIUM,2.0,1,True,79.297,2024,Monaco,R,21.596499999999995,46.318000000000005,0.0,33,Mid,1:19.297
STR,Aston Martin,37.0,0 days 00:01:19.638000,MEDIUM,2.0,1,True,79.638,2024,Monaco,R,21.596499999999995,46.318000000000005,0.0,34,Mid,1:19.638
STR,Aston Martin,38.0,0 days 00:01:19.706000,MEDIUM,2.0,1,True,79.706,2024,Monaco,R,21.596499999999995,46.318000000000005,0.0,35,Mid,1:19.706
STR,Aston Martin,39.0,0 days 00:01:19.867000,MEDIUM,2.0,1,True,79.867,2024,Monaco,R,21.596499999999995,46.318000000000005,0.0,36,Mid,1:19.867
STR,Aston Martin,40.0,0 days 00:01:20.450000,MEDIUM,2.0,1,True,80.45,2024,Monaco,R,21.596499999999995,46.318000000000005,0.0,37,Mid,1:20.450
STR,Aston Martin,41.0,0 days 00:01:20.200000,MEDIUM,2.0,1,True,80.2,2024,Monaco,R,21.596499999999995,46.318000000000005,0.0,38,Mid,1:20.200
STR,Aston Martin,44.0,0 days 00:01:18.551000,HARD,3.0,1,True,78.551,2024,Monaco,R,21.596499999999995,46.318000000000005,0.0,0,Mid,1:18.551
STR,Aston Martin,45.0,0 days 00:01:18.806000,HARD,3.0,1,True,78.806,2024,Monaco,R,21.596499999999995,46.318000000000005,0.0,1,Mid,1:18.806
STR,Aston Martin,46.0,0 days 00:01:18.296000,HARD,3.0,1,True,78.296,2024,Monaco,R,21.596499999999995,46.318000000000005,0.0,2,Mid,1:18.296
STR,Aston Martin,47.0,0 days 00:01:18.062000,HARD,3.0,1,True,78.062,2024,Monaco,R,21.596499999999995,46.318000000000005,0.0,3,Mid,1:18.062
STR,Aston Martin,50.0,0 days 00:01:17.788000,SOFT,4.0,1,True,77.788,2024,Monaco,R,21.596499999999995,46.318000000000005,0.0,0,Mid,1:17.788
STR,Aston Martin,51.0,0 days 00:01:16.982000,SOFT,4.0,12,True,76.982,2024,Monaco,R,21.596499999999995,46.318000000000005,0.0,1,Mid,1:16.982
STR,Aston Martin,52.0,0 days 00:01:17.350000,SOFT,4.0,1,True,77.35,2024,Monaco,R,21.596499999999995,46.318000000000005,0.0,2,Mid,1:17.350
STR,Aston Martin,53.0,0 days 00:01:21.547000,SOFT,4.0,1,True,81.547,2024,Monaco,R,21.596499999999995,46.318000000000005,0.0,3,Late,1:21.547
STR,Aston Martin,54.0,0 days 00:01:20.571000,SOFT,4.0,1,True,80.571,2024,Monaco,R,21.596499999999995,46.318000000000005,0.0,4,Late,1:20.571
STR,Aston Martin,55.0,0 days 00:01:19.963000,SOFT,4.0,1,True,79.963,2024,Monaco,R,21.596499999999995,46.318000000000005,0.0,5,Late,1:19.963
STR,Aston Martin,56.0,0 days 00:01:17.279000,SOFT,4.0,1,True,77.279,2024,Monaco,R,21.596499999999995,46.318000000000005,0.0,6,Late,1:17.279
STR,Aston Martin,57.0,0 days 00:01:16.914000,SOFT,4.0,1,True,76.914,2024,Monaco,R,21.596499999999995,46.318000000000005,0.0,7,Late,1:16.914
STR,Aston Martin,58.0,0 days 00:01:17.156000,SOFT,4.0,1,True,77.156,2024,Monaco,R,21.596499999999995,46.318000000000005,0.0,8,Late,1:17.156
STR,Aston Martin,59.0,0 days 00:01:16.710000,SOFT,4.0,1,True,76.71,2024,Monaco,R,21.596499999999995,46.318000000000005,0.0,9,Late,1:16.710
STR,Aston Martin,60.0,0 days 00:01:17.326000,SOFT,4.0,1,True,77.326,2024,Monaco,R,21.596499999999995,46.318000000000005,0.0,10,Late,1:17.326
STR,Aston Martin,61.0,0 days 00:01:18.298000,SOFT,4.0,1,True,78.298,2024,Monaco,R,21.596499999999995,46.318000000000005,0.0,11,Late,1:18.298
STR,Aston Martin,62.0,0 days 00:01:19.070000,SOFT,4.0,1,True,79.07,2024,Monaco,R,21.596499999999995,46.318000000000005,0.0,12,Late,1:19.070
STR,Aston Martin,63.0,0 days 00:01:19.100000,SOFT,4.0,1,True,79.1,2024,Monaco,R,21.596499999999995,46.318000000000005,0.0,13,Late,1:19.100
STR,Aston Martin,64.0,0 days 00:01:18.425000,SOFT,4.0,1,True,78.425,2024,Monaco,R,21.596499999999995,46.318000000000005,0.0,14,Late,1:18.425
STR,Aston Martin,65.0,0 days 00:01:18.732000,SOFT,4.0,1,True,78.732,2024,Monaco,R,21.596499999999995,46.318000000000005,0.0,15,Late,1:18.732
STR,Aston Martin,66.0,0 days 00:01:18.748000,SOFT,4.0,1,True,78.748,2024,Monaco,R,21.596499999999995,46.318000000000005,0.0,16,Late,1:18.748
STR,Aston Martin,67.0,0 days 00:01:18.636000,SOFT,4.0,1,True,78.636,2024,Monaco,R,21.596499999999995,46.318000000000005,0.0,17,Late,1:18.636
STR,Aston Martin,68.0,0 days 00:01:18.057000,SOFT,4.0,1,True,78.057,2024,Monaco,R,21.596499999999995,46.318000000000005,0.0,18,Late,1:18.057
STR,Aston Martin,69.0,0 days 00:01:18.275000,SOFT,4.0,1,True,78.275,2024,Monaco,R,21.596499999999995,46.318000000000005,0.0,19,Late,1:18.275
STR,Aston Martin,70.0,0 days 00:01:18.557000,SOFT,4.0,1,True,78.557,2024,Monaco,R,21.596499999999995,46.318000000000005,0.0,20,Late,1:18.557
STR,Aston Martin,71.0,0 days 00:01:18.464000,SOFT,4.0,1,True,78.464,2024,Monaco,R,21.596499999999995,46.318000000000005,0.0,21,Late,1:18.464
STR,Aston Martin,72.0,0 days 00:01:18.332000,SOFT,4.0,1,True,78.332,2024,Monaco,R,21.596499999999995,46.318000000000005,0.0,22,Late,1:18.332
STR,Aston Martin,73.0,0 days 00:01:20.709000,SOFT,4.0,1,True,80.709,2024,Monaco,R,21.596499999999995,46.318000000000005,0.0,23,Late,1:20.709
STR,Aston Martin,74.0,0 days 00:01:18.230000,SOFT,4.0,1,True,78.23,2024,Monaco,R,21.596499999999995,46.318000000000005,0.0,24,Late,1:18.230
STR,Aston Martin,75.0,0 days 00:01:18.511000,SOFT,4.0,1,True,78.511,2024,Monaco,R,21.596499999999995,46.318000000000005,0.0,25,Late,1:18.511
STR,Aston Martin,76.0,0 days 00:01:18.623000,SOFT,4.0,1,True,78.623,2024,Monaco,R,21.596499999999995,46.318000000000005,0.0,26,Late,1:18.623
TSU,RB,3.0,0 days 00:01:27.563000,HARD,2.0,1,True,87.563,2024,Monaco,R,21.596499999999995,46.318000000000005,0.0,0,Early,1:27.563
TSU,RB,4.0,0 days 00:01:23.327000,HARD,2.0,1,True,83.327,2024,Monaco,R,21.596499999999995,46.318000000000005,0.0,1,Early,1:23.327
TSU,RB,5.0,0 days 00:01:23.493000,HARD,2.0,1,True,83.493,2024,Monaco,R,21.596499999999995,46.318000000000005,0.0,2,Early,1:23.493
TSU,RB,6.0,0 days 00:01:23.224000,HARD,2.0,1,True,83.224,2024,Monaco,R,21.596499999999995,46.318000000000005,0.0,3,Early,1:23.224
TSU,RB,7.0,0 days 00:01:21.826000,HARD,2.0,1,True,81.826,2024,Monaco,R,21.596499999999995,46.318000000000005,0.0,4,Early,1:21.826
TSU,RB,8.0,0 days 00:01:21.651000,HARD,2.0,1,True,81.651,2024,Monaco,R,21.596499999999995,46.318000000000005,0.0,5,Early,1:21.651
TSU,RB,9.0,0 days 00:01:21.896000,HARD,2.0,1,True,81.896,2024,Monaco,R,21.596499999999995,46.318000000000005,0.0,6,Early,1:21.896
TSU,RB,10.0,0 days 00:01:21.591000,HARD,2.0,1,True,81.591,2024,Monaco,R,21.596499999999995,46.318000000000005,0.0,7,Early,1:21.591
TSU,RB,11.0,0 days 00:01:21.289000,HARD,2.0,1,True,81.289,2024,Monaco,R,21.596499999999995,46.318000000000005,0.0,8,Early,1:21.289
TSU,RB,12.0,0 days 00:01:21.089000,HARD,2.0,1,True,81.089,2024,Monaco,R,21.596499999999995,46.318000000000005,0.0,9,Early,1:21.089
TSU,RB,13.0,0 days 00:01:20.682000,HARD,2.0,1,True,80.682,2024,Monaco,R,21.596499999999995,46.318000000000005,0.0,10,Early,1:20.682
TSU,RB,14.0,0 days 00:01:21.249000,HARD,2.0,1,True,81.249,2024,Monaco,R,21.596499999999995,46.318000000000005,0.0,11,Early,1:21.249
TSU,RB,15.0,0 days 00:01:20.099000,HARD,2.0,1,True,80.099,2024,Monaco,R,21.596499999999995,46.318000000000005,0.0,12,Early,1:20.099
TSU,RB,16.0,0 days 00:01:20.847000,HARD,2.0,1,True,80.847,2024,Monaco,R,21.596499999999995,46.318000000000005,0.0,13,Early,1:20.847
TSU,RB,17.0,0 days 00:01:20.335000,HARD,2.0,1,True,80.335,2024,Monaco,R,21.596499999999995,46.318000000000005,0.0,14,Early,1:20.335
TSU,RB,18.0,0 days 00:01:20.612000,HARD,2.0,1,True,80.612,2024,Monaco,R,21.596499999999995,46.318000000000005,0.0,15,Early,1:20.612
TSU,RB,19.0,0 days 00:01:20.770000,HARD,2.0,1,True,80.77,2024,Monaco,R,21.596499999999995,46.318000000000005,0.0,16,Early,1:20.770
TSU,RB,20.0,0 days 00:01:19.991000,HARD,2.0,1,True,79.991,2024,Monaco,R,21.596499999999995,46.318000000000005,0.0,17,Early,1:19.991
TSU,RB,21.0,0 days 00:01:20.557000,HARD,2.0,1,True,80.557,2024,Monaco,R,21.596499999999995,46.318000000000005,0.0,18,Early,1:20.557
TSU,RB,22.0,0 days 00:01:20.875000,HARD,2.0,1,True,80.875,2024,Monaco,R,21.596499999999995,46.318000000000005,0.0,19,Early,1:20.875
TSU,RB,23.0,0 days 00:01:20.450000,HARD,2.0,1,True,80.45,2024,Monaco,R,21.596499999999995,46.318000000000005,0.0,20,Early,1:20.450
TSU,RB,24.0,0 days 00:01:20.386000,HARD,2.0,1,True,80.386,2024,Monaco,R,21.596499999999995,46.318000000000005,0.0,21,Early,1:20.386
TSU,RB,25.0,0 days 00:01:20.329000,HARD,2.0,1,True,80.329,2024,Monaco,R,21.596499999999995,46.318000000000005,0.0,22,Early,1:20.329
TSU,RB,26.0,0 days 00:01:20.448000,HARD,2.0,1,True,80.448,2024,Monaco,R,21.596499999999995,46.318000000000005,0.0,23,Early,1:20.448
TSU,RB,27.0,0 days 00:01:20.286000,HARD,2.0,1,True,80.286,2024,Monaco,R,21.596499999999995,46.318000000000005,0.0,24,Mid,1:20.286
TSU,RB,28.0,0 days 00:01:20.184000,HARD,2.0,1,True,80.184,2024,Monaco,R,21.596499999999995,46.318000000000005,0.0,25,Mid,1:20.184
TSU,RB,29.0,0 days 00:01:19.837000,HARD,2.0,1,True,79.837,2024,Monaco,R,21.596499999999995,46.318000000000005,0.0,26,Mid,1:19.837
TSU,RB,30.0,0 days 00:01:20.495000,HARD,2.0,1,True,80.495,2024,Monaco,R,21.596499999999995,46.318000000000005,0.0,27,Mid,1:20.495
TSU,RB,31.0,0 days 00:01:20.190000,HARD,2.0,1,True,80.19,2024,Monaco,R,21.596499999999995,46.318000000000005,0.0,28,Mid,1:20.190
TSU,RB,32.0,0 days 00:01:21.023000,HARD,2.0,1,True,81.023,2024,Monaco,R,21.596499999999995,46.318000000000005,0.0,29,Mid,1:21.023
TSU,RB,33.0,0 days 00:01:20.749000,HARD,2.0,1,True,80.749,2024,Monaco,R,21.596499999999995,46.318000000000005,0.0,30,Mid,1:20.749
TSU,RB,34.0,0 days 00:01:19.153000,HARD,2.0,1,True,79.153,2024,Monaco,R,21.596499999999995,46.318000000000005,0.0,31,Mid,1:19.153
TSU,RB,35.0,0 days 00:01:18.973000,HARD,2.0,1,True,78.973,2024,Monaco,R,21.596499999999995,46.318000000000005,0.0,32,Mid,1:18.973
TSU,RB,36.0,0 days 00:01:19.472000,HARD,2.0,1,True,79.472,2024,Monaco,R,21.596499999999995,46.318000000000005,0.0,33,Mid,1:19.472
TSU,RB,37.0,0 days 00:01:20.071000,HARD,2.0,1,True,80.071,2024,Monaco,R,21.596499999999995,46.318000000000005,0.0,34,Mid,1:20.071
TSU,RB,38.0,0 days 00:01:20.117000,HARD,2.0,1,True,80.117,2024,Monaco,R,21.596499999999995,46.318000000000005,0.0,35,Mid,1:20.117
TSU,RB,39.0,0 days 00:01:19.855000,HARD,2.0,1,True,79.855,2024,Monaco,R,21.596499999999995,46.318000000000005,0.0,36,Mid,1:19.855
TSU,RB,40.0,0 days 00:01:19.745000,HARD,2.0,1,True,79.745,2024,Monaco,R,21.596499999999995,46.318000000000005,0.0,37,Mid,1:19.745
TSU,RB,41.0,0 days 00:01:20.772000,HARD,2.0,1,True,80.772,2024,Monaco,R,21.596499999999995,46.318000000000005,0.0,38,Mid,1:20.772
TSU,RB,42.0,0 days 00:01:20.320000,HARD,2.0,1,True,80.32,2024,Monaco,R,21.596499999999995,46.318000000000005,0.0,39,Mid,1:20.320
TSU,RB,43.0,0 days 00:01:20.135000,HARD,2.0,1,True,80.135,2024,Monaco,R,21.596499999999995,46.318000000000005,0.0,40,Mid,1:20.135
TSU,RB,44.0,0 days 00:01:20.394000,HARD,2.0,1,True,80.394,2024,Monaco,R,21.596499999999995,46.318000000000005,0.0,41,Mid,1:20.394
TSU,RB,45.0,0 days 00:01:20.144000,HARD,2.0,1,True,80.144,2024,Monaco,R,21.596499999999995,46.318000000000005,0.0,42,Mid,1:20.144
TSU,RB,46.0,0 days 00:01:20.294000,HARD,2.0,1,True,80.294,2024,Monaco,R,21.596499999999995,46.318000000000005,0.0,43,Mid,1:20.294
TSU,RB,47.0,0 days 00:01:20.426000,HARD,2.0,1,True,80.426,2024,Monaco,R,21.596499999999995,46.318000000000005,0.0,44,Mid,1:20.426
TSU,RB,48.0,0 days 00:01:20.543000,HARD,2.0,1,True,80.543,2024,Monaco,R,21.596499999999995,46.318000000000005,0.0,45,Mid,1:20.543
TSU,RB,49.0,0 days 00:01:20.109000,HARD,2.0,1,True,80.109,2024,Monaco,R,21.596499999999995,46.318000000000005,0.0,46,Mid,1:20.109
TSU,RB,50.0,0 days 00:01:19.553000,HARD,2.0,1,True,79.553,2024,Monaco,R,21.596499999999995,46.318000000000005,0.0,47,Mid,1:19.553
TSU,RB,51.0,0 days 00:01:18.640000,HARD,2.0,1,True,78.64,2024,Monaco,R,21.596499999999995,46.318000000000005,0.0,48,Mid,1:18.640
TSU,RB,52.0,0 days 00:01:20.114000,HARD,2.0,12,True,80.114,2024,Monaco,R,21.596499999999995,46.318000000000005,0.0,49,Mid,1:20.114
TSU,RB,53.0,0 days 00:01:19.854000,HARD,2.0,1,True,79.854,2024,Monaco,R,21.596499999999995,46.318000000000005,0.0,50,Late,1:19.854
TSU,RB,54.0,0 days 00:01:25.770000,HARD,2.0,1,True,85.77,2024,Monaco,R,21.596499999999995,46.318000000000005,0.0,51,Late,1:25.770
TSU,RB,55.0,0 days 00:01:19.781000,HARD,2.0,1,True,79.781,2024,Monaco,R,21.596499999999995,46.318000000000005,0.0,52,Late,1:19.781
TSU,RB,56.0,0 days 00:01:18.502000,HARD,2.0,1,True,78.502,2024,Monaco,R,21.596499999999995,46.318000000000005,0.0,53,Late,1:18.502
TSU,RB,57.0,0 days 00:01:18.499000,HARD,2.0,1,True,78.499,2024,Monaco,R,21.596499999999995,46.318000000000005,0.0,54,Late,1:18.499
TSU,RB,58.0,0 days 00:01:18.737000,HARD,2.0,1,True,78.737,2024,Monaco,R,21.596499999999995,46.318000000000005,0.0,55,Late,1:18.737
TSU,RB,59.0,0 days 00:01:18.035000,HARD,2.0,1,True,78.035,2024,Monaco,R,21.596499999999995,46.318000000000005,0.0,56,Late,1:18.035
TSU,RB,60.0,0 days 00:01:19.659000,HARD,2.0,1,True,79.659,2024,Monaco,R,21.596499999999995,46.318000000000005,0.0,57,Late,1:19.659
TSU,RB,61.0,0 days 00:01:20.298000,HARD,2.0,1,True,80.298,2024,Monaco,R,21.596499999999995,46.318000000000005,0.0,58,Late,1:20.298
TSU,RB,62.0,0 days 00:01:19.375000,HARD,2.0,1,True,79.375,2024,Monaco,R,21.596499999999995,46.318000000000005,0.0,59,Late,1:19.375
TSU,RB,63.0,0 days 00:01:23.218000,HARD,2.0,1,True,83.218,2024,Monaco,R,21.596499999999995,46.318000000000005,0.0,60,Late,1:23.218
TSU,RB,64.0,0 days 00:01:17.631000,HARD,2.0,1,True,77.631,2024,Monaco,R,21.596499999999995,46.318000000000005,0.0,61,Late,1:17.631
TSU,RB,65.0,0 days 00:01:17.019000,HARD,2.0,1,True,77.019,2024,Monaco,R,21.596499999999995,46.318000000000005,0.0,62,Late,1:17.019
TSU,RB,66.0,0 days 00:01:18.197000,HARD,2.0,1,True,78.197,2024,Monaco,R,21.596499999999995,46.318000000000005,0.0,63,Late,1:18.197
TSU,RB,67.0,0 days 00:01:18.148000,HARD,2.0,1,True,78.148,2024,Monaco,R,21.596499999999995,46.318000000000005,0.0,64,Late,1:18.148
TSU,RB,68.0,0 days 00:01:18.209000,HARD,2.0,1,True,78.209,2024,Monaco,R,21.596499999999995,46.318000000000005,0.0,65,Late,1:18.209
TSU,RB,69.0,0 days 00:01:20.032000,HARD,2.0,1,True,80.032,2024,Monaco,R,21.596499999999995,46.318000000000005,0.0,66,Late,1:20.032
TSU,RB,70.0,0 days 00:01:19.347000,HARD,2.0,1,True,79.347,2024,Monaco,R,21.596499999999995,46.318000000000005,0.0,67,Late,1:19.347
TSU,RB,71.0,0 days 00:01:18.258000,HARD,2.0,1,True,78.258,2024,Monaco,R,21.596499999999995,46.318000000000005,0.0,68,Late,1:18.258
TSU,RB,72.0,0 days 00:01:17.079000,HARD,2.0,1,True,77.079,2024,Monaco,R,21.596499999999995,46.318000000000005,0.0,69,Late,1:17.079
TSU,RB,73.0,0 days 00:01:15.955000,HARD,2.0,1,True,75.955,2024,Monaco,R,21.596499999999995,46.318000000000005,0.0,70,Late,1:15.955
TSU,RB,74.0,0 days 00:01:15.462000,HARD,2.0,1,True,75.462,2024,Monaco,R,21.596499999999995,46.318000000000005,0.0,71,Late,1:15.462
TSU,RB,75.0,0 days 00:01:14.992000,HARD,2.0,1,True,74.992,2024,Monaco,R,21.596499999999995,46.318000000000005,0.0,72,Late,1:14.992
TSU,RB,76.0,0 days 00:01:15.205000,HARD,2.0,1,True,75.205,2024,Monaco,R,21.596499999999995,46.318000000000005,0.0,73,Late,1:15.205
TSU,RB,77.0,0 days 00:01:14.720000,HARD,2.0,1,True,74.72,2024,Monaco,R,21.596499999999995,46.318000000000005,0.0,74,Late,1:14.720
VER,Red Bull Racing,3.0,0 days 00:01:25.744000,MEDIUM,2.0,1,True,85.744,2024,Monaco,R,21.596499999999995,46.318000000000005,0.0,0,Early,1:25.744
VER,Red Bull Racing,4.0,0 days 00:01:23.275000,MEDIUM,2.0,1,True,83.275,2024,Monaco,R,21.596499999999995,46.318000000000005,0.0,1,Early,1:23.275
VER,Red Bull Racing,5.0,0 days 00:01:23.400000,MEDIUM,2.0,1,True,83.4,2024,Monaco,R,21.596499999999995,46.318000000000005,0.0,2,Early,1:23.400
VER,Red Bull Racing,6.0,0 days 00:01:23.787000,MEDIUM,2.0,1,True,83.787,2024,Monaco,R,21.596499999999995,46.318000000000005,0.0,3,Early,1:23.787
VER,Red Bull Racing,7.0,0 days 00:01:21.283000,MEDIUM,2.0,1,True,81.283,2024,Monaco,R,21.596499999999995,46.318000000000005,0.0,4,Early,1:21.283
VER,Red Bull Racing,8.0,0 days 00:01:21.657000,MEDIUM,2.0,1,True,81.657,2024,Monaco,R,21.596499999999995,46.318000000000005,0.0,5,Early,1:21.657
VER,Red Bull Racing,9.0,0 days 00:01:21.740000,MEDIUM,2.0,1,True,81.74,2024,Monaco,R,21.596499999999995,46.318000000000005,0.0,6,Early,1:21.740
VER,Red Bull Racing,10.0,0 days 00:01:21.244000,MEDIUM,2.0,1,True,81.244,2024,Monaco,R,21.596499999999995,46.318000000000005,0.0,7,Early,1:21.244
VER,Red Bull Racing,11.0,0 days 00:01:21.492000,MEDIUM,2.0,1,True,81.492,2024,Monaco,R,21.596499999999995,46.318000000000005,0.0,8,Early,1:21.492
VER,Red Bull Racing,12.0,0 days 00:01:20.659000,MEDIUM,2.0,1,True,80.659,2024,Monaco,R,21.596499999999995,46.318000000000005,0.0,9,Early,1:20.659
VER,Red Bull Racing,13.0,0 days 00:01:19.904000,MEDIUM,2.0,1,True,79.904,2024,Monaco,R,21.596499999999995,46.318000000000005,0.0,10,Early,1:19.904
VER,Red Bull Racing,14.0,0 days 00:01:19.723000,MEDIUM,2.0,1,True,79.723,2024,Monaco,R,21.596499999999995,46.318000000000005,0.0,11,Early,1:19.723
VER,Red Bull Racing,15.0,0 days 00:01:20.370000,MEDIUM,2.0,1,True,80.37,2024,Monaco,R,21.596499999999995,46.318000000000005,0.0,12,Early,1:20.370
VER,Red Bull Racing,16.0,0 days 00:01:20.287000,MEDIUM,2.0,1,True,80.287,2024,Monaco,R,21.596499999999995,46.318000000000005,0.0,13,Early,1:20.287
VER,Red Bull Racing,17.0,0 days 00:01:19.898000,MEDIUM,2.0,1,True,79.898,2024,Monaco,R,21.596499999999995,46.318000000000005,0.0,14,Early,1:19.898
VER,Red Bull Racing,18.0,0 days 00:01:19.580000,MEDIUM,2.0,1,True,79.58,2024,Monaco,R,21.596499999999995,46.318000000000005,0.0,15,Early,1:19.580
VER,Red Bull Racing,19.0,0 days 00:01:20.171000,MEDIUM,2.0,1,True,80.171,2024,Monaco,R,21.596499999999995,46.318000000000005,0.0,16,Early,1:20.171
VER,Red Bull Racing,20.0,0 days 00:01:19.886000,MEDIUM,2.0,1,True,79.886,2024,Monaco,R,21.596499999999995,46.318000000000005,0.0,17,Early,1:19.886
VER,Red Bull Racing,21.0,0 days 00:01:20.255000,MEDIUM,2.0,1,True,80.255,2024,Monaco,R,21.596499999999995,46.318000000000005,0.0,18,Early,1:20.255
VER,Red Bull Racing,22.0,0 days 00:01:19.813000,MEDIUM,2.0,1,True,79.813,2024,Monaco,R,21.596499999999995,46.318000000000005,0.0,19,Early,1:19.813
VER,Red Bull Racing,23.0,0 days 00:01:18.979000,MEDIUM,2.0,1,True,78.979,2024,Monaco,R,21.596499999999995,46.318000000000005,0.0,20,Early,1:18.979
VER,Red Bull Racing,24.0,0 days 00:01:19.364000,MEDIUM,2.0,1,True,79.364,2024,Monaco,R,21.596499999999995,46.318000000000005,0.0,21,Early,1:19.364
VER,Red Bull Racing,25.0,0 days 00:01:19.380000,MEDIUM,2.0,1,True,79.38,2024,Monaco,R,21.596499999999995,46.318000000000005,0.0,22,Early,1:19.380
VER,Red Bull Racing,26.0,0 days 00:01:18.818000,MEDIUM,2.0,1,True,78.818,2024,Monaco,R,21.596499999999995,46.318000000000005,0.0,23,Early,1:18.818
VER,Red Bull Racing,27.0,0 days 00:01:18.797000,MEDIUM,2.0,1,True,78.797,2024,Monaco,R,21.596499999999995,46.318000000000005,0.0,24,Mid,1:18.797
VER,Red Bull Racing,28.0,0 days 00:01:18.682000,MEDIUM,2.0,1,True,78.682,2024,Monaco,R,21.596499999999995,46.318000000000005,0.0,25,Mid,1:18.682
VER,Red Bull Racing,29.0,0 days 00:01:18.795000,MEDIUM,2.0,1,True,78.795,2024,Monaco,R,21.596499999999995,46.318000000000005,0.0,26,Mid,1:18.795
VER,Red Bull Racing,30.0,0 days 00:01:18.574000,MEDIUM,2.0,1,True,78.574,2024,Monaco,R,21.596499999999995,46.318000000000005,0.0,27,Mid,1:18.574
VER,Red Bull Racing,31.0,0 days 00:01:18.564000,MEDIUM,2.0,1,True,78.564,2024,Monaco,R,21.596499999999995,46.318000000000005,0.0,28,Mid,1:18.564
VER,Red Bull Racing,32.0,0 days 00:01:18.983000,MEDIUM,2.0,1,True,78.983,2024,Monaco,R,21.596499999999995,46.318000000000005,0.0,29,Mid,1:18.983
VER,Red Bull Racing,33.0,0 days 00:01:19.005000,MEDIUM,2.0,1,True,79.005,2024,Monaco,R,21.596499999999995,46.318000000000005,0.0,30,Mid,1:19.005
VER,Red Bull Racing,34.0,0 days 00:01:19.594000,MEDIUM,2.0,1,True,79.594,2024,Monaco,R,21.596499999999995,46.318000000000005,0.0,31,Mid,1:19.594
VER,Red Bull Racing,35.0,0 days 00:01:20.207000,MEDIUM,2.0,1,True,80.207,2024,Monaco,R,21.596499999999995,46.318000000000005,0.0,32,Mid,1:20.207
VER,Red Bull Racing,36.0,0 days 00:01:19.634000,MEDIUM,2.0,1,True,79.634,2024,Monaco,R,21.596499999999995,46.318000000000005,0.0,33,Mid,1:19.634
VER,Red Bull Racing,37.0,0 days 00:01:19.429000,MEDIUM,2.0,1,True,79.429,2024,Monaco,R,21.596499999999995,46.318000000000005,0.0,34,Mid,1:19.429
VER,Red Bull Racing,38.0,0 days 00:01:18.844000,MEDIUM,2.0,1,True,78.844,2024,Monaco,R,21.596499999999995,46.318000000000005,0.0,35,Mid,1:18.844
VER,Red Bull Racing,39.0,0 days 00:01:18.326000,MEDIUM,2.0,1,True,78.326,2024,Monaco,R,21.596499999999995,46.318000000000005,0.0,36,Mid,1:18.326
VER,Red Bull Racing,40.0,0 days 00:01:18.409000,MEDIUM,2.0,1,True,78.409,2024,Monaco,R,21.596499999999995,46.318000000000005,0.0,37,Mid,1:18.409
VER,Red Bull Racing,41.0,0 days 00:01:18.083000,MEDIUM,2.0,1,True,78.083,2024,Monaco,R,21.596499999999995,46.318000000000005,0.0,38,Mid,1:18.083
VER,Red Bull Racing,42.0,0 days 00:01:18.074000,MEDIUM,2.0,1,True,78.074,2024,Monaco,R,21.596499999999995,46.318000000000005,0.0,39,Mid,1:18.074
VER,Red Bull Racing,43.0,0 days 00:01:18.358000,MEDIUM,2.0,1,True,78.358,2024,Monaco,R,21.596499999999995,46.318000000000005,0.0,40,Mid,1:18.358
VER,Red Bull Racing,44.0,0 days 00:01:18.405000,MEDIUM,2.0,1,True,78.405,2024,Monaco,R,21.596499999999995,46.318000000000005,0.0,41,Mid,1:18.405
VER,Red Bull Racing,45.0,0 days 00:01:18.313000,MEDIUM,2.0,1,True,78.313,2024,Monaco,R,21.596499999999995,46.318000000000005,0.0,42,Mid,1:18.313
VER,Red Bull Racing,46.0,0 days 00:01:18.203000,MEDIUM,2.0,1,True,78.203,2024,Monaco,R,21.596499999999995,46.318000000000005,0.0,43,Mid,1:18.203
VER,Red Bull Racing,47.0,0 days 00:01:18.537000,MEDIUM,2.0,1,True,78.537,2024,Monaco,R,21.596499999999995,46.318000000000005,0.0,44,Mid,1:18.537
VER,Red Bull Racing,48.0,0 days 00:01:18.337000,MEDIUM,2.0,1,True,78.337,2024,Monaco,R,21.596499999999995,46.318000000000005,0.0,45,Mid,1:18.337
VER,Red Bull Racing,49.0,0 days 00:01:18.477000,MEDIUM,2.0,1,True,78.477,2024,Monaco,R,21.596499999999995,46.318000000000005,0.0,46,Mid,1:18.477
VER,Red Bull Racing,50.0,0 days 00:01:18.880000,MEDIUM,2.0,1,True,78.88,2024,Monaco,R,21.596499999999995,46.318000000000005,0.0,47,Mid,1:18.880
VER,Red Bull Racing,51.0,0 days 00:01:18.142000,MEDIUM,2.0,1,True,78.142,2024,Monaco,R,21.596499999999995,46.318000000000005,0.0,48,Mid,1:18.142
VER,Red Bull Racing,54.0,0 days 00:01:15.815000,HARD,3.0,1,True,75.815,2024,Monaco,R,21.596499999999995,46.318000000000005,0.0,0,Late,1:15.815
VER,Red Bull Racing,55.0,0 days 00:01:15.398000,HARD,3.0,1,True,75.398,2024,Monaco,R,21.596499999999995,46.318000000000005,0.0,1,Late,1:15.398
VER,Red Bull Racing,56.0,0 days 00:01:15.466000,HARD,3.0,1,True,75.466,2024,Monaco,R,21.596499999999995,46.318000000000005,0.0,2,Late,1:15.466
VER,Red Bull Racing,57.0,0 days 00:01:16.181000,HARD,3.0,1,True,76.181,2024,Monaco,R,21.596499999999995,46.318000000000005,0.0,3,Late,1:16.181
VER,Red Bull Racing,58.0,0 days 00:01:14.569000,HARD,3.0,1,True,74.569,2024,Monaco,R,21.596499999999995,46.318000000000005,0.0,4,Late,1:14.569
VER,Red Bull Racing,59.0,0 days 00:01:14.748000,HARD,3.0,1,True,74.748,2024,Monaco,R,21.596499999999995,46.318000000000005,0.0,5,Late,1:14.748
VER,Red Bull Racing,60.0,0 days 00:01:15.238000,HARD,3.0,1,True,75.238,2024,Monaco,R,21.596499999999995,46.318000000000005,0.0,6,Late,1:15.238
VER,Red Bull Racing,61.0,0 days 00:01:15.121000,HARD,3.0,1,True,75.121,2024,Monaco,R,21.596499999999995,46.318000000000005,0.0,7,Late,1:15.121
VER,Red Bull Racing,62.0,0 days 00:01:16.561000,HARD,3.0,1,True,76.561,2024,Monaco,R,21.596499999999995,46.318000000000005,0.0,8,Late,1:16.561
VER,Red Bull Racing,63.0,0 days 00:01:16.547000,HARD,3.0,1,True,76.547,2024,Monaco,R,21.596499999999995,46.318000000000005,0.0,9,Late,1:16.547
VER,Red Bull Racing,64.0,0 days 00:01:16.619000,HARD,3.0,1,True,76.619,2024,Monaco,R,21.596499999999995,46.318000000000005,0.0,10,Late,1:16.619
VER,Red Bull Racing,65.0,0 days 00:01:15.468000,HARD,3.0,1,True,75.468,2024,Monaco,R,21.596499999999995,46.318000000000005,0.0,11,Late,1:15.468
VER,Red Bull Racing,66.0,0 days 00:01:16.121000,HARD,3.0,1,True,76.121,2024,Monaco,R,21.596499999999995,46.318000000000005,0.0,12,Late,1:16.121
VER,Red Bull Racing,67.0,0 days 00:01:16.276000,HARD,3.0,1,True,76.276,2024,Monaco,R,21.596499999999995,46.318000000000005,0.0,13,Late,1:16.276
VER,Red Bull Racing,68.0,0 days 00:01:15.954000,HARD,3.0,1,True,75.954,2024,Monaco,R,21.596499999999995,46.318000000000005,0.0,14,Late,1:15.954
VER,Red Bull Racing,69.0,0 days 00:01:15.463000,HARD,3.0,1,True,75.463,2024,Monaco,R,21.596499999999995,46.318000000000005,0.0,15,Late,1:15.463
VER,Red Bull Racing,70.0,0 days 00:01:15.449000,HARD,3.0,1,True,75.449,2024,Monaco,R,21.596499999999995,46.318000000000005,0.0,16,Late,1:15.449
VER,Red Bull Racing,71.0,0 days 00:01:15.659000,HARD,3.0,1,True,75.659,2024,Monaco,R,21.596499999999995,46.318000000000005,0.0,17,Late,1:15.659
VER,Red Bull Racing,72.0,0 days 00:01:15.733000,HARD,3.0,1,True,75.733,2024,Monaco,R,21.596499999999995,46.318000000000005,0.0,18,Late,1:15.733
VER,Red Bull Racing,73.0,0 days 00:01:15.436000,HARD,3.0,1,True,75.436,2024,Monaco,R,21.596499999999995,46.318000000000005,0.0,19,Late,1:15.436
VER,Red Bull Racing,74.0,0 days 00:01:15.380000,HARD,3.0,1,True,75.38,2024,Monaco,R,21.596499999999995,46.318000000000005,0.0,20,Late,1:15.380
VER,Red Bull Racing,75.0,0 days 00:01:15.396000,HARD,3.0,1,True,75.396,2024,Monaco,R,21.596499999999995,46.318000000000005,0.0,21,Late,1:15.396
VER,Red Bull Racing,76.0,0 days 00:01:15.641000,HARD,3.0,1,True,75.641,2024,Monaco,R,21.596499999999995,46.318000000000005,0.0,22,Late,1:15.641
VER,Red Bull Racing,77.0,0 days 00:01:15.543000,HARD,3.0,1,True,75.543,2024,Monaco,R,21.596499999999995,46.318000000000005,0.0,23,Late,1:15.543
VER,Red Bull Racing,78.0,0 days 00:01:16.248000,HARD,3.0,1,True,76.248,2024,Monaco,R,21.596499999999995,46.318000000000005,0.0,24,Late,1:16.248
ZHO,Kick Sauber,3.0,0 days 00:01:30.396000,HARD,2.0,1,True,90.396,2024,Monaco,R,21.596499999999995,46.318000000000005,0.0,0,Early,1:30.396
ZHO,Kick Sauber,4.0,0 days 00:01:23.698000,HARD,2.0,1,True,83.698,2024,Monaco,R,21.596499999999995,46.318000000000005,0.0,1,Early,1:23.698
ZHO,Kick Sauber,5.0,0 days 00:01:23.494000,HARD,2.0,1,True,83.494,2024,Monaco,R,21.596499999999995,46.318000000000005,0.0,2,Early,1:23.494
ZHO,Kick Sauber,6.0,0 days 00:01:22.649000,HARD,2.0,1,True,82.649,2024,Monaco,R,21.596499999999995,46.318000000000005,0.0,3,Early,1:22.649
ZHO,Kick Sauber,7.0,0 days 00:01:22.934000,HARD,2.0,1,True,82.934,2024,Monaco,R,21.596499999999995,46.318000000000005,0.0,4,Early,1:22.934
ZHO,Kick Sauber,8.0,0 days 00:01:22.182000,HARD,2.0,1,True,82.182,2024,Monaco,R,21.596499999999995,46.318000000000005,0.0,5,Early,1:22.182
ZHO,Kick Sauber,9.0,0 days 00:01:21.810000,HARD,2.0,1,True,81.81,2024,Monaco,R,21.596499999999995,46.318000000000005,0.0,6,Early,1:21.810
ZHO,Kick Sauber,10.0,0 days 00:01:21.944000,HARD,2.0,1,True,81.944,2024,Monaco,R,21.596499999999995,46.318000000000005,0.0,7,Early,1:21.944
ZHO,Kick Sauber,11.0,0 days 00:01:21.563000,HARD,2.0,1,True,81.563,2024,Monaco,R,21.596499999999995,46.318000000000005,0.0,8,Early,1:21.563
ZHO,Kick Sauber,12.0,0 days 00:01:21.193000,HARD,2.0,1,True,81.193,2024,Monaco,R,21.596499999999995,46.318000000000005,0.0,9,Early,1:21.193
ZHO,Kick Sauber,13.0,0 days 00:01:21.529000,HARD,2.0,1,True,81.529,2024,Monaco,R,21.596499999999995,46.318000000000005,0.0,10,Early,1:21.529
ZHO,Kick Sauber,14.0,0 days 00:01:21.264000,HARD,2.0,1,True,81.264,2024,Monaco,R,21.596499999999995,46.318000000000005,0.0,11,Early,1:21.264
ZHO,Kick Sauber,15.0,0 days 00:01:21.447000,HARD,2.0,1,True,81.447,2024,Monaco,R,21.596499999999995,46.318000000000005,0.0,12,Early,1:21.447
ZHO,Kick Sauber,16.0,0 days 00:01:20.481000,HARD,2.0,1,True,80.481,2024,Monaco,R,21.596499999999995,46.318000000000005,0.0,13,Early,1:20.481
ZHO,Kick Sauber,17.0,0 days 00:01:20.979000,HARD,2.0,1,True,80.979,2024,Monaco,R,21.596499999999995,46.318000000000005,0.0,14,Early,1:20.979
ZHO,Kick Sauber,18.0,0 days 00:01:20.911000,HARD,2.0,1,True,80.911,2024,Monaco,R,21.596499999999995,46.318000000000005,0.0,15,Early,1:20.911
ZHO,Kick Sauber,19.0,0 days 00:01:21.420000,HARD,2.0,1,True,81.42,2024,Monaco,R,21.596499999999995,46.318000000000005,0.0,16,Early,1:21.420
ZHO,Kick Sauber,20.0,0 days 00:01:20.904000,HARD,2.0,1,True,80.904,2024,Monaco,R,21.596499999999995,46.318000000000005,0.0,17,Early,1:20.904
ZHO,Kick Sauber,21.0,0 days 00:01:20.669000,HARD,2.0,1,True,80.669,2024,Monaco,R,21.596499999999995,46.318000000000005,0.0,18,Early,1:20.669
ZHO,Kick Sauber,22.0,0 days 00:01:21.083000,HARD,2.0,1,True,81.083,2024,Monaco,R,21.596499999999995,46.318000000000005,0.0,19,Early,1:21.083
ZHO,Kick Sauber,23.0,0 days 00:01:20.792000,HARD,2.0,1,True,80.792,2024,Monaco,R,21.596499999999995,46.318000000000005,0.0,20,Early,1:20.792
ZHO,Kick Sauber,24.0,0 days 00:01:20.347000,HARD,2.0,1,True,80.347,2024,Monaco,R,21.596499999999995,46.318000000000005,0.0,21,Early,1:20.347
ZHO,Kick Sauber,25.0,0 days 00:01:20.763000,HARD,2.0,1,True,80.763,2024,Monaco,R,21.596499999999995,46.318000000000005,0.0,22,Early,1:20.763
ZHO,Kick Sauber,26.0,0 days 00:01:20.869000,HARD,2.0,1,True,80.869,2024,Monaco,R,21.596499999999995,46.318000000000005,0.0,23,Early,1:20.869
ZHO,Kick Sauber,27.0,0 days 00:01:21.293000,HARD,2.0,1,True,81.293,2024,Monaco,R,21.596499999999995,46.318000000000005,0.0,24,Mid,1:21.293
ZHO,Kick Sauber,28.0,0 days 00:01:21.516000,HARD,2.0,1,True,81.516,2024,Monaco,R,21.596499999999995,46.318000000000005,0.0,25,Mid,1:21.516
ZHO,Kick Sauber,29.0,0 days 00:01:21.338000,HARD,2.0,1,True,81.338,2024,Monaco,R,21.596499999999995,46.318000000000005,0.0,26,Mid,1:21.338
ZHO,Kick Sauber,30.0,0 days 00:01:21.044000,HARD,2.0,1,True,81.044,2024,Monaco,R,21.596499999999995,46.318000000000005,0.0,27,Mid,1:21.044
ZHO,Kick Sauber,31.0,0 days 00:01:20.806000,HARD,2.0,1,True,80.806,2024,Monaco,R,21.596499999999995,46.318000000000005,0.0,28,Mid,1:20.806
ZHO,Kick Sauber,32.0,0 days 00:01:20.782000,HARD,2.0,1,True,80.782,2024,Monaco,R,21.596499999999995,46.318000000000005,0.0,29,Mid,1:20.782
ZHO,Kick Sauber,33.0,0 days 00:01:20.677000,HARD,2.0,1,True,80.677,2024,Monaco,R,21.596499999999995,46.318000000000005,0.0,30,Mid,1:20.677
ZHO,Kick Sauber,34.0,0 days 00:01:20.736000,HARD,2.0,1,True,80.736,2024,Monaco,R,21.596499999999995,46.318000000000005,0.0,31,Mid,1:20.736
ZHO,Kick Sauber,35.0,0 days 00:01:20.372000,HARD,2.0,1,True,80.372,2024,Monaco,R,21.596499999999995,46.318000000000005,0.0,32,Mid,1:20.372
ZHO,Kick Sauber,36.0,0 days 00:01:20.986000,HARD,2.0,1,True,80.986,2024,Monaco,R,21.596499999999995,46.318000000000005,0.0,33,Mid,1:20.986
ZHO,Kick Sauber,37.0,0 days 00:01:21.449000,HARD,2.0,1,True,81.449,2024,Monaco,R,21.596499999999995,46.318000000000005,0.0,34,Mid,1:21.449
ZHO,Kick Sauber,38.0,0 days 00:01:21.090000,HARD,2.0,1,True,81.09,2024,Monaco,R,21.596499999999995,46.318000000000005,0.0,35,Mid,1:21.090
ZHO,Kick Sauber,39.0,0 days 00:01:21.233000,HARD,2.0,1,True,81.233,2024,Monaco,R,21.596499999999995,46.318000000000005,0.0,36,Mid,1:21.233
ZHO,Kick Sauber,40.0,0 days 00:01:24.969000,HARD,2.0,1,True,84.969,2024,Monaco,R,21.596499999999995,46.318000000000005,0.0,37,Mid,1:24.969
ZHO,Kick Sauber,41.0,0 days 00:01:21.127000,HARD,2.0,1,True,81.127,2024,Monaco,R,21.596499999999995,46.318000000000005,0.0,38,Mid,1:21.127
ZHO,Kick Sauber,42.0,0 days 00:01:21.957000,HARD,2.0,1,True,81.957,2024,Monaco,R,21.596499999999995,46.318000000000005,0.0,39,Mid,1:21.957
ZHO,Kick Sauber,43.0,0 days 00:01:20.578000,HARD,2.0,1,True,80.578,2024,Monaco,R,21.596499999999995,46.318000000000005,0.0,40,Mid,1:20.578
ZHO,Kick Sauber,44.0,0 days 00:01:19.610000,HARD,2.0,1,True,79.61,2024,Monaco,R,21.596499999999995,46.318000000000005,0.0,41,Mid,1:19.610
ZHO,Kick Sauber,45.0,0 days 00:01:20.686000,HARD,2.0,1,True,80.686,2024,Monaco,R,21.596499999999995,46.318000000000005,0.0,42,Mid,1:20.686
ZHO,Kick Sauber,46.0,0 days 00:01:20.146000,HARD,2.0,1,True,80.146,2024,Monaco,R,21.596499999999995,46.318000000000005,0.0,43,Mid,1:20.146
ZHO,Kick Sauber,47.0,0 days 00:01:20.075000,HARD,2.0,1,True,80.075,2024,Monaco,R,21.596499999999995,46.318000000000005,0.0,44,Mid,1:20.075
ZHO,Kick Sauber,48.0,0 days 00:01:22.481000,HARD,2.0,1,True,82.481,2024,Monaco,R,21.596499999999995,46.318000000000005,0.0,45,Mid,1:22.481
ZHO,Kick Sauber,49.0,0 days 00:01:22.134000,HARD,2.0,1,True,82.134,2024,Monaco,R,21.596499999999995,46.318000000000005,0.0,46,Mid,1:22.134
ZHO,Kick Sauber,50.0,0 days 00:01:20.946000,HARD,2.0,1,True,80.946,2024,Monaco,R,21.596499999999995,46.318000000000005,0.0,47,Mid,1:20.946
ZHO,Kick Sauber,51.0,0 days 00:01:20.962000,HARD,2.0,12,True,80.962,2024,Monaco,R,21.596499999999995,46.318000000000005,0.0,48,Mid,1:20.962
ZHO,Kick Sauber,52.0,0 days 00:01:20.970000,HARD,2.0,1,True,80.97,2024,Monaco,R,21.596499999999995,46.318000000000005,0.0,49,Mid,1:20.970
ZHO,Kick Sauber,53.0,0 days 00:01:21.375000,HARD,2.0,1,True,81.375,2024,Monaco,R,21.596499999999995,46.318000000000005,0.0,50,Late,1:21.375
ZHO,Kick Sauber,54.0,0 days 00:01:22.153000,HARD,2.0,1,True,82.153,2024,Monaco,R,21.596499999999995,46.318000000000005,0.0,51,Late,1:22.153
ZHO,Kick Sauber,55.0,0 days 00:01:21.399000,HARD,2.0,1,True,81.399,2024,Monaco,R,21.596499999999995,46.318000000000005,0.0,52,Late,1:21.399
ZHO,Kick Sauber,56.0,0 days 00:01:20.315000,HARD,2.0,1,True,80.315,2024,Monaco,R,21.596499999999995,46.318000000000005,0.0,53,Late,1:20.315
ZHO,Kick Sauber,57.0,0 days 00:01:21.119000,HARD,2.0,1,True,81.119,2024,Monaco,R,21.596499999999995,46.318000000000005,0.0,54,Late,1:21.119
ZHO,Kick Sauber,58.0,0 days 00:01:18.795000,HARD,2.0,1,True,78.795,2024,Monaco,R,21.596499999999995,46.318000000000005,0.0,55,Late,1:18.795
ZHO,Kick Sauber,59.0,0 days 00:01:17.936000,HARD,2.0,1,True,77.936,2024,Monaco,R,21.596499999999995,46.318000000000005,0.0,56,Late,1:17.936
ZHO,Kick Sauber,60.0,0 days 00:01:18.545000,HARD,2.0,1,True,78.545,2024,Monaco,R,21.596499999999995,46.318000000000005,0.0,57,Late,1:18.545
ZHO,Kick Sauber,61.0,0 days 00:01:18.707000,HARD,2.0,1,True,78.707,2024,Monaco,R,21.596499999999995,46.318000000000005,0.0,58,Late,1:18.707
ZHO,Kick Sauber,62.0,0 days 00:01:18.817000,HARD,2.0,1,True,78.817,2024,Monaco,R,21.596499999999995,46.318000000000005,0.0,59,Late,1:18.817
ZHO,Kick Sauber,63.0,0 days 00:01:18.789000,HARD,2.0,1,True,78.789,2024,Monaco,R,21.596499999999995,46.318000000000005,0.0,60,Late,1:18.789
ZHO,Kick Sauber,64.0,0 days 00:01:19.295000,HARD,2.0,1,True,79.295,2024,Monaco,R,21.596499999999995,46.318000000000005,0.0,61,Late,1:19.295
ZHO,Kick Sauber,65.0,0 days 00:01:19.719000,HARD,2.0,1,True,79.719,2024,Monaco,R,21.596499999999995,46.318000000000005,0.0,62,Late,1:19.719
ZHO,Kick Sauber,66.0,0 days 00:01:19.749000,HARD,2.0,1,True,79.749,2024,Monaco,R,21.596499999999995,46.318000000000005,0.0,63,Late,1:19.749
ZHO,Kick Sauber,67.0,0 days 00:01:20.357000,HARD,2.0,1,True,80.357,2024,Monaco,R,21.596499999999995,46.318000000000005,0.0,64,Late,1:20.357
ZHO,Kick Sauber,68.0,0 days 00:01:25.217000,HARD,2.0,1,True,85.217,2024,Monaco,R,21.596499999999995,46.318000000000005,0.0,65,Late,1:25.217
ZHO,Kick Sauber,69.0,0 days 00:01:20.484000,HARD,2.0,1,True,80.484,2024,Monaco,R,21.596499999999995,46.318000000000005,0.0,66,Late,1:20.484
ZHO,Kick Sauber,72.0,0 days 00:01:20.585000,SOFT,3.0,1,True,80.585,2024,Monaco,R,21.596499999999995,46.318000000000005,0.0,0,Late,1:20.585
ZHO,Kick Sauber,73.0,0 days 00:01:15.233000,SOFT,3.0,1,True,75.233,2024,Monaco,R,21.596499999999995,46.318000000000005,0.0,1,Late,1:15.233
ZHO,Kick Sauber,74.0,0 days 00:01:20.473000,SOFT,3.0,1,True,80.473,2024,Monaco,R,21.596499999999995,46.318000000000005,0.0,2,Late,1:20.473
ZHO,Kick Sauber,75.0,0 days 00:01:14.718000,SOFT,3.0,1,True,74.718,2024,Monaco,R,21.596499999999995,46.318000000000005,0.0,3,Late,1:14.718
ZHO,Kick Sauber,76.0,0 days 00:01:17.173000,SOFT,3.0,1,True,77.173,2024,Monaco,R,21.596499999999995,46.318000000000005,0.0,4,Late,1:17.173
ALB,Williams,2.0,0 days 00:01:38.048000,INTERMEDIATE,1.0,1,True,98.048,2024,Silverstone,Q,13.69764705882353,21.21529411764706,0.07058823529411765,0,Early,1:38.048
ALB,Williams,3.0,0 days 00:02:03.892000,INTERMEDIATE,1.0,1,True,123.892,2024,Silverstone,Q,13.69764705882353,21.21529411764706,0.07058823529411765,1,Early,2:03.892
ALB,Williams,7.0,0 days 00:01:42.051000,SOFT,3.0,1,True,102.051,2024,Silverstone,Q,13.69764705882353,21.21529411764706,0.07058823529411765,0,Early,1:42.051
ALB,Williams,8.0,0 days 00:01:31.135000,SOFT,3.0,1,True,91.135,2024,Silverstone,Q,13.69764705882353,21.21529411764706,0.07058823529411765,1,Early,1:31.135
ALB,Williams,11.0,0 days 00:01:27.983000,SOFT,4.0,1,True,87.983,2024,Silverstone,Q,13.69764705882353,21.21529411764706,0.07058823529411765,0,Mid,1:27.983
ALB,Williams,12.0,0 days 00:01:59.279000,SOFT,4.0,1,True,119.279,2024,Silverstone,Q,13.69764705882353,21.21529411764706,0.07058823529411765,1,Mid,1:59.279
ALB,Williams,13.0,0 days 00:01:27.553000,SOFT,4.0,1,True,87.553,2024,Silverstone,Q,13.69764705882353,21.21529411764706,0.07058823529411765,2,Mid,1:27.553
ALB,Williams,16.0,0 days 00:01:26.933000,SOFT,5.0,1,True,86.933,2024,Silverstone,Q,13.69764705882353,21.21529411764706,0.07058823529411765,0,Mid,1:26.933
ALB,Williams,19.0,0 days 00:01:27.008000,SOFT,6.0,1,True,87.008,2024,Silverstone,Q,13.69764705882353,21.21529411764706,0.07058823529411765,0,Late,1:27.008
ALB,Williams,22.0,0 days 00:01:26.640000,SOFT,7.0,1,True,86.64,2024,Silverstone,Q,13.69764705882353,21.21529411764706,0.07058823529411765,0,Late,1:26.640
ALO,Aston Martin,2.0,0 days 00:01:39.686000,INTERMEDIATE,1.0,1,True,99.686,2024,Silverstone,Q,13.69764705882353,21.21529411764706,0.07058823529411765,0,Early,1:39.686
ALO,Aston Martin,3.0,0 days 00:02:07.212000,INTERMEDIATE,1.0,1,True,127.212,2024,Silverstone,Q,13.69764705882353,21.21529411764706,0.07058823529411765,1,Early,2:07.212
ALO,Aston Martin,4.0,0 days 00:01:38.356000,INTERMEDIATE,1.0,1,True,98.356,2024,Silverstone,Q,13.69764705882353,21.21529411764706,0.07058823529411765,2,Early,1:38.356
ALO,Aston Martin,8.0,0 days 00:01:32.352000,SOFT,3.0,1,True,92.352,2024,Silverstone,Q,13.69764705882353,21.21529411764706,0.07058823529411765,0,Early,1:32.352
ALO,Aston Martin,9.0,0 days 00:02:08.082000,SOFT,3.0,1,True,128.082,2024,Silverstone,Q,13.69764705882353,21.21529411764706,0.07058823529411765,1,Mid,2:08.082
ALO,Aston Martin,10.0,0 days 00:01:31.264000,SOFT,3.0,1,True,91.264,2024,Silverstone,Q,13.69764705882353,21.21529411764706,0.07058823529411765,2,Mid,1:31.264
ALO,Aston Martin,13.0,0 days 00:01:27.652000,SOFT,4.0,1,True,87.652,2024,Silverstone,Q,13.69764705882353,21.21529411764706,0.07058823529411765,0,Mid,1:27.652
ALO,Aston Martin,14.0,0 days 00:02:03.619000,SOFT,4.0,1,True,123.619,2024,Silverstone,Q,13.69764705882353,21.21529411764706,0.07058823529411765,1,Mid,2:03.619
ALO,Aston Martin,15.0,0 days 00:01:27.279000,SOFT,4.0,1,True,87.279,2024,Silverstone,Q,13.69764705882353,21.21529411764706,0.07058823529411765,2,Mid,1:27.279
ALO,Aston Martin,18.0,0 days 00:01:26.730000,SOFT,5.0,1,True,86.73,2024,Silverstone,Q,13.69764705882353,21.21529411764706,0.07058823529411765,0,Late,1:26.730
ALO,Aston Martin,21.0,0 days 00:01:26.917000,SOFT,6.0,1,True,86.917,2024,Silverstone,Q,13.69764705882353,21.21529411764706,0.07058823529411765,0,Late,1:26.917
BOT,Kick Sauber,2.0,0 days 00:01:39.718000,INTERMEDIATE,1.0,1,True,99.718,2024,Silverstone,Q,13.69764705882353,21.21529411764706,0.07058823529411765,0,Early,1:39.718
BOT,Kick Sauber,3.0,0 days 00:02:04.999000,INTERMEDIATE,1.0,1,True,124.999,2024,Silverstone,Q,13.69764705882353,21.21529411764706,0.07058823529411765,1,Early,2:04.999
BOT,Kick Sauber,8.0,0 days 00:01:32.431000,SOFT,3.0,1,True,92.431,2024,Silverstone,Q,13.69764705882353,21.21529411764706,0.07058823529411765,0,Early,1:32.431
BOT,Kick Sauber,9.0,0 days 00:01:39.799000,SOFT,3.0,1,True,99.799,2024,Silverstone,Q,13.69764705882353,21.21529411764706,0.07058823529411765,1,Mid,1:39.799
BOT,Kick Sauber,10.0,0 days 00:01:50.296000,SOFT,3.0,1,True,110.296,2024,Silverstone,Q,13.69764705882353,21.21529411764706,0.07058823529411765,2,Mid,1:50.296
GAS,Alpine,2.0,0 days 00:01:39.804000,INTERMEDIATE,1.0,1,True,99.804,2024,Silverstone,Q,13.69764705882353,21.21529411764706,0.07058823529411765,0,Early,1:39.804
GAS,Alpine,3.0,0 days 00:02:10.632000,INTERMEDIATE,1.0,1,True,130.632,2024,Silverstone,Q,13.69764705882353,21.21529411764706,0.07058823529411765,1,Early,2:10.632
GAS,Alpine,4.0,0 days 00:01:40.529000,INTERMEDIATE,1.0,1,True,100.529,2024,Silverstone,Q,13.69764705882353,21.21529411764706,0.07058823529411765,2,Early,1:40.529
HAM,Mercedes,2.0,0 days 00:01:37.759000,INTERMEDIATE,1.0,1,True,97.759,2024,Silverstone,Q,13.69764705882353,21.21529411764706,0.07058823529411765,0,Early,1:37.759
HAM,Mercedes,3.0,0 days 00:02:02.763000,INTERMEDIATE,1.0,1,True,122.763,2024,Silverstone,Q,13.69764705882353,21.21529411764706,0.07058823529411765,1,Early,2:02.763
HAM,Mercedes,4.0,0 days 00:01:37.134000,INTERMEDIATE,1.0,1,True,97.134,2024,Silverstone,Q,13.69764705882353,21.21529411764706,0.07058823529411765,2,Early,1:37.134
HAM,Mercedes,8.0,0 days 00:01:32.198000,SOFT,3.0,1,True,92.198,2024,Silverstone,Q,13.69764705882353,21.21529411764706,0.07058823529411765,0,Early,1:32.198
HAM,Mercedes,9.0,0 days 00:01:42.439000,SOFT,3.0,1,True,102.439,2024,Silverstone,Q,13.69764705882353,21.21529411764706,0.07058823529411765,1,Mid,1:42.439
HAM,Mercedes,10.0,0 days 00:01:29.547000,SOFT,3.0,1,True,89.547,2024,Silverstone,Q,13.69764705882353,21.21529411764706,0.07058823529411765,2,Mid,1:29.547
HAM,Mercedes,13.0,0 days 00:01:28.285000,SOFT,4.0,1,True,88.285,2024,Silverstone,Q,13.69764705882353,21.21529411764706,0.07058823529411765,0,Mid,1:28.285
HAM,Mercedes,14.0,0 days 00:01:27.549000,SOFT,4.0,1,True,87.549,2024,Silverstone,Q,13.69764705882353,21.21529411764706,0.07058823529411765,1,Mid,1:27.549
HAM,Mercedes,17.0,0 days 00:01:26.770000,SOFT,5.0,1,True,86.77,2024,Silverstone,Q,13.69764705882353,21.21529411764706,0.07058823529411765,0,Late,1:26.770
HAM,Mercedes,18.0,0 days 00:02:07.294000,SOFT,5.0,1,True,127.294,2024,Silverstone,Q,13.69764705882353,21.21529411764706,0.07058823529411765,1,Late,2:07.294
HAM,Mercedes,21.0,0 days 00:01:26.196000,SOFT,6.0,1,True,86.196,2024,Silverstone,Q,13.69764705882353,21.21529411764706,0.07058823529411765,0,Late,1:26.196
HAM,Mercedes,24.0,0 days 00:01:25.990000,SOFT,7.0,1,True,85.99,2024,Silverstone,Q,13.69764705882353,21.21529411764706,0.07058823529411765,0,Late,1:25.990
HUL,Haas F1 Team,2.0,0 days 00:01:31.929000,SOFT,1.0,1,True,91.929,2024,Silverstone,Q,13.69764705882353,21.21529411764706,0.07058823529411765,0,Early,1:31.929
HUL,Haas F1 Team,5.0,0 days 00:01:27.718000,SOFT,2.0,1,True,87.718,2024,Silverstone,Q,13.69764705882353,21.21529411764706,0.07058823529411765,0,Early,1:27.718
HUL,Haas F1 Team,8.0,0 days 00:01:26.847000,SOFT,3.0,1,True,86.847,2024,Silverstone,Q,13.69764705882353,21.21529411764706,0.07058823529411765,0,Early,1:26.847
HUL,Haas F1 Team,9.0,0 days 00:01:54.433000,SOFT,3.0,1,True,114.433,2024,Silverstone,Q,13.69764705882353,21.21529411764706,0.07058823529411765,1,Mid,1:54.433
HUL,Haas F1 Team,10.0,0 days 00:01:27.073000,SOFT,3.0,1,True,87.073,2024,Silverstone,Q,13.69764705882353,21.21529411764706,0.07058823529411765,2,Mid,1:27.073
HUL,Haas F1 Team,13.0,0 days 00:01:26.401000,SOFT,4.0,1,True,86.401,2024,Silverstone,Q,13.69764705882353,21.21529411764706,0.07058823529411765,0,Mid,1:26.401
HUL,Haas F1 Team,16.0,0 days 00:01:26.338000,SOFT,5.0,1,True,86.338,2024,Silverstone,Q,13.69764705882353,21.21529411764706,0.07058823529411765,0,Mid,1:26.338
LEC,Ferrari,2.0,0 days 00:01:38.039000,INTERMEDIATE,1.0,1,True,98.039,2024,Silverstone,Q,13.69764705882353,21.21529411764706,0.07058823529411765,0,Early,1:38.039
LEC,Ferrari,7.0,0 days 00:01:36.176000,SOFT,3.0,1,True,96.176,2024,Silverstone,Q,13.69764705882353,21.21529411764706,0.07058823529411765,0,Early,1:36.176
LEC,Ferrari,8.0,0 days 00:01:32.593000,SOFT,3.0,1,True,92.593,2024,Silverstone,Q,13.69764705882353,21.21529411764706,0.07058823529411765,1,Early,1:32.593
LEC,Ferrari,9.0,0 days 00:01:30.496000,SOFT,3.0,1,True,90.496,2024,Silverstone,Q,13.69764705882353,21.21529411764706,0.07058823529411765,2,Mid,1:30.496
LEC,Ferrari,12.0,0 days 00:01:28.579000,SOFT,4.0,1,True,88.579,2024,Silverstone,Q,13.69764705882353,21.21529411764706,0.07058823529411765,0,Mid,1:28.579
LEC,Ferrari,13.0,0 days 00:01:49.863000,SOFT,4.0,1,True,109.863,2024,Silverstone,Q,13.69764705882353,21.21529411764706,0.07058823529411765,1,Mid,1:49.863
LEC,Ferrari,14.0,0 days 00:01:27.667000,SOFT,4.0,1,True,87.667,2024,Silverstone,Q,13.69764705882353,21.21529411764706,0.07058823529411765,2,Mid,1:27.667
LEC,Ferrari,17.0,0 days 00:01:27.097000,SOFT,5.0,1,True,87.097,2024,Silverstone,Q,13.69764705882353,21.21529411764706,0.07058823529411765,0,Late,1:27.097
MAG,Haas F1 Team,2.0,0 days 00:01:37.805000,INTERMEDIATE,1.0,1,True,97.805,2024,Silverstone,Q,13.69764705882353,21.21529411764706,0.07058823529411765,0,Early,1:37.805
MAG,Haas F1 Team,5.0,0 days 00:01:32.905000,SOFT,2.0,1,True,92.905,2024,Silverstone,Q,13.69764705882353,21.21529411764706,0.07058823529411765,0,Early,1:32.905
NOR,McLaren,2.0,0 days 00:01:37.607000,INTERMEDIATE,1.0,1,True,97.607,2024,Silverstone,Q,13.69764705882353,21.21529411764706,0.07058823529411765,0,Early,1:37.607
NOR,McLaren,3.0,0 days 00:02:01.943000,INTERMEDIATE,1.0,1,True,121.943,2024,Silverstone,Q,13.69764705882353,21.21529411764706,0.07058823529411765,1,Early,2:01.943
NOR,McLaren,4.0,0 days 00:01:55.370000,INTERMEDIATE,1.0,1,True,115.37,2024,Silverstone,Q,13.69764705882353,21.21529411764706,0.07058823529411765,2,Early,1:55.370
NOR,McLaren,7.0,0 days 00:01:31.596000,SOFT,2.0,1,True,91.596,2024,Silverstone,Q,13.69764705882353,21.21529411764706,0.07058823529411765,0,Early,1:31.596
NOR,McLaren,8.0,0 days 00:01:47.232000,SOFT,2.0,1,True,107.232,2024,Silverstone,Q,13.69764705882353,21.21529411764706,0.07058823529411765,1,Early,1:47.232
NOR,McLaren,11.0,0 days 00:01:27.432000,SOFT,3.0,1,True,87.432,2024,Silverstone,Q,13.69764705882353,21.21529411764706,0.07058823529411765,0,Mid,1:27.432
NOR,McLaren,14.0,0 days 00:01:49.056000,SOFT,4.0,1,True,109.056,2024,Silverstone,Q,13.69764705882353,21.21529411764706,0.07058823529411765,0,Mid,1:49.056
NOR,McLaren,15.0,0 days 00:01:26.559000,SOFT,4.0,1,True,86.559,2024,Silverstone,Q,13.69764705882353,21.21529411764706,0.07058823529411765,1,Mid,1:26.559
NOR,McLaren,16.0,0 days 00:02:01.740000,SOFT,4.0,1,True,121.74,2024,Silverstone,Q,13.69764705882353,21.21529411764706,0.07058823529411765,2,Mid,2:01.740
NOR,McLaren,19.0,0 days 00:01:26.030000,SOFT,5.0,1,True,86.03,2024,Silverstone,Q,13.69764705882353,21.21529411764706,0.07058823529411765,0,Late,1:26.030
OCO,Alpine,2.0,0 days 00:01:39.078000,INTERMEDIATE,1.0,1,True,99.078,2024,Silverstone,Q,13.69764705882353,21.21529411764706,0.07058823529411765,0,Early,1:39.078
OCO,Alpine,3.0,0 days 00:01:57.222000,INTERMEDIATE,1.0,1,True,117.222,2024,Silverstone,Q,13.69764705882353,21.21529411764706,0.07058823529411765,1,Early,1:57.222
OCO,Alpine,4.0,0 days 00:01:39.910000,INTERMEDIATE,1.0,1,True,99.91,2024,Silverstone,Q,13.69764705882353,21.21529411764706,0.07058823529411765,2,Early,1:39.910
OCO,Alpine,8.0,0 days 00:01:36.414000,SOFT,3.0,1,True,96.414,2024,Silverstone,Q,13.69764705882353,21.21529411764706,0.07058823529411765,0,Early,1:36.414
OCO,Alpine,9.0,0 days 00:01:34.557000,SOFT,3.0,1,True,94.557,2024,Silverstone,Q,13.69764705882353,21.21529411764706,0.07058823529411765,1,Mid,1:34.557
OCO,Alpine,10.0,0 days 00:01:36.198000,SOFT,3.0,1,True,96.198,2024,Silverstone,Q,13.69764705882353,21.21529411764706,0.07058823529411765,2,Mid,1:36.198
PER,Red Bull Racing,2.0,0 days 00:01:38.348000,INTERMEDIATE,1.0,1,True,98.348,2024,Silverstone,Q,13.69764705882353,21.21529411764706,0.07058823529411765,0,Early,1:38.348
PER,Red Bull Racing,3.0,0 days 00:02:06.177000,INTERMEDIATE,1.0,1,True,126.177,2024,Silverstone,Q,13.69764705882353,21.21529411764706,0.07058823529411765,1,Early,2:06.177
PIA,McLaren,2.0,0 days 00:01:38.284000,INTERMEDIATE,1.0,1,True,98.284,2024,Silverstone,Q,13.69764705882353,21.21529411764706,0.07058823529411765,0,Early,1:38.284
PIA,McLaren,3.0,0 days 00:02:04.359000,INTERMEDIATE,1.0,1,True,124.359,2024,Silverstone,Q,13.69764705882353,21.21529411764706,0.07058823529411765,1,Early,2:04.359
PIA,McLaren,4.0,0 days 00:01:37.372000,INTERMEDIATE,1.0,1,True,97.372,2024,Silverstone,Q,13.69764705882353,21.21529411764706,0.07058823529411765,2,Early,1:37.372
PIA,McLaren,7.0,0 days 00:01:30.895000,SOFT,2.0,1,True,90.895,2024,Silverstone,Q,13.69764705882353,21.21529411764706,0.07058823529411765,0,Early,1:30.895
PIA,McLaren,8.0,0 days 00:01:37.055000,SOFT,2.0,1,True,97.055,2024,Silverstone,Q,13.69764705882353,21.21529411764706,0.07058823529411765,1,Early,1:37.055
PIA,McLaren,11.0,0 days 00:01:27.631000,SOFT,3.0,1,True,87.631,2024,Silverstone,Q,13.69764705882353,21.21529411764706,0.07058823529411765,0,Mid,1:27.631
PIA,McLaren,14.0,0 days 00:01:26.945000,SOFT,4.0,1,True,86.945,2024,Silverstone,Q,13.69764705882353,21.21529411764706,0.07058823529411765,0,Mid,1:26.945
PIA,McLaren,15.0,0 days 00:01:58.849000,SOFT,4.0,1,True,118.849,2024,Silverstone,Q,13.69764705882353,21.21529411764706,0.07058823529411765,1,Mid,1:58.849
PIA,McLaren,16.0,0 days 00:01:58.801000,SOFT,4.0,1,True,118.801,2024,Silverstone,Q,13.69764705882353,21.21529411764706,0.07058823529411765,2,Mid,1:58.801
PIA,McLaren,17.0,0 days 00:01:26.733000,SOFT,4.0,1,True,86.733,2024,Silverstone,Q,13.69764705882353,21.21529411764706,0.07058823529411765,3,Late,1:26.733
PIA,McLaren,20.0,0 days 00:01:26.237000,SOFT,5.0,1,True,86.237,2024,Silverstone,Q,13.69764705882353,21.21529411764706,0.07058823529411765,0,Late,1:26.237
PIA,McLaren,23.0,0 days 00:01:27.043000,SOFT,6.0,1,True,87.043,2024,Silverstone,Q,13.69764705882353,21.21529411764706,0.07058823529411765,0,Late,1:27.043
RIC,RB,2.0,0 days 00:01:40.599000,INTERMEDIATE,1.0,1,True,100.599,2024,Silverstone,Q,13.69764705882353,21.21529411764706,0.07058823529411765,0,Early,1:40.599
RIC,RB,3.0,0 days 00:02:04.316000,INTERMEDIATE,1.0,1,True,124.316,2024,Silverstone,Q,13.69764705882353,21.21529411764706,0.07058823529411765,1,Early,2:04.316
RIC,RB,7.0,0 days 00:01:36.233000,SOFT,3.0,1,True,96.233,2024,Silverstone,Q,13.69764705882353,21.21529411764706,0.07058823529411765,0,Early,1:36.233
RIC,RB,8.0,0 days 00:01:35.045000,SOFT,3.0,1,True,95.045,2024,Silverstone,Q,13.69764705882353,21.21529411764706,0.07058823529411765,1,Early,1:35.045
RIC,RB,9.0,0 days 00:01:31.291000,SOFT,3.0,1,True,91.291,2024,Silverstone,Q,13.69764705882353,21.21529411764706,0.07058823529411765,2,Mid,1:31.291
RIC,RB,12.0,0 days 00:01:29.015000,SOFT,4.0,1,True,89.015,2024,Silverstone,Q,13.69764705882353,21.21529411764706,0.07058823529411765,0,Mid,1:29.015
RIC,RB,13.0,0 days 00:01:28.596000,SOFT,4.0,1,True,88.596,2024,Silverstone,Q,13.69764705882353,21.21529411764706,0.07058823529411765,1,Mid,1:28.596
RIC,RB,16.0,0 days 00:01:53.054000,SOFT,5.0,1,True,113.054,2024,Silverstone,Q,13.69764705882353,21.21529411764706,0.07058823529411765,0,Mid,1:53.054
RIC,RB,17.0,0 days 00:01:27.949000,SOFT,5.0,1,True,87.949,2024,Silverstone,Q,13.69764705882353,21.21529411764706,0.07058823529411765,1,Late,1:27.949
RUS,Mercedes,2.0,0 days 00:01:37.800000,INTERMEDIATE,1.0,1,True,97.8,2024,Silverstone,Q,13.69764705882353,21.21529411764706,0.07058823529411765,0,Early,1:37.800
RUS,Mercedes,3.0,0 days 00:02:07.395000,INTERMEDIATE,1.0,1,True,127.395,2024,Silverstone,Q,13.69764705882353,21.21529411764706,0.07058823529411765,1,Early,2:07.395
RUS,Mercedes,4.0,0 days 00:01:37.215000,INTERMEDIATE,1.0,1,True,97.215,2024,Silverstone,Q,13.69764705882353,21.21529411764706,0.07058823529411765,2,Early,1:37.215
RUS,Mercedes,8.0,0 days 00:01:36.993000,SOFT,3.0,1,True,96.993,2024,Silverstone,Q,13.69764705882353,21.21529411764706,0.07058823529411765,0,Early,1:36.993
RUS,Mercedes,9.0,0 days 00:01:32.640000,SOFT,3.0,1,True,92.64,2024,Silverstone,Q,13.69764705882353,21.21529411764706,0.07058823529411765,1,Mid,1:32.640
RUS,Mercedes,10.0,0 days 00:01:30.106000,SOFT,3.0,1,True,90.106,2024,Silverstone,Q,13.69764705882353,21.21529411764706,0.07058823529411765,2,Mid,1:30.106
RUS,Mercedes,13.0,0 days 00:01:29.771000,SOFT,4.0,1,True,89.771,2024,Silverstone,Q,13.69764705882353,21.21529411764706,0.07058823529411765,0,Mid,1:29.771
RUS,Mercedes,14.0,0 days 00:01:28.105000,SOFT,4.0,1,True,88.105,2024,Silverstone,Q,13.69764705882353,21.21529411764706,0.07058823529411765,1,Mid,1:28.105
RUS,Mercedes,17.0,0 days 00:01:26.766000,SOFT,5.0,1,True,86.766,2024,Silverstone,Q,13.69764705882353,21.21529411764706,0.07058823529411765,0,Late,1:26.766
RUS,Mercedes,18.0,0 days 00:02:06.611000,SOFT,5.0,1,True,126.611,2024,Silverstone,Q,13.69764705882353,21.21529411764706,0.07058823529411765,1,Late,2:06.611
RUS,Mercedes,19.0,0 days 00:01:26.723000,SOFT,5.0,1,True,86.723,2024,Silverstone,Q,13.69764705882353,21.21529411764706,0.07058823529411765,2,Late,1:26.723
RUS,Mercedes,22.0,0 days 00:01:26.024000,SOFT,6.0,1,True,86.024,2024,Silverstone,Q,13.69764705882353,21.21529411764706,0.07058823529411765,0,Late,1:26.024
RUS,Mercedes,25.0,0 days 00:01:25.819000,SOFT,7.0,1,True,85.819,2024,Silverstone,Q,13.69764705882353,21.21529411764706,0.07058823529411765,0,Late,1:25.819
SAI,Ferrari,2.0,0 days 00:01:43.234000,INTERMEDIATE,1.0,1,True,103.234,2024,Silverstone,Q,13.69764705882353,21.21529411764706,0.07058823529411765,0,Early,1:43.234
SAI,Ferrari,3.0,0 days 00:01:38.511000,INTERMEDIATE,1.0,1,True,98.511,2024,Silverstone,Q,13.69764705882353,21.21529411764706,0.07058823529411765,1,Early,1:38.511
SAI,Ferrari,7.0,0 days 00:01:35.902000,SOFT,3.0,1,True,95.902,2024,Silverstone,Q,13.69764705882353,21.21529411764706,0.07058823529411765,0,Early,1:35.902
SAI,Ferrari,8.0,0 days 00:01:31.497000,SOFT,3.0,1,True,91.497,2024,Silverstone,Q,13.69764705882353,21.21529411764706,0.07058823529411765,1,Early,1:31.497
SAI,Ferrari,9.0,0 days 00:01:30.557000,SOFT,3.0,1,True,90.557,2024,Silverstone,Q,13.69764705882353,21.21529411764706,0.07058823529411765,2,Mid,1:30.557
SAI,Ferrari,12.0,0 days 00:01:27.540000,SOFT,4.0,1,True,87.54,2024,Silverstone,Q,13.69764705882353,21.21529411764706,0.07058823529411765,0,Mid,1:27.540
SAI,Ferrari,13.0,0 days 00:01:57.986000,SOFT,4.0,1,True,117.986,2024,Silverstone,Q,13.69764705882353,21.21529411764706,0.07058823529411765,1,Mid,1:57.986
SAI,Ferrari,14.0,0 days 00:01:27.149000,SOFT,4.0,1,True,87.149,2024,Silverstone,Q,13.69764705882353,21.21529411764706,0.07058823529411765,2,Mid,1:27.149
SAI,Ferrari,17.0,0 days 00:01:26.843000,SOFT,5.0,1,True,86.843,2024,Silverstone,Q,13.69764705882353,21.21529411764706,0.07058823529411765,0,Late,1:26.843
SAI,Ferrari,20.0,0 days 00:01:26.509000,SOFT,6.0,1,True,86.509,2024,Silverstone,Q,13.69764705882353,21.21529411764706,0.07058823529411765,0,Late,1:26.509
SAI,Ferrari,23.0,0 days 00:01:26.749000,SOFT,7.0,1,True,86.749,2024,Silverstone,Q,13.69764705882353,21.21529411764706,0.07058823529411765,0,Late,1:26.749
SAR,Williams,2.0,0 days 00:01:40.215000,INTERMEDIATE,1.0,1,True,100.215,2024,Silverstone,Q,13.69764705882353,21.21529411764706,0.07058823529411765,0,Early,1:40.215
SAR,Williams,3.0,0 days 00:02:06.748000,INTERMEDIATE,1.0,1,True,126.748,2024,Silverstone,Q,13.69764705882353,21.21529411764706,0.07058823529411765,1,Early,2:06.748
SAR,Williams,4.0,0 days 00:01:39.866000,INTERMEDIATE,1.0,1,True,99.866,2024,Silverstone,Q,13.69764705882353,21.21529411764706,0.07058823529411765,2,Early,1:39.866
SAR,Williams,8.0,0 days 00:01:45.131000,SOFT,3.0,1,True,105.131,2024,Silverstone,Q,13.69764705882353,21.21529411764706,0.07058823529411765,0,Early,1:45.131
SAR,Williams,9.0,0 days 00:01:31.608000,SOFT,3.0,1,True,91.608,2024,Silverstone,Q,13.69764705882353,21.21529411764706,0.07058823529411765,1,Mid,1:31.608
SAR,Williams,12.0,0 days 00:01:29.431000,SOFT,4.0,1,True,89.431,2024,Silverstone,Q,13.69764705882353,21.21529411764706,0.07058823529411765,0,Mid,1:29.431
SAR,Williams,13.0,0 days 00:01:56.444000,SOFT,4.0,1,True,116.444,2024,Silverstone,Q,13.69764705882353,21.21529411764706,0.07058823529411765,1,Mid,1:56.444
SAR,Williams,14.0,0 days 00:01:27.962000,SOFT,4.0,1,True,87.962,2024,Silverstone,Q,13.69764705882353,21.21529411764706,0.07058823529411765,2,Mid,1:27.962
SAR,Williams,17.0,0 days 00:01:27.175000,SOFT,5.0,1,True,87.175,2024,Silverstone,Q,13.69764705882353,21.21529411764706,0.07058823529411765,0,Late,1:27.175
SAR,Williams,18.0,0 days 00:01:58.894000,SOFT,5.0,1,True,118.894,2024,Silverstone,Q,13.69764705882353,21.21529411764706,0.07058823529411765,1,Late,1:58.894
SAR,Williams,19.0,0 days 00:01:28.086000,SOFT,5.0,1,True,88.086,2024,Silverstone,Q,13.69764705882353,21.21529411764706,0.07058823529411765,2,Late,1:28.086
STR,Aston Martin,2.0,0 days 00:01:39.627000,SOFT,1.0,1,True,99.627,2024,Silverstone,Q,13.69764705882353,21.21529411764706,0.07058823529411765,0,Early,1:39.627
STR,Aston Martin,3.0,0 days 00:02:11.284000,SOFT,1.0,1,True,131.284,2024,Silverstone,Q,13.69764705882353,21.21529411764706,0.07058823529411765,1,Early,2:11.284
STR,Aston Martin,4.0,0 days 00:01:38.282000,SOFT,1.0,1,True,98.282,2024,Silverstone,Q,13.69764705882353,21.21529411764706,0.07058823529411765,2,Early,1:38.282
STR,Aston Martin,7.0,0 days 00:01:37.763000,SOFT,2.0,1,True,97.763,2024,Silverstone,Q,13.69764705882353,21.21529411764706,0.07058823529411765,0,Early,1:37.763
STR,Aston Martin,8.0,0 days 00:01:37.381000,SOFT,2.0,1,True,97.381,2024,Silverstone,Q,13.69764705882353,21.21529411764706,0.07058823529411765,1,Early,1:37.381
STR,Aston Martin,9.0,0 days 00:01:31.410000,SOFT,2.0,1,True,91.41,2024,Silverstone,Q,13.69764705882353,21.21529411764706,0.07058823529411765,2,Mid,1:31.410
STR,Aston Martin,12.0,0 days 00:01:28.160000,SOFT,3.0,1,True,88.16,2024,Silverstone,Q,13.69764705882353,21.21529411764706,0.07058823529411765,0,Mid,1:28.160
STR,Aston Martin,13.0,0 days 00:02:02.826000,SOFT,3.0,1,True,122.826,2024,Silverstone,Q,13.69764705882353,21.21529411764706,0.07058823529411765,1,Mid,2:02.826
STR,Aston Martin,14.0,0 days 00:01:27.556000,SOFT,3.0,1,True,87.556,2024,Silverstone,Q,13.69764705882353,21.21529411764706,0.07058823529411765,2,Mid,1:27.556
STR,Aston Martin,17.0,0 days 00:01:26.938000,SOFT,4.0,1,True,86.938,2024,Silverstone,Q,13.69764705882353,21.21529411764706,0.07058823529411765,0,Late,1:26.938
STR,Aston Martin,20.0,0 days 00:01:26.798000,SOFT,5.0,1,True,86.798,2024,Silverstone,Q,13.69764705882353,21.21529411764706,0.07058823529411765,0,Late,1:26.798
STR,Aston Martin,23.0,0 days 00:01:26.585000,SOFT,6.0,1,True,86.585,2024,Silverstone,Q,13.69764705882353,21.21529411764706,0.07058823529411765,0,Late,1:26.585
TSU,RB,2.0,0 days 00:01:38.613000,INTERMEDIATE,1.0,1,True,98.613,2024,Silverstone,Q,13.69764705882353,21.21529411764706,0.07058823529411765,0,Early,1:38.613
TSU,RB,3.0,0 days 00:02:05.637000,INTERMEDIATE,1.0,1,True,125.637,2024,Silverstone,Q,13.69764705882353,21.21529411764706,0.07058823529411765,1,Early,2:05.637
TSU,RB,7.0,0 days 00:01:42.586000,SOFT,3.0,1,True,102.586,2024,Silverstone,Q,13.69764705882353,21.21529411764706,0.07058823529411765,0,Early,1:42.586
TSU,RB,8.0,0 days 00:01:33.213000,SOFT,3.0,1,True,93.213,2024,Silverstone,Q,13.69764705882353,21.21529411764706,0.07058823529411765,1,Early,1:33.213
TSU,RB,9.0,0 days 00:01:30.994000,SOFT,3.0,1,True,90.994,2024,Silverstone,Q,13.69764705882353,21.21529411764706,0.07058823529411765,2,Mid,1:30.994
TSU,RB,12.0,0 days 00:01:28.840000,SOFT,4.0,1,True,88.84,2024,Silverstone,Q,13.69764705882353,21.21529411764706,0.07058823529411765,0,Mid,1:28.840
TSU,RB,13.0,0 days 00:01:28.341000,SOFT,4.0,1,True,88.341,2024,Silverstone,Q,13.69764705882353,21.21529411764706,0.07058823529411765,1,Mid,1:28.341
TSU,RB,16.0,0 days 00:01:27.269000,SOFT,5.0,1,True,87.269,2024,Silverstone,Q,13.69764705882353,21.21529411764706,0.07058823529411765,0,Mid,1:27.269
VER,Red Bull Racing,2.0,0 days 00:01:37.518000,INTERMEDIATE,1.0,1,True,97.518,2024,Silverstone,Q,13.69764705882353,21.21529411764706,0.07058823529411765,0,Early,1:37.518
VER,Red Bull Racing,3.0,0 days 00:02:07.966000,INTERMEDIATE,1.0,1,True,127.966,2024,Silverstone,Q,13.69764705882353,21.21529411764706,0.07058823529411765,1,Early,2:07.966
VER,Red Bull Racing,4.0,0 days 00:01:37.420000,INTERMEDIATE,1.0,1,True,97.42,2024,Silverstone,Q,13.69764705882353,21.21529411764706,0.07058823529411765,2,Early,1:37.420
VER,Red Bull Racing,7.0,0 days 00:01:49.924000,SOFT,2.0,1,True,109.924,2024,Silverstone,Q,13.69764705882353,21.21529411764706,0.07058823529411765,0,Early,1:49.924
VER,Red Bull Racing,8.0,0 days 00:01:31.832000,SOFT,2.0,1,True,91.832,2024,Silverstone,Q,13.69764705882353,21.21529411764706,0.07058823529411765,1,Early,1:31.832
VER,Red Bull Racing,9.0,0 days 00:01:31.342000,SOFT,2.0,1,True,91.342,2024,Silverstone,Q,13.69764705882353,21.21529411764706,0.07058823529411765,2,Mid,1:31.342
VER,Red Bull Racing,12.0,0 days 00:01:27.799000,SOFT,3.0,1,True,87.799,2024,Silverstone,Q,13.69764705882353,21.21529411764706,0.07058823529411765,0,Mid,1:27.799
VER,Red Bull Racing,13.0,0 days 00:01:55.491000,SOFT,3.0,1,True,115.491,2024,Silverstone,Q,13.69764705882353,21.21529411764706,0.07058823529411765,1,Mid,1:55.491
VER,Red Bull Racing,14.0,0 days 00:01:27.366000,SOFT,3.0,1,True,87.366,2024,Silverstone,Q,13.69764705882353,21.21529411764706,0.07058823529411765,2,Mid,1:27.366
VER,Red Bull Racing,17.0,0 days 00:01:26.796000,SOFT,4.0,1,True,86.796,2024,Silverstone,Q,13.69764705882353,21.21529411764706,0.07058823529411765,0,Late,1:26.796
VER,Red Bull Racing,20.0,0 days 00:01:26.350000,SOFT,5.0,1,True,86.35,2024,Silverstone,Q,13.69764705882353,21.21529411764706,0.07058823529411765,0,Late,1:26.350
VER,Red Bull Racing,23.0,0 days 00:01:26.203000,SOFT,6.0,1,True,86.203,2024,Silverstone,Q,13.69764705882353,21.21529411764706,0.07058823529411765,0,Late,1:26.203
ZHO,Kick Sauber,2.0,0 days 00:01:39.368000,INTERMEDIATE,1.0,1,True,99.368,2024,Silverstone,Q,13.69764705882353,21.21529411764706,0.07058823529411765,0,Early,1:39.368
ZHO,Kick Sauber,3.0,0 days 00:02:14.138000,INTERMEDIATE,1.0,1,True,134.138,2024,Silverstone,Q,13.69764705882353,21.21529411764706,0.07058823529411765,1,Early,2:14.138
ZHO,Kick Sauber,4.0,0 days 00:01:38.838000,INTERMEDIATE,1.0,1,True,98.838,2024,Silverstone,Q,13.69764705882353,21.21529411764706,0.07058823529411765,2,Early,1:38.838
ZHO,Kick Sauber,8.0,0 days 00:01:32.999000,SOFT,3.0,1,True,92.999,2024,Silverstone,Q,13.69764705882353,21.21529411764706,0.07058823529411765,0,Early,1:32.999
ZHO,Kick Sauber,9.0,0 days 00:01:44.377000,SOFT,3.0,1,True,104.377,2024,Silverstone,Q,13.69764705882353,21.21529411764706,0.07058823529411765,1,Mid,1:44.377
ZHO,Kick Sauber,10.0,0 days 00:01:47.217000,SOFT,3.0,1,True,107.217,2024,Silverstone,Q,13.69764705882353,21.21529411764706,0.07058823529411765,2,Mid,1:47.217
ZHO,Kick Sauber,11.0,0 days 00:01:31.190000,SOFT,3.0,1,True,91.19,2024,Silverstone,Q,13.69764705882353,21.21529411764706,0.07058823529411765,3,Mid,1:31.190
ZHO,Kick Sauber,14.0,0 days 00:01:29.010000,SOFT,4.0,1,True,89.01,2024,Silverstone,Q,13.69764705882353,21.21529411764706,0.07058823529411765,0,Mid,1:29.010
ZHO,Kick Sauber,15.0,0 days 00:01:56.131000,SOFT,4.0,1,True,116.131,2024,Silverstone,Q,13.69764705882353,21.21529411764706,0.07058823529411765,1,Mid,1:56.131
ZHO,Kick Sauber,16.0,0 days 00:01:28.431000,SOFT,4.0,1,True,88.431,2024,Silverstone,Q,13.69764705882353,21.21529411764706,0.07058823529411765,2,Mid,1:28.431
ZHO,Kick Sauber,19.0,0 days 00:01:27.867000,SOFT,5.0,1,True,87.867,2024,Silverstone,Q,13.69764705882353,21.21529411764706,0.07058823529411765,0,Late,1:27.867
ZHO,Kick Sauber,20.0,0 days 00:02:09.875000,SOFT,5.0,1,True,129.875,2024,Silverstone,Q,13.69764705882353,21.21529411764706,0.07058823529411765,1,Late,2:09.875
ZHO,Kick Sauber,21.0,0 days 00:01:27.921000,SOFT,5.0,1,True,87.921,2024,Silverstone,Q,13.69764705882353,21.21529411764706,0.07058823529411765,2,Late,1:27.921
ALB,Williams,2.0,0 days 00:01:33.158000,MEDIUM,1.0,1,True,93.158,2024,Silverstone,R,15.77074829931973,27.670068027210885,0.3469387755102041,0,Early,1:33.158
ALB,Williams,3.0,0 days 00:01:33.373000,MEDIUM,1.0,1,True,93.373,2024,Silverstone,R,15.77074829931973,27.670068027210885,0.3469387755102041,1,Early,1:33.373
ALB,Williams,4.0,0 days 00:01:33.059000,MEDIUM,1.0,1,True,93.059,2024,Silverstone,R,15.77074829931973,27.670068027210885,0.3469387755102041,2,Early,1:33.059
ALB,Williams,5.0,0 days 00:01:32.846000,MEDIUM,1.0,1,True,92.846,2024,Silverstone,R,15.77074829931973,27.670068027210885,0.3469387755102041,3,Early,1:32.846
ALB,Williams,6.0,0 days 00:01:33.014000,MEDIUM,1.0,1,True,93.014,2024,Silverstone,R,15.77074829931973,27.670068027210885,0.3469387755102041,4,Early,1:33.014
ALB,Williams,7.0,0 days 00:01:32.939000,MEDIUM,1.0,1,True,92.939,2024,Silverstone,R,15.77074829931973,27.670068027210885,0.3469387755102041,5,Early,1:32.939
ALB,Williams,8.0,0 days 00:01:32.798000,MEDIUM,1.0,1,True,92.798,2024,Silverstone,R,15.77074829931973,27.670068027210885,0.3469387755102041,6,Early,1:32.798
ALB,Williams,9.0,0 days 00:01:32.933000,MEDIUM,1.0,1,True,92.933,2024,Silverstone,R,15.77074829931973,27.670068027210885,0.3469387755102041,7,Early,1:32.933
ALB,Williams,10.0,0 days 00:01:33.073000,MEDIUM,1.0,1,True,93.073,2024,Silverstone,R,15.77074829931973,27.670068027210885,0.3469387755102041,8,Early,1:33.073
ALB,Williams,11.0,0 days 00:01:32.981000,MEDIUM,1.0,1,True,92.981,2024,Silverstone,R,15.77074829931973,27.670068027210885,0.3469387755102041,9,Early,1:32.981
ALB,Williams,12.0,0 days 00:01:32.567000,MEDIUM,1.0,1,True,92.567,2024,Silverstone,R,15.77074829931973,27.670068027210885,0.3469387755102041,10,Early,1:32.567
ALB,Williams,13.0,0 days 00:01:32.769000,MEDIUM,1.0,1,True,92.769,2024,Silverstone,R,15.77074829931973,27.670068027210885,0.3469387755102041,11,Early,1:32.769
ALB,Williams,14.0,0 days 00:01:32.538000,MEDIUM,1.0,1,True,92.538,2024,Silverstone,R,15.77074829931973,27.670068027210885,0.3469387755102041,12,Early,1:32.538
ALB,Williams,15.0,0 days 00:01:32.265000,MEDIUM,1.0,1,True,92.265,2024,Silverstone,R,15.77074829931973,27.670068027210885,0.3469387755102041,13,Early,1:32.265
ALB,Williams,16.0,0 days 00:01:33.178000,MEDIUM,1.0,1,True,93.178,2024,Silverstone,R,15.77074829931973,27.670068027210885,0.3469387755102041,14,Early,1:33.178
ALB,Williams,17.0,0 days 00:01:34.873000,MEDIUM,1.0,1,True,94.873,2024,Silverstone,R,15.77074829931973,27.670068027210885,0.3469387755102041,15,Early,1:34.873
ALB,Williams,18.0,0 days 00:01:35.323000,MEDIUM,1.0,1,True,95.323,2024,Silverstone,R,15.77074829931973,27.670068027210885,0.3469387755102041,16,Mid,1:35.323
ALB,Williams,19.0,0 days 00:01:44.619000,MEDIUM,1.0,1,True,104.619,2024,Silverstone,R,15.77074829931973,27.670068027210885,0.3469387755102041,17,Mid,1:44.619
ALB,Williams,20.0,0 days 00:01:36.530000,MEDIUM,1.0,1,True,96.53,2024,Silverstone,R,15.77074829931973,27.670068027210885,0.3469387755102041,18,Mid,1:36.530
ALB,Williams,21.0,0 days 00:01:33.646000,MEDIUM,1.0,1,True,93.646,2024,Silverstone,R,15.77074829931973,27.670068027210885,0.3469387755102041,19,Mid,1:33.646
ALB,Williams,22.0,0 days 00:01:33.086000,MEDIUM,1.0,1,True,93.086,2024,Silverstone,R,15.77074829931973,27.670068027210885,0.3469387755102041,20,Mid,1:33.086
ALB,Williams,23.0,0 days 00:01:32.891000,MEDIUM,1.0,1,True,92.891,2024,Silverstone,R,15.77074829931973,27.670068027210885,0.3469387755102041,21,Mid,1:32.891
ALB,Williams,24.0,0 days 00:01:33.960000,MEDIUM,1.0,1,True,93.96,2024,Silverstone,R,15.77074829931973,27.670068027210885,0.3469387755102041,22,Mid,1:33.960
ALB,Williams,25.0,0 days 00:01:35.612000,MEDIUM,1.0,1,True,95.612,2024,Silverstone,R,15.77074829931973,27.670068027210885,0.3469387755102041,23,Mid,1:35.612
ALB,Williams,26.0,0 days 00:01:43.771000,MEDIUM,1.0,1,True,103.771,2024,Silverstone,R,15.77074829931973,27.670068027210885,0.3469387755102041,24,Mid,1:43.771
ALB,Williams,29.0,0 days 00:01:41.726000,INTERMEDIATE,2.0,1,True,101.726,2024,Silverstone,R,15.77074829931973,27.670068027210885,0.3469387755102041,0,Mid,1:41.726
ALB,Williams,30.0,0 days 00:01:43.271000,INTERMEDIATE,2.0,1,True,103.271,2024,Silverstone,R,15.77074829931973,27.670068027210885,0.3469387755102041,1,Mid,1:43.271
ALB,Williams,31.0,0 days 00:01:43.229000,INTERMEDIATE,2.0,1,True,103.229,2024,Silverstone,R,15.77074829931973,27.670068027210885,0.3469387755102041,2,Mid,1:43.229
ALB,Williams,32.0,0 days 00:01:44.304000,INTERMEDIATE,2.0,1,True,104.304,2024,Silverstone,R,15.77074829931973,27.670068027210885,0.3469387755102041,3,Mid,1:44.304
ALB,Williams,33.0,0 days 00:01:44.820000,INTERMEDIATE,2.0,1,True,104.82,2024,Silverstone,R,15.77074829931973,27.670068027210885,0.3469387755102041,4,Mid,1:44.820
ALB,Williams,34.0,0 days 00:01:45.216000,INTERMEDIATE,2.0,1,True,105.216,2024,Silverstone,R,15.77074829931973,27.670068027210885,0.3469387755102041,5,Mid,1:45.216
ALB,Williams,35.0,0 days 00:01:45.202000,INTERMEDIATE,2.0,1,True,105.202,2024,Silverstone,R,15.77074829931973,27.670068027210885,0.3469387755102041,6,Late,1:45.202
ALB,Williams,36.0,0 days 00:01:43.075000,INTERMEDIATE,2.0,1,True,103.075,2024,Silverstone,R,15.77074829931973,27.670068027210885,0.3469387755102041,7,Late,1:43.075
ALB,Williams,37.0,0 days 00:01:40.273000,INTERMEDIATE,2.0,1,True,100.273,2024,Silverstone,R,15.77074829931973,27.670068027210885,0.3469387755102041,8,Late,1:40.273
ALB,Williams,40.0,0 days 00:01:30.889000,MEDIUM,3.0,1,True,90.889,2024,Silverstone,R,15.77074829931973,27.670068027210885,0.3469387755102041,0,Late,1:30.889
ALB,Williams,41.0,0 days 00:01:30.715000,MEDIUM,3.0,1,True,90.715,2024,Silverstone,R,15.77074829931973,27.670068027210885,0.3469387755102041,1,Late,1:30.715
ALB,Williams,42.0,0 days 00:01:30.458000,MEDIUM,3.0,1,True,90.458,2024,Silverstone,R,15.77074829931973,27.670068027210885,0.3469387755102041,2,Late,1:30.458
ALB,Williams,43.0,0 days 00:01:30.126000,MEDIUM,3.0,1,True,90.126,2024,Silverstone,R,15.77074829931973,27.670068027210885,0.3469387755102041,3,Late,1:30.126
ALB,Williams,44.0,0 days 00:01:30.740000,MEDIUM,3.0,1,True,90.74,2024,Silverstone,R,15.77074829931973,27.670068027210885,0.3469387755102041,4,Late,1:30.740
ALB,Williams,45.0,0 days 00:01:30.406000,MEDIUM,3.0,1,True,90.406,2024,Silverstone,R,15.77074829931973,27.670068027210885,0.3469387755102041,5,Late,1:30.406
ALB,Williams,46.0,0 days 00:01:30.234000,MEDIUM,3.0,1,True,90.234,2024,Silverstone,R,15.77074829931973,27.670068027210885,0.3469387755102041,6,Late,1:30.234
ALB,Williams,47.0,0 days 00:01:30.148000,MEDIUM,3.0,1,True,90.148,2024,Silverstone,R,15.77074829931973,27.670068027210885,0.3469387755102041,7,Late,1:30.148
ALB,Williams,48.0,0 days 00:01:30.068000,MEDIUM,3.0,1,True,90.068,2024,Silverstone,R,15.77074829931973,27.670068027210885,0.3469387755102041,8,Late,1:30.068
ALB,Williams,49.0,0 days 00:01:29.960000,MEDIUM,3.0,1,True,89.96,2024,Silverstone,R,15.77074829931973,27.670068027210885,0.3469387755102041,9,Late,1:29.960
ALB,Williams,50.0,0 days 00:01:29.828000,MEDIUM,3.0,1,True,89.828,2024,Silverstone,R,15.77074829931973,27.670068027210885,0.3469387755102041,10,Late,1:29.828
ALB,Williams,51.0,0 days 00:01:29.916000,MEDIUM,3.0,1,True,89.916,2024,Silverstone,R,15.77074829931973,27.670068027210885,0.3469387755102041,11,Late,1:29.916
ALB,Williams,52.0,0 days 00:01:29.718000,MEDIUM,3.0,1,True,89.718,2024,Silverstone,R,15.77074829931973,27.670068027210885,0.3469387755102041,12,Late,1:29.718
ALO,Aston Martin,2.0,0 days 00:01:33.202000,MEDIUM,1.0,1,True,93.202,2024,Silverstone,R,15.77074829931973,27.670068027210885,0.3469387755102041,0,Early,1:33.202
ALO,Aston Martin,3.0,0 days 00:01:32.951000,MEDIUM,1.0,1,True,92.951,2024,Silverstone,R,15.77074829931973,27.670068027210885,0.3469387755102041,1,Early,1:32.951
ALO,Aston Martin,4.0,0 days 00:01:33.192000,MEDIUM,1.0,1,True,93.192,2024,Silverstone,R,15.77074829931973,27.670068027210885,0.3469387755102041,2,Early,1:33.192
ALO,Aston Martin,5.0,0 days 00:01:32.617000,MEDIUM,1.0,1,True,92.617,2024,Silverstone,R,15.77074829931973,27.670068027210885,0.3469387755102041,3,Early,1:32.617
ALO,Aston Martin,6.0,0 days 00:01:32.673000,MEDIUM,1.0,1,True,92.673,2024,Silverstone,R,15.77074829931973,27.670068027210885,0.3469387755102041,4,Early,1:32.673
ALO,Aston Martin,7.0,0 days 00:01:32.712000,MEDIUM,1.0,1,True,92.712,2024,Silverstone,R,15.77074829931973,27.670068027210885,0.3469387755102041,5,Early,1:32.712
ALO,Aston Martin,8.0,0 days 00:01:32.496000,MEDIUM,1.0,1,True,92.496,2024,Silverstone,R,15.77074829931973,27.670068027210885,0.3469387755102041,6,Early,1:32.496
ALO,Aston Martin,9.0,0 days 00:01:32.579000,MEDIUM,1.0,1,True,92.579,2024,Silverstone,R,15.77074829931973,27.670068027210885,0.3469387755102041,7,Early,1:32.579
ALO,Aston Martin,10.0,0 days 00:01:32.741000,MEDIUM,1.0,1,True,92.741,2024,Silverstone,R,15.77074829931973,27.670068027210885,0.3469387755102041,8,Early,1:32.741
ALO,Aston Martin,11.0,0 days 00:01:32.548000,MEDIUM,1.0,1,True,92.548,2024,Silverstone,R,15.77074829931973,27.670068027210885,0.3469387755102041,9,Early,1:32.548
ALO,Aston Martin,12.0,0 days 00:01:32.427000,MEDIUM,1.0,1,True,92.427,2024,Silverstone,R,15.77074829931973,27.670068027210885,0.3469387755102041,10,Early,1:32.427
ALO,Aston Martin,13.0,0 days 00:01:32.517000,MEDIUM,1.0,1,True,92.517,2024,Silverstone,R,15.77074829931973,27.670068027210885,0.3469387755102041,11,Early,1:32.517
ALO,Aston Martin,14.0,0 days 00:01:32.383000,MEDIUM,1.0,1,True,92.383,2024,Silverstone,R,15.77074829931973,27.670068027210885,0.3469387755102041,12,Early,1:32.383
ALO,Aston Martin,15.0,0 days 00:01:32.259000,MEDIUM,1.0,1,True,92.259,2024,Silverstone,R,15.77074829931973,27.670068027210885,0.3469387755102041,13,Early,1:32.259
ALO,Aston Martin,16.0,0 days 00:01:32.590000,MEDIUM,1.0,1,True,92.59,2024,Silverstone,R,15.77074829931973,27.670068027210885,0.3469387755102041,14,Early,1:32.590
ALO,Aston Martin,17.0,0 days 00:01:35.014000,MEDIUM,1.0,1,True,95.014,2024,Silverstone,R,15.77074829931973,27.670068027210885,0.3469387755102041,15,Early,1:35.014
ALO,Aston Martin,18.0,0 days 00:01:35.880000,MEDIUM,1.0,1,True,95.88,2024,Silverstone,R,15.77074829931973,27.670068027210885,0.3469387755102041,16,Mid,1:35.880
ALO,Aston Martin,19.0,0 days 00:01:47.270000,MEDIUM,1.0,1,True,107.27,2024,Silverstone,R,15.77074829931973,27.670068027210885,0.3469387755102041,17,Mid,1:47.270
ALO,Aston Martin,20.0,0 days 00:01:36.480000,MEDIUM,1.0,1,True,96.48,2024,Silverstone,R,15.77074829931973,27.670068027210885,0.3469387755102041,18,Mid,1:36.480
ALO,Aston Martin,21.0,0 days 00:01:32.999000,MEDIUM,1.0,1,True,92.999,2024,Silverstone,R,15.77074829931973,27.670068027210885,0.3469387755102041,19,Mid,1:32.999
ALO,Aston Martin,22.0,0 days 00:01:32.673000,MEDIUM,1.0,1,True,92.673,2024,Silverstone,R,15.77074829931973,27.670068027210885,0.3469387755102041,20,Mid,1:32.673
ALO,Aston Martin,23.0,0 days 00:01:32.593000,MEDIUM,1.0,1,True,92.593,2024,Silverstone,R,15.77074829931973,27.670068027210885,0.3469387755102041,21,Mid,1:32.593
ALO,Aston Martin,24.0,0 days 00:01:34.088000,MEDIUM,1.0,1,True,94.088,2024,Silverstone,R,15.77074829931973,27.670068027210885,0.3469387755102041,22,Mid,1:34.088
ALO,Aston Martin,25.0,0 days 00:01:35.687000,MEDIUM,1.0,1,True,95.687,2024,Silverstone,R,15.77074829931973,27.670068027210885,0.3469387755102041,23,Mid,1:35.687
ALO,Aston Martin,26.0,0 days 00:01:43.618000,MEDIUM,1.0,1,True,103.618,2024,Silverstone,R,15.77074829931973,27.670068027210885,0.3469387755102041,24,Mid,1:43.618
ALO,Aston Martin,29.0,0 days 00:01:43.072000,INTERMEDIATE,2.0,1,True,103.072,2024,Silverstone,R,15.77074829931973,27.670068027210885,0.3469387755102041,0,Mid,1:43.072
ALO,Aston Martin,30.0,0 days 00:01:42.577000,INTERMEDIATE,2.0,1,True,102.577,2024,Silverstone,R,15.77074829931973,27.670068027210885,0.3469387755102041,1,Mid,1:42.577
ALO,Aston Martin,31.0,0 days 00:01:42.796000,INTERMEDIATE,2.0,1,True,102.796,2024,Silverstone,R,15.77074829931973,27.670068027210885,0.3469387755102041,2,Mid,1:42.796
ALO,Aston Martin,32.0,0 days 00:01:43.690000,INTERMEDIATE,2.0,1,True,103.69,2024,Silverstone,R,15.77074829931973,27.670068027210885,0.3469387755102041,3,Mid,1:43.690
ALO,Aston Martin,33.0,0 days 00:01:44.262000,INTERMEDIATE,2.0,1,True,104.262,2024,Silverstone,R,15.77074829931973,27.670068027210885,0.3469387755102041,4,Mid,1:44.262
ALO,Aston Martin,34.0,0 days 00:01:44.375000,INTERMEDIATE,2.0,1,True,104.375,2024,Silverstone,R,15.77074829931973,27.670068027210885,0.3469387755102041,5,Mid,1:44.375
ALO,Aston Martin,35.0,0 days 00:01:44.251000,INTERMEDIATE,2.0,1,True,104.251,2024,Silverstone,R,15.77074829931973,27.670068027210885,0.3469387755102041,6,Late,1:44.251
ALO,Aston Martin,36.0,0 days 00:01:42.513000,INTERMEDIATE,2.0,1,True,102.513,2024,Silverstone,R,15.77074829931973,27.670068027210885,0.3469387755102041,7,Late,1:42.513
ALO,Aston Martin,37.0,0 days 00:01:40.747000,INTERMEDIATE,2.0,1,True,100.747,2024,Silverstone,R,15.77074829931973,27.670068027210885,0.3469387755102041,8,Late,1:40.747
ALO,Aston Martin,40.0,0 days 00:01:31.146000,MEDIUM,3.0,1,True,91.146,2024,Silverstone,R,15.77074829931973,27.670068027210885,0.3469387755102041,0,Late,1:31.146
ALO,Aston Martin,41.0,0 days 00:01:30.594000,MEDIUM,3.0,1,True,90.594,2024,Silverstone,R,15.77074829931973,27.670068027210885,0.3469387755102041,1,Late,1:30.594
ALO,Aston Martin,42.0,0 days 00:01:30.167000,MEDIUM,3.0,1,True,90.167,2024,Silverstone,R,15.77074829931973,27.670068027210885,0.3469387755102041,2,Late,1:30.167
ALO,Aston Martin,43.0,0 days 00:01:30.098000,MEDIUM,3.0,1,True,90.098,2024,Silverstone,R,15.77074829931973,27.670068027210885,0.3469387755102041,3,Late,1:30.098
ALO,Aston Martin,44.0,0 days 00:01:29.930000,MEDIUM,3.0,1,True,89.93,2024,Silverstone,R,15.77074829931973,27.670068027210885,0.3469387755102041,4,Late,1:29.930
ALO,Aston Martin,45.0,0 days 00:01:29.871000,MEDIUM,3.0,1,True,89.871,2024,Silverstone,R,15.77074829931973,27.670068027210885,0.3469387755102041,5,Late,1:29.871
ALO,Aston Martin,46.0,0 days 00:01:29.753000,MEDIUM,3.0,1,True,89.753,2024,Silverstone,R,15.77074829931973,27.670068027210885,0.3469387755102041,6,Late,1:29.753
ALO,Aston Martin,47.0,0 days 00:01:29.710000,MEDIUM,3.0,1,True,89.71,2024,Silverstone,R,15.77074829931973,27.670068027210885,0.3469387755102041,7,Late,1:29.710
ALO,Aston Martin,48.0,0 days 00:01:30.114000,MEDIUM,3.0,1,True,90.114,2024,Silverstone,R,15.77074829931973,27.670068027210885,0.3469387755102041,8,Late,1:30.114
ALO,Aston Martin,49.0,0 days 00:01:30.700000,MEDIUM,3.0,1,True,90.7,2024,Silverstone,R,15.77074829931973,27.670068027210885,0.3469387755102041,9,Late,1:30.700
ALO,Aston Martin,50.0,0 days 00:01:30.727000,MEDIUM,3.0,1,True,90.727,2024,Silverstone,R,15.77074829931973,27.670068027210885,0.3469387755102041,10,Late,1:30.727
ALO,Aston Martin,51.0,0 days 00:01:30.592000,MEDIUM,3.0,1,True,90.592,2024,Silverstone,R,15.77074829931973,27.670068027210885,0.3469387755102041,11,Late,1:30.592
ALO,Aston Martin,52.0,0 days 00:01:31.430000,MEDIUM,3.0,1,True,91.43,2024,Silverstone,R,15.77074829931973,27.670068027210885,0.3469387755102041,12,Late,1:31.430
BOT,Kick Sauber,2.0,0 days 00:01:35.368000,MEDIUM,1.0,1,True,95.368,2024,Silverstone,R,15.77074829931973,27.670068027210885,0.3469387755102041,0,Early,1:35.368
BOT,Kick Sauber,3.0,0 days 00:01:34.447000,MEDIUM,1.0,1,True,94.447,2024,Silverstone,R,15.77074829931973,27.670068027210885,0.3469387755102041,1,Early,1:34.447
BOT,Kick Sauber,4.0,0 days 00:01:34.322000,MEDIUM,1.0,1,True,94.322,2024,Silverstone,R,15.77074829931973,27.670068027210885,0.3469387755102041,2,Early,1:34.322
BOT,Kick Sauber,5.0,0 days 00:01:33.768000,MEDIUM,1.0,1,True,93.768,2024,Silverstone,R,15.77074829931973,27.670068027210885,0.3469387755102041,3,Early,1:33.768
BOT,Kick Sauber,6.0,0 days 00:01:33.460000,MEDIUM,1.0,1,True,93.46,2024,Silverstone,R,15.77074829931973,27.670068027210885,0.3469387755102041,4,Early,1:33.460
BOT,Kick Sauber,7.0,0 days 00:01:33.648000,MEDIUM,1.0,1,True,93.648,2024,Silverstone,R,15.77074829931973,27.670068027210885,0.3469387755102041,5,Early,1:33.648
BOT,Kick Sauber,8.0,0 days 00:01:33.561000,MEDIUM,1.0,1,True,93.561,2024,Silverstone,R,15.77074829931973,27.670068027210885,0.3469387755102041,6,Early,1:33.561
BOT,Kick Sauber,9.0,0 days 00:01:33.645000,MEDIUM,1.0,1,True,93.645,2024,Silverstone,R,15.77074829931973,27.670068027210885,0.3469387755102041,7,Early,1:33.645
BOT,Kick Sauber,10.0,0 days 00:01:33.787000,MEDIUM,1.0,1,True,93.787,2024,Silverstone,R,15.77074829931973,27.670068027210885,0.3469387755102041,8,Early,1:33.787
BOT,Kick Sauber,11.0,0 days 00:01:33.561000,MEDIUM,1.0,1,True,93.561,2024,Silverstone,R,15.77074829931973,27.670068027210885,0.3469387755102041,9,Early,1:33.561
BOT,Kick Sauber,12.0,0 days 00:01:33.269000,MEDIUM,1.0,1,True,93.269,2024,Silverstone,R,15.77074829931973,27.670068027210885,0.3469387755102041,10,Early,1:33.269
BOT,Kick Sauber,13.0,0 days 00:01:33.650000,MEDIUM,1.0,1,True,93.65,2024,Silverstone,R,15.77074829931973,27.670068027210885,0.3469387755102041,11,Early,1:33.650
BOT,Kick Sauber,14.0,0 days 00:01:33.156000,MEDIUM,1.0,1,True,93.156,2024,Silverstone,R,15.77074829931973,27.670068027210885,0.3469387755102041,12,Early,1:33.156
BOT,Kick Sauber,15.0,0 days 00:01:33.228000,MEDIUM,1.0,1,True,93.228,2024,Silverstone,R,15.77074829931973,27.670068027210885,0.3469387755102041,13,Early,1:33.228
BOT,Kick Sauber,16.0,0 days 00:01:33.967000,MEDIUM,1.0,1,True,93.967,2024,Silverstone,R,15.77074829931973,27.670068027210885,0.3469387755102041,14,Early,1:33.967
BOT,Kick Sauber,17.0,0 days 00:01:35.498000,MEDIUM,1.0,1,True,95.498,2024,Silverstone,R,15.77074829931973,27.670068027210885,0.3469387755102041,15,Early,1:35.498
BOT,Kick Sauber,18.0,0 days 00:01:36.075000,MEDIUM,1.0,1,True,96.075,2024,Silverstone,R,15.77074829931973,27.670068027210885,0.3469387755102041,16,Mid,1:36.075
BOT,Kick Sauber,19.0,0 days 00:01:44.426000,MEDIUM,1.0,1,True,104.426,2024,Silverstone,R,15.77074829931973,27.670068027210885,0.3469387755102041,17,Mid,1:44.426
BOT,Kick Sauber,20.0,0 days 00:01:38.542000,MEDIUM,1.0,1,True,98.542,2024,Silverstone,R,15.77074829931973,27.670068027210885,0.3469387755102041,18,Mid,1:38.542
BOT,Kick Sauber,21.0,0 days 00:01:35.235000,MEDIUM,1.0,1,True,95.235,2024,Silverstone,R,15.77074829931973,27.670068027210885,0.3469387755102041,19,Mid,1:35.235
BOT,Kick Sauber,22.0,0 days 00:01:34.030000,MEDIUM,1.0,1,True,94.03,2024,Silverstone,R,15.77074829931973,27.670068027210885,0.3469387755102041,20,Mid,1:34.030
BOT,Kick Sauber,23.0,0 days 00:01:34.076000,MEDIUM,1.0,1,True,94.076,2024,Silverstone,R,15.77074829931973,27.670068027210885,0.3469387755102041,21,Mid,1:34.076
BOT,Kick Sauber,24.0,0 days 00:01:37.350000,MEDIUM,1.0,1,True,97.35,2024,Silverstone,R,15.77074829931973,27.670068027210885,0.3469387755102041,22,Mid,1:37.350
BOT,Kick Sauber,25.0,0 days 00:01:39.761000,MEDIUM,1.0,1,True,99.761,2024,Silverstone,R,15.77074829931973,27.670068027210885,0.3469387755102041,23,Mid,1:39.761
BOT,Kick Sauber,28.0,0 days 00:01:42.562000,INTERMEDIATE,2.0,1,True,102.562,2024,Silverstone,R,15.77074829931973,27.670068027210885,0.3469387755102041,0,Mid,1:42.562
BOT,Kick Sauber,29.0,0 days 00:01:43.302000,INTERMEDIATE,2.0,1,True,103.302,2024,Silverstone,R,15.77074829931973,27.670068027210885,0.3469387755102041,1,Mid,1:43.302
BOT,Kick Sauber,30.0,0 days 00:01:43.472000,INTERMEDIATE,2.0,1,True,103.472,2024,Silverstone,R,15.77074829931973,27.670068027210885,0.3469387755102041,2,Mid,1:43.472
BOT,Kick Sauber,31.0,0 days 00:01:44.510000,INTERMEDIATE,2.0,1,True,104.51,2024,Silverstone,R,15.77074829931973,27.670068027210885,0.3469387755102041,3,Mid,1:44.510
BOT,Kick Sauber,32.0,0 days 00:01:45.199000,INTERMEDIATE,2.0,1,True,105.199,2024,Silverstone,R,15.77074829931973,27.670068027210885,0.3469387755102041,4,Mid,1:45.199
BOT,Kick Sauber,33.0,0 days 00:01:45.552000,INTERMEDIATE,2.0,1,True,105.552,2024,Silverstone,R,15.77074829931973,27.670068027210885,0.3469387755102041,5,Mid,1:45.552
BOT,Kick Sauber,34.0,0 days 00:01:45.199000,INTERMEDIATE,2.0,1,True,105.199,2024,Silverstone,R,15.77074829931973,27.670068027210885,0.3469387755102041,6,Mid,1:45.199
BOT,Kick Sauber,35.0,0 days 00:01:45.476000,INTERMEDIATE,2.0,1,True,105.476,2024,Silverstone,R,15.77074829931973,27.670068027210885,0.3469387755102041,7,Late,1:45.476
BOT,Kick Sauber,36.0,0 days 00:01:42.968000,INTERMEDIATE,2.0,1,True,102.968,2024,Silverstone,R,15.77074829931973,27.670068027210885,0.3469387755102041,8,Late,1:42.968
BOT,Kick Sauber,39.0,0 days 00:01:37.114000,SOFT,3.0,1,True,97.114,2024,Silverstone,R,15.77074829931973,27.670068027210885,0.3469387755102041,0,Late,1:37.114
BOT,Kick Sauber,40.0,0 days 00:01:32.973000,SOFT,3.0,1,True,92.973,2024,Silverstone,R,15.77074829931973,27.670068027210885,0.3469387755102041,1,Late,1:32.973
BOT,Kick Sauber,41.0,0 days 00:01:33.344000,SOFT,3.0,1,True,93.344,2024,Silverstone,R,15.77074829931973,27.670068027210885,0.3469387755102041,2,Late,1:33.344
BOT,Kick Sauber,42.0,0 days 00:01:32.348000,SOFT,3.0,1,True,92.348,2024,Silverstone,R,15.77074829931973,27.670068027210885,0.3469387755102041,3,Late,1:32.348
BOT,Kick Sauber,43.0,0 days 00:01:31.732000,SOFT,3.0,1,True,91.732,2024,Silverstone,R,15.77074829931973,27.670068027210885,0.3469387755102041,4,Late,1:31.732
BOT,Kick Sauber,44.0,0 days 00:01:31.277000,SOFT,3.0,1,True,91.277,2024,Silverstone,R,15.77074829931973,27.670068027210885,0.3469387755102041,5,Late,1:31.277
BOT,Kick Sauber,45.0,0 days 00:01:33.159000,SOFT,3.0,1,True,93.159,2024,Silverstone,R,15.77074829931973,27.670068027210885,0.3469387755102041,6,Late,1:33.159
BOT,Kick Sauber,46.0,0 days 00:01:31.396000,SOFT,3.0,1,True,91.396,2024,Silverstone,R,15.77074829931973,27.670068027210885,0.3469387755102041,7,Late,1:31.396
BOT,Kick Sauber,47.0,0 days 00:01:31.431000,SOFT,3.0,1,True,91.431,2024,Silverstone,R,15.77074829931973,27.670068027210885,0.3469387755102041,8,Late,1:31.431
BOT,Kick Sauber,48.0,0 days 00:01:32.006000,SOFT,3.0,1,True,92.006,2024,Silverstone,R,15.77074829931973,27.670068027210885,0.3469387755102041,9,Late,1:32.006
BOT,Kick Sauber,49.0,0 days 00:01:31.688000,SOFT,3.0,1,True,91.688,2024,Silverstone,R,15.77074829931973,27.670068027210885,0.3469387755102041,10,Late,1:31.688
BOT,Kick Sauber,50.0,0 days 00:01:32.320000,SOFT,3.0,1,True,92.32,2024,Silverstone,R,15.77074829931973,27.670068027210885,0.3469387755102041,11,Late,1:32.320
BOT,Kick Sauber,51.0,0 days 00:01:32.217000,SOFT,3.0,1,True,92.217,2024,Silverstone,R,15.77074829931973,27.670068027210885,0.3469387755102041,12,Late,1:32.217
HAM,Mercedes,2.0,0 days 00:01:31.420000,MEDIUM,1.0,1,True,91.42,2024,Silverstone,R,15.77074829931973,27.670068027210885,0.3469387755102041,0,Early,1:31.420
HAM,Mercedes,3.0,0 days 00:01:31.716000,MEDIUM,1.0,1,True,91.716,2024,Silverstone,R,15.77074829931973,27.670068027210885,0.3469387755102041,1,Early,1:31.716
HAM,Mercedes,4.0,0 days 00:01:31.988000,MEDIUM,1.0,1,True,91.988,2024,Silverstone,R,15.77074829931973,27.670068027210885,0.3469387755102041,2,Early,1:31.988
HAM,Mercedes,5.0,0 days 00:01:31.677000,MEDIUM,1.0,1,True,91.677,2024,Silverstone,R,15.77074829931973,27.670068027210885,0.3469387755102041,3,Early,1:31.677
HAM,Mercedes,6.0,0 days 00:01:31.746000,MEDIUM,1.0,1,True,91.746,2024,Silverstone,R,15.77074829931973,27.670068027210885,0.3469387755102041,4,Early,1:31.746
HAM,Mercedes,7.0,0 days 00:01:31.675000,MEDIUM,1.0,1,True,91.675,2024,Silverstone,R,15.77074829931973,27.670068027210885,0.3469387755102041,5,Early,1:31.675
HAM,Mercedes,8.0,0 days 00:01:31.760000,MEDIUM,1.0,1,True,91.76,2024,Silverstone,R,15.77074829931973,27.670068027210885,0.3469387755102041,6,Early,1:31.760
HAM,Mercedes,9.0,0 days 00:01:31.564000,MEDIUM,1.0,1,True,91.564,2024,Silverstone,R,15.77074829931973,27.670068027210885,0.3469387755102041,7,Early,1:31.564
HAM,Mercedes,10.0,0 days 00:01:31.515000,MEDIUM,1.0,1,True,91.515,2024,Silverstone,R,15.77074829931973,27.670068027210885,0.3469387755102041,8,Early,1:31.515
HAM,Mercedes,11.0,0 days 00:01:31.487000,MEDIUM,1.0,1,True,91.487,2024,Silverstone,R,15.77074829931973,27.670068027210885,0.3469387755102041,9,Early,1:31.487
HAM,Mercedes,12.0,0 days 00:01:31.563000,MEDIUM,1.0,1,True,91.563,2024,Silverstone,R,15.77074829931973,27.670068027210885,0.3469387755102041,10,Early,1:31.563
HAM,Mercedes,13.0,0 days 00:01:31.881000,MEDIUM,1.0,1,True,91.881,2024,Silverstone,R,15.77074829931973,27.670068027210885,0.3469387755102041,11,Early,1:31.881
HAM,Mercedes,14.0,0 days 00:01:31.609000,MEDIUM,1.0,1,True,91.609,2024,Silverstone,R,15.77074829931973,27.670068027210885,0.3469387755102041,12,Early,1:31.609
HAM,Mercedes,15.0,0 days 00:01:31.563000,MEDIUM,1.0,1,True,91.563,2024,Silverstone,R,15.77074829931973,27.670068027210885,0.3469387755102041,13,Early,1:31.563
HAM,Mercedes,16.0,0 days 00:01:31.931000,MEDIUM,1.0,1,True,91.931,2024,Silverstone,R,15.77074829931973,27.670068027210885,0.3469387755102041,14,Early,1:31.931
HAM,Mercedes,17.0,0 days 00:01:33.721000,MEDIUM,1.0,1,True,93.721,2024,Silverstone,R,15.77074829931973,27.670068027210885,0.3469387755102041,15,Early,1:33.721
HAM,Mercedes,18.0,0 days 00:01:35.071000,MEDIUM,1.0,1,True,95.071,2024,Silverstone,R,15.77074829931973,27.670068027210885,0.3469387755102041,16,Mid,1:35.071
HAM,Mercedes,19.0,0 days 00:01:43.711000,MEDIUM,1.0,1,True,103.711,2024,Silverstone,R,15.77074829931973,27.670068027210885,0.3469387755102041,17,Mid,1:43.711
HAM,Mercedes,20.0,0 days 00:01:40.021000,MEDIUM,1.0,1,True,100.021,2024,Silverstone,R,15.77074829931973,27.670068027210885,0.3469387755102041,18,Mid,1:40.021
HAM,Mercedes,21.0,0 days 00:01:32.156000,MEDIUM,1.0,1,True,92.156,2024,Silverstone,R,15.77074829931973,27.670068027210885,0.3469387755102041,19,Mid,1:32.156
HAM,Mercedes,22.0,0 days 00:01:31.095000,MEDIUM,1.0,1,True,91.095,2024,Silverstone,R,15.77074829931973,27.670068027210885,0.3469387755102041,20,Mid,1:31.095
HAM,Mercedes,23.0,0 days 00:01:31.107000,MEDIUM,1.0,1,True,91.107,2024,Silverstone,R,15.77074829931973,27.670068027210885,0.3469387755102041,21,Mid,1:31.107
HAM,Mercedes,24.0,0 days 00:01:31.635000,MEDIUM,1.0,1,True,91.635,2024,Silverstone,R,15.77074829931973,27.670068027210885,0.3469387755102041,22,Mid,1:31.635
HAM,Mercedes,25.0,0 days 00:01:34.988000,MEDIUM,1.0,1,True,94.988,2024,Silverstone,R,15.77074829931973,27.670068027210885,0.3469387755102041,23,Mid,1:34.988
HAM,Mercedes,26.0,0 days 00:01:40.792000,MEDIUM,1.0,1,True,100.792,2024,Silverstone,R,15.77074829931973,27.670068027210885,0.3469387755102041,24,Mid,1:40.792
HAM,Mercedes,29.0,0 days 00:01:40.420000,INTERMEDIATE,2.0,1,True,100.42,2024,Silverstone,R,15.77074829931973,27.670068027210885,0.3469387755102041,0,Mid,1:40.420
HAM,Mercedes,30.0,0 days 00:01:40.467000,INTERMEDIATE,2.0,1,True,100.467,2024,Silverstone,R,15.77074829931973,27.670068027210885,0.3469387755102041,1,Mid,1:40.467
HAM,Mercedes,31.0,0 days 00:01:41.538000,INTERMEDIATE,2.0,1,True,101.538,2024,Silverstone,R,15.77074829931973,27.670068027210885,0.3469387755102041,2,Mid,1:41.538
HAM,Mercedes,32.0,0 days 00:01:42.475000,INTERMEDIATE,2.0,1,True,102.475,2024,Silverstone,R,15.77074829931973,27.670068027210885,0.3469387755102041,3,Mid,1:42.475
HAM,Mercedes,33.0,0 days 00:01:42.435000,INTERMEDIATE,2.0,1,True,102.435,2024,Silverstone,R,15.77074829931973,27.670068027210885,0.3469387755102041,4,Mid,1:42.435
HAM,Mercedes,34.0,0 days 00:01:42.757000,INTERMEDIATE,2.0,1,True,102.757,2024,Silverstone,R,15.77074829931973,27.670068027210885,0.3469387755102041,5,Mid,1:42.757
HAM,Mercedes,35.0,0 days 00:01:42.271000,INTERMEDIATE,2.0,1,True,102.271,2024,Silverstone,R,15.77074829931973,27.670068027210885,0.3469387755102041,6,Late,1:42.271
HAM,Mercedes,36.0,0 days 00:01:41.924000,INTERMEDIATE,2.0,1,True,101.924,2024,Silverstone,R,15.77074829931973,27.670068027210885,0.3469387755102041,7,Late,1:41.924
HAM,Mercedes,37.0,0 days 00:01:39.711000,INTERMEDIATE,2.0,1,True,99.711,2024,Silverstone,R,15.77074829931973,27.670068027210885,0.3469387755102041,8,Late,1:39.711
HAM,Mercedes,40.0,0 days 00:01:30.318000,SOFT,3.0,1,True,90.318,2024,Silverstone,R,15.77074829931973,27.670068027210885,0.3469387755102041,0,Late,1:30.318
HAM,Mercedes,41.0,0 days 00:01:30.118000,SOFT,3.0,1,True,90.118,2024,Silverstone,R,15.77074829931973,27.670068027210885,0.3469387755102041,1,Late,1:30.118
HAM,Mercedes,42.0,0 days 00:01:29.617000,SOFT,3.0,1,True,89.617,2024,Silverstone,R,15.77074829931973,27.670068027210885,0.3469387755102041,2,Late,1:29.617
HAM,Mercedes,43.0,0 days 00:01:29.793000,SOFT,3.0,1,True,89.793,2024,Silverstone,R,15.77074829931973,27.670068027210885,0.3469387755102041,3,Late,1:29.793
HAM,Mercedes,44.0,0 days 00:01:29.697000,SOFT,3.0,1,True,89.697,2024,Silverstone,R,15.77074829931973,27.670068027210885,0.3469387755102041,4,Late,1:29.697
HAM,Mercedes,45.0,0 days 00:01:29.438000,SOFT,3.0,1,True,89.438,2024,Silverstone,R,15.77074829931973,27.670068027210885,0.3469387755102041,5,Late,1:29.438
HAM,Mercedes,46.0,0 days 00:01:29.641000,SOFT,3.0,1,True,89.641,2024,Silverstone,R,15.77074829931973,27.670068027210885,0.3469387755102041,6,Late,1:29.641
HAM,Mercedes,47.0,0 days 00:01:29.538000,SOFT,3.0,1,True,89.538,2024,Silverstone,R,15.77074829931973,27.670068027210885,0.3469387755102041,7,Late,1:29.538
HAM,Mercedes,48.0,0 days 00:01:29.579000,SOFT,3.0,1,True,89.579,2024,Silverstone,R,15.77074829931973,27.670068027210885,0.3469387755102041,8,Late,1:29.579
HAM,Mercedes,49.0,0 days 00:01:29.667000,SOFT,3.0,1,True,89.667,2024,Silverstone,R,15.77074829931973,27.670068027210885,0.3469387755102041,9,Late,1:29.667
HAM,Mercedes,50.0,0 days 00:01:29.682000,SOFT,3.0,1,True,89.682,2024,Silverstone,R,15.77074829931973,27.670068027210885,0.3469387755102041,10,Late,1:29.682
HAM,Mercedes,51.0,0 days 00:01:29.743000,SOFT,3.0,1,True,89.743,2024,Silverstone,R,15.77074829931973,27.670068027210885,0.3469387755102041,11,Late,1:29.743
HAM,Mercedes,52.0,0 days 00:01:30.146000,SOFT,3.0,1,True,90.146,2024,Silverstone,R,15.77074829931973,27.670068027210885,0.3469387755102041,12,Late,1:30.146
HUL,Haas F1 Team,2.0,0 days 00:01:32.844000,MEDIUM,1.0,1,True,92.844,2024,Silverstone,R,15.77074829931973,27.670068027210885,0.3469387755102041,0,Early,1:32.844
HUL,Haas F1 Team,3.0,0 days 00:01:32.605000,MEDIUM,1.0,1,True,92.605,2024,Silverstone,R,15.77074829931973,27.670068027210885,0.3469387755102041,1,Early,1:32.605
HUL,Haas F1 Team,4.0,0 days 00:01:32.563000,MEDIUM,1.0,1,True,92.563,2024,Silverstone,R,15.77074829931973,27.670068027210885,0.3469387755102041,2,Early,1:32.563
HUL,Haas F1 Team,5.0,0 days 00:01:32.768000,MEDIUM,1.0,1,True,92.768,2024,Silverstone,R,15.77074829931973,27.670068027210885,0.3469387755102041,3,Early,1:32.768
HUL,Haas F1 Team,6.0,0 days 00:01:32.697000,MEDIUM,1.0,1,True,92.697,2024,Silverstone,R,15.77074829931973,27.670068027210885,0.3469387755102041,4,Early,1:32.697
HUL,Haas F1 Team,7.0,0 days 00:01:32.733000,MEDIUM,1.0,1,True,92.733,2024,Silverstone,R,15.77074829931973,27.670068027210885,0.3469387755102041,5,Early,1:32.733
HUL,Haas F1 Team,8.0,0 days 00:01:32.802000,MEDIUM,1.0,1,True,92.802,2024,Silverstone,R,15.77074829931973,27.670068027210885,0.3469387755102041,6,Early,1:32.802
HUL,Haas F1 Team,9.0,0 days 00:01:32.396000,MEDIUM,1.0,1,True,92.396,2024,Silverstone,R,15.77074829931973,27.670068027210885,0.3469387755102041,7,Early,1:32.396
HUL,Haas F1 Team,10.0,0 days 00:01:32.439000,MEDIUM,1.0,1,True,92.439,2024,Silverstone,R,15.77074829931973,27.670068027210885,0.3469387755102041,8,Early,1:32.439
HUL,Haas F1 Team,11.0,0 days 00:01:32.428000,MEDIUM,1.0,1,True,92.428,2024,Silverstone,R,15.77074829931973,27.670068027210885,0.3469387755102041,9,Early,1:32.428
HUL,Haas F1 Team,12.0,0 days 00:01:32.401000,MEDIUM,1.0,1,True,92.401,2024,Silverstone,R,15.77074829931973,27.670068027210885,0.3469387755102041,10,Early,1:32.401
HUL,Haas F1 Team,13.0,0 days 00:01:32.468000,MEDIUM,1.0,1,True,92.468,2024,Silverstone,R,15.77074829931973,27.670068027210885,0.3469387755102041,11,Early,1:32.468
HUL,Haas F1 Team,14.0,0 days 00:01:32.621000,MEDIUM,1.0,1,True,92.621,2024,Silverstone,R,15.77074829931973,27.670068027210885,0.3469387755102041,12,Early,1:32.621
HUL,Haas F1 Team,15.0,0 days 00:01:32.672000,MEDIUM,1.0,1,True,92.672,2024,Silverstone,R,15.77074829931973,27.670068027210885,0.3469387755102041,13,Early,1:32.672
HUL,Haas F1 Team,16.0,0 days 00:01:33.194000,MEDIUM,1.0,1,True,93.194,2024,Silverstone,R,15.77074829931973,27.670068027210885,0.3469387755102041,14,Early,1:33.194
HUL,Haas F1 Team,17.0,0 days 00:01:35.447000,MEDIUM,1.0,1,True,95.447,2024,Silverstone,R,15.77074829931973,27.670068027210885,0.3469387755102041,15,Early,1:35.447
HUL,Haas F1 Team,18.0,0 days 00:01:35.834000,MEDIUM,1.0,1,True,95.834,2024,Silverstone,R,15.77074829931973,27.670068027210885,0.3469387755102041,16,Mid,1:35.834
HUL,Haas F1 Team,19.0,0 days 00:01:45.752000,MEDIUM,1.0,1,True,105.752,2024,Silverstone,R,15.77074829931973,27.670068027210885,0.3469387755102041,17,Mid,1:45.752
HUL,Haas F1 Team,20.0,0 days 00:01:37.529000,MEDIUM,1.0,1,True,97.529,2024,Silverstone,R,15.77074829931973,27.670068027210885,0.3469387755102041,18,Mid,1:37.529
HUL,Haas F1 Team,21.0,0 days 00:01:32.649000,MEDIUM,1.0,1,True,92.649,2024,Silverstone,R,15.77074829931973,27.670068027210885,0.3469387755102041,19,Mid,1:32.649
HUL,Haas F1 Team,22.0,0 days 00:01:32.233000,MEDIUM,1.0,1,True,92.233,2024,Silverstone,R,15.77074829931973,27.670068027210885,0.3469387755102041,20,Mid,1:32.233
HUL,Haas F1 Team,23.0,0 days 00:01:32.612000,MEDIUM,1.0,1,True,92.612,2024,Silverstone,R,15.77074829931973,27.670068027210885,0.3469387755102041,21,Mid,1:32.612
HUL,Haas F1 Team,24.0,0 days 00:01:33.352000,MEDIUM,1.0,1,True,93.352,2024,Silverstone,R,15.77074829931973,27.670068027210885,0.3469387755102041,22,Mid,1:33.352
HUL,Haas F1 Team,25.0,0 days 00:01:35.918000,MEDIUM,1.0,1,True,95.918,2024,Silverstone,R,15.77074829931973,27.670068027210885,0.3469387755102041,23,Mid,1:35.918
HUL,Haas F1 Team,28.0,0 days 00:01:41.897000,INTERMEDIATE,2.0,1,True,101.897,2024,Silverstone,R,15.77074829931973,27.670068027210885,0.3469387755102041,0,Mid,1:41.897
HUL,Haas F1 Team,29.0,0 days 00:01:42.641000,INTERMEDIATE,2.0,1,True,102.641,2024,Silverstone,R,15.77074829931973,27.670068027210885,0.3469387755102041,1,Mid,1:42.641
HUL,Haas F1 Team,30.0,0 days 00:01:42.811000,INTERMEDIATE,2.0,1,True,102.811,2024,Silverstone,R,15.77074829931973,27.670068027210885,0.3469387755102041,2,Mid,1:42.811
HUL,Haas F1 Team,31.0,0 days 00:01:43.274000,INTERMEDIATE,2.0,1,True,103.274,2024,Silverstone,R,15.77074829931973,27.670068027210885,0.3469387755102041,3,Mid,1:43.274
HUL,Haas F1 Team,32.0,0 days 00:01:44.134000,INTERMEDIATE,2.0,1,True,104.134,2024,Silverstone,R,15.77074829931973,27.670068027210885,0.3469387755102041,4,Mid,1:44.134
HUL,Haas F1 Team,33.0,0 days 00:01:43.685000,INTERMEDIATE,2.0,1,True,103.685,2024,Silverstone,R,15.77074829931973,27.670068027210885,0.3469387755102041,5,Mid,1:43.685
HUL,Haas F1 Team,34.0,0 days 00:01:44.263000,INTERMEDIATE,2.0,1,True,104.263,2024,Silverstone,R,15.77074829931973,27.670068027210885,0.3469387755102041,6,Mid,1:44.263
HUL,Haas F1 Team,35.0,0 days 00:01:44.042000,INTERMEDIATE,2.0,1,True,104.042,2024,Silverstone,R,15.77074829931973,27.670068027210885,0.3469387755102041,7,Late,1:44.042
HUL,Haas F1 Team,36.0,0 days 00:01:43.044000,INTERMEDIATE,2.0,1,True,103.044,2024,Silverstone,R,15.77074829931973,27.670068027210885,0.3469387755102041,8,Late,1:43.044
HUL,Haas F1 Team,37.0,0 days 00:01:40.657000,INTERMEDIATE,2.0,1,True,100.657,2024,Silverstone,R,15.77074829931973,27.670068027210885,0.3469387755102041,9,Late,1:40.657
HUL,Haas F1 Team,38.0,0 days 00:01:38.854000,INTERMEDIATE,2.0,1,True,98.854,2024,Silverstone,R,15.77074829931973,27.670068027210885,0.3469387755102041,10,Late,1:38.854
HUL,Haas F1 Team,41.0,0 days 00:01:31.097000,SOFT,3.0,1,True,91.097,2024,Silverstone,R,15.77074829931973,27.670068027210885,0.3469387755102041,0,Late,1:31.097
HUL,Haas F1 Team,42.0,0 days 00:01:30.701000,SOFT,3.0,1,True,90.701,2024,Silverstone,R,15.77074829931973,27.670068027210885,0.3469387755102041,1,Late,1:30.701
HUL,Haas F1 Team,43.0,0 days 00:01:29.836000,SOFT,3.0,1,True,89.836,2024,Silverstone,R,15.77074829931973,27.670068027210885,0.3469387755102041,2,Late,1:29.836
HUL,Haas F1 Team,44.0,0 days 00:01:30.392000,SOFT,3.0,1,True,90.392,2024,Silverstone,R,15.77074829931973,27.670068027210885,0.3469387755102041,3,Late,1:30.392
HUL,Haas F1 Team,45.0,0 days 00:01:30.048000,SOFT,3.0,1,True,90.048,2024,Silverstone,R,15.77074829931973,27.670068027210885,0.3469387755102041,4,Late,1:30.048
HUL,Haas F1 Team,46.0,0 days 00:01:30.185000,SOFT,3.0,1,True,90.185,2024,Silverstone,R,15.77074829931973,27.670068027210885,0.3469387755102041,5,Late,1:30.185
HUL,Haas F1 Team,47.0,0 days 00:01:29.864000,SOFT,3.0,1,True,89.864,2024,Silverstone,R,15.77074829931973,27.670068027210885,0.3469387755102041,6,Late,1:29.864
HUL,Haas F1 Team,48.0,0 days 00:01:30.365000,SOFT,3.0,1,True,90.365,2024,Silverstone,R,15.77074829931973,27.670068027210885,0.3469387755102041,7,Late,1:30.365
HUL,Haas F1 Team,49.0,0 days 00:01:30.371000,SOFT,3.0,1,True,90.371,2024,Silverstone,R,15.77074829931973,27.670068027210885,0.3469387755102041,8,Late,1:30.371
HUL,Haas F1 Team,50.0,0 days 00:01:30.470000,SOFT,3.0,1,True,90.47,2024,Silverstone,R,15.77074829931973,27.670068027210885,0.3469387755102041,9,Late,1:30.470
HUL,Haas F1 Team,51.0,0 days 00:01:30.696000,SOFT,3.0,1,True,90.696,2024,Silverstone,R,15.77074829931973,27.670068027210885,0.3469387755102041,10,Late,1:30.696
HUL,Haas F1 Team,52.0,0 days 00:01:30.847000,SOFT,3.0,1,True,90.847,2024,Silverstone,R,15.77074829931973,27.670068027210885,0.3469387755102041,11,Late,1:30.847
LEC,Ferrari,2.0,0 days 00:01:32.858000,MEDIUM,1.0,1,True,92.858,2024,Silverstone,R,15.77074829931973,27.670068027210885,0.3469387755102041,0,Early,1:32.858
LEC,Ferrari,3.0,0 days 00:01:32.369000,MEDIUM,1.0,1,True,92.369,2024,Silverstone,R,15.77074829931973,27.670068027210885,0.3469387755102041,1,Early,1:32.369
LEC,Ferrari,4.0,0 days 00:01:32.705000,MEDIUM,1.0,1,True,92.705,2024,Silverstone,R,15.77074829931973,27.670068027210885,0.3469387755102041,2,Early,1:32.705
LEC,Ferrari,5.0,0 days 00:01:32.697000,MEDIUM,1.0,1,True,92.697,2024,Silverstone,R,15.77074829931973,27.670068027210885,0.3469387755102041,3,Early,1:32.697
LEC,Ferrari,6.0,0 days 00:01:32.758000,MEDIUM,1.0,1,True,92.758,2024,Silverstone,R,15.77074829931973,27.670068027210885,0.3469387755102041,4,Early,1:32.758
LEC,Ferrari,7.0,0 days 00:01:32.662000,MEDIUM,1.0,1,True,92.662,2024,Silverstone,R,15.77074829931973,27.670068027210885,0.3469387755102041,5,Early,1:32.662
LEC,Ferrari,8.0,0 days 00:01:32.860000,MEDIUM,1.0,1,True,92.86,2024,Silverstone,R,15.77074829931973,27.670068027210885,0.3469387755102041,6,Early,1:32.860
LEC,Ferrari,9.0,0 days 00:01:32.326000,MEDIUM,1.0,1,True,92.326,2024,Silverstone,R,15.77074829931973,27.670068027210885,0.3469387755102041,7,Early,1:32.326
LEC,Ferrari,10.0,0 days 00:01:32.496000,MEDIUM,1.0,1,True,92.496,2024,Silverstone,R,15.77074829931973,27.670068027210885,0.3469387755102041,8,Early,1:32.496
LEC,Ferrari,11.0,0 days 00:01:32.348000,MEDIUM,1.0,1,True,92.348,2024,Silverstone,R,15.77074829931973,27.670068027210885,0.3469387755102041,9,Early,1:32.348
LEC,Ferrari,12.0,0 days 00:01:32.236000,MEDIUM,1.0,1,True,92.236,2024,Silverstone,R,15.77074829931973,27.670068027210885,0.3469387755102041,10,Early,1:32.236
LEC,Ferrari,13.0,0 days 00:01:31.989000,MEDIUM,1.0,1,True,91.989,2024,Silverstone,R,15.77074829931973,27.670068027210885,0.3469387755102041,11,Early,1:31.989
LEC,Ferrari,14.0,0 days 00:01:32.396000,MEDIUM,1.0,1,True,92.396,2024,Silverstone,R,15.77074829931973,27.670068027210885,0.3469387755102041,12,Early,1:32.396
LEC,Ferrari,15.0,0 days 00:01:32.755000,MEDIUM,1.0,1,True,92.755,2024,Silverstone,R,15.77074829931973,27.670068027210885,0.3469387755102041,13,Early,1:32.755
LEC,Ferrari,16.0,0 days 00:01:32.923000,MEDIUM,1.0,1,True,92.923,2024,Silverstone,R,15.77074829931973,27.670068027210885,0.3469387755102041,14,Early,1:32.923
LEC,Ferrari,17.0,0 days 00:01:35.280000,MEDIUM,1.0,1,True,95.28,2024,Silverstone,R,15.77074829931973,27.670068027210885,0.3469387755102041,15,Early,1:35.280
LEC,Ferrari,18.0,0 days 00:01:35.951000,MEDIUM,1.0,1,True,95.951,2024,Silverstone,R,15.77074829931973,27.670068027210885,0.3469387755102041,16,Mid,1:35.951
LEC,Ferrari,21.0,0 days 00:01:42.846000,INTERMEDIATE,2.0,1,True,102.846,2024,Silverstone,R,15.77074829931973,27.670068027210885,0.3469387755102041,0,Mid,1:42.846
LEC,Ferrari,22.0,0 days 00:01:44.352000,INTERMEDIATE,2.0,1,True,104.352,2024,Silverstone,R,15.77074829931973,27.670068027210885,0.3469387755102041,1,Mid,1:44.352
LEC,Ferrari,23.0,0 days 00:01:46.593000,INTERMEDIATE,2.0,1,True,106.593,2024,Silverstone,R,15.77074829931973,27.670068027210885,0.3469387755102041,2,Mid,1:46.593
LEC,Ferrari,24.0,0 days 00:01:51.732000,INTERMEDIATE,2.0,1,True,111.732,2024,Silverstone,R,15.77074829931973,27.670068027210885,0.3469387755102041,3,Mid,1:51.732
LEC,Ferrari,25.0,0 days 00:01:49.301000,INTERMEDIATE,2.0,1,True,109.301,2024,Silverstone,R,15.77074829931973,27.670068027210885,0.3469387755102041,4,Mid,1:49.301
LEC,Ferrari,26.0,0 days 00:01:45.655000,INTERMEDIATE,2.0,1,True,105.655,2024,Silverstone,R,15.77074829931973,27.670068027210885,0.3469387755102041,5,Mid,1:45.655
LEC,Ferrari,29.0,0 days 00:01:41.602000,INTERMEDIATE,3.0,1,True,101.602,2024,Silverstone,R,15.77074829931973,27.670068027210885,0.3469387755102041,0,Mid,1:41.602
LEC,Ferrari,30.0,0 days 00:01:42.299000,INTERMEDIATE,3.0,1,True,102.299,2024,Silverstone,R,15.77074829931973,27.670068027210885,0.3469387755102041,1,Mid,1:42.299
LEC,Ferrari,31.0,0 days 00:01:43.950000,INTERMEDIATE,3.0,1,True,103.95,2024,Silverstone,R,15.77074829931973,27.670068027210885,0.3469387755102041,2,Mid,1:43.950
LEC,Ferrari,32.0,0 days 00:01:43.795000,INTERMEDIATE,3.0,1,True,103.795,2024,Silverstone,R,15.77074829931973,27.670068027210885,0.3469387755102041,3,Mid,1:43.795
LEC,Ferrari,33.0,0 days 00:01:43.217000,INTERMEDIATE,3.0,1,True,103.217,2024,Silverstone,R,15.77074829931973,27.670068027210885,0.3469387755102041,4,Mid,1:43.217
LEC,Ferrari,34.0,0 days 00:01:43.604000,INTERMEDIATE,3.0,1,True,103.604,2024,Silverstone,R,15.77074829931973,27.670068027210885,0.3469387755102041,5,Mid,1:43.604
LEC,Ferrari,35.0,0 days 00:01:42.415000,INTERMEDIATE,3.0,1,True,102.415,2024,Silverstone,R,15.77074829931973,27.670068027210885,0.3469387755102041,6,Late,1:42.415
LEC,Ferrari,36.0,0 days 00:01:40.091000,INTERMEDIATE,3.0,1,True,100.091,2024,Silverstone,R,15.77074829931973,27.670068027210885,0.3469387755102041,7,Late,1:40.091
LEC,Ferrari,39.0,0 days 00:01:31.481000,SOFT,4.0,1,True,91.481,2024,Silverstone,R,15.77074829931973,27.670068027210885,0.3469387755102041,0,Late,1:31.481
LEC,Ferrari,40.0,0 days 00:01:30.878000,SOFT,4.0,1,True,90.878,2024,Silverstone,R,15.77074829931973,27.670068027210885,0.3469387755102041,1,Late,1:30.878
LEC,Ferrari,41.0,0 days 00:01:30.035000,SOFT,4.0,1,True,90.035,2024,Silverstone,R,15.77074829931973,27.670068027210885,0.3469387755102041,2,Late,1:30.035
LEC,Ferrari,42.0,0 days 00:01:29.832000,SOFT,4.0,1,True,89.832,2024,Silverstone,R,15.77074829931973,27.670068027210885,0.3469387755102041,3,Late,1:29.832
LEC,Ferrari,43.0,0 days 00:01:29.748000,SOFT,4.0,1,True,89.748,2024,Silverstone,R,15.77074829931973,27.670068027210885,0.3469387755102041,4,Late,1:29.748
LEC,Ferrari,44.0,0 days 00:01:29.933000,SOFT,4.0,1,True,89.933,2024,Silverstone,R,15.77074829931973,27.670068027210885,0.3469387755102041,5,Late,1:29.933
LEC,Ferrari,45.0,0 days 00:01:29.911000,SOFT,4.0,1,True,89.911,2024,Silverstone,R,15.77074829931973,27.670068027210885,0.3469387755102041,6,Late,1:29.911
LEC,Ferrari,46.0,0 days 00:01:30.051000,SOFT,4.0,1,True,90.051,2024,Silverstone,R,15.77074829931973,27.670068027210885,0.3469387755102041,7,Late,1:30.051
LEC,Ferrari,47.0,0 days 00:01:30.289000,SOFT,4.0,1,True,90.289,2024,Silverstone,R,15.77074829931973,27.670068027210885,0.3469387755102041,8,Late,1:30.289
LEC,Ferrari,48.0,0 days 00:01:30.204000,SOFT,4.0,1,True,90.204,2024,Silverstone,R,15.77074829931973,27.670068027210885,0.3469387755102041,9,Late,1:30.204
LEC,Ferrari,49.0,0 days 00:01:30.929000,SOFT,4.0,1,True,90.929,2024,Silverstone,R,15.77074829931973,27.670068027210885,0.3469387755102041,10,Late,1:30.929
LEC,Ferrari,50.0,0 days 00:01:30.488000,SOFT,4.0,1,True,90.488,2024,Silverstone,R,15.77074829931973,27.670068027210885,0.3469387755102041,11,Late,1:30.488
LEC,Ferrari,51.0,0 days 00:01:31.674000,SOFT,4.0,1,True,91.674,2024,Silverstone,R,15.77074829931973,27.670068027210885,0.3469387755102041,12,Late,1:31.674
MAG,Haas F1 Team,2.0,0 days 00:01:34.216000,MEDIUM,1.0,1,True,94.216,2024,Silverstone,R,15.77074829931973,27.670068027210885,0.3469387755102041,0,Early,1:34.216
MAG,Haas F1 Team,3.0,0 days 00:01:33.259000,MEDIUM,1.0,1,True,93.259,2024,Silverstone,R,15.77074829931973,27.670068027210885,0.3469387755102041,1,Early,1:33.259
MAG,Haas F1 Team,4.0,0 days 00:01:33.110000,MEDIUM,1.0,1,True,93.11,2024,Silverstone,R,15.77074829931973,27.670068027210885,0.3469387755102041,2,Early,1:33.110
MAG,Haas F1 Team,5.0,0 days 00:01:32.999000,MEDIUM,1.0,1,True,92.999,2024,Silverstone,R,15.77074829931973,27.670068027210885,0.3469387755102041,3,Early,1:32.999
MAG,Haas F1 Team,6.0,0 days 00:01:33.544000,MEDIUM,1.0,1,True,93.544,2024,Silverstone,R,15.77074829931973,27.670068027210885,0.3469387755102041,4,Early,1:33.544
MAG,Haas F1 Team,7.0,0 days 00:01:33.734000,MEDIUM,1.0,1,True,93.734,2024,Silverstone,R,15.77074829931973,27.670068027210885,0.3469387755102041,5,Early,1:33.734
MAG,Haas F1 Team,8.0,0 days 00:01:33.204000,MEDIUM,1.0,1,True,93.204,2024,Silverstone,R,15.77074829931973,27.670068027210885,0.3469387755102041,6,Early,1:33.204
MAG,Haas F1 Team,9.0,0 days 00:01:32.783000,MEDIUM,1.0,1,True,92.783,2024,Silverstone,R,15.77074829931973,27.670068027210885,0.3469387755102041,7,Early,1:32.783
MAG,Haas F1 Team,10.0,0 days 00:01:32.647000,MEDIUM,1.0,1,True,92.647,2024,Silverstone,R,15.77074829931973,27.670068027210885,0.3469387755102041,8,Early,1:32.647
MAG,Haas F1 Team,11.0,0 days 00:01:32.671000,MEDIUM,1.0,1,True,92.671,2024,Silverstone,R,15.77074829931973,27.670068027210885,0.3469387755102041,9,Early,1:32.671
MAG,Haas F1 Team,12.0,0 days 00:01:32.531000,MEDIUM,1.0,1,True,92.531,2024,Silverstone,R,15.77074829931973,27.670068027210885,0.3469387755102041,10,Early,1:32.531
MAG,Haas F1 Team,13.0,0 days 00:01:32.740000,MEDIUM,1.0,1,True,92.74,2024,Silverstone,R,15.77074829931973,27.670068027210885,0.3469387755102041,11,Early,1:32.740
MAG,Haas F1 Team,14.0,0 days 00:01:32.506000,MEDIUM,1.0,1,True,92.506,2024,Silverstone,R,15.77074829931973,27.670068027210885,0.3469387755102041,12,Early,1:32.506
MAG,Haas F1 Team,15.0,0 days 00:01:32.953000,MEDIUM,1.0,1,True,92.953,2024,Silverstone,R,15.77074829931973,27.670068027210885,0.3469387755102041,13,Early,1:32.953
MAG,Haas F1 Team,16.0,0 days 00:01:33.486000,MEDIUM,1.0,1,True,93.486,2024,Silverstone,R,15.77074829931973,27.670068027210885,0.3469387755102041,14,Early,1:33.486
MAG,Haas F1 Team,17.0,0 days 00:01:34.661000,MEDIUM,1.0,1,True,94.661,2024,Silverstone,R,15.77074829931973,27.670068027210885,0.3469387755102041,15,Early,1:34.661
MAG,Haas F1 Team,18.0,0 days 00:01:34.730000,MEDIUM,1.0,1,True,94.73,2024,Silverstone,R,15.77074829931973,27.670068027210885,0.3469387755102041,16,Mid,1:34.730
MAG,Haas F1 Team,19.0,0 days 00:01:43.505000,MEDIUM,1.0,1,True,103.505,2024,Silverstone,R,15.77074829931973,27.670068027210885,0.3469387755102041,17,Mid,1:43.505
MAG,Haas F1 Team,20.0,0 days 00:01:35.181000,MEDIUM,1.0,1,True,95.181,2024,Silverstone,R,15.77074829931973,27.670068027210885,0.3469387755102041,18,Mid,1:35.181
MAG,Haas F1 Team,21.0,0 days 00:01:33.484000,MEDIUM,1.0,1,True,93.484,2024,Silverstone,R,15.77074829931973,27.670068027210885,0.3469387755102041,19,Mid,1:33.484
MAG,Haas F1 Team,22.0,0 days 00:01:32.766000,MEDIUM,1.0,1,True,92.766,2024,Silverstone,R,15.77074829931973,27.670068027210885,0.3469387755102041,20,Mid,1:32.766
MAG,Haas F1 Team,23.0,0 days 00:01:33.278000,MEDIUM,1.0,1,True,93.278,2024,Silverstone,R,15.77074829931973,27.670068027210885,0.3469387755102041,21,Mid,1:33.278
MAG,Haas F1 Team,24.0,0 days 00:01:33.625000,MEDIUM,1.0,1,True,93.625,2024,Silverstone,R,15.77074829931973,27.670068027210885,0.3469387755102041,22,Mid,1:33.625
MAG,Haas F1 Team,25.0,0 days 00:01:35.150000,MEDIUM,1.0,1,True,95.15,2024,Silverstone,R,15.77074829931973,27.670068027210885,0.3469387755102041,23,Mid,1:35.150
MAG,Haas F1 Team,26.0,0 days 00:01:45.466000,MEDIUM,1.0,1,True,105.466,2024,Silverstone,R,15.77074829931973,27.670068027210885,0.3469387755102041,24,Mid,1:45.466
MAG,Haas F1 Team,29.0,0 days 00:01:42.842000,INTERMEDIATE,2.0,1,True,102.842,2024,Silverstone,R,15.77074829931973,27.670068027210885,0.3469387755102041,0,Mid,1:42.842
MAG,Haas F1 Team,30.0,0 days 00:01:42.133000,INTERMEDIATE,2.0,1,True,102.133,2024,Silverstone,R,15.77074829931973,27.670068027210885,0.3469387755102041,1,Mid,1:42.133
MAG,Haas F1 Team,31.0,0 days 00:01:44.060000,INTERMEDIATE,2.0,1,True,104.06,2024,Silverstone,R,15.77074829931973,27.670068027210885,0.3469387755102041,2,Mid,1:44.060
MAG,Haas F1 Team,32.0,0 days 00:01:45.084000,INTERMEDIATE,2.0,1,True,105.084,2024,Silverstone,R,15.77074829931973,27.670068027210885,0.3469387755102041,3,Mid,1:45.084
MAG,Haas F1 Team,33.0,0 days 00:01:45.266000,INTERMEDIATE,2.0,1,True,105.266,2024,Silverstone,R,15.77074829931973,27.670068027210885,0.3469387755102041,4,Mid,1:45.266
MAG,Haas F1 Team,34.0,0 days 00:01:46.135000,INTERMEDIATE,2.0,1,True,106.135,2024,Silverstone,R,15.77074829931973,27.670068027210885,0.3469387755102041,5,Mid,1:46.135
MAG,Haas F1 Team,35.0,0 days 00:01:45.557000,INTERMEDIATE,2.0,1,True,105.557,2024,Silverstone,R,15.77074829931973,27.670068027210885,0.3469387755102041,6,Late,1:45.557
MAG,Haas F1 Team,36.0,0 days 00:01:43.611000,INTERMEDIATE,2.0,1,True,103.611,2024,Silverstone,R,15.77074829931973,27.670068027210885,0.3469387755102041,7,Late,1:43.611
MAG,Haas F1 Team,39.0,0 days 00:01:33.212000,SOFT,3.0,1,True,93.212,2024,Silverstone,R,15.77074829931973,27.670068027210885,0.3469387755102041,0,Late,1:33.212
MAG,Haas F1 Team,40.0,0 days 00:01:32.071000,SOFT,3.0,1,True,92.071,2024,Silverstone,R,15.77074829931973,27.670068027210885,0.3469387755102041,1,Late,1:32.071
MAG,Haas F1 Team,41.0,0 days 00:01:30.610000,SOFT,3.0,1,True,90.61,2024,Silverstone,R,15.77074829931973,27.670068027210885,0.3469387755102041,2,Late,1:30.610
MAG,Haas F1 Team,42.0,0 days 00:01:30.093000,SOFT,3.0,1,True,90.093,2024,Silverstone,R,15.77074829931973,27.670068027210885,0.3469387755102041,3,Late,1:30.093
MAG,Haas F1 Team,43.0,0 days 00:01:30.454000,SOFT,3.0,1,True,90.454,2024,Silverstone,R,15.77074829931973,27.670068027210885,0.3469387755102041,4,Late,1:30.454
MAG,Haas F1 Team,44.0,0 days 00:01:31.342000,SOFT,3.0,1,True,91.342,2024,Silverstone,R,15.77074829931973,27.670068027210885,0.3469387755102041,5,Late,1:31.342
MAG,Haas F1 Team,45.0,0 days 00:01:31.722000,SOFT,3.0,1,True,91.722,2024,Silverstone,R,15.77074829931973,27.670068027210885,0.3469387755102041,6,Late,1:31.722
MAG,Haas F1 Team,46.0,0 days 00:01:31.131000,SOFT,3.0,1,True,91.131,2024,Silverstone,R,15.77074829931973,27.670068027210885,0.3469387755102041,7,Late,1:31.131
MAG,Haas F1 Team,47.0,0 days 00:01:31.036000,SOFT,3.0,1,True,91.036,2024,Silverstone,R,15.77074829931973,27.670068027210885,0.3469387755102041,8,Late,1:31.036
MAG,Haas F1 Team,48.0,0 days 00:01:30.953000,SOFT,3.0,1,True,90.953,2024,Silverstone,R,15.77074829931973,27.670068027210885,0.3469387755102041,9,Late,1:30.953
MAG,Haas F1 Team,49.0,0 days 00:01:30.803000,SOFT,3.0,1,True,90.803,2024,Silverstone,R,15.77074829931973,27.670068027210885,0.3469387755102041,10,Late,1:30.803
MAG,Haas F1 Team,50.0,0 days 00:01:31.143000,SOFT,3.0,1,True,91.143,2024,Silverstone,R,15.77074829931973,27.670068027210885,0.3469387755102041,11,Late,1:31.143
MAG,Haas F1 Team,51.0,0 days 00:01:31.469000,SOFT,3.0,1,True,91.469,2024,Silverstone,R,15.77074829931973,27.670068027210885,0.3469387755102041,12,Late,1:31.469
MAG,Haas F1 Team,52.0,0 days 00:01:31.982000,SOFT,3.0,1,True,91.982,2024,Silverstone,R,15.77074829931973,27.670068027210885,0.3469387755102041,13,Late,1:31.982
NOR,McLaren,2.0,0 days 00:01:32.188000,MEDIUM,1.0,1,True,92.188,2024,Silverstone,R,15.77074829931973,27.670068027210885,0.3469387755102041,0,Early,1:32.188
NOR,McLaren,3.0,0 days 00:01:31.991000,MEDIUM,1.0,1,True,91.991,2024,Silverstone,R,15.77074829931973,27.670068027210885,0.3469387755102041,1,Early,1:31.991
NOR,McLaren,4.0,0 days 00:01:31.976000,MEDIUM,1.0,1,True,91.976,2024,Silverstone,R,15.77074829931973,27.670068027210885,0.3469387755102041,2,Early,1:31.976
NOR,McLaren,5.0,0 days 00:01:31.716000,MEDIUM,1.0,1,True,91.716,2024,Silverstone,R,15.77074829931973,27.670068027210885,0.3469387755102041,3,Early,1:31.716
NOR,McLaren,6.0,0 days 00:01:31.896000,MEDIUM,1.0,1,True,91.896,2024,Silverstone,R,15.77074829931973,27.670068027210885,0.3469387755102041,4,Early,1:31.896
NOR,McLaren,7.0,0 days 00:01:32.071000,MEDIUM,1.0,1,True,92.071,2024,Silverstone,R,15.77074829931973,27.670068027210885,0.3469387755102041,5,Early,1:32.071
NOR,McLaren,8.0,0 days 00:01:32.018000,MEDIUM,1.0,1,True,92.018,2024,Silverstone,R,15.77074829931973,27.670068027210885,0.3469387755102041,6,Early,1:32.018
NOR,McLaren,9.0,0 days 00:01:31.976000,MEDIUM,1.0,1,True,91.976,2024,Silverstone,R,15.77074829931973,27.670068027210885,0.3469387755102041,7,Early,1:31.976
NOR,McLaren,10.0,0 days 00:01:31.830000,MEDIUM,1.0,1,True,91.83,2024,Silverstone,R,15.77074829931973,27.670068027210885,0.3469387755102041,8,Early,1:31.830
NOR,McLaren,11.0,0 days 00:01:31.748000,MEDIUM,1.0,1,True,91.748,2024,Silverstone,R,15.77074829931973,27.670068027210885,0.3469387755102041,9,Early,1:31.748
NOR,McLaren,12.0,0 days 00:01:31.718000,MEDIUM,1.0,1,True,91.718,2024,Silverstone,R,15.77074829931973,27.670068027210885,0.3469387755102041,10,Early,1:31.718
NOR,McLaren,13.0,0 days 00:01:31.472000,MEDIUM,1.0,1,True,91.472,2024,Silverstone,R,15.77074829931973,27.670068027210885,0.3469387755102041,11,Early,1:31.472
NOR,McLaren,14.0,0 days 00:01:31.407000,MEDIUM,1.0,1,True,91.407,2024,Silverstone,R,15.77074829931973,27.670068027210885,0.3469387755102041,12,Early,1:31.407
NOR,McLaren,15.0,0 days 00:01:30.946000,MEDIUM,1.0,1,True,90.946,2024,Silverstone,R,15.77074829931973,27.670068027210885,0.3469387755102041,13,Early,1:30.946
NOR,McLaren,16.0,0 days 00:01:31.690000,MEDIUM,1.0,1,True,91.69,2024,Silverstone,R,15.77074829931973,27.670068027210885,0.3469387755102041,14,Early,1:31.690
NOR,McLaren,17.0,0 days 00:01:34.304000,MEDIUM,1.0,1,True,94.304,2024,Silverstone,R,15.77074829931973,27.670068027210885,0.3469387755102041,15,Early,1:34.304
NOR,McLaren,18.0,0 days 00:01:34.125000,MEDIUM,1.0,1,True,94.125,2024,Silverstone,R,15.77074829931973,27.670068027210885,0.3469387755102041,16,Mid,1:34.125
NOR,McLaren,19.0,0 days 00:01:41.436000,MEDIUM,1.0,1,True,101.436,2024,Silverstone,R,15.77074829931973,27.670068027210885,0.3469387755102041,17,Mid,1:41.436
NOR,McLaren,20.0,0 days 00:01:37.704000,MEDIUM,1.0,1,True,97.704,2024,Silverstone,R,15.77074829931973,27.670068027210885,0.3469387755102041,18,Mid,1:37.704
NOR,McLaren,21.0,0 days 00:01:31.513000,MEDIUM,1.0,1,True,91.513,2024,Silverstone,R,15.77074829931973,27.670068027210885,0.3469387755102041,19,Mid,1:31.513
NOR,McLaren,22.0,0 days 00:01:30.860000,MEDIUM,1.0,1,True,90.86,2024,Silverstone,R,15.77074829931973,27.670068027210885,0.3469387755102041,20,Mid,1:30.860
NOR,McLaren,23.0,0 days 00:01:31.176000,MEDIUM,1.0,1,True,91.176,2024,Silverstone,R,15.77074829931973,27.670068027210885,0.3469387755102041,21,Mid,1:31.176
NOR,McLaren,24.0,0 days 00:01:31.629000,MEDIUM,1.0,1,True,91.629,2024,Silverstone,R,15.77074829931973,27.670068027210885,0.3469387755102041,22,Mid,1:31.629
NOR,McLaren,25.0,0 days 00:01:34.307000,MEDIUM,1.0,1,True,94.307,2024,Silverstone,R,15.77074829931973,27.670068027210885,0.3469387755102041,23,Mid,1:34.307
NOR,McLaren,26.0,0 days 00:01:41.515000,MEDIUM,1.0,1,True,101.515,2024,Silverstone,R,15.77074829931973,27.670068027210885,0.3469387755102041,24,Mid,1:41.515
NOR,McLaren,29.0,0 days 00:01:40.266000,INTERMEDIATE,2.0,1,True,100.266,2024,Silverstone,R,15.77074829931973,27.670068027210885,0.3469387755102041,0,Mid,1:40.266
NOR,McLaren,30.0,0 days 00:01:40.717000,INTERMEDIATE,2.0,1,True,100.717,2024,Silverstone,R,15.77074829931973,27.670068027210885,0.3469387755102041,1,Mid,1:40.717
NOR,McLaren,31.0,0 days 00:01:41.313000,INTERMEDIATE,2.0,1,True,101.313,2024,Silverstone,R,15.77074829931973,27.670068027210885,0.3469387755102041,2,Mid,1:41.313
NOR,McLaren,32.0,0 days 00:01:42.216000,INTERMEDIATE,2.0,1,True,102.216,2024,Silverstone,R,15.77074829931973,27.670068027210885,0.3469387755102041,3,Mid,1:42.216
NOR,McLaren,33.0,0 days 00:01:42.607000,INTERMEDIATE,2.0,1,True,102.607,2024,Silverstone,R,15.77074829931973,27.670068027210885,0.3469387755102041,4,Mid,1:42.607
NOR,McLaren,34.0,0 days 00:01:43.078000,INTERMEDIATE,2.0,1,True,103.078,2024,Silverstone,R,15.77074829931973,27.670068027210885,0.3469387755102041,5,Mid,1:43.078
NOR,McLaren,35.0,0 days 00:01:42.935000,INTERMEDIATE,2.0,1,True,102.935,2024,Silverstone,R,15.77074829931973,27.670068027210885,0.3469387755102041,6,Late,1:42.935
NOR,McLaren,36.0,0 days 00:01:42.340000,INTERMEDIATE,2.0,1,True,102.34,2024,Silverstone,R,15.77074829931973,27.670068027210885,0.3469387755102041,7,Late,1:42.340
NOR,McLaren,37.0,0 days 00:01:39.786000,INTERMEDIATE,2.0,1,True,99.786,2024,Silverstone,R,15.77074829931973,27.670068027210885,0.3469387755102041,8,Late,1:39.786
NOR,McLaren,38.0,0 days 00:01:37.999000,INTERMEDIATE,2.0,1,True,97.999,2024,Silverstone,R,15.77074829931973,27.670068027210885,0.3469387755102041,9,Late,1:37.999
NOR,McLaren,41.0,0 days 00:01:29.733000,SOFT,3.0,1,True,89.733,2024,Silverstone,R,15.77074829931973,27.670068027210885,0.3469387755102041,0,Late,1:29.733
NOR,McLaren,42.0,0 days 00:01:30.006000,SOFT,3.0,1,True,90.006,2024,Silverstone,R,15.77074829931973,27.670068027210885,0.3469387755102041,1,Late,1:30.006
NOR,McLaren,43.0,0 days 00:01:29.262000,SOFT,3.0,1,True,89.262,2024,Silverstone,R,15.77074829931973,27.670068027210885,0.3469387755102041,2,Late,1:29.262
NOR,McLaren,44.0,0 days 00:01:29.752000,SOFT,3.0,1,True,89.752,2024,Silverstone,R,15.77074829931973,27.670068027210885,0.3469387755102041,3,Late,1:29.752
NOR,McLaren,45.0,0 days 00:01:29.635000,SOFT,3.0,1,True,89.635,2024,Silverstone,R,15.77074829931973,27.670068027210885,0.3469387755102041,4,Late,1:29.635
NOR,McLaren,46.0,0 days 00:01:29.960000,SOFT,3.0,1,True,89.96,2024,Silverstone,R,15.77074829931973,27.670068027210885,0.3469387755102041,5,Late,1:29.960
NOR,McLaren,47.0,0 days 00:01:29.838000,SOFT,3.0,1,True,89.838,2024,Silverstone,R,15.77074829931973,27.670068027210885,0.3469387755102041,6,Late,1:29.838
NOR,McLaren,48.0,0 days 00:01:30.556000,SOFT,3.0,1,True,90.556,2024,Silverstone,R,15.77074829931973,27.670068027210885,0.3469387755102041,7,Late,1:30.556
NOR,McLaren,49.0,0 days 00:01:30.515000,SOFT,3.0,1,True,90.515,2024,Silverstone,R,15.77074829931973,27.670068027210885,0.3469387755102041,8,Late,1:30.515
NOR,McLaren,50.0,0 days 00:01:30.544000,SOFT,3.0,1,True,90.544,2024,Silverstone,R,15.77074829931973,27.670068027210885,0.3469387755102041,9,Late,1:30.544
NOR,McLaren,51.0,0 days 00:01:30.769000,SOFT,3.0,1,True,90.769,2024,Silverstone,R,15.77074829931973,27.670068027210885,0.3469387755102041,10,Late,1:30.769
NOR,McLaren,52.0,0 days 00:01:30.913000,SOFT,3.0,1,True,90.913,2024,Silverstone,R,15.77074829931973,27.670068027210885,0.3469387755102041,11,Late,1:30.913
OCO,Alpine,2.0,0 days 00:01:33.846000,SOFT,1.0,1,True,93.846,2024,Silverstone,R,15.77074829931973,27.670068027210885,0.3469387755102041,0,Early,1:33.846
OCO,Alpine,3.0,0 days 00:01:33.479000,SOFT,1.0,1,True,93.479,2024,Silverstone,R,15.77074829931973,27.670068027210885,0.3469387755102041,1,Early,1:33.479
OCO,Alpine,4.0,0 days 00:01:33.316000,SOFT,1.0,1,True,93.316,2024,Silverstone,R,15.77074829931973,27.670068027210885,0.3469387755102041,2,Early,1:33.316
OCO,Alpine,5.0,0 days 00:01:33.210000,SOFT,1.0,1,True,93.21,2024,Silverstone,R,15.77074829931973,27.670068027210885,0.3469387755102041,3,Early,1:33.210
OCO,Alpine,6.0,0 days 00:01:33.616000,SOFT,1.0,1,True,93.616,2024,Silverstone,R,15.77074829931973,27.670068027210885,0.3469387755102041,4,Early,1:33.616
OCO,Alpine,7.0,0 days 00:01:35.183000,SOFT,1.0,1,True,95.183,2024,Silverstone,R,15.77074829931973,27.670068027210885,0.3469387755102041,5,Early,1:35.183
OCO,Alpine,8.0,0 days 00:01:33.790000,SOFT,1.0,1,True,93.79,2024,Silverstone,R,15.77074829931973,27.670068027210885,0.3469387755102041,6,Early,1:33.790
OCO,Alpine,9.0,0 days 00:01:33.898000,SOFT,1.0,1,True,93.898,2024,Silverstone,R,15.77074829931973,27.670068027210885,0.3469387755102041,7,Early,1:33.898
OCO,Alpine,10.0,0 days 00:01:33.843000,SOFT,1.0,1,True,93.843,2024,Silverstone,R,15.77074829931973,27.670068027210885,0.3469387755102041,8,Early,1:33.843
OCO,Alpine,11.0,0 days 00:01:33.846000,SOFT,1.0,1,True,93.846,2024,Silverstone,R,15.77074829931973,27.670068027210885,0.3469387755102041,9,Early,1:33.846
OCO,Alpine,12.0,0 days 00:01:34.071000,SOFT,1.0,1,True,94.071,2024,Silverstone,R,15.77074829931973,27.670068027210885,0.3469387755102041,10,Early,1:34.071
OCO,Alpine,13.0,0 days 00:01:34.491000,SOFT,1.0,1,True,94.491,2024,Silverstone,R,15.77074829931973,27.670068027210885,0.3469387755102041,11,Early,1:34.491
OCO,Alpine,14.0,0 days 00:01:35.293000,SOFT,1.0,1,True,95.293,2024,Silverstone,R,15.77074829931973,27.670068027210885,0.3469387755102041,12,Early,1:35.293
OCO,Alpine,15.0,0 days 00:01:34.884000,SOFT,1.0,1,True,94.884,2024,Silverstone,R,15.77074829931973,27.670068027210885,0.3469387755102041,13,Early,1:34.884
OCO,Alpine,16.0,0 days 00:01:36.522000,SOFT,1.0,1,True,96.522,2024,Silverstone,R,15.77074829931973,27.670068027210885,0.3469387755102041,14,Early,1:36.522
OCO,Alpine,17.0,0 days 00:01:38.735000,SOFT,1.0,1,True,98.735,2024,Silverstone,R,15.77074829931973,27.670068027210885,0.3469387755102041,15,Early,1:38.735
OCO,Alpine,18.0,0 days 00:01:38.497000,SOFT,1.0,1,True,98.497,2024,Silverstone,R,15.77074829931973,27.670068027210885,0.3469387755102041,16,Mid,1:38.497
OCO,Alpine,23.0,0 days 00:01:35.488000,MEDIUM,3.0,1,True,95.488,2024,Silverstone,R,15.77074829931973,27.670068027210885,0.3469387755102041,0,Mid,1:35.488
OCO,Alpine,24.0,0 days 00:01:38.005000,MEDIUM,3.0,1,True,98.005,2024,Silverstone,R,15.77074829931973,27.670068027210885,0.3469387755102041,1,Mid,1:38.005
OCO,Alpine,25.0,0 days 00:01:47.432000,MEDIUM,3.0,1,True,107.432,2024,Silverstone,R,15.77074829931973,27.670068027210885,0.3469387755102041,2,Mid,1:47.432
OCO,Alpine,28.0,0 days 00:01:41.716000,INTERMEDIATE,4.0,1,True,101.716,2024,Silverstone,R,15.77074829931973,27.670068027210885,0.3469387755102041,0,Mid,1:41.716
OCO,Alpine,29.0,0 days 00:01:42.362000,INTERMEDIATE,4.0,1,True,102.362,2024,Silverstone,R,15.77074829931973,27.670068027210885,0.3469387755102041,1,Mid,1:42.362
OCO,Alpine,30.0,0 days 00:01:43.336000,INTERMEDIATE,4.0,1,True,103.336,2024,Silverstone,R,15.77074829931973,27.670068027210885,0.3469387755102041,2,Mid,1:43.336
OCO,Alpine,31.0,0 days 00:01:44.019000,INTERMEDIATE,4.0,1,True,104.019,2024,Silverstone,R,15.77074829931973,27.670068027210885,0.3469387755102041,3,Mid,1:44.019
OCO,Alpine,32.0,0 days 00:01:44.673000,INTERMEDIATE,4.0,1,True,104.673,2024,Silverstone,R,15.77074829931973,27.670068027210885,0.3469387755102041,4,Mid,1:44.673
OCO,Alpine,33.0,0 days 00:01:45.290000,INTERMEDIATE,4.0,1,True,105.29,2024,Silverstone,R,15.77074829931973,27.670068027210885,0.3469387755102041,5,Mid,1:45.290
OCO,Alpine,34.0,0 days 00:01:45.511000,INTERMEDIATE,4.0,1,True,105.511,2024,Silverstone,R,15.77074829931973,27.670068027210885,0.3469387755102041,6,Mid,1:45.511
OCO,Alpine,35.0,0 days 00:01:42.995000,INTERMEDIATE,4.0,1,True,102.995,2024,Silverstone,R,15.77074829931973,27.670068027210885,0.3469387755102041,7,Late,1:42.995
OCO,Alpine,36.0,0 days 00:01:41.215000,INTERMEDIATE,4.0,1,True,101.215,2024,Silverstone,R,15.77074829931973,27.670068027210885,0.3469387755102041,8,Late,1:41.215
OCO,Alpine,37.0,0 days 00:01:42.235000,INTERMEDIATE,4.0,1,True,102.235,2024,Silverstone,R,15.77074829931973,27.670068027210885,0.3469387755102041,9,Late,1:42.235
OCO,Alpine,40.0,0 days 00:01:32.838000,MEDIUM,5.0,1,True,92.838,2024,Silverstone,R,15.77074829931973,27.670068027210885,0.3469387755102041,0,Late,1:32.838
OCO,Alpine,41.0,0 days 00:01:31.114000,MEDIUM,5.0,1,True,91.114,2024,Silverstone,R,15.77074829931973,27.670068027210885,0.3469387755102041,1,Late,1:31.114
OCO,Alpine,42.0,0 days 00:01:31.187000,MEDIUM,5.0,1,True,91.187,2024,Silverstone,R,15.77074829931973,27.670068027210885,0.3469387755102041,2,Late,1:31.187
OCO,Alpine,43.0,0 days 00:01:31.084000,MEDIUM,5.0,1,True,91.084,2024,Silverstone,R,15.77074829931973,27.670068027210885,0.3469387755102041,3,Late,1:31.084
OCO,Alpine,44.0,0 days 00:01:30.928000,MEDIUM,5.0,1,True,90.928,2024,Silverstone,R,15.77074829931973,27.670068027210885,0.3469387755102041,4,Late,1:30.928
OCO,Alpine,45.0,0 days 00:01:30.952000,MEDIUM,5.0,1,True,90.952,2024,Silverstone,R,15.77074829931973,27.670068027210885,0.3469387755102041,5,Late,1:30.952
OCO,Alpine,46.0,0 days 00:01:30.875000,MEDIUM,5.0,1,True,90.875,2024,Silverstone,R,15.77074829931973,27.670068027210885,0.3469387755102041,6,Late,1:30.875
OCO,Alpine,47.0,0 days 00:01:33.599000,MEDIUM,5.0,1,True,93.599,2024,Silverstone,R,15.77074829931973,27.670068027210885,0.3469387755102041,7,Late,1:33.599
OCO,Alpine,48.0,0 days 00:01:35.931000,MEDIUM,5.0,1,True,95.931,2024,Silverstone,R,15.77074829931973,27.670068027210885,0.3469387755102041,8,Late,1:35.931
OCO,Alpine,49.0,0 days 00:01:31.060000,MEDIUM,5.0,1,True,91.06,2024,Silverstone,R,15.77074829931973,27.670068027210885,0.3469387755102041,9,Late,1:31.060
OCO,Alpine,50.0,0 days 00:01:31.608000,MEDIUM,5.0,1,True,91.608,2024,Silverstone,R,15.77074829931973,27.670068027210885,0.3469387755102041,10,Late,1:31.608
PER,Red Bull Racing,2.0,0 days 00:01:32.942000,HARD,1.0,1,True,92.942,2024,Silverstone,R,15.77074829931973,27.670068027210885,0.3469387755102041,0,Early,1:32.942
PER,Red Bull Racing,3.0,0 days 00:01:32.340000,HARD,1.0,1,True,92.34,2024,Silverstone,R,15.77074829931973,27.670068027210885,0.3469387755102041,1,Early,1:32.340
PER,Red Bull Racing,4.0,0 days 00:01:32.570000,HARD,1.0,1,True,92.57,2024,Silverstone,R,15.77074829931973,27.670068027210885,0.3469387755102041,2,Early,1:32.570
PER,Red Bull Racing,5.0,0 days 00:01:32.111000,HARD,1.0,1,True,92.111,2024,Silverstone,R,15.77074829931973,27.670068027210885,0.3469387755102041,3,Early,1:32.111
PER,Red Bull Racing,6.0,0 days 00:01:32.250000,HARD,1.0,1,True,92.25,2024,Silverstone,R,15.77074829931973,27.670068027210885,0.3469387755102041,4,Early,1:32.250
PER,Red Bull Racing,7.0,0 days 00:01:33.313000,HARD,1.0,1,True,93.313,2024,Silverstone,R,15.77074829931973,27.670068027210885,0.3469387755102041,5,Early,1:33.313
PER,Red Bull Racing,8.0,0 days 00:01:33.407000,HARD,1.0,1,True,93.407,2024,Silverstone,R,15.77074829931973,27.670068027210885,0.3469387755102041,6,Early,1:33.407
PER,Red Bull Racing,9.0,0 days 00:01:32.800000,HARD,1.0,1,True,92.8,2024,Silverstone,R,15.77074829931973,27.670068027210885,0.3469387755102041,7,Early,1:32.800
PER,Red Bull Racing,10.0,0 days 00:01:32.709000,HARD,1.0,1,True,92.709,2024,Silverstone,R,15.77074829931973,27.670068027210885,0.3469387755102041,8,Early,1:32.709
PER,Red Bull Racing,11.0,0 days 00:01:32.491000,HARD,1.0,1,True,92.491,2024,Silverstone,R,15.77074829931973,27.670068027210885,0.3469387755102041,9,Early,1:32.491
PER,Red Bull Racing,12.0,0 days 00:01:32.509000,HARD,1.0,1,True,92.509,2024,Silverstone,R,15.77074829931973,27.670068027210885,0.3469387755102041,10,Early,1:32.509
PER,Red Bull Racing,13.0,0 days 00:01:32.772000,HARD,1.0,1,True,92.772,2024,Silverstone,R,15.77074829931973,27.670068027210885,0.3469387755102041,11,Early,1:32.772
PER,Red Bull Racing,14.0,0 days 00:01:32.488000,HARD,1.0,1,True,92.488,2024,Silverstone,R,15.77074829931973,27.670068027210885,0.3469387755102041,12,Early,1:32.488
PER,Red Bull Racing,15.0,0 days 00:01:32.702000,HARD,1.0,1,True,92.702,2024,Silverstone,R,15.77074829931973,27.670068027210885,0.3469387755102041,13,Early,1:32.702
PER,Red Bull Racing,16.0,0 days 00:01:34.231000,HARD,1.0,1,True,94.231,2024,Silverstone,R,15.77074829931973,27.670068027210885,0.3469387755102041,14,Early,1:34.231
PER,Red Bull Racing,17.0,0 days 00:01:34.829000,HARD,1.0,1,True,94.829,2024,Silverstone,R,15.77074829931973,27.670068027210885,0.3469387755102041,15,Early,1:34.829
PER,Red Bull Racing,18.0,0 days 00:01:35.384000,HARD,1.0,1,True,95.384,2024,Silverstone,R,15.77074829931973,27.670068027210885,0.3469387755102041,16,Mid,1:35.384
PER,Red Bull Racing,21.0,0 days 00:01:41.997000,INTERMEDIATE,2.0,1,True,101.997,2024,Silverstone,R,15.77074829931973,27.670068027210885,0.3469387755102041,0,Mid,1:41.997
PER,Red Bull Racing,22.0,0 days 00:01:44.936000,INTERMEDIATE,2.0,1,True,104.936,2024,Silverstone,R,15.77074829931973,27.670068027210885,0.3469387755102041,1,Mid,1:44.936
PER,Red Bull Racing,23.0,0 days 00:01:46.214000,INTERMEDIATE,2.0,1,True,106.214,2024,Silverstone,R,15.77074829931973,27.670068027210885,0.3469387755102041,2,Mid,1:46.214
PER,Red Bull Racing,24.0,0 days 00:01:50.729000,INTERMEDIATE,2.0,1,True,110.729,2024,Silverstone,R,15.77074829931973,27.670068027210885,0.3469387755102041,3,Mid,1:50.729
PER,Red Bull Racing,25.0,0 days 00:01:47.327000,INTERMEDIATE,2.0,1,True,107.327,2024,Silverstone,R,15.77074829931973,27.670068027210885,0.3469387755102041,4,Mid,1:47.327
PER,Red Bull Racing,26.0,0 days 00:01:45.736000,INTERMEDIATE,2.0,1,True,105.736,2024,Silverstone,R,15.77074829931973,27.670068027210885,0.3469387755102041,5,Mid,1:45.736
PER,Red Bull Racing,27.0,0 days 00:01:52.538000,INTERMEDIATE,2.0,1,True,112.538,2024,Silverstone,R,15.77074829931973,27.670068027210885,0.3469387755102041,6,Mid,1:52.538
PER,Red Bull Racing,30.0,0 days 00:01:40.021000,INTERMEDIATE,3.0,1,True,100.021,2024,Silverstone,R,15.77074829931973,27.670068027210885,0.3469387755102041,0,Mid,1:40.021
PER,Red Bull Racing,31.0,0 days 00:01:42.676000,INTERMEDIATE,3.0,1,True,102.676,2024,Silverstone,R,15.77074829931973,27.670068027210885,0.3469387755102041,1,Mid,1:42.676
PER,Red Bull Racing,32.0,0 days 00:01:44.035000,INTERMEDIATE,3.0,1,True,104.035,2024,Silverstone,R,15.77074829931973,27.670068027210885,0.3469387755102041,2,Mid,1:44.035
PER,Red Bull Racing,33.0,0 days 00:01:44.641000,INTERMEDIATE,3.0,1,True,104.641,2024,Silverstone,R,15.77074829931973,27.670068027210885,0.3469387755102041,3,Mid,1:44.641
PER,Red Bull Racing,34.0,0 days 00:01:45.045000,INTERMEDIATE,3.0,1,True,105.045,2024,Silverstone,R,15.77074829931973,27.670068027210885,0.3469387755102041,4,Mid,1:45.045
PER,Red Bull Racing,35.0,0 days 00:01:43.534000,INTERMEDIATE,3.0,1,True,103.534,2024,Silverstone,R,15.77074829931973,27.670068027210885,0.3469387755102041,5,Late,1:43.534
PER,Red Bull Racing,36.0,0 days 00:01:41.845000,INTERMEDIATE,3.0,1,True,101.845,2024,Silverstone,R,15.77074829931973,27.670068027210885,0.3469387755102041,6,Late,1:41.845
PER,Red Bull Racing,39.0,0 days 00:01:32.722000,MEDIUM,4.0,1,True,92.722,2024,Silverstone,R,15.77074829931973,27.670068027210885,0.3469387755102041,0,Late,1:32.722
PER,Red Bull Racing,40.0,0 days 00:01:33.219000,MEDIUM,4.0,1,True,93.219,2024,Silverstone,R,15.77074829931973,27.670068027210885,0.3469387755102041,1,Late,1:33.219
PER,Red Bull Racing,41.0,0 days 00:01:30.689000,MEDIUM,4.0,1,True,90.689,2024,Silverstone,R,15.77074829931973,27.670068027210885,0.3469387755102041,2,Late,1:30.689
PER,Red Bull Racing,42.0,0 days 00:01:30.542000,MEDIUM,4.0,1,True,90.542,2024,Silverstone,R,15.77074829931973,27.670068027210885,0.3469387755102041,3,Late,1:30.542
PER,Red Bull Racing,43.0,0 days 00:01:30.229000,MEDIUM,4.0,1,True,90.229,2024,Silverstone,R,15.77074829931973,27.670068027210885,0.3469387755102041,4,Late,1:30.229
PER,Red Bull Racing,44.0,0 days 00:01:30.518000,MEDIUM,4.0,1,True,90.518,2024,Silverstone,R,15.77074829931973,27.670068027210885,0.3469387755102041,5,Late,1:30.518
PER,Red Bull Racing,45.0,0 days 00:01:30.565000,MEDIUM,4.0,1,True,90.565,2024,Silverstone,R,15.77074829931973,27.670068027210885,0.3469387755102041,6,Late,1:30.565
PER,Red Bull Racing,46.0,0 days 00:01:30.136000,MEDIUM,4.0,1,True,90.136,2024,Silverstone,R,15.77074829931973,27.670068027210885,0.3469387755102041,7,Late,1:30.136
PER,Red Bull Racing,49.0,0 days 00:01:37.360000,SOFT,5.0,1,True,97.36,2024,Silverstone,R,15.77074829931973,27.670068027210885,0.3469387755102041,0,Late,1:37.360
PER,Red Bull Racing,50.0,0 days 00:01:29.707000,SOFT,5.0,1,True,89.707,2024,Silverstone,R,15.77074829931973,27.670068027210885,0.3469387755102041,1,Late,1:29.707
PIA,McLaren,2.0,0 days 00:01:32.361000,MEDIUM,1.0,1,True,92.361,2024,Silverstone,R,15.77074829931973,27.670068027210885,0.3469387755102041,0,Early,1:32.361
PIA,McLaren,3.0,0 days 00:01:31.927000,MEDIUM,1.0,1,True,91.927,2024,Silverstone,R,15.77074829931973,27.670068027210885,0.3469387755102041,1,Early,1:31.927
PIA,McLaren,4.0,0 days 00:01:31.919000,MEDIUM,1.0,1,True,91.919,2024,Silverstone,R,15.77074829931973,27.670068027210885,0.3469387755102041,2,Early,1:31.919
PIA,McLaren,5.0,0 days 00:01:31.832000,MEDIUM,1.0,1,True,91.832,2024,Silverstone,R,15.77074829931973,27.670068027210885,0.3469387755102041,3,Early,1:31.832
PIA,McLaren,6.0,0 days 00:01:32.062000,MEDIUM,1.0,1,True,92.062,2024,Silverstone,R,15.77074829931973,27.670068027210885,0.3469387755102041,4,Early,1:32.062
PIA,McLaren,7.0,0 days 00:01:31.925000,MEDIUM,1.0,1,True,91.925,2024,Silverstone,R,15.77074829931973,27.670068027210885,0.3469387755102041,5,Early,1:31.925
PIA,McLaren,8.0,0 days 00:01:31.994000,MEDIUM,1.0,1,True,91.994,2024,Silverstone,R,15.77074829931973,27.670068027210885,0.3469387755102041,6,Early,1:31.994
PIA,McLaren,9.0,0 days 00:01:32,MEDIUM,1.0,1,True,92.0,2024,Silverstone,R,15.77074829931973,27.670068027210885,0.3469387755102041,7,Early,1:32.000
PIA,McLaren,10.0,0 days 00:01:31.811000,MEDIUM,1.0,1,True,91.811,2024,Silverstone,R,15.77074829931973,27.670068027210885,0.3469387755102041,8,Early,1:31.811
PIA,McLaren,11.0,0 days 00:01:31.855000,MEDIUM,1.0,1,True,91.855,2024,Silverstone,R,15.77074829931973,27.670068027210885,0.3469387755102041,9,Early,1:31.855
PIA,McLaren,12.0,0 days 00:01:31.663000,MEDIUM,1.0,1,True,91.663,2024,Silverstone,R,15.77074829931973,27.670068027210885,0.3469387755102041,10,Early,1:31.663
PIA,McLaren,13.0,0 days 00:01:31.896000,MEDIUM,1.0,1,True,91.896,2024,Silverstone,R,15.77074829931973,27.670068027210885,0.3469387755102041,11,Early,1:31.896
PIA,McLaren,14.0,0 days 00:01:31.697000,MEDIUM,1.0,1,True,91.697,2024,Silverstone,R,15.77074829931973,27.670068027210885,0.3469387755102041,12,Early,1:31.697
PIA,McLaren,15.0,0 days 00:01:31.514000,MEDIUM,1.0,1,True,91.514,2024,Silverstone,R,15.77074829931973,27.670068027210885,0.3469387755102041,13,Early,1:31.514
PIA,McLaren,16.0,0 days 00:01:32.118000,MEDIUM,1.0,1,True,92.118,2024,Silverstone,R,15.77074829931973,27.670068027210885,0.3469387755102041,14,Early,1:32.118
PIA,McLaren,17.0,0 days 00:01:33.988000,MEDIUM,1.0,1,True,93.988,2024,Silverstone,R,15.77074829931973,27.670068027210885,0.3469387755102041,15,Early,1:33.988
PIA,McLaren,18.0,0 days 00:01:34.269000,MEDIUM,1.0,1,True,94.269,2024,Silverstone,R,15.77074829931973,27.670068027210885,0.3469387755102041,16,Mid,1:34.269
PIA,McLaren,19.0,0 days 00:01:40.728000,MEDIUM,1.0,1,True,100.728,2024,Silverstone,R,15.77074829931973,27.670068027210885,0.3469387755102041,17,Mid,1:40.728
PIA,McLaren,20.0,0 days 00:01:37.348000,MEDIUM,1.0,1,True,97.348,2024,Silverstone,R,15.77074829931973,27.670068027210885,0.3469387755102041,18,Mid,1:37.348
PIA,McLaren,21.0,0 days 00:01:31.819000,MEDIUM,1.0,1,True,91.819,2024,Silverstone,R,15.77074829931973,27.670068027210885,0.3469387755102041,19,Mid,1:31.819
PIA,McLaren,22.0,0 days 00:01:31.169000,MEDIUM,1.0,1,True,91.169,2024,Silverstone,R,15.77074829931973,27.670068027210885,0.3469387755102041,20,Mid,1:31.169
PIA,McLaren,23.0,0 days 00:01:30.976000,MEDIUM,1.0,1,True,90.976,2024,Silverstone,R,15.77074829931973,27.670068027210885,0.3469387755102041,21,Mid,1:30.976
PIA,McLaren,24.0,0 days 00:01:31.392000,MEDIUM,1.0,1,True,91.392,2024,Silverstone,R,15.77074829931973,27.670068027210885,0.3469387755102041,22,Mid,1:31.392
PIA,McLaren,25.0,0 days 00:01:34.271000,MEDIUM,1.0,1,True,94.271,2024,Silverstone,R,15.77074829931973,27.670068027210885,0.3469387755102041,23,Mid,1:34.271
PIA,McLaren,26.0,0 days 00:01:40.622000,MEDIUM,1.0,1,True,100.622,2024,Silverstone,R,15.77074829931973,27.670068027210885,0.3469387755102041,24,Mid,1:40.622
PIA,McLaren,27.0,0 days 00:01:49.747000,MEDIUM,1.0,1,True,109.747,2024,Silverstone,R,15.77074829931973,27.670068027210885,0.3469387755102041,25,Mid,1:49.747
PIA,McLaren,30.0,0 days 00:01:40.492000,INTERMEDIATE,2.0,1,True,100.492,2024,Silverstone,R,15.77074829931973,27.670068027210885,0.3469387755102041,0,Mid,1:40.492
PIA,McLaren,31.0,0 days 00:01:42.161000,INTERMEDIATE,2.0,1,True,102.161,2024,Silverstone,R,15.77074829931973,27.670068027210885,0.3469387755102041,1,Mid,1:42.161
PIA,McLaren,32.0,0 days 00:01:43.137000,INTERMEDIATE,2.0,1,True,103.137,2024,Silverstone,R,15.77074829931973,27.670068027210885,0.3469387755102041,2,Mid,1:43.137
PIA,McLaren,33.0,0 days 00:01:43.325000,INTERMEDIATE,2.0,1,True,103.325,2024,Silverstone,R,15.77074829931973,27.670068027210885,0.3469387755102041,3,Mid,1:43.325
PIA,McLaren,34.0,0 days 00:01:43.954000,INTERMEDIATE,2.0,1,True,103.954,2024,Silverstone,R,15.77074829931973,27.670068027210885,0.3469387755102041,4,Mid,1:43.954
PIA,McLaren,35.0,0 days 00:01:43.309000,INTERMEDIATE,2.0,1,True,103.309,2024,Silverstone,R,15.77074829931973,27.670068027210885,0.3469387755102041,5,Late,1:43.309
PIA,McLaren,36.0,0 days 00:01:42.520000,INTERMEDIATE,2.0,1,True,102.52,2024,Silverstone,R,15.77074829931973,27.670068027210885,0.3469387755102041,6,Late,1:42.520
PIA,McLaren,37.0,0 days 00:01:39.635000,INTERMEDIATE,2.0,1,True,99.635,2024,Silverstone,R,15.77074829931973,27.670068027210885,0.3469387755102041,7,Late,1:39.635
PIA,McLaren,40.0,0 days 00:01:29.913000,MEDIUM,3.0,1,True,89.913,2024,Silverstone,R,15.77074829931973,27.670068027210885,0.3469387755102041,0,Late,1:29.913
PIA,McLaren,41.0,0 days 00:01:29.574000,MEDIUM,3.0,1,True,89.574,2024,Silverstone,R,15.77074829931973,27.670068027210885,0.3469387755102041,1,Late,1:29.574
PIA,McLaren,42.0,0 days 00:01:29.581000,MEDIUM,3.0,1,True,89.581,2024,Silverstone,R,15.77074829931973,27.670068027210885,0.3469387755102041,2,Late,1:29.581
PIA,McLaren,43.0,0 days 00:01:29.286000,MEDIUM,3.0,1,True,89.286,2024,Silverstone,R,15.77074829931973,27.670068027210885,0.3469387755102041,3,Late,1:29.286
PIA,McLaren,44.0,0 days 00:01:29.221000,MEDIUM,3.0,1,True,89.221,2024,Silverstone,R,15.77074829931973,27.670068027210885,0.3469387755102041,4,Late,1:29.221
PIA,McLaren,45.0,0 days 00:01:29.222000,MEDIUM,3.0,1,True,89.222,2024,Silverstone,R,15.77074829931973,27.670068027210885,0.3469387755102041,5,Late,1:29.222
PIA,McLaren,46.0,0 days 00:01:29.233000,MEDIUM,3.0,1,True,89.233,2024,Silverstone,R,15.77074829931973,27.670068027210885,0.3469387755102041,6,Late,1:29.233
PIA,McLaren,47.0,0 days 00:01:29.049000,MEDIUM,3.0,1,True,89.049,2024,Silverstone,R,15.77074829931973,27.670068027210885,0.3469387755102041,7,Late,1:29.049
PIA,McLaren,48.0,0 days 00:01:29.124000,MEDIUM,3.0,1,True,89.124,2024,Silverstone,R,15.77074829931973,27.670068027210885,0.3469387755102041,8,Late,1:29.124
PIA,McLaren,49.0,0 days 00:01:29.283000,MEDIUM,3.0,1,True,89.283,2024,Silverstone,R,15.77074829931973,27.670068027210885,0.3469387755102041,9,Late,1:29.283
PIA,McLaren,50.0,0 days 00:01:29.958000,MEDIUM,3.0,1,True,89.958,2024,Silverstone,R,15.77074829931973,27.670068027210885,0.3469387755102041,10,Late,1:29.958
PIA,McLaren,51.0,0 days 00:01:28.748000,MEDIUM,3.0,1,True,88.748,2024,Silverstone,R,15.77074829931973,27.670068027210885,0.3469387755102041,11,Late,1:28.748
PIA,McLaren,52.0,0 days 00:01:29.928000,MEDIUM,3.0,1,True,89.928,2024,Silverstone,R,15.77074829931973,27.670068027210885,0.3469387755102041,12,Late,1:29.928
RIC,RB,2.0,0 days 00:01:33.709000,MEDIUM,1.0,1,True,93.709,2024,Silverstone,R,15.77074829931973,27.670068027210885,0.3469387755102041,0,Early,1:33.709
RIC,RB,3.0,0 days 00:01:33.429000,MEDIUM,1.0,1,True,93.429,2024,Silverstone,R,15.77074829931973,27.670068027210885,0.3469387755102041,1,Early,1:33.429
RIC,RB,4.0,0 days 00:01:33.253000,MEDIUM,1.0,1,True,93.253,2024,Silverstone,R,15.77074829931973,27.670068027210885,0.3469387755102041,2,Early,1:33.253
RIC,RB,5.0,0 days 00:01:33.263000,MEDIUM,1.0,1,True,93.263,2024,Silverstone,R,15.77074829931973,27.670068027210885,0.3469387755102041,3,Early,1:33.263
RIC,RB,6.0,0 days 00:01:33.666000,MEDIUM,1.0,1,True,93.666,2024,Silverstone,R,15.77074829931973,27.670068027210885,0.3469387755102041,4,Early,1:33.666
RIC,RB,7.0,0 days 00:01:32.952000,MEDIUM,1.0,1,True,92.952,2024,Silverstone,R,15.77074829931973,27.670068027210885,0.3469387755102041,5,Early,1:32.952
RIC,RB,8.0,0 days 00:01:33.095000,MEDIUM,1.0,1,True,93.095,2024,Silverstone,R,15.77074829931973,27.670068027210885,0.3469387755102041,6,Early,1:33.095
RIC,RB,9.0,0 days 00:01:32.762000,MEDIUM,1.0,1,True,92.762,2024,Silverstone,R,15.77074829931973,27.670068027210885,0.3469387755102041,7,Early,1:32.762
RIC,RB,10.0,0 days 00:01:32.721000,MEDIUM,1.0,1,True,92.721,2024,Silverstone,R,15.77074829931973,27.670068027210885,0.3469387755102041,8,Early,1:32.721
RIC,RB,11.0,0 days 00:01:32.804000,MEDIUM,1.0,1,True,92.804,2024,Silverstone,R,15.77074829931973,27.670068027210885,0.3469387755102041,9,Early,1:32.804
RIC,RB,12.0,0 days 00:01:32.797000,MEDIUM,1.0,1,True,92.797,2024,Silverstone,R,15.77074829931973,27.670068027210885,0.3469387755102041,10,Early,1:32.797
RIC,RB,13.0,0 days 00:01:32.880000,MEDIUM,1.0,1,True,92.88,2024,Silverstone,R,15.77074829931973,27.670068027210885,0.3469387755102041,11,Early,1:32.880
RIC,RB,14.0,0 days 00:01:32.933000,MEDIUM,1.0,1,True,92.933,2024,Silverstone,R,15.77074829931973,27.670068027210885,0.3469387755102041,12,Early,1:32.933
RIC,RB,15.0,0 days 00:01:33.171000,MEDIUM,1.0,1,True,93.171,2024,Silverstone,R,15.77074829931973,27.670068027210885,0.3469387755102041,13,Early,1:33.171
RIC,RB,16.0,0 days 00:01:34.437000,MEDIUM,1.0,1,True,94.437,2024,Silverstone,R,15.77074829931973,27.670068027210885,0.3469387755102041,14,Early,1:34.437
RIC,RB,17.0,0 days 00:01:35.885000,MEDIUM,1.0,1,True,95.885,2024,Silverstone,R,15.77074829931973,27.670068027210885,0.3469387755102041,15,Early,1:35.885
RIC,RB,18.0,0 days 00:01:36.827000,MEDIUM,1.0,1,True,96.827,2024,Silverstone,R,15.77074829931973,27.670068027210885,0.3469387755102041,16,Mid,1:36.827
RIC,RB,19.0,0 days 00:01:44.922000,MEDIUM,1.0,1,True,104.922,2024,Silverstone,R,15.77074829931973,27.670068027210885,0.3469387755102041,17,Mid,1:44.922
RIC,RB,20.0,0 days 00:01:37.330000,MEDIUM,1.0,1,True,97.33,2024,Silverstone,R,15.77074829931973,27.670068027210885,0.3469387755102041,18,Mid,1:37.330
RIC,RB,21.0,0 days 00:01:34.722000,MEDIUM,1.0,1,True,94.722,2024,Silverstone,R,15.77074829931973,27.670068027210885,0.3469387755102041,19,Mid,1:34.722
RIC,RB,22.0,0 days 00:01:33.015000,MEDIUM,1.0,1,True,93.015,2024,Silverstone,R,15.77074829931973,27.670068027210885,0.3469387755102041,20,Mid,1:33.015
RIC,RB,23.0,0 days 00:01:34.224000,MEDIUM,1.0,1,True,94.224,2024,Silverstone,R,15.77074829931973,27.670068027210885,0.3469387755102041,21,Mid,1:34.224
RIC,RB,24.0,0 days 00:01:36.483000,MEDIUM,1.0,1,True,96.483,2024,Silverstone,R,15.77074829931973,27.670068027210885,0.3469387755102041,22,Mid,1:36.483
RIC,RB,25.0,0 days 00:01:38.725000,MEDIUM,1.0,1,True,98.725,2024,Silverstone,R,15.77074829931973,27.670068027210885,0.3469387755102041,23,Mid,1:38.725
RIC,RB,28.0,0 days 00:01:43.338000,INTERMEDIATE,2.0,1,True,103.338,2024,Silverstone,R,15.77074829931973,27.670068027210885,0.3469387755102041,0,Mid,1:43.338
RIC,RB,29.0,0 days 00:01:43.377000,INTERMEDIATE,2.0,1,True,103.377,2024,Silverstone,R,15.77074829931973,27.670068027210885,0.3469387755102041,1,Mid,1:43.377
RIC,RB,30.0,0 days 00:01:43.298000,INTERMEDIATE,2.0,1,True,103.298,2024,Silverstone,R,15.77074829931973,27.670068027210885,0.3469387755102041,2,Mid,1:43.298
RIC,RB,31.0,0 days 00:01:43.699000,INTERMEDIATE,2.0,1,True,103.699,2024,Silverstone,R,15.77074829931973,27.670068027210885,0.3469387755102041,3,Mid,1:43.699
RIC,RB,32.0,0 days 00:01:44.144000,INTERMEDIATE,2.0,1,True,104.144,2024,Silverstone,R,15.77074829931973,27.670068027210885,0.3469387755102041,4,Mid,1:44.144
RIC,RB,33.0,0 days 00:01:44.855000,INTERMEDIATE,2.0,1,True,104.855,2024,Silverstone,R,15.77074829931973,27.670068027210885,0.3469387755102041,5,Mid,1:44.855
RIC,RB,34.0,0 days 00:01:45.969000,INTERMEDIATE,2.0,1,True,105.969,2024,Silverstone,R,15.77074829931973,27.670068027210885,0.3469387755102041,6,Mid,1:45.969
RIC,RB,35.0,0 days 00:01:45.535000,INTERMEDIATE,2.0,1,True,105.535,2024,Silverstone,R,15.77074829931973,27.670068027210885,0.3469387755102041,7,Late,1:45.535
RIC,RB,36.0,0 days 00:01:43.213000,INTERMEDIATE,2.0,1,True,103.213,2024,Silverstone,R,15.77074829931973,27.670068027210885,0.3469387755102041,8,Late,1:43.213
RIC,RB,39.0,0 days 00:01:33.138000,SOFT,3.0,1,True,93.138,2024,Silverstone,R,15.77074829931973,27.670068027210885,0.3469387755102041,0,Late,1:33.138
RIC,RB,40.0,0 days 00:01:32.428000,SOFT,3.0,1,True,92.428,2024,Silverstone,R,15.77074829931973,27.670068027210885,0.3469387755102041,1,Late,1:32.428
RIC,RB,41.0,0 days 00:01:31.289000,SOFT,3.0,1,True,91.289,2024,Silverstone,R,15.77074829931973,27.670068027210885,0.3469387755102041,2,Late,1:31.289
RIC,RB,42.0,0 days 00:01:30.765000,SOFT,3.0,1,True,90.765,2024,Silverstone,R,15.77074829931973,27.670068027210885,0.3469387755102041,3,Late,1:30.765
RIC,RB,43.0,0 days 00:01:31.198000,SOFT,3.0,1,True,91.198,2024,Silverstone,R,15.77074829931973,27.670068027210885,0.3469387755102041,4,Late,1:31.198
RIC,RB,44.0,0 days 00:01:31.080000,SOFT,3.0,1,True,91.08,2024,Silverstone,R,15.77074829931973,27.670068027210885,0.3469387755102041,5,Late,1:31.080
RIC,RB,45.0,0 days 00:01:30.955000,SOFT,3.0,1,True,90.955,2024,Silverstone,R,15.77074829931973,27.670068027210885,0.3469387755102041,6,Late,1:30.955
RIC,RB,46.0,0 days 00:01:30.849000,SOFT,3.0,1,True,90.849,2024,Silverstone,R,15.77074829931973,27.670068027210885,0.3469387755102041,7,Late,1:30.849
RIC,RB,47.0,0 days 00:01:30.735000,SOFT,3.0,1,True,90.735,2024,Silverstone,R,15.77074829931973,27.670068027210885,0.3469387755102041,8,Late,1:30.735
RIC,RB,48.0,0 days 00:01:31.109000,SOFT,3.0,1,True,91.109,2024,Silverstone,R,15.77074829931973,27.670068027210885,0.3469387755102041,9,Late,1:31.109
RIC,RB,49.0,0 days 00:01:32.926000,SOFT,3.0,1,True,92.926,2024,Silverstone,R,15.77074829931973,27.670068027210885,0.3469387755102041,10,Late,1:32.926
RIC,RB,50.0,0 days 00:01:34.150000,SOFT,3.0,1,True,94.15,2024,Silverstone,R,15.77074829931973,27.670068027210885,0.3469387755102041,11,Late,1:34.150
RIC,RB,51.0,0 days 00:01:34.814000,SOFT,3.0,1,True,94.814,2024,Silverstone,R,15.77074829931973,27.670068027210885,0.3469387755102041,12,Late,1:34.814
RUS,Mercedes,2.0,0 days 00:01:31.418000,MEDIUM,1.0,1,True,91.418,2024,Silverstone,R,15.77074829931973,27.670068027210885,0.3469387755102041,0,Early,1:31.418
RUS,Mercedes,3.0,0 days 00:01:31.298000,MEDIUM,1.0,1,True,91.298,2024,Silverstone,R,15.77074829931973,27.670068027210885,0.3469387755102041,1,Early,1:31.298
RUS,Mercedes,4.0,0 days 00:01:31.799000,MEDIUM,1.0,1,True,91.799,2024,Silverstone,R,15.77074829931973,27.670068027210885,0.3469387755102041,2,Early,1:31.799
RUS,Mercedes,5.0,0 days 00:01:31.628000,MEDIUM,1.0,1,True,91.628,2024,Silverstone,R,15.77074829931973,27.670068027210885,0.3469387755102041,3,Early,1:31.628
RUS,Mercedes,6.0,0 days 00:01:31.625000,MEDIUM,1.0,1,True,91.625,2024,Silverstone,R,15.77074829931973,27.670068027210885,0.3469387755102041,4,Early,1:31.625
RUS,Mercedes,7.0,0 days 00:01:31.663000,MEDIUM,1.0,1,True,91.663,2024,Silverstone,R,15.77074829931973,27.670068027210885,0.3469387755102041,5,Early,1:31.663
RUS,Mercedes,8.0,0 days 00:01:31.731000,MEDIUM,1.0,1,True,91.731,2024,Silverstone,R,15.77074829931973,27.670068027210885,0.3469387755102041,6,Early,1:31.731
RUS,Mercedes,9.0,0 days 00:01:31.621000,MEDIUM,1.0,1,True,91.621,2024,Silverstone,R,15.77074829931973,27.670068027210885,0.3469387755102041,7,Early,1:31.621
RUS,Mercedes,10.0,0 days 00:01:31.639000,MEDIUM,1.0,1,True,91.639,2024,Silverstone,R,15.77074829931973,27.670068027210885,0.3469387755102041,8,Early,1:31.639
RUS,Mercedes,11.0,0 days 00:01:31.586000,MEDIUM,1.0,1,True,91.586,2024,Silverstone,R,15.77074829931973,27.670068027210885,0.3469387755102041,9,Early,1:31.586
RUS,Mercedes,12.0,0 days 00:01:31.619000,MEDIUM,1.0,1,True,91.619,2024,Silverstone,R,15.77074829931973,27.670068027210885,0.3469387755102041,10,Early,1:31.619
RUS,Mercedes,13.0,0 days 00:01:31.716000,MEDIUM,1.0,1,True,91.716,2024,Silverstone,R,15.77074829931973,27.670068027210885,0.3469387755102041,11,Early,1:31.716
RUS,Mercedes,14.0,0 days 00:01:31.478000,MEDIUM,1.0,1,True,91.478,2024,Silverstone,R,15.77074829931973,27.670068027210885,0.3469387755102041,12,Early,1:31.478
RUS,Mercedes,15.0,0 days 00:01:31.566000,MEDIUM,1.0,1,True,91.566,2024,Silverstone,R,15.77074829931973,27.670068027210885,0.3469387755102041,13,Early,1:31.566
RUS,Mercedes,16.0,0 days 00:01:31.626000,MEDIUM,1.0,1,True,91.626,2024,Silverstone,R,15.77074829931973,27.670068027210885,0.3469387755102041,14,Early,1:31.626
RUS,Mercedes,17.0,0 days 00:01:34.793000,MEDIUM,1.0,1,True,94.793,2024,Silverstone,R,15.77074829931973,27.670068027210885,0.3469387755102041,15,Early,1:34.793
RUS,Mercedes,18.0,0 days 00:01:36.365000,MEDIUM,1.0,1,True,96.365,2024,Silverstone,R,15.77074829931973,27.670068027210885,0.3469387755102041,16,Mid,1:36.365
RUS,Mercedes,19.0,0 days 00:01:44.151000,MEDIUM,1.0,1,True,104.151,2024,Silverstone,R,15.77074829931973,27.670068027210885,0.3469387755102041,17,Mid,1:44.151
RUS,Mercedes,20.0,0 days 00:01:39.962000,MEDIUM,1.0,1,True,99.962,2024,Silverstone,R,15.77074829931973,27.670068027210885,0.3469387755102041,18,Mid,1:39.962
RUS,Mercedes,21.0,0 days 00:01:32.753000,MEDIUM,1.0,1,True,92.753,2024,Silverstone,R,15.77074829931973,27.670068027210885,0.3469387755102041,19,Mid,1:32.753
RUS,Mercedes,22.0,0 days 00:01:31.344000,MEDIUM,1.0,1,True,91.344,2024,Silverstone,R,15.77074829931973,27.670068027210885,0.3469387755102041,20,Mid,1:31.344
RUS,Mercedes,23.0,0 days 00:01:31.497000,MEDIUM,1.0,1,True,91.497,2024,Silverstone,R,15.77074829931973,27.670068027210885,0.3469387755102041,21,Mid,1:31.497
RUS,Mercedes,24.0,0 days 00:01:31.968000,MEDIUM,1.0,1,True,91.968,2024,Silverstone,R,15.77074829931973,27.670068027210885,0.3469387755102041,22,Mid,1:31.968
RUS,Mercedes,25.0,0 days 00:01:34.781000,MEDIUM,1.0,1,True,94.781,2024,Silverstone,R,15.77074829931973,27.670068027210885,0.3469387755102041,23,Mid,1:34.781
RUS,Mercedes,26.0,0 days 00:01:39.949000,MEDIUM,1.0,1,True,99.949,2024,Silverstone,R,15.77074829931973,27.670068027210885,0.3469387755102041,24,Mid,1:39.949
RUS,Mercedes,29.0,0 days 00:01:40.405000,INTERMEDIATE,2.0,1,True,100.405,2024,Silverstone,R,15.77074829931973,27.670068027210885,0.3469387755102041,0,Mid,1:40.405
RUS,Mercedes,30.0,0 days 00:01:41.237000,INTERMEDIATE,2.0,1,True,101.237,2024,Silverstone,R,15.77074829931973,27.670068027210885,0.3469387755102041,1,Mid,1:41.237
RUS,Mercedes,31.0,0 days 00:01:41.902000,INTERMEDIATE,2.0,1,True,101.902,2024,Silverstone,R,15.77074829931973,27.670068027210885,0.3469387755102041,2,Mid,1:41.902
RUS,Mercedes,32.0,0 days 00:01:43.085000,INTERMEDIATE,2.0,1,True,103.085,2024,Silverstone,R,15.77074829931973,27.670068027210885,0.3469387755102041,3,Mid,1:43.085
SAI,Ferrari,2.0,0 days 00:01:32.359000,MEDIUM,1.0,1,True,92.359,2024,Silverstone,R,15.77074829931973,27.670068027210885,0.3469387755102041,0,Early,1:32.359
SAI,Ferrari,3.0,0 days 00:01:32.102000,MEDIUM,1.0,1,True,92.102,2024,Silverstone,R,15.77074829931973,27.670068027210885,0.3469387755102041,1,Early,1:32.102
SAI,Ferrari,4.0,0 days 00:01:32.045000,MEDIUM,1.0,1,True,92.045,2024,Silverstone,R,15.77074829931973,27.670068027210885,0.3469387755102041,2,Early,1:32.045
SAI,Ferrari,5.0,0 days 00:01:31.939000,MEDIUM,1.0,1,True,91.939,2024,Silverstone,R,15.77074829931973,27.670068027210885,0.3469387755102041,3,Early,1:31.939
SAI,Ferrari,6.0,0 days 00:01:31.900000,MEDIUM,1.0,1,True,91.9,2024,Silverstone,R,15.77074829931973,27.670068027210885,0.3469387755102041,4,Early,1:31.900
SAI,Ferrari,7.0,0 days 00:01:32.702000,MEDIUM,1.0,1,True,92.702,2024,Silverstone,R,15.77074829931973,27.670068027210885,0.3469387755102041,5,Early,1:32.702
SAI,Ferrari,8.0,0 days 00:01:32.372000,MEDIUM,1.0,1,True,92.372,2024,Silverstone,R,15.77074829931973,27.670068027210885,0.3469387755102041,6,Early,1:32.372
SAI,Ferrari,9.0,0 days 00:01:32.484000,MEDIUM,1.0,1,True,92.484,2024,Silverstone,R,15.77074829931973,27.670068027210885,0.3469387755102041,7,Early,1:32.484
SAI,Ferrari,10.0,0 days 00:01:32.362000,MEDIUM,1.0,1,True,92.362,2024,Silverstone,R,15.77074829931973,27.670068027210885,0.3469387755102041,8,Early,1:32.362
SAI,Ferrari,11.0,0 days 00:01:32.123000,MEDIUM,1.0,1,True,92.123,2024,Silverstone,R,15.77074829931973,27.670068027210885,0.3469387755102041,9,Early,1:32.123
SAI,Ferrari,12.0,0 days 00:01:32.358000,MEDIUM,1.0,1,True,92.358,2024,Silverstone,R,15.77074829931973,27.670068027210885,0.3469387755102041,10,Early,1:32.358
SAI,Ferrari,13.0,0 days 00:01:32.251000,MEDIUM,1.0,1,True,92.251,2024,Silverstone,R,15.77074829931973,27.670068027210885,0.3469387755102041,11,Early,1:32.251
SAI,Ferrari,14.0,0 days 00:01:32.106000,MEDIUM,1.0,1,True,92.106,2024,Silverstone,R,15.77074829931973,27.670068027210885,0.3469387755102041,12,Early,1:32.106
SAI,Ferrari,15.0,0 days 00:01:31.916000,MEDIUM,1.0,1,True,91.916,2024,Silverstone,R,15.77074829931973,27.670068027210885,0.3469387755102041,13,Early,1:31.916
SAI,Ferrari,16.0,0 days 00:01:32.455000,MEDIUM,1.0,1,True,92.455,2024,Silverstone,R,15.77074829931973,27.670068027210885,0.3469387755102041,14,Early,1:32.455
SAI,Ferrari,17.0,0 days 00:01:34.228000,MEDIUM,1.0,1,True,94.228,2024,Silverstone,R,15.77074829931973,27.670068027210885,0.3469387755102041,15,Early,1:34.228
SAI,Ferrari,18.0,0 days 00:01:34.310000,MEDIUM,1.0,1,True,94.31,2024,Silverstone,R,15.77074829931973,27.670068027210885,0.3469387755102041,16,Mid,1:34.310
SAI,Ferrari,19.0,0 days 00:01:40.510000,MEDIUM,1.0,1,True,100.51,2024,Silverstone,R,15.77074829931973,27.670068027210885,0.3469387755102041,17,Mid,1:40.510
SAI,Ferrari,20.0,0 days 00:01:36.538000,MEDIUM,1.0,1,True,96.538,2024,Silverstone,R,15.77074829931973,27.670068027210885,0.3469387755102041,18,Mid,1:36.538
SAI,Ferrari,21.0,0 days 00:01:33.507000,MEDIUM,1.0,1,True,93.507,2024,Silverstone,R,15.77074829931973,27.670068027210885,0.3469387755102041,19,Mid,1:33.507
SAI,Ferrari,22.0,0 days 00:01:32.157000,MEDIUM,1.0,1,True,92.157,2024,Silverstone,R,15.77074829931973,27.670068027210885,0.3469387755102041,20,Mid,1:32.157
SAI,Ferrari,23.0,0 days 00:01:32.297000,MEDIUM,1.0,1,True,92.297,2024,Silverstone,R,15.77074829931973,27.670068027210885,0.3469387755102041,21,Mid,1:32.297
SAI,Ferrari,24.0,0 days 00:01:32.734000,MEDIUM,1.0,1,True,92.734,2024,Silverstone,R,15.77074829931973,27.670068027210885,0.3469387755102041,22,Mid,1:32.734
SAI,Ferrari,25.0,0 days 00:01:35.143000,MEDIUM,1.0,1,True,95.143,2024,Silverstone,R,15.77074829931973,27.670068027210885,0.3469387755102041,23,Mid,1:35.143
SAI,Ferrari,28.0,0 days 00:01:42.641000,INTERMEDIATE,2.0,1,True,102.641,2024,Silverstone,R,15.77074829931973,27.670068027210885,0.3469387755102041,0,Mid,1:42.641
SAI,Ferrari,29.0,0 days 00:01:42.447000,INTERMEDIATE,2.0,1,True,102.447,2024,Silverstone,R,15.77074829931973,27.670068027210885,0.3469387755102041,1,Mid,1:42.447
SAI,Ferrari,30.0,0 days 00:01:42.737000,INTERMEDIATE,2.0,1,True,102.737,2024,Silverstone,R,15.77074829931973,27.670068027210885,0.3469387755102041,2,Mid,1:42.737
SAI,Ferrari,31.0,0 days 00:01:43.007000,INTERMEDIATE,2.0,1,True,103.007,2024,Silverstone,R,15.77074829931973,27.670068027210885,0.3469387755102041,3,Mid,1:43.007
SAI,Ferrari,32.0,0 days 00:01:43.298000,INTERMEDIATE,2.0,1,True,103.298,2024,Silverstone,R,15.77074829931973,27.670068027210885,0.3469387755102041,4,Mid,1:43.298
SAI,Ferrari,33.0,0 days 00:01:43.201000,INTERMEDIATE,2.0,1,True,103.201,2024,Silverstone,R,15.77074829931973,27.670068027210885,0.3469387755102041,5,Mid,1:43.201
SAI,Ferrari,34.0,0 days 00:01:42.794000,INTERMEDIATE,2.0,1,True,102.794,2024,Silverstone,R,15.77074829931973,27.670068027210885,0.3469387755102041,6,Mid,1:42.794
SAI,Ferrari,35.0,0 days 00:01:43.590000,INTERMEDIATE,2.0,1,True,103.59,2024,Silverstone,R,15.77074829931973,27.670068027210885,0.3469387755102041,7,Late,1:43.590
SAI,Ferrari,36.0,0 days 00:01:42.748000,INTERMEDIATE,2.0,1,True,102.748,2024,Silverstone,R,15.77074829931973,27.670068027210885,0.3469387755102041,8,Late,1:42.748
SAI,Ferrari,37.0,0 days 00:01:40.432000,INTERMEDIATE,2.0,1,True,100.432,2024,Silverstone,R,15.77074829931973,27.670068027210885,0.3469387755102041,9,Late,1:40.432
SAI,Ferrari,38.0,0 days 00:01:38.370000,INTERMEDIATE,2.0,1,True,98.37,2024,Silverstone,R,15.77074829931973,27.670068027210885,0.3469387755102041,10,Late,1:38.370
SAI,Ferrari,41.0,0 days 00:01:30.475000,HARD,3.0,1,True,90.475,2024,Silverstone,R,15.77074829931973,27.670068027210885,0.3469387755102041,0,Late,1:30.475
SAI,Ferrari,42.0,0 days 00:01:29.872000,HARD,3.0,1,True,89.872,2024,Silverstone,R,15.77074829931973,27.670068027210885,0.3469387755102041,1,Late,1:29.872
SAI,Ferrari,43.0,0 days 00:01:29.872000,HARD,3.0,1,True,89.872,2024,Silverstone,R,15.77074829931973,27.670068027210885,0.3469387755102041,2,Late,1:29.872
SAI,Ferrari,44.0,0 days 00:01:29.739000,HARD,3.0,1,True,89.739,2024,Silverstone,R,15.77074829931973,27.670068027210885,0.3469387755102041,3,Late,1:29.739
SAI,Ferrari,45.0,0 days 00:01:29.589000,HARD,3.0,1,True,89.589,2024,Silverstone,R,15.77074829931973,27.670068027210885,0.3469387755102041,4,Late,1:29.589
SAI,Ferrari,46.0,0 days 00:01:29.588000,HARD,3.0,1,True,89.588,2024,Silverstone,R,15.77074829931973,27.670068027210885,0.3469387755102041,5,Late,1:29.588
SAI,Ferrari,47.0,0 days 00:01:29.553000,HARD,3.0,1,True,89.553,2024,Silverstone,R,15.77074829931973,27.670068027210885,0.3469387755102041,6,Late,1:29.553
SAI,Ferrari,48.0,0 days 00:01:29.415000,HARD,3.0,1,True,89.415,2024,Silverstone,R,15.77074829931973,27.670068027210885,0.3469387755102041,7,Late,1:29.415
SAI,Ferrari,49.0,0 days 00:01:29.439000,HARD,3.0,1,True,89.439,2024,Silverstone,R,15.77074829931973,27.670068027210885,0.3469387755102041,8,Late,1:29.439
SAI,Ferrari,52.0,0 days 00:01:28.293000,SOFT,4.0,1,True,88.293,2024,Silverstone,R,15.77074829931973,27.670068027210885,0.3469387755102041,0,Late,1:28.293
SAR,Williams,2.0,0 days 00:01:33.435000,MEDIUM,1.0,1,True,93.435,2024,Silverstone,R,15.77074829931973,27.670068027210885,0.3469387755102041,0,Early,1:33.435
SAR,Williams,3.0,0 days 00:01:33.319000,MEDIUM,1.0,1,True,93.319,2024,Silverstone,R,15.77074829931973,27.670068027210885,0.3469387755102041,1,Early,1:33.319
SAR,Williams,4.0,0 days 00:01:33.110000,MEDIUM,1.0,1,True,93.11,2024,Silverstone,R,15.77074829931973,27.670068027210885,0.3469387755102041,2,Early,1:33.110
SAR,Williams,5.0,0 days 00:01:33.139000,MEDIUM,1.0,1,True,93.139,2024,Silverstone,R,15.77074829931973,27.670068027210885,0.3469387755102041,3,Early,1:33.139
SAR,Williams,6.0,0 days 00:01:32.904000,MEDIUM,1.0,1,True,92.904,2024,Silverstone,R,15.77074829931973,27.670068027210885,0.3469387755102041,4,Early,1:32.904
SAR,Williams,7.0,0 days 00:01:33.002000,MEDIUM,1.0,1,True,93.002,2024,Silverstone,R,15.77074829931973,27.670068027210885,0.3469387755102041,5,Early,1:33.002
SAR,Williams,8.0,0 days 00:01:32.806000,MEDIUM,1.0,1,True,92.806,2024,Silverstone,R,15.77074829931973,27.670068027210885,0.3469387755102041,6,Early,1:32.806
SAR,Williams,9.0,0 days 00:01:33.019000,MEDIUM,1.0,1,True,93.019,2024,Silverstone,R,15.77074829931973,27.670068027210885,0.3469387755102041,7,Early,1:33.019
SAR,Williams,10.0,0 days 00:01:32.956000,MEDIUM,1.0,1,True,92.956,2024,Silverstone,R,15.77074829931973,27.670068027210885,0.3469387755102041,8,Early,1:32.956
SAR,Williams,11.0,0 days 00:01:32.897000,MEDIUM,1.0,1,True,92.897,2024,Silverstone,R,15.77074829931973,27.670068027210885,0.3469387755102041,9,Early,1:32.897
SAR,Williams,12.0,0 days 00:01:32.748000,MEDIUM,1.0,1,True,92.748,2024,Silverstone,R,15.77074829931973,27.670068027210885,0.3469387755102041,10,Early,1:32.748
SAR,Williams,13.0,0 days 00:01:33.040000,MEDIUM,1.0,1,True,93.04,2024,Silverstone,R,15.77074829931973,27.670068027210885,0.3469387755102041,11,Early,1:33.040
SAR,Williams,14.0,0 days 00:01:32.607000,MEDIUM,1.0,1,True,92.607,2024,Silverstone,R,15.77074829931973,27.670068027210885,0.3469387755102041,12,Early,1:32.607
SAR,Williams,15.0,0 days 00:01:32.543000,MEDIUM,1.0,1,True,92.543,2024,Silverstone,R,15.77074829931973,27.670068027210885,0.3469387755102041,13,Early,1:32.543
SAR,Williams,16.0,0 days 00:01:33.701000,MEDIUM,1.0,1,True,93.701,2024,Silverstone,R,15.77074829931973,27.670068027210885,0.3469387755102041,14,Early,1:33.701
SAR,Williams,17.0,0 days 00:01:35.258000,MEDIUM,1.0,1,True,95.258,2024,Silverstone,R,15.77074829931973,27.670068027210885,0.3469387755102041,15,Early,1:35.258
SAR,Williams,18.0,0 days 00:01:34.900000,MEDIUM,1.0,1,True,94.9,2024,Silverstone,R,15.77074829931973,27.670068027210885,0.3469387755102041,16,Mid,1:34.900
SAR,Williams,19.0,0 days 00:01:44.090000,MEDIUM,1.0,1,True,104.09,2024,Silverstone,R,15.77074829931973,27.670068027210885,0.3469387755102041,17,Mid,1:44.090
SAR,Williams,20.0,0 days 00:01:36.116000,MEDIUM,1.0,1,True,96.116,2024,Silverstone,R,15.77074829931973,27.670068027210885,0.3469387755102041,18,Mid,1:36.116
SAR,Williams,21.0,0 days 00:01:33.632000,MEDIUM,1.0,1,True,93.632,2024,Silverstone,R,15.77074829931973,27.670068027210885,0.3469387755102041,19,Mid,1:33.632
SAR,Williams,22.0,0 days 00:01:32.826000,MEDIUM,1.0,1,True,92.826,2024,Silverstone,R,15.77074829931973,27.670068027210885,0.3469387755102041,20,Mid,1:32.826
SAR,Williams,23.0,0 days 00:01:34.494000,MEDIUM,1.0,1,True,94.494,2024,Silverstone,R,15.77074829931973,27.670068027210885,0.3469387755102041,21,Mid,1:34.494
SAR,Williams,24.0,0 days 00:01:34.037000,MEDIUM,1.0,1,True,94.037,2024,Silverstone,R,15.77074829931973,27.670068027210885,0.3469387755102041,22,Mid,1:34.037
SAR,Williams,25.0,0 days 00:01:36.166000,MEDIUM,1.0,1,True,96.166,2024,Silverstone,R,15.77074829931973,27.670068027210885,0.3469387755102041,23,Mid,1:36.166
SAR,Williams,26.0,0 days 00:01:44.642000,MEDIUM,1.0,1,True,104.642,2024,Silverstone,R,15.77074829931973,27.670068027210885,0.3469387755102041,24,Mid,1:44.642
SAR,Williams,29.0,0 days 00:01:42.215000,INTERMEDIATE,2.0,1,True,102.215,2024,Silverstone,R,15.77074829931973,27.670068027210885,0.3469387755102041,0,Mid,1:42.215
SAR,Williams,30.0,0 days 00:01:42.476000,INTERMEDIATE,2.0,1,True,102.476,2024,Silverstone,R,15.77074829931973,27.670068027210885,0.3469387755102041,1,Mid,1:42.476
SAR,Williams,31.0,0 days 00:01:44.332000,INTERMEDIATE,2.0,1,True,104.332,2024,Silverstone,R,15.77074829931973,27.670068027210885,0.3469387755102041,2,Mid,1:44.332
SAR,Williams,32.0,0 days 00:01:44.912000,INTERMEDIATE,2.0,1,True,104.912,2024,Silverstone,R,15.77074829931973,27.670068027210885,0.3469387755102041,3,Mid,1:44.912
SAR,Williams,33.0,0 days 00:01:45.684000,INTERMEDIATE,2.0,1,True,105.684,2024,Silverstone,R,15.77074829931973,27.670068027210885,0.3469387755102041,4,Mid,1:45.684
SAR,Williams,34.0,0 days 00:01:46.095000,INTERMEDIATE,2.0,1,True,106.095,2024,Silverstone,R,15.77074829931973,27.670068027210885,0.3469387755102041,5,Mid,1:46.095
SAR,Williams,35.0,0 days 00:01:45.851000,INTERMEDIATE,2.0,1,True,105.851,2024,Silverstone,R,15.77074829931973,27.670068027210885,0.3469387755102041,6,Late,1:45.851
SAR,Williams,36.0,0 days 00:01:43.365000,INTERMEDIATE,2.0,1,True,103.365,2024,Silverstone,R,15.77074829931973,27.670068027210885,0.3469387755102041,7,Late,1:43.365
SAR,Williams,37.0,0 days 00:01:42.207000,INTERMEDIATE,2.0,1,True,102.207,2024,Silverstone,R,15.77074829931973,27.670068027210885,0.3469387755102041,8,Late,1:42.207
SAR,Williams,40.0,0 days 00:01:31.353000,SOFT,3.0,1,True,91.353,2024,Silverstone,R,15.77074829931973,27.670068027210885,0.3469387755102041,0,Late,1:31.353
SAR,Williams,41.0,0 days 00:01:30.875000,SOFT,3.0,1,True,90.875,2024,Silverstone,R,15.77074829931973,27.670068027210885,0.3469387755102041,1,Late,1:30.875
SAR,Williams,42.0,0 days 00:01:29.972000,SOFT,3.0,1,True,89.972,2024,Silverstone,R,15.77074829931973,27.670068027210885,0.3469387755102041,2,Late,1:29.972
SAR,Williams,43.0,0 days 00:01:30.162000,SOFT,3.0,1,True,90.162,2024,Silverstone,R,15.77074829931973,27.670068027210885,0.3469387755102041,3,Late,1:30.162
SAR,Williams,44.0,0 days 00:01:30.003000,SOFT,3.0,1,True,90.003,2024,Silverstone,R,15.77074829931973,27.670068027210885,0.3469387755102041,4,Late,1:30.003
SAR,Williams,45.0,0 days 00:01:30.613000,SOFT,3.0,1,True,90.613,2024,Silverstone,R,15.77074829931973,27.670068027210885,0.3469387755102041,5,Late,1:30.613
SAR,Williams,46.0,0 days 00:01:30.826000,SOFT,3.0,1,True,90.826,2024,Silverstone,R,15.77074829931973,27.670068027210885,0.3469387755102041,6,Late,1:30.826
SAR,Williams,47.0,0 days 00:01:31.250000,SOFT,3.0,1,True,91.25,2024,Silverstone,R,15.77074829931973,27.670068027210885,0.3469387755102041,7,Late,1:31.250
SAR,Williams,48.0,0 days 00:01:31.201000,SOFT,3.0,1,True,91.201,2024,Silverstone,R,15.77074829931973,27.670068027210885,0.3469387755102041,8,Late,1:31.201
SAR,Williams,49.0,0 days 00:01:31.175000,SOFT,3.0,1,True,91.175,2024,Silverstone,R,15.77074829931973,27.670068027210885,0.3469387755102041,9,Late,1:31.175
SAR,Williams,50.0,0 days 00:01:31.249000,SOFT,3.0,1,True,91.249,2024,Silverstone,R,15.77074829931973,27.670068027210885,0.3469387755102041,10,Late,1:31.249
SAR,Williams,51.0,0 days 00:01:31.662000,SOFT,3.0,1,True,91.662,2024,Silverstone,R,15.77074829931973,27.670068027210885,0.3469387755102041,11,Late,1:31.662
SAR,Williams,52.0,0 days 00:01:32.088000,SOFT,3.0,1,True,92.088,2024,Silverstone,R,15.77074829931973,27.670068027210885,0.3469387755102041,12,Late,1:32.088
STR,Aston Martin,2.0,0 days 00:01:32.683000,MEDIUM,1.0,1,True,92.683,2024,Silverstone,R,15.77074829931973,27.670068027210885,0.3469387755102041,0,Early,1:32.683
STR,Aston Martin,3.0,0 days 00:01:32.307000,MEDIUM,1.0,1,True,92.307,2024,Silverstone,R,15.77074829931973,27.670068027210885,0.3469387755102041,1,Early,1:32.307
STR,Aston Martin,4.0,0 days 00:01:32.968000,MEDIUM,1.0,1,True,92.968,2024,Silverstone,R,15.77074829931973,27.670068027210885,0.3469387755102041,2,Early,1:32.968
STR,Aston Martin,5.0,0 days 00:01:32.706000,MEDIUM,1.0,1,True,92.706,2024,Silverstone,R,15.77074829931973,27.670068027210885,0.3469387755102041,3,Early,1:32.706
STR,Aston Martin,6.0,0 days 00:01:32.788000,MEDIUM,1.0,1,True,92.788,2024,Silverstone,R,15.77074829931973,27.670068027210885,0.3469387755102041,4,Early,1:32.788
STR,Aston Martin,7.0,0 days 00:01:32.716000,MEDIUM,1.0,1,True,92.716,2024,Silverstone,R,15.77074829931973,27.670068027210885,0.3469387755102041,5,Early,1:32.716
STR,Aston Martin,8.0,0 days 00:01:32.648000,MEDIUM,1.0,1,True,92.648,2024,Silverstone,R,15.77074829931973,27.670068027210885,0.3469387755102041,6,Early,1:32.648
STR,Aston Martin,9.0,0 days 00:01:32.291000,MEDIUM,1.0,1,True,92.291,2024,Silverstone,R,15.77074829931973,27.670068027210885,0.3469387755102041,7,Early,1:32.291
STR,Aston Martin,10.0,0 days 00:01:32.619000,MEDIUM,1.0,1,True,92.619,2024,Silverstone,R,15.77074829931973,27.670068027210885,0.3469387755102041,8,Early,1:32.619
STR,Aston Martin,11.0,0 days 00:01:32.273000,MEDIUM,1.0,1,True,92.273,2024,Silverstone,R,15.77074829931973,27.670068027210885,0.3469387755102041,9,Early,1:32.273
STR,Aston Martin,12.0,0 days 00:01:32.362000,MEDIUM,1.0,1,True,92.362,2024,Silverstone,R,15.77074829931973,27.670068027210885,0.3469387755102041,10,Early,1:32.362
STR,Aston Martin,13.0,0 days 00:01:33.092000,MEDIUM,1.0,1,True,93.092,2024,Silverstone,R,15.77074829931973,27.670068027210885,0.3469387755102041,11,Early,1:33.092
STR,Aston Martin,14.0,0 days 00:01:32.641000,MEDIUM,1.0,1,True,92.641,2024,Silverstone,R,15.77074829931973,27.670068027210885,0.3469387755102041,12,Early,1:32.641
STR,Aston Martin,15.0,0 days 00:01:32.649000,MEDIUM,1.0,1,True,92.649,2024,Silverstone,R,15.77074829931973,27.670068027210885,0.3469387755102041,13,Early,1:32.649
STR,Aston Martin,16.0,0 days 00:01:33.091000,MEDIUM,1.0,1,True,93.091,2024,Silverstone,R,15.77074829931973,27.670068027210885,0.3469387755102041,14,Early,1:33.091
STR,Aston Martin,17.0,0 days 00:01:35.713000,MEDIUM,1.0,1,True,95.713,2024,Silverstone,R,15.77074829931973,27.670068027210885,0.3469387755102041,15,Early,1:35.713
STR,Aston Martin,18.0,0 days 00:01:35.789000,MEDIUM,1.0,1,True,95.789,2024,Silverstone,R,15.77074829931973,27.670068027210885,0.3469387755102041,16,Mid,1:35.789
STR,Aston Martin,19.0,0 days 00:01:47.568000,MEDIUM,1.0,1,True,107.568,2024,Silverstone,R,15.77074829931973,27.670068027210885,0.3469387755102041,17,Mid,1:47.568
STR,Aston Martin,20.0,0 days 00:01:37.491000,MEDIUM,1.0,1,True,97.491,2024,Silverstone,R,15.77074829931973,27.670068027210885,0.3469387755102041,18,Mid,1:37.491
STR,Aston Martin,21.0,0 days 00:01:33.291000,MEDIUM,1.0,1,True,93.291,2024,Silverstone,R,15.77074829931973,27.670068027210885,0.3469387755102041,19,Mid,1:33.291
STR,Aston Martin,22.0,0 days 00:01:32.495000,MEDIUM,1.0,1,True,92.495,2024,Silverstone,R,15.77074829931973,27.670068027210885,0.3469387755102041,20,Mid,1:32.495
STR,Aston Martin,23.0,0 days 00:01:33.062000,MEDIUM,1.0,1,True,93.062,2024,Silverstone,R,15.77074829931973,27.670068027210885,0.3469387755102041,21,Mid,1:33.062
STR,Aston Martin,24.0,0 days 00:01:34.585000,MEDIUM,1.0,1,True,94.585,2024,Silverstone,R,15.77074829931973,27.670068027210885,0.3469387755102041,22,Mid,1:34.585
STR,Aston Martin,25.0,0 days 00:01:35.351000,MEDIUM,1.0,1,True,95.351,2024,Silverstone,R,15.77074829931973,27.670068027210885,0.3469387755102041,23,Mid,1:35.351
STR,Aston Martin,28.0,0 days 00:01:42.187000,INTERMEDIATE,2.0,1,True,102.187,2024,Silverstone,R,15.77074829931973,27.670068027210885,0.3469387755102041,0,Mid,1:42.187
STR,Aston Martin,29.0,0 days 00:01:42.992000,INTERMEDIATE,2.0,1,True,102.992,2024,Silverstone,R,15.77074829931973,27.670068027210885,0.3469387755102041,1,Mid,1:42.992
STR,Aston Martin,30.0,0 days 00:01:43.066000,INTERMEDIATE,2.0,1,True,103.066,2024,Silverstone,R,15.77074829931973,27.670068027210885,0.3469387755102041,2,Mid,1:43.066
STR,Aston Martin,31.0,0 days 00:01:43.714000,INTERMEDIATE,2.0,1,True,103.714,2024,Silverstone,R,15.77074829931973,27.670068027210885,0.3469387755102041,3,Mid,1:43.714
STR,Aston Martin,32.0,0 days 00:01:44.545000,INTERMEDIATE,2.0,1,True,104.545,2024,Silverstone,R,15.77074829931973,27.670068027210885,0.3469387755102041,4,Mid,1:44.545
STR,Aston Martin,33.0,0 days 00:01:44.213000,INTERMEDIATE,2.0,1,True,104.213,2024,Silverstone,R,15.77074829931973,27.670068027210885,0.3469387755102041,5,Mid,1:44.213
STR,Aston Martin,34.0,0 days 00:01:44.171000,INTERMEDIATE,2.0,1,True,104.171,2024,Silverstone,R,15.77074829931973,27.670068027210885,0.3469387755102041,6,Mid,1:44.171
STR,Aston Martin,35.0,0 days 00:01:44.422000,INTERMEDIATE,2.0,1,True,104.422,2024,Silverstone,R,15.77074829931973,27.670068027210885,0.3469387755102041,7,Late,1:44.422
STR,Aston Martin,36.0,0 days 00:01:43,INTERMEDIATE,2.0,1,True,103.0,2024,Silverstone,R,15.77074829931973,27.670068027210885,0.3469387755102041,8,Late,1:43.000
STR,Aston Martin,37.0,0 days 00:01:40.825000,INTERMEDIATE,2.0,1,True,100.825,2024,Silverstone,R,15.77074829931973,27.670068027210885,0.3469387755102041,9,Late,1:40.825
STR,Aston Martin,38.0,0 days 00:01:39.373000,INTERMEDIATE,2.0,1,True,99.373,2024,Silverstone,R,15.77074829931973,27.670068027210885,0.3469387755102041,10,Late,1:39.373
STR,Aston Martin,41.0,0 days 00:01:30.098000,MEDIUM,3.0,1,True,90.098,2024,Silverstone,R,15.77074829931973,27.670068027210885,0.3469387755102041,0,Late,1:30.098
STR,Aston Martin,42.0,0 days 00:01:30.161000,MEDIUM,3.0,1,True,90.161,2024,Silverstone,R,15.77074829931973,27.670068027210885,0.3469387755102041,1,Late,1:30.161
STR,Aston Martin,43.0,0 days 00:01:30.196000,MEDIUM,3.0,1,True,90.196,2024,Silverstone,R,15.77074829931973,27.670068027210885,0.3469387755102041,2,Late,1:30.196
STR,Aston Martin,44.0,0 days 00:01:30.030000,MEDIUM,3.0,1,True,90.03,2024,Silverstone,R,15.77074829931973,27.670068027210885,0.3469387755102041,3,Late,1:30.030
STR,Aston Martin,45.0,0 days 00:01:30.025000,MEDIUM,3.0,1,True,90.025,2024,Silverstone,R,15.77074829931973,27.670068027210885,0.3469387755102041,4,Late,1:30.025
STR,Aston Martin,46.0,0 days 00:01:29.897000,MEDIUM,3.0,1,True,89.897,2024,Silverstone,R,15.77074829931973,27.670068027210885,0.3469387755102041,5,Late,1:29.897
STR,Aston Martin,47.0,0 days 00:01:29.925000,MEDIUM,3.0,1,True,89.925,2024,Silverstone,R,15.77074829931973,27.670068027210885,0.3469387755102041,6,Late,1:29.925
STR,Aston Martin,48.0,0 days 00:01:30.237000,MEDIUM,3.0,1,True,90.237,2024,Silverstone,R,15.77074829931973,27.670068027210885,0.3469387755102041,7,Late,1:30.237
STR,Aston Martin,49.0,0 days 00:01:29.969000,MEDIUM,3.0,1,True,89.969,2024,Silverstone,R,15.77074829931973,27.670068027210885,0.3469387755102041,8,Late,1:29.969
STR,Aston Martin,50.0,0 days 00:01:30.030000,MEDIUM,3.0,1,True,90.03,2024,Silverstone,R,15.77074829931973,27.670068027210885,0.3469387755102041,9,Late,1:30.030
STR,Aston Martin,51.0,0 days 00:01:30.026000,MEDIUM,3.0,1,True,90.026,2024,Silverstone,R,15.77074829931973,27.670068027210885,0.3469387755102041,10,Late,1:30.026
STR,Aston Martin,52.0,0 days 00:01:30.053000,MEDIUM,3.0,1,True,90.053,2024,Silverstone,R,15.77074829931973,27.670068027210885,0.3469387755102041,11,Late,1:30.053
TSU,RB,2.0,0 days 00:01:33.214000,MEDIUM,1.0,1,True,93.214,2024,Silverstone,R,15.77074829931973,27.670068027210885,0.3469387755102041,0,Early,1:33.214
TSU,RB,3.0,0 days 00:01:33.062000,MEDIUM,1.0,1,True,93.062,2024,Silverstone,R,15.77074829931973,27.670068027210885,0.3469387755102041,1,Early,1:33.062
TSU,RB,4.0,0 days 00:01:33.164000,MEDIUM,1.0,1,True,93.164,2024,Silverstone,R,15.77074829931973,27.670068027210885,0.3469387755102041,2,Early,1:33.164
TSU,RB,5.0,0 days 00:01:32.607000,MEDIUM,1.0,1,True,92.607,2024,Silverstone,R,15.77074829931973,27.670068027210885,0.3469387755102041,3,Early,1:32.607
TSU,RB,6.0,0 days 00:01:32.614000,MEDIUM,1.0,1,True,92.614,2024,Silverstone,R,15.77074829931973,27.670068027210885,0.3469387755102041,4,Early,1:32.614
TSU,RB,7.0,0 days 00:01:32.817000,MEDIUM,1.0,1,True,92.817,2024,Silverstone,R,15.77074829931973,27.670068027210885,0.3469387755102041,5,Early,1:32.817
TSU,RB,8.0,0 days 00:01:32.623000,MEDIUM,1.0,1,True,92.623,2024,Silverstone,R,15.77074829931973,27.670068027210885,0.3469387755102041,6,Early,1:32.623
TSU,RB,9.0,0 days 00:01:32.570000,MEDIUM,1.0,1,True,92.57,2024,Silverstone,R,15.77074829931973,27.670068027210885,0.3469387755102041,7,Early,1:32.570
TSU,RB,10.0,0 days 00:01:33.438000,MEDIUM,1.0,1,True,93.438,2024,Silverstone,R,15.77074829931973,27.670068027210885,0.3469387755102041,8,Early,1:33.438
TSU,RB,11.0,0 days 00:01:32.805000,MEDIUM,1.0,1,True,92.805,2024,Silverstone,R,15.77074829931973,27.670068027210885,0.3469387755102041,9,Early,1:32.805
TSU,RB,12.0,0 days 00:01:32.782000,MEDIUM,1.0,1,True,92.782,2024,Silverstone,R,15.77074829931973,27.670068027210885,0.3469387755102041,10,Early,1:32.782
TSU,RB,13.0,0 days 00:01:33.031000,MEDIUM,1.0,1,True,93.031,2024,Silverstone,R,15.77074829931973,27.670068027210885,0.3469387755102041,11,Early,1:33.031
TSU,RB,14.0,0 days 00:01:32.731000,MEDIUM,1.0,1,True,92.731,2024,Silverstone,R,15.77074829931973,27.670068027210885,0.3469387755102041,12,Early,1:32.731
TSU,RB,15.0,0 days 00:01:32.589000,MEDIUM,1.0,1,True,92.589,2024,Silverstone,R,15.77074829931973,27.670068027210885,0.3469387755102041,13,Early,1:32.589
TSU,RB,16.0,0 days 00:01:33.209000,MEDIUM,1.0,1,True,93.209,2024,Silverstone,R,15.77074829931973,27.670068027210885,0.3469387755102041,14,Early,1:33.209
TSU,RB,17.0,0 days 00:01:34.738000,MEDIUM,1.0,1,True,94.738,2024,Silverstone,R,15.77074829931973,27.670068027210885,0.3469387755102041,15,Early,1:34.738
TSU,RB,18.0,0 days 00:01:35.392000,MEDIUM,1.0,1,True,95.392,2024,Silverstone,R,15.77074829931973,27.670068027210885,0.3469387755102041,16,Mid,1:35.392
TSU,RB,19.0,0 days 00:01:44.585000,MEDIUM,1.0,1,True,104.585,2024,Silverstone,R,15.77074829931973,27.670068027210885,0.3469387755102041,17,Mid,1:44.585
TSU,RB,20.0,0 days 00:01:36.875000,MEDIUM,1.0,1,True,96.875,2024,Silverstone,R,15.77074829931973,27.670068027210885,0.3469387755102041,18,Mid,1:36.875
TSU,RB,21.0,0 days 00:01:33.724000,MEDIUM,1.0,1,True,93.724,2024,Silverstone,R,15.77074829931973,27.670068027210885,0.3469387755102041,19,Mid,1:33.724
TSU,RB,22.0,0 days 00:01:32.681000,MEDIUM,1.0,1,True,92.681,2024,Silverstone,R,15.77074829931973,27.670068027210885,0.3469387755102041,20,Mid,1:32.681
TSU,RB,23.0,0 days 00:01:33.106000,MEDIUM,1.0,1,True,93.106,2024,Silverstone,R,15.77074829931973,27.670068027210885,0.3469387755102041,21,Mid,1:33.106
TSU,RB,24.0,0 days 00:01:34.106000,MEDIUM,1.0,1,True,94.106,2024,Silverstone,R,15.77074829931973,27.670068027210885,0.3469387755102041,22,Mid,1:34.106
TSU,RB,25.0,0 days 00:01:35.473000,MEDIUM,1.0,1,True,95.473,2024,Silverstone,R,15.77074829931973,27.670068027210885,0.3469387755102041,23,Mid,1:35.473
TSU,RB,26.0,0 days 00:01:43.260000,MEDIUM,1.0,1,True,103.26,2024,Silverstone,R,15.77074829931973,27.670068027210885,0.3469387755102041,24,Mid,1:43.260
TSU,RB,29.0,0 days 00:01:43.749000,INTERMEDIATE,2.0,1,True,103.749,2024,Silverstone,R,15.77074829931973,27.670068027210885,0.3469387755102041,0,Mid,1:43.749
TSU,RB,30.0,0 days 00:01:42.967000,INTERMEDIATE,2.0,1,True,102.967,2024,Silverstone,R,15.77074829931973,27.670068027210885,0.3469387755102041,1,Mid,1:42.967
TSU,RB,31.0,0 days 00:01:43.355000,INTERMEDIATE,2.0,1,True,103.355,2024,Silverstone,R,15.77074829931973,27.670068027210885,0.3469387755102041,2,Mid,1:43.355
TSU,RB,32.0,0 days 00:01:44.456000,INTERMEDIATE,2.0,1,True,104.456,2024,Silverstone,R,15.77074829931973,27.670068027210885,0.3469387755102041,3,Mid,1:44.456
TSU,RB,33.0,0 days 00:01:44.979000,INTERMEDIATE,2.0,1,True,104.979,2024,Silverstone,R,15.77074829931973,27.670068027210885,0.3469387755102041,4,Mid,1:44.979
TSU,RB,34.0,0 days 00:01:44.923000,INTERMEDIATE,2.0,1,True,104.923,2024,Silverstone,R,15.77074829931973,27.670068027210885,0.3469387755102041,5,Mid,1:44.923
TSU,RB,35.0,0 days 00:01:44.782000,INTERMEDIATE,2.0,1,True,104.782,2024,Silverstone,R,15.77074829931973,27.670068027210885,0.3469387755102041,6,Late,1:44.782
TSU,RB,36.0,0 days 00:01:42.726000,INTERMEDIATE,2.0,1,True,102.726,2024,Silverstone,R,15.77074829931973,27.670068027210885,0.3469387755102041,7,Late,1:42.726
TSU,RB,37.0,0 days 00:01:41.098000,INTERMEDIATE,2.0,1,True,101.098,2024,Silverstone,R,15.77074829931973,27.670068027210885,0.3469387755102041,8,Late,1:41.098
TSU,RB,40.0,0 days 00:01:32.318000,SOFT,3.0,1,True,92.318,2024,Silverstone,R,15.77074829931973,27.670068027210885,0.3469387755102041,0,Late,1:32.318
TSU,RB,41.0,0 days 00:01:30.812000,SOFT,3.0,1,True,90.812,2024,Silverstone,R,15.77074829931973,27.670068027210885,0.3469387755102041,1,Late,1:30.812
TSU,RB,42.0,0 days 00:01:30.319000,SOFT,3.0,1,True,90.319,2024,Silverstone,R,15.77074829931973,27.670068027210885,0.3469387755102041,2,Late,1:30.319
TSU,RB,43.0,0 days 00:01:30.229000,SOFT,3.0,1,True,90.229,2024,Silverstone,R,15.77074829931973,27.670068027210885,0.3469387755102041,3,Late,1:30.229
TSU,RB,44.0,0 days 00:01:30.882000,SOFT,3.0,1,True,90.882,2024,Silverstone,R,15.77074829931973,27.670068027210885,0.3469387755102041,4,Late,1:30.882
TSU,RB,45.0,0 days 00:01:31.438000,SOFT,3.0,1,True,91.438,2024,Silverstone,R,15.77074829931973,27.670068027210885,0.3469387755102041,5,Late,1:31.438
TSU,RB,46.0,0 days 00:01:31.688000,SOFT,3.0,1,True,91.688,2024,Silverstone,R,15.77074829931973,27.670068027210885,0.3469387755102041,6,Late,1:31.688
TSU,RB,47.0,0 days 00:01:30.982000,SOFT,3.0,1,True,90.982,2024,Silverstone,R,15.77074829931973,27.670068027210885,0.3469387755102041,7,Late,1:30.982
TSU,RB,48.0,0 days 00:01:31.367000,SOFT,3.0,1,True,91.367,2024,Silverstone,R,15.77074829931973,27.670068027210885,0.3469387755102041,8,Late,1:31.367
TSU,RB,49.0,0 days 00:01:31.080000,SOFT,3.0,1,True,91.08,2024,Silverstone,R,15.77074829931973,27.670068027210885,0.3469387755102041,9,Late,1:31.080
TSU,RB,50.0,0 days 00:01:31.407000,SOFT,3.0,1,True,91.407,2024,Silverstone,R,15.77074829931973,27.670068027210885,0.3469387755102041,10,Late,1:31.407
TSU,RB,51.0,0 days 00:01:31.529000,SOFT,3.0,1,True,91.529,2024,Silverstone,R,15.77074829931973,27.670068027210885,0.3469387755102041,11,Late,1:31.529
TSU,RB,52.0,0 days 00:01:32.090000,SOFT,3.0,1,True,92.09,2024,Silverstone,R,15.77074829931973,27.670068027210885,0.3469387755102041,12,Late,1:32.090
VER,Red Bull Racing,2.0,0 days 00:01:31.773000,MEDIUM,1.0,1,True,91.773,2024,Silverstone,R,15.77074829931973,27.670068027210885,0.3469387755102041,0,Early,1:31.773
VER,Red Bull Racing,3.0,0 days 00:01:32.200000,MEDIUM,1.0,1,True,92.2,2024,Silverstone,R,15.77074829931973,27.670068027210885,0.3469387755102041,1,Early,1:32.200
VER,Red Bull Racing,4.0,0 days 00:01:31.933000,MEDIUM,1.0,1,True,91.933,2024,Silverstone,R,15.77074829931973,27.670068027210885,0.3469387755102041,2,Early,1:31.933
VER,Red Bull Racing,5.0,0 days 00:01:31.778000,MEDIUM,1.0,1,True,91.778,2024,Silverstone,R,15.77074829931973,27.670068027210885,0.3469387755102041,3,Early,1:31.778
VER,Red Bull Racing,6.0,0 days 00:01:31.711000,MEDIUM,1.0,1,True,91.711,2024,Silverstone,R,15.77074829931973,27.670068027210885,0.3469387755102041,4,Early,1:31.711
VER,Red Bull Racing,7.0,0 days 00:01:31.935000,MEDIUM,1.0,1,True,91.935,2024,Silverstone,R,15.77074829931973,27.670068027210885,0.3469387755102041,5,Early,1:31.935
VER,Red Bull Racing,8.0,0 days 00:01:32.038000,MEDIUM,1.0,1,True,92.038,2024,Silverstone,R,15.77074829931973,27.670068027210885,0.3469387755102041,6,Early,1:32.038
VER,Red Bull Racing,9.0,0 days 00:01:31.883000,MEDIUM,1.0,1,True,91.883,2024,Silverstone,R,15.77074829931973,27.670068027210885,0.3469387755102041,7,Early,1:31.883
VER,Red Bull Racing,10.0,0 days 00:01:31.661000,MEDIUM,1.0,1,True,91.661,2024,Silverstone,R,15.77074829931973,27.670068027210885,0.3469387755102041,8,Early,1:31.661
VER,Red Bull Racing,11.0,0 days 00:01:31.810000,MEDIUM,1.0,1,True,91.81,2024,Silverstone,R,15.77074829931973,27.670068027210885,0.3469387755102041,9,Early,1:31.810
VER,Red Bull Racing,12.0,0 days 00:01:31.894000,MEDIUM,1.0,1,True,91.894,2024,Silverstone,R,15.77074829931973,27.670068027210885,0.3469387755102041,10,Early,1:31.894
VER,Red Bull Racing,13.0,0 days 00:01:31.759000,MEDIUM,1.0,1,True,91.759,2024,Silverstone,R,15.77074829931973,27.670068027210885,0.3469387755102041,11,Early,1:31.759
VER,Red Bull Racing,14.0,0 days 00:01:31.700000,MEDIUM,1.0,1,True,91.7,2024,Silverstone,R,15.77074829931973,27.670068027210885,0.3469387755102041,12,Early,1:31.700
VER,Red Bull Racing,15.0,0 days 00:01:32.249000,MEDIUM,1.0,1,True,92.249,2024,Silverstone,R,15.77074829931973,27.670068027210885,0.3469387755102041,13,Early,1:32.249
VER,Red Bull Racing,16.0,0 days 00:01:32.504000,MEDIUM,1.0,1,True,92.504,2024,Silverstone,R,15.77074829931973,27.670068027210885,0.3469387755102041,14,Early,1:32.504
VER,Red Bull Racing,17.0,0 days 00:01:35.359000,MEDIUM,1.0,1,True,95.359,2024,Silverstone,R,15.77074829931973,27.670068027210885,0.3469387755102041,15,Early,1:35.359
VER,Red Bull Racing,18.0,0 days 00:01:36.172000,MEDIUM,1.0,1,True,96.172,2024,Silverstone,R,15.77074829931973,27.670068027210885,0.3469387755102041,16,Mid,1:36.172
VER,Red Bull Racing,19.0,0 days 00:01:42.485000,MEDIUM,1.0,1,True,102.485,2024,Silverstone,R,15.77074829931973,27.670068027210885,0.3469387755102041,17,Mid,1:42.485
VER,Red Bull Racing,20.0,0 days 00:01:37.108000,MEDIUM,1.0,1,True,97.108,2024,Silverstone,R,15.77074829931973,27.670068027210885,0.3469387755102041,18,Mid,1:37.108
VER,Red Bull Racing,21.0,0 days 00:01:33.488000,MEDIUM,1.0,1,True,93.488,2024,Silverstone,R,15.77074829931973,27.670068027210885,0.3469387755102041,19,Mid,1:33.488
VER,Red Bull Racing,22.0,0 days 00:01:31.904000,MEDIUM,1.0,1,True,91.904,2024,Silverstone,R,15.77074829931973,27.670068027210885,0.3469387755102041,20,Mid,1:31.904
VER,Red Bull Racing,23.0,0 days 00:01:32.143000,MEDIUM,1.0,1,True,92.143,2024,Silverstone,R,15.77074829931973,27.670068027210885,0.3469387755102041,21,Mid,1:32.143
VER,Red Bull Racing,24.0,0 days 00:01:33.020000,MEDIUM,1.0,1,True,93.02,2024,Silverstone,R,15.77074829931973,27.670068027210885,0.3469387755102041,22,Mid,1:33.020
VER,Red Bull Racing,25.0,0 days 00:01:36.063000,MEDIUM,1.0,1,True,96.063,2024,Silverstone,R,15.77074829931973,27.670068027210885,0.3469387755102041,23,Mid,1:36.063
VER,Red Bull Racing,28.0,0 days 00:01:41.176000,INTERMEDIATE,2.0,1,True,101.176,2024,Silverstone,R,15.77074829931973,27.670068027210885,0.3469387755102041,0,Mid,1:41.176
VER,Red Bull Racing,29.0,0 days 00:01:41.533000,INTERMEDIATE,2.0,1,True,101.533,2024,Silverstone,R,15.77074829931973,27.670068027210885,0.3469387755102041,1,Mid,1:41.533
VER,Red Bull Racing,30.0,0 days 00:01:42.098000,INTERMEDIATE,2.0,1,True,102.098,2024,Silverstone,R,15.77074829931973,27.670068027210885,0.3469387755102041,2,Mid,1:42.098
VER,Red Bull Racing,31.0,0 days 00:01:42.025000,INTERMEDIATE,2.0,1,True,102.025,2024,Silverstone,R,15.77074829931973,27.670068027210885,0.3469387755102041,3,Mid,1:42.025
VER,Red Bull Racing,32.0,0 days 00:01:42.538000,INTERMEDIATE,2.0,1,True,102.538,2024,Silverstone,R,15.77074829931973,27.670068027210885,0.3469387755102041,4,Mid,1:42.538
VER,Red Bull Racing,33.0,0 days 00:01:42.606000,INTERMEDIATE,2.0,1,True,102.606,2024,Silverstone,R,15.77074829931973,27.670068027210885,0.3469387755102041,5,Mid,1:42.606
VER,Red Bull Racing,34.0,0 days 00:01:42.447000,INTERMEDIATE,2.0,1,True,102.447,2024,Silverstone,R,15.77074829931973,27.670068027210885,0.3469387755102041,6,Mid,1:42.447
VER,Red Bull Racing,35.0,0 days 00:01:43.029000,INTERMEDIATE,2.0,1,True,103.029,2024,Silverstone,R,15.77074829931973,27.670068027210885,0.3469387755102041,7,Late,1:43.029
VER,Red Bull Racing,36.0,0 days 00:01:41.958000,INTERMEDIATE,2.0,1,True,101.958,2024,Silverstone,R,15.77074829931973,27.670068027210885,0.3469387755102041,8,Late,1:41.958
VER,Red Bull Racing,37.0,0 days 00:01:38.869000,INTERMEDIATE,2.0,1,True,98.869,2024,Silverstone,R,15.77074829931973,27.670068027210885,0.3469387755102041,9,Late,1:38.869
VER,Red Bull Racing,40.0,0 days 00:01:30.056000,HARD,3.0,1,True,90.056,2024,Silverstone,R,15.77074829931973,27.670068027210885,0.3469387755102041,0,Late,1:30.056
VER,Red Bull Racing,41.0,0 days 00:01:29.604000,HARD,3.0,1,True,89.604,2024,Silverstone,R,15.77074829931973,27.670068027210885,0.3469387755102041,1,Late,1:29.604
VER,Red Bull Racing,42.0,0 days 00:01:29.472000,HARD,3.0,1,True,89.472,2024,Silverstone,R,15.77074829931973,27.670068027210885,0.3469387755102041,2,Late,1:29.472
VER,Red Bull Racing,43.0,0 days 00:01:29.105000,HARD,3.0,1,True,89.105,2024,Silverstone,R,15.77074829931973,27.670068027210885,0.3469387755102041,3,Late,1:29.105
VER,Red Bull Racing,44.0,0 days 00:01:29.372000,HARD,3.0,1,True,89.372,2024,Silverstone,R,15.77074829931973,27.670068027210885,0.3469387755102041,4,Late,1:29.372
VER,Red Bull Racing,45.0,0 days 00:01:29.137000,HARD,3.0,1,True,89.137,2024,Silverstone,R,15.77074829931973,27.670068027210885,0.3469387755102041,5,Late,1:29.137
VER,Red Bull Racing,46.0,0 days 00:01:29.543000,HARD,3.0,1,True,89.543,2024,Silverstone,R,15.77074829931973,27.670068027210885,0.3469387755102041,6,Late,1:29.543
VER,Red Bull Racing,47.0,0 days 00:01:29.411000,HARD,3.0,1,True,89.411,2024,Silverstone,R,15.77074829931973,27.670068027210885,0.3469387755102041,7,Late,1:29.411
VER,Red Bull Racing,48.0,0 days 00:01:28.952000,HARD,3.0,1,True,88.952,2024,Silverstone,R,15.77074829931973,27.670068027210885,0.3469387755102041,8,Late,1:28.952
VER,Red Bull Racing,49.0,0 days 00:01:29.560000,HARD,3.0,1,True,89.56,2024,Silverstone,R,15.77074829931973,27.670068027210885,0.3469387755102041,9,Late,1:29.560
VER,Red Bull Racing,50.0,0 days 00:01:29.286000,HARD,3.0,1,True,89.286,2024,Silverstone,R,15.77074829931973,27.670068027210885,0.3469387755102041,10,Late,1:29.286
VER,Red Bull Racing,51.0,0 days 00:01:29.443000,HARD,3.0,1,True,89.443,2024,Silverstone,R,15.77074829931973,27.670068027210885,0.3469387755102041,11,Late,1:29.443
VER,Red Bull Racing,52.0,0 days 00:01:29.089000,HARD,3.0,1,True,89.089,2024,Silverstone,R,15.77074829931973,27.670068027210885,0.3469387755102041,12,Late,1:29.089
ZHO,Kick Sauber,2.0,0 days 00:01:33.563000,SOFT,1.0,1,True,93.563,2024,Silverstone,R,15.77074829931973,27.670068027210885,0.3469387755102041,0,Early,1:33.563
ZHO,Kick Sauber,3.0,0 days 00:01:33.487000,SOFT,1.0,1,True,93.487,2024,Silverstone,R,15.77074829931973,27.670068027210885,0.3469387755102041,1,Early,1:33.487
ZHO,Kick Sauber,4.0,0 days 00:01:33.221000,SOFT,1.0,1,True,93.221,2024,Silverstone,R,15.77074829931973,27.670068027210885,0.3469387755102041,2,Early,1:33.221
ZHO,Kick Sauber,5.0,0 days 00:01:33.271000,SOFT,1.0,1,True,93.271,2024,Silverstone,R,15.77074829931973,27.670068027210885,0.3469387755102041,3,Early,1:33.271
ZHO,Kick Sauber,6.0,0 days 00:01:33.788000,SOFT,1.0,1,True,93.788,2024,Silverstone,R,15.77074829931973,27.670068027210885,0.3469387755102041,4,Early,1:33.788
ZHO,Kick Sauber,7.0,0 days 00:01:34.510000,SOFT,1.0,1,True,94.51,2024,Silverstone,R,15.77074829931973,27.670068027210885,0.3469387755102041,5,Early,1:34.510
ZHO,Kick Sauber,8.0,0 days 00:01:36.323000,SOFT,1.0,1,True,96.323,2024,Silverstone,R,15.77074829931973,27.670068027210885,0.3469387755102041,6,Early,1:36.323
ZHO,Kick Sauber,9.0,0 days 00:01:35.322000,SOFT,1.0,1,True,95.322,2024,Silverstone,R,15.77074829931973,27.670068027210885,0.3469387755102041,7,Early,1:35.322
ZHO,Kick Sauber,10.0,0 days 00:01:35.828000,SOFT,1.0,1,True,95.828,2024,Silverstone,R,15.77074829931973,27.670068027210885,0.3469387755102041,8,Early,1:35.828
ZHO,Kick Sauber,11.0,0 days 00:01:35.012000,SOFT,1.0,1,True,95.012,2024,Silverstone,R,15.77074829931973,27.670068027210885,0.3469387755102041,9,Early,1:35.012
ZHO,Kick Sauber,14.0,0 days 00:01:32.450000,MEDIUM,2.0,1,True,92.45,2024,Silverstone,R,15.77074829931973,27.670068027210885,0.3469387755102041,0,Early,1:32.450
ZHO,Kick Sauber,15.0,0 days 00:01:32.479000,MEDIUM,2.0,1,True,92.479,2024,Silverstone,R,15.77074829931973,27.670068027210885,0.3469387755102041,1,Early,1:32.479
ZHO,Kick Sauber,16.0,0 days 00:01:35.202000,MEDIUM,2.0,1,True,95.202,2024,Silverstone,R,15.77074829931973,27.670068027210885,0.3469387755102041,2,Early,1:35.202
ZHO,Kick Sauber,17.0,0 days 00:01:38.106000,MEDIUM,2.0,1,True,98.106,2024,Silverstone,R,15.77074829931973,27.670068027210885,0.3469387755102041,3,Early,1:38.106
ZHO,Kick Sauber,18.0,0 days 00:01:39.637000,MEDIUM,2.0,1,True,99.637,2024,Silverstone,R,15.77074829931973,27.670068027210885,0.3469387755102041,4,Mid,1:39.637
ZHO,Kick Sauber,21.0,0 days 00:01:44.560000,INTERMEDIATE,3.0,1,True,104.56,2024,Silverstone,R,15.77074829931973,27.670068027210885,0.3469387755102041,0,Mid,1:44.560
ZHO,Kick Sauber,22.0,0 days 00:01:50.248000,INTERMEDIATE,3.0,1,True,110.248,2024,Silverstone,R,15.77074829931973,27.670068027210885,0.3469387755102041,1,Mid,1:50.248
ZHO,Kick Sauber,23.0,0 days 00:01:50.081000,INTERMEDIATE,3.0,1,True,110.081,2024,Silverstone,R,15.77074829931973,27.670068027210885,0.3469387755102041,2,Mid,1:50.081
ZHO,Kick Sauber,24.0,0 days 00:01:48.867000,INTERMEDIATE,3.0,1,True,108.867,2024,Silverstone,R,15.77074829931973,27.670068027210885,0.3469387755102041,3,Mid,1:48.867
ZHO,Kick Sauber,25.0,0 days 00:01:48.245000,INTERMEDIATE,3.0,1,True,108.245,2024,Silverstone,R,15.77074829931973,27.670068027210885,0.3469387755102041,4,Mid,1:48.245
ZHO,Kick Sauber,28.0,0 days 00:01:41.866000,INTERMEDIATE,4.0,1,True,101.866,2024,Silverstone,R,15.77074829931973,27.670068027210885,0.3469387755102041,0,Mid,1:41.866
ZHO,Kick Sauber,29.0,0 days 00:01:41.993000,INTERMEDIATE,4.0,1,True,101.993,2024,Silverstone,R,15.77074829931973,27.670068027210885,0.3469387755102041,1,Mid,1:41.993
ZHO,Kick Sauber,30.0,0 days 00:01:43.157000,INTERMEDIATE,4.0,1,True,103.157,2024,Silverstone,R,15.77074829931973,27.670068027210885,0.3469387755102041,2,Mid,1:43.157
ZHO,Kick Sauber,31.0,0 days 00:01:44.316000,INTERMEDIATE,4.0,1,True,104.316,2024,Silverstone,R,15.77074829931973,27.670068027210885,0.3469387755102041,3,Mid,1:44.316
ZHO,Kick Sauber,32.0,0 days 00:01:45.029000,INTERMEDIATE,4.0,1,True,105.029,2024,Silverstone,R,15.77074829931973,27.670068027210885,0.3469387755102041,4,Mid,1:45.029
ZHO,Kick Sauber,33.0,0 days 00:01:45.412000,INTERMEDIATE,4.0,1,True,105.412,2024,Silverstone,R,15.77074829931973,27.670068027210885,0.3469387755102041,5,Mid,1:45.412
ZHO,Kick Sauber,34.0,0 days 00:01:48.010000,INTERMEDIATE,4.0,1,True,108.01,2024,Silverstone,R,15.77074829931973,27.670068027210885,0.3469387755102041,6,Mid,1:48.010
ZHO,Kick Sauber,35.0,0 days 00:01:42.569000,INTERMEDIATE,4.0,1,True,102.569,2024,Silverstone,R,15.77074829931973,27.670068027210885,0.3469387755102041,7,Late,1:42.569
ZHO,Kick Sauber,36.0,0 days 00:01:42.823000,INTERMEDIATE,4.0,1,True,102.823,2024,Silverstone,R,15.77074829931973,27.670068027210885,0.3469387755102041,8,Late,1:42.823
ZHO,Kick Sauber,39.0,0 days 00:01:32.696000,SOFT,5.0,1,True,92.696,2024,Silverstone,R,15.77074829931973,27.670068027210885,0.3469387755102041,0,Late,1:32.696
ZHO,Kick Sauber,40.0,0 days 00:01:33.170000,SOFT,5.0,1,True,93.17,2024,Silverstone,R,15.77074829931973,27.670068027210885,0.3469387755102041,1,Late,1:33.170
ZHO,Kick Sauber,41.0,0 days 00:01:31.151000,SOFT,5.0,1,True,91.151,2024,Silverstone,R,15.77074829931973,27.670068027210885,0.3469387755102041,2,Late,1:31.151
ZHO,Kick Sauber,42.0,0 days 00:01:31.121000,SOFT,5.0,1,True,91.121,2024,Silverstone,R,15.77074829931973,27.670068027210885,0.3469387755102041,3,Late,1:31.121
ZHO,Kick Sauber,43.0,0 days 00:01:31.014000,SOFT,5.0,1,True,91.014,2024,Silverstone,R,15.77074829931973,27.670068027210885,0.3469387755102041,4,Late,1:31.014
ZHO,Kick Sauber,44.0,0 days 00:01:31.378000,SOFT,5.0,1,True,91.378,2024,Silverstone,R,15.77074829931973,27.670068027210885,0.3469387755102041,5,Late,1:31.378
ZHO,Kick Sauber,45.0,0 days 00:01:31.360000,SOFT,5.0,1,True,91.36,2024,Silverstone,R,15.77074829931973,27.670068027210885,0.3469387755102041,6,Late,1:31.360
ZHO,Kick Sauber,46.0,0 days 00:01:31.430000,SOFT,5.0,1,True,91.43,2024,Silverstone,R,15.77074829931973,27.670068027210885,0.3469387755102041,7,Late,1:31.430
ZHO,Kick Sauber,47.0,0 days 00:01:31.283000,SOFT,5.0,1,True,91.283,2024,Silverstone,R,15.77074829931973,27.670068027210885,0.3469387755102041,8,Late,1:31.283
ZHO,Kick Sauber,48.0,0 days 00:01:31.556000,SOFT,5.0,1,True,91.556,2024,Silverstone,R,15.77074829931973,27.670068027210885,0.3469387755102041,9,Late,1:31.556
ZHO,Kick Sauber,49.0,0 days 00:01:32.504000,SOFT,5.0,1,True,92.504,2024,Silverstone,R,15.77074829931973,27.670068027210885,0.3469387755102041,10,Late,1:32.504
ZHO,Kick Sauber,50.0,0 days 00:01:31.749000,SOFT,5.0,1,True,91.749,2024,Silverstone,R,15.77074829931973,27.670068027210885,0.3469387755102041,11,Late,1:31.749
