Driver,Team,LapNumber,LapTime,Compound,Stint,TrackStatus,IsAccurate,LapTimeSeconds,Year,Track,Session,AirTempC,TrackTempC,Rainfall,TyreAgeLaps,SessionProgress,LapTimeFormatted,FuelKg,EstimatedCarWeightKg,CompoundEffect,Intensity,TyreAgeEffect,EstimatedTyreTempC
ALB,Williams,2.0,0 days 00:01:20.820000,SOFT,1.0,1,True,80.82,2024,Monza,Q,33.44556962025317,48.73037974683544,0.0,0,Early,1:20.820,10.0,808.0,8,-0.3544239979833513,0.0,54.60383575893533
ALB,Williams,5.0,0 days 00:01:20.542000,SOFT,2.0,1,True,80.542,2024,Monza,Q,33.44556962025317,48.73037974683544,0.0,0,Early,1:20.542,10.0,808.0,8,-0.07411141920846581,0.0,56.28571123158464
ALB,Williams,8.0,0 days 00:01:20.460000,SOFT,3.0,1,True,80.46,2024,Monza,Q,33.44556962025317,48.73037974683544,0.0,0,Mid,1:20.460,10.0,808.0,8,0.00857070834384895,0.0,56.78180399689853
ALB,Williams,11.0,0 days 00:01:20.314000,SOFT,4.0,1,True,80.314,2024,Monza,Q,33.44556962025317,48.73037974683544,0.0,0,Mid,1:20.314,10.0,808.0,8,0.1557852281321034,0.0,57.66509111562806
ALB,Williams,14.0,0 days 00:01:20.870000,SOFT,5.0,1,True,80.87,2024,Monza,Q,33.44556962025317,48.73037974683544,0.0,0,Late,1:20.870,10.0,808.0,8,-0.4048399294176962,0.0,54.30134017032926
ALB,Williams,17.0,0 days 00:01:20.299000,SOFT,6.0,1,True,80.299,2024,Monza,Q,33.44556962025317,48.73037974683544,0.0,0,Late,1:20.299,10.0,808.0,8,0.1709100075623897,0.0,57.75583979220978
ALO,Aston Martin,2.0,0 days 00:01:20.617000,SOFT,1.0,1,True,80.617,2024,Monza,Q,33.44556962025317,48.73037974683544,0.0,0,Early,1:20.617,10.0,808.0,8,-0.14973531635996884,0.0,55.831967848675625
ALO,Aston Martin,7.0,0 days 00:01:20.570000,SOFT,3.0,1,True,80.57,2024,Monza,Q,33.44556962025317,48.73037974683544,0.0,0,Mid,1:20.570,10.0,808.0,8,-0.10234434081168406,0.0,56.11631370196533
ALO,Aston Martin,10.0,0 days 00:01:20.421000,SOFT,4.0,1,True,80.421,2024,Monza,Q,33.44556962025317,48.73037974683544,0.0,0,Mid,1:20.421,10.0,808.0,8,0.0478951348626162,0.0,57.01775055601114
BOT,Kick Sauber,2.0,0 days 00:01:21.101000,SOFT,1.0,1,True,81.101,2024,Monza,Q,33.44556962025317,48.73037974683544,0.0,0,Early,1:21.101,10.0,808.0,8,-0.6377615326443112,0.0,52.903810550969574
BOT,Kick Sauber,5.0,0 days 00:01:23.467000,SOFT,2.0,12,True,83.467,2024,Monza,Q,33.44556962025317,48.73037974683544,0.0,0,Early,1:23.467,10.0,808.0,8,-1.0,0.0,50.73037974683544
COL,Williams,2.0,0 days 00:01:21.061000,SOFT,1.0,1,True,81.061,2024,Monza,Q,33.44556962025317,48.73037974683544,0.0,0,Early,1:21.061,10.0,808.0,8,-0.5974287874968525,0.0,53.145807021854324
COL,Williams,5.0,0 days 00:01:22.531000,SOFT,2.0,1,True,82.531,2024,Monza,Q,33.44556962025317,48.73037974683544,0.0,0,Early,1:22.531,10.0,808.0,8,-1.0,0.0,50.73037974683544
GAS,Alpine,2.0,0 days 00:01:21.908000,SOFT,1.0,1,True,81.908,2024,Monza,Q,33.44556962025317,48.73037974683544,0.0,0,Early,1:21.908,10.0,808.0,8,-1.0,0.0,50.73037974683544
GAS,Alpine,5.0,0 days 00:01:20.748000,SOFT,2.0,1,True,80.748,2024,Monza,Q,33.44556962025317,48.73037974683544,0.0,0,Early,1:20.748,10.0,808.0,8,-0.2818250567179227,0.0,55.0394294065279
GAS,Alpine,10.0,0 days 00:01:38.961000,SOFT,4.0,1,True,98.961,2024,Monza,Q,33.44556962025317,48.73037974683544,0.0,0,Mid,1:38.961,10.0,808.0,8,-1.0,0.0,50.73037974683544
GAS,Alpine,11.0,0 days 00:01:20.738000,SOFT,4.0,1,True,80.738,2024,Monza,Q,33.44556962025317,48.73037974683544,0.0,1,Mid,1:20.738,10.0,808.0,8,-0.27174187043105086,0.6,55.69992852424914
GAS,Alpine,14.0,0 days 00:01:48.428000,SOFT,5.0,1,True,108.428,2024,Monza,Q,33.44556962025317,48.73037974683544,0.0,0,Late,1:48.428,10.0,808.0,8,-1.0,0.0,50.73037974683544
GAS,Alpine,15.0,0 days 00:01:21.009000,SOFT,5.0,1,True,81.009,2024,Monza,Q,33.44556962025317,48.73037974683544,0.0,1,Late,1:21.009,10.0,808.0,8,-0.5449962188051389,0.6,54.06040243400461
HAM,Mercedes,2.0,0 days 00:01:20.477000,SOFT,1.0,1,True,80.477,2024,Monza,Q,33.44556962025317,48.73037974683544,0.0,0,Early,1:20.477,10.0,808.0,8,-0.008570708343834622,0.0,56.67895549677243
HAM,Mercedes,5.0,0 days 00:01:20.542000,SOFT,2.0,12,True,80.542,2024,Monza,Q,33.44556962025317,48.73037974683544,0.0,0,Early,1:20.542,10.0,808.0,8,-0.07411141920846581,0.0,56.28571123158464
HAM,Mercedes,8.0,0 days 00:01:19.641000,SOFT,3.0,1,True,79.641,2024,Monza,Q,33.44556962025317,48.73037974683544,0.0,0,Mid,1:19.641,10.0,808.0,8,0.834383665238219,0.0,61.73668173826475
HAM,Mercedes,11.0,0 days 00:01:19.989000,SOFT,4.0,1,True,79.989,2024,Monza,Q,33.44556962025317,48.73037974683544,0.0,0,Mid,1:19.989,10.0,808.0,8,0.48348878245525934,0.0,59.631312441567
HAM,Mercedes,14.0,0 days 00:01:19.601000,SOFT,5.0,1,True,79.601,2024,Monza,Q,33.44556962025317,48.73037974683544,0.0,0,Late,1:19.601,10.0,808.0,8,0.8747164103856921,0.0,61.97867820914959
HAM,Mercedes,17.0,0 days 00:01:19.513000,SOFT,6.0,1,True,79.513,2024,Monza,Q,33.44556962025317,48.73037974683544,0.0,0,Late,1:19.513,10.0,808.0,8,0.9634484497101128,0.0,62.51107044509612
HUL,Haas F1 Team,2.0,0 days 00:01:20.781000,SOFT,1.0,1,True,80.781,2024,Monza,Q,33.44556962025317,48.73037974683544,0.0,0,Early,1:20.781,10.0,808.0,8,-0.31509957146458406,0.0,54.83978231804794
HUL,Haas F1 Team,5.0,0 days 00:01:21.278000,SOFT,2.0,12,True,81.278,2024,Monza,Q,33.44556962025317,48.73037974683544,0.0,0,Early,1:21.278,10.0,808.0,8,-0.8162339299218584,0.0,51.83297616730429
HUL,Haas F1 Team,8.0,0 days 00:01:20.434000,SOFT,3.0,1,True,80.434,2024,Monza,Q,33.44556962025317,48.73037974683544,0.0,0,Mid,1:20.434,10.0,808.0,8,0.03478699268969856,0.0,56.93910170297363
HUL,Haas F1 Team,11.0,0 days 00:01:20.411000,SOFT,4.0,1,True,80.411,2024,Monza,Q,33.44556962025317,48.73037974683544,0.0,0,Mid,1:20.411,10.0,808.0,8,0.057978321149488046,0.0,57.078249673732365
HUL,Haas F1 Team,14.0,0 days 00:01:20.482000,SOFT,5.0,1,True,80.482,2024,Monza,Q,33.44556962025317,48.73037974683544,0.0,0,Late,1:20.482,10.0,808.0,8,-0.013612301487263381,0.0,56.648705937911856
HUL,Haas F1 Team,17.0,0 days 00:01:20.339000,SOFT,6.0,1,True,80.339,2024,Monza,Q,33.44556962025317,48.73037974683544,0.0,0,Late,1:20.339,10.0,808.0,8,0.13057726241493095,0.0,57.51384332132503
LEC,Ferrari,2.0,0 days 00:01:20.074000,SOFT,1.0,1,True,80.074,2024,Monza,Q,33.44556962025317,48.73037974683544,0.0,0,Early,1:20.074,10.0,808.0,8,0.3977816990168988,0.0,59.11706994093683
LEC,Ferrari,5.0,0 days 00:01:20.278000,SOFT,2.0,1,True,80.278,2024,Monza,Q,33.44556962025317,48.73037974683544,0.0,0,Early,1:20.278,10.0,808.0,8,0.19208469876481055,0.0,57.8828879394243
LEC,Ferrari,8.0,0 days 00:01:20.296000,SOFT,3.0,1,True,80.296,2024,Monza,Q,33.44556962025317,48.73037974683544,0.0,0,Mid,1:20.296,10.0,808.0,8,0.1739349634484498,0.0,57.77398952752614
LEC,Ferrari,11.0,0 days 00:01:20.007000,SOFT,4.0,1,True,80.007,2024,Monza,Q,33.44556962025317,48.73037974683544,0.0,0,Mid,1:20.007,10.0,808.0,8,0.4653390471388986,0.0,59.52241402966883
LEC,Ferrari,14.0,0 days 00:01:20.076000,SOFT,5.0,1,True,80.076,2024,Monza,Q,33.44556962025317,48.73037974683544,0.0,0,Late,1:20.076,10.0,808.0,8,0.39576506175953013,0.0,59.10497011739262
LEC,Ferrari,17.0,0 days 00:01:19.704000,SOFT,6.0,1,True,79.704,2024,Monza,Q,33.44556962025317,48.73037974683544,0.0,0,Late,1:19.704,10.0,808.0,8,0.7708595916309708,0.0,61.355537296621264
LEC,Ferrari,20.0,0 days 00:01:19.461000,SOFT,7.0,1,True,79.461,2024,Monza,Q,33.44556962025317,48.73037974683544,0.0,0,Late,1:19.461,10.0,808.0,8,1.0,0.0,62.73037974683544
MAG,Haas F1 Team,2.0,0 days 00:01:20.856000,SOFT,1.0,1,True,80.856,2024,Monza,Q,33.44556962025317,48.73037974683544,0.0,0,Early,1:20.856,10.0,808.0,8,-0.39072346861607277,0.0,54.386038935139005
MAG,Haas F1 Team,7.0,0 days 00:01:20.698000,SOFT,3.0,1,True,80.698,2024,Monza,Q,33.44556962025317,48.73037974683544,0.0,0,Mid,1:20.698,10.0,808.0,8,-0.2314091252835778,0.0,55.34192499513397
MAG,Haas F1 Team,10.0,0 days 00:01:20.933000,SOFT,4.0,1,True,80.933,2024,Monza,Q,33.44556962025317,48.73037974683544,0.0,0,Mid,1:20.933,10.0,808.0,8,-0.46836400302495873,0.0,53.920195728685684
NOR,McLaren,2.0,0 days 00:01:19.911000,SOFT,1.0,1,True,79.911,2024,Monza,Q,33.44556962025317,48.73037974683544,0.0,0,Early,1:19.911,10.0,808.0,8,0.5621376354928225,0.0,60.10320555979237
NOR,McLaren,5.0,0 days 00:01:19.727000,SOFT,2.0,1,True,79.727,2024,Monza,Q,33.44556962025317,48.73037974683544,0.0,0,Early,1:19.727,10.0,808.0,8,0.7476682631711671,0.0,61.216389325862444
NOR,McLaren,8.0,0 days 00:01:19.401000,SOFT,3.0,1,True,79.401,2024,Monza,Q,33.44556962025317,48.73037974683544,0.0,0,Mid,1:19.401,10.0,808.0,8,1.0,0.0,62.73037974683544
NOR,McLaren,11.0,0 days 00:01:19.327000,SOFT,4.0,1,True,79.327,2024,Monza,Q,33.44556962025317,48.73037974683544,0.0,0,Mid,1:19.327,10.0,808.0,8,1.0,0.0,62.73037974683544
OCO,Alpine,2.0,0 days 00:01:21.346000,SOFT,1.0,1,True,81.346,2024,Monza,Q,33.44556962025317,48.73037974683544,0.0,0,Early,1:21.346,10.0,808.0,8,-0.8847995966725497,0.0,51.42158216680014
OCO,Alpine,5.0,0 days 00:01:20.764000,SOFT,2.0,1,True,80.764,2024,Monza,Q,33.44556962025317,48.73037974683544,0.0,0,Early,1:20.764,10.0,808.0,8,-0.29795815477690046,0.0,54.94263081817404
OCO,Alpine,10.0,0 days 00:01:36.883000,SOFT,4.0,1,True,96.883,2024,Monza,Q,33.44556962025317,48.73037974683544,0.0,0,Mid,1:36.883,10.0,808.0,8,-1.0,0.0,50.73037974683544
OCO,Alpine,11.0,0 days 00:01:20.884000,SOFT,4.0,1,True,80.884,2024,Monza,Q,33.44556962025317,48.73037974683544,0.0,1,Mid,1:20.884,10.0,808.0,8,-0.4189563902193053,0.6,54.81664140551961
OCO,Alpine,14.0,0 days 00:01:47.819000,SOFT,5.0,1,True,107.819,2024,Monza,Q,33.44556962025317,48.73037974683544,0.0,0,Late,1:47.819,10.0,808.0,8,-1.0,0.0,50.73037974683544
OCO,Alpine,15.0,0 days 00:01:20.766000,SOFT,5.0,1,True,80.766,2024,Monza,Q,33.44556962025317,48.73037974683544,0.0,1,Late,1:20.766,10.0,808.0,8,-0.29997479203428346,0.6,55.53053099462974
PER,Red Bull Racing,2.0,0 days 00:01:21.110000,SOFT,1.0,1,True,81.11,2024,Monza,Q,33.44556962025317,48.73037974683544,0.0,0,Early,1:21.110,10.0,808.0,8,-0.6468364003024916,0.0,52.84936134502049
PER,Red Bull Racing,5.0,0 days 00:01:20.598000,SOFT,2.0,1,True,80.598,2024,Monza,Q,33.44556962025317,48.73037974683544,0.0,0,Early,1:20.598,10.0,808.0,8,-0.13057726241491663,0.0,55.94691617234594
PER,Red Bull Racing,8.0,0 days 00:01:20.402000,SOFT,3.0,1,True,80.402,2024,Monza,Q,33.44556962025317,48.73037974683544,0.0,0,Mid,1:20.402,10.0,808.0,8,0.06705318880766842,0.0,57.13269887968145
PER,Red Bull Racing,11.0,0 days 00:01:20.216000,SOFT,4.0,1,True,80.216,2024,Monza,Q,33.44556962025317,48.73037974683544,0.0,0,Mid,1:20.216,10.0,808.0,8,0.25460045374339596,0.0,58.25798246929581
PER,Red Bull Racing,14.0,0 days 00:01:20.062000,SOFT,5.0,1,True,80.062,2024,Monza,Q,33.44556962025317,48.73037974683544,0.0,0,Late,1:20.062,10.0,808.0,8,0.4098815225611393,0.0,59.18966888220228
PIA,McLaren,2.0,0 days 00:01:50.311000,SOFT,1.0,1,True,110.311,2024,Monza,Q,33.44556962025317,48.73037974683544,0.0,0,Early,1:50.311,10.0,808.0,8,-1.0,0.0,50.73037974683544
PIA,McLaren,3.0,0 days 00:01:20.488000,SOFT,1.0,1,True,80.488,2024,Monza,Q,33.44556962025317,48.73037974683544,0.0,1,Early,1:20.488,10.0,808.0,8,-0.019662213259383624,0.6,57.21240646727914
PIA,McLaren,6.0,0 days 00:01:20.076000,SOFT,2.0,12,True,80.076,2024,Monza,Q,33.44556962025317,48.73037974683544,0.0,0,Early,1:20.076,10.0,808.0,8,0.39576506175953013,0.0,59.10497011739262
PIA,McLaren,9.0,0 days 00:01:19.808000,SOFT,3.0,1,True,79.808,2024,Monza,Q,33.44556962025317,48.73037974683544,0.0,0,Mid,1:19.808,10.0,808.0,8,0.6659944542475438,0.0,60.7263464723207
PIA,McLaren,12.0,0 days 00:01:19.845000,SOFT,4.0,1,True,79.845,2024,Monza,Q,33.44556962025317,48.73037974683544,0.0,0,Mid,1:19.845,10.0,808.0,8,0.6286866649861452,0.0,60.50249973675231
PIA,McLaren,15.0,0 days 00:01:19.436000,SOFT,5.0,1,True,79.436,2024,Monza,Q,33.44556962025317,48.73037974683544,0.0,0,Late,1:19.436,10.0,808.0,8,1.0,0.0,62.73037974683544
PIA,McLaren,18.0,0 days 00:01:19.661000,SOFT,6.0,1,True,79.661,2024,Monza,Q,33.44556962025317,48.73037974683544,0.0,0,Late,1:19.661,10.0,808.0,8,0.8142172926644897,0.0,61.61568350282238
RIC,RB,2.0,0 days 00:01:21.059000,SOFT,1.0,1,True,81.059,2024,Monza,Q,33.44556962025317,48.73037974683544,0.0,0,Early,1:21.059,10.0,808.0,8,-0.5954121502394695,0.0,53.15790684539862
RIC,RB,5.0,0 days 00:01:20.901000,SOFT,2.0,12,True,80.901,2024,Monza,Q,33.44556962025317,48.73037974683544,0.0,0,Early,1:20.901,10.0,808.0,8,-0.4360978069069746,0.0,54.113792905393595
RIC,RB,8.0,0 days 00:01:21.273000,SOFT,3.0,1,True,81.273,2024,Monza,Q,33.44556962025317,48.73037974683544,0.0,0,Mid,1:21.273,10.0,808.0,8,-0.8111923367784153,0.0,51.86322572616495
RIC,RB,11.0,0 days 00:01:20.479000,SOFT,4.0,1,True,80.479,2024,Monza,Q,33.44556962025317,48.73037974683544,0.0,0,Mid,1:20.479,10.0,808.0,8,-0.01058734560120326,0.0,56.66685567322822
RUS,Mercedes,2.0,0 days 00:01:20.320000,SOFT,1.0,1,True,80.32,2024,Monza,Q,33.44556962025317,48.73037974683544,0.0,0,Early,1:20.320,10.0,808.0,8,0.14973531635998316,0.0,57.62879164499534
RUS,Mercedes,5.0,0 days 00:01:20.169000,SOFT,2.0,12,True,80.169,2024,Monza,Q,33.44556962025317,48.73037974683544,0.0,0,Early,1:20.169,10.0,808.0,8,0.3019914292916664,0.0,58.54232832258544
RUS,Mercedes,8.0,0 days 00:01:19.877000,SOFT,3.0,1,True,79.877,2024,Monza,Q,33.44556962025317,48.73037974683544,0.0,0,Mid,1:19.877,10.0,808.0,8,0.5964204688681753,0.0,60.308902560044494
RUS,Mercedes,11.0,0 days 00:01:20.107000,SOFT,4.0,1,True,80.107,2024,Monza,Q,33.44556962025317,48.73037974683544,0.0,0,Mid,1:20.107,10.0,808.0,8,0.3645071842702375,0.0,58.917422852456866
RUS,Mercedes,14.0,0 days 00:01:19.569000,SOFT,5.0,1,True,79.569,2024,Monza,Q,33.44556962025317,48.73037974683544,0.0,0,Late,1:19.569,10.0,808.0,8,0.906982606503662,0.0,62.17227538585741
RUS,Mercedes,17.0,0 days 00:01:19.440000,SOFT,6.0,1,True,79.44,2024,Monza,Q,33.44556962025317,48.73037974683544,0.0,0,Late,1:19.440,10.0,808.0,8,1.0,0.0,62.73037974683544
SAI,Ferrari,2.0,0 days 00:01:23.504000,SOFT,1.0,1,True,83.504,2024,Monza,Q,33.44556962025317,48.73037974683544,0.0,0,Early,1:23.504,10.0,808.0,8,-1.0,0.0,50.73037974683544
SAI,Ferrari,5.0,0 days 00:01:20.149000,SOFT,2.0,1,True,80.149,2024,Monza,Q,33.44556962025317,48.73037974683544,0.0,0,Early,1:20.149,10.0,808.0,8,0.3221578018653958,0.0,58.66332655802781
SAI,Ferrari,8.0,0 days 00:01:20.328000,SOFT,3.0,1,True,80.328,2024,Monza,Q,33.44556962025317,48.73037974683544,0.0,0,Mid,1:20.328,10.0,808.0,8,0.14166876733047995,0.0,57.58039235081832
SAI,Ferrari,11.0,0 days 00:01:19.799000,SOFT,4.0,1,True,79.799,2024,Monza,Q,33.44556962025317,48.73037974683544,0.0,0,Mid,1:19.799,10.0,808.0,8,0.6750693219057241,0.0,60.78079567826978
SAI,Ferrari,14.0,0 days 00:01:19.701000,SOFT,5.0,1,True,79.701,2024,Monza,Q,33.44556962025317,48.73037974683544,0.0,0,Late,1:19.701,10.0,808.0,8,0.773884547517031,0.0,61.37368703193762
SAI,Ferrari,17.0,0 days 00:01:19.467000,SOFT,6.0,1,True,79.467,2024,Monza,Q,33.44556962025317,48.73037974683544,0.0,0,Late,1:19.467,10.0,808.0,8,1.0,0.0,62.73037974683544
STR,Aston Martin,2.0,0 days 00:01:21.013000,SOFT,1.0,1,True,81.013,2024,Monza,Q,33.44556962025317,48.73037974683544,0.0,0,Early,1:21.013,10.0,808.0,8,-0.5490294933198905,0.0,53.4362027869161
STR,Aston Martin,5.0,0 days 00:01:21.193000,SOFT,2.0,12,True,81.193,2024,Monza,Q,33.44556962025317,48.73037974683544,0.0,0,Early,1:21.193,10.0,808.0,8,-0.7305268464834835,0.0,52.34721866793454
TSU,RB,2.0,0 days 00:01:21.068000,SOFT,1.0,1,True,81.068,2024,Monza,Q,33.44556962025317,48.73037974683544,0.0,0,Early,1:21.068,10.0,808.0,8,-0.6044870178976499,0.0,53.10345763944954
TSU,RB,5.0,0 days 00:01:20.945000,SOFT,2.0,12,True,80.945,2024,Monza,Q,33.44556962025317,48.73037974683544,0.0,0,Early,1:20.945,10.0,808.0,8,-0.4804638265691849,0.0,53.84759678742033
VER,Red Bull Racing,2.0,0 days 00:01:20.226000,SOFT,1.0,1,True,80.226,2024,Monza,Q,33.44556962025317,48.73037974683544,0.0,0,Early,1:20.226,10.0,808.0,8,0.24451726745652408,0.0,58.19748335157458
VER,Red Bull Racing,5.0,0 days 00:01:22.812000,SOFT,2.0,12,True,82.812,2024,Monza,Q,33.44556962025317,48.73037974683544,0.0,0,Early,1:22.812,10.0,808.0,8,-1.0,0.0,50.73037974683544
VER,Red Bull Racing,8.0,0 days 00:01:19.874000,SOFT,3.0,1,True,79.874,2024,Monza,Q,33.44556962025317,48.73037974683544,0.0,0,Mid,1:19.874,10.0,808.0,8,0.5994454247542355,0.0,60.32705229536085
VER,Red Bull Racing,11.0,0 days 00:01:19.662000,SOFT,4.0,1,True,79.662,2024,Monza,Q,33.44556962025317,48.73037974683544,0.0,0,Mid,1:19.662,10.0,808.0,8,0.8132089740357983,0.0,61.609633591050226
VER,Red Bull Racing,14.0,0 days 00:01:20.072000,SOFT,5.0,1,True,80.072,2024,Monza,Q,33.44556962025317,48.73037974683544,0.0,0,Late,1:20.072,10.0,808.0,8,0.3997983362742674,0.0,59.12916976448104
VER,Red Bull Racing,17.0,0 days 00:01:20.022000,SOFT,6.0,1,True,80.022,2024,Monza,Q,33.44556962025317,48.73037974683544,0.0,0,Late,1:20.022,10.0,808.0,8,0.450214267708598,0.0,59.43166535308703
ZHO,Kick Sauber,2.0,0 days 00:01:21.968000,SOFT,1.0,1,True,81.968,2024,Monza,Q,33.44556962025317,48.73037974683544,0.0,0,Early,1:21.968,10.0,808.0,8,-1.0,0.0,50.73037974683544
ZHO,Kick Sauber,5.0,0 days 00:01:21.514000,SOFT,2.0,1,True,81.514,2024,Monza,Q,33.44556962025317,48.73037974683544,0.0,0,Early,1:21.514,10.0,808.0,8,-1.0,0.0,50.73037974683544
ZHO,Kick Sauber,8.0,0 days 00:01:21.445000,SOFT,3.0,12,True,81.445,2024,Monza,Q,33.44556962025317,48.73037974683544,0.0,0,Mid,1:21.445,10.0,808.0,8,-0.9846231409125193,0.0,50.82264090136032
ALB,Williams,2.0,0 days 00:01:27.011000,MEDIUM,1.0,1,True,87.011,2024,Monza,R,33.1015037593985,49.31127819548872,0.0,0,Early,1:27.011,107.9245283018868,905.9245283018868,5,-1.0,0.0,48.31127819548872
ALB,Williams,3.0,0 days 00:01:26.282000,MEDIUM,1.0,1,True,86.282,2024,Monza,R,33.1015037593985,49.31127819548872,0.0,1,Early,1:26.282,105.84905660377359,903.8490566037735,5,-0.7425587467362884,0.6,50.45592571507099
ALB,Williams,4.0,0 days 00:01:26.527000,MEDIUM,1.0,1,True,86.527,2024,Monza,R,33.1015037593985,49.31127819548872,0.0,2,Early,1:26.527,103.77358490566037,901.7735849056604,5,-0.8704960835509118,1.2,50.28830169418325
ALB,Williams,5.0,0 days 00:01:26.039000,MEDIUM,1.0,1,True,86.039,2024,Monza,R,33.1015037593985,49.31127819548872,0.0,3,Early,1:26.039,101.69811320754717,899.6981132075472,5,-0.6156657963446466,1.7999999999999998,52.41728341742083
ALB,Williams,6.0,0 days 00:01:25.946000,MEDIUM,1.0,1,True,85.946,2024,Monza,R,33.1015037593985,49.31127819548872,0.0,4,Early,1:25.946,99.62264150943396,897.622641509434,5,-0.5671018276762376,2.4,53.30866722943129
ALB,Williams,7.0,0 days 00:01:25.990000,MEDIUM,1.0,1,True,85.99,2024,Monza,R,33.1015037593985,49.31127819548872,0.0,5,Early,1:25.990,97.54716981132076,895.5471698113207,5,-0.590078328981719,3.0,53.7708082215984
ALB,Williams,8.0,0 days 00:01:25.963000,MEDIUM,1.0,1,True,85.963,2024,Monza,R,33.1015037593985,49.31127819548872,0.0,6,Early,1:25.963,95.47169811320755,893.4716981132076,5,-0.5759791122715356,3.5999999999999996,54.45540352185951
ALB,Williams,9.0,0 days 00:01:25.666000,MEDIUM,1.0,1,True,85.666,2024,Monza,R,33.1015037593985,49.31127819548872,0.0,7,Early,1:25.666,93.39622641509433,891.3962264150944,5,-0.42088772845952727,4.2,55.98595182473156
ALB,Williams,10.0,0 days 00:01:25.711000,MEDIUM,1.0,1,True,85.711,2024,Monza,R,33.1015037593985,49.31127819548872,0.0,8,Early,1:25.711,91.32075471698113,889.3207547169811,5,-0.4443864229764994,4.8,56.44495965762972
ALB,Williams,11.0,0 days 00:01:25.734000,MEDIUM,1.0,1,True,85.734,2024,Monza,R,33.1015037593985,49.31127819548872,0.0,9,Early,1:25.734,89.24528301886792,887.2452830188679,5,-0.4563968668407271,5.3999999999999995,56.972896994444355
ALB,Williams,12.0,0 days 00:01:25.468000,MEDIUM,1.0,1,True,85.468,2024,Monza,R,33.1015037593985,49.31127819548872,0.0,10,Early,1:25.468,87.16981132075472,885.1698113207547,5,-0.3174934725848575,6.0,58.406317359979575
ALB,Williams,13.0,0 days 00:01:25.533000,MEDIUM,1.0,1,True,85.533,2024,Monza,R,33.1015037593985,49.31127819548872,0.0,11,Early,1:25.533,85.09433962264151,883.0943396226415,5,-0.3514360313315925,6.6,58.802662007499165
ALB,Williams,14.0,0 days 00:01:26.140000,MEDIUM,1.0,1,True,86.14,2024,Monza,R,33.1015037593985,49.31127819548872,0.0,12,Early,1:26.140,83.01886792452831,881.0188679245283,5,-0.6684073107049593,7.199999999999999,57.50083433125896
ALB,Williams,15.0,0 days 00:01:26.463000,MEDIUM,1.0,1,True,86.463,2024,Monza,R,33.1015037593985,49.31127819548872,0.0,13,Early,1:26.463,80.9433962264151,878.9433962264151,5,-0.8370757180156602,7.8,57.08882388739475
ALB,Williams,16.0,0 days 00:01:26.454000,MEDIUM,1.0,1,True,86.454,2024,Monza,R,33.1015037593985,49.31127819548872,0.0,14,Early,1:26.454,78.86792452830188,876.8679245283018,5,-0.8323759791122657,8.4,57.717022320815126
ALB,Williams,19.0,0 days 00:01:25.254000,HARD,2.0,1,True,85.254,2024,Monza,R,33.1015037593985,49.31127819548872,0.0,0,Mid,1:25.254,72.64150943396226,870.6415094339623,2,-0.20574412532637293,0.0,50.07681344353048
ALB,Williams,20.0,0 days 00:01:25.074000,HARD,2.0,1,True,85.074,2024,Monza,R,33.1015037593985,49.31127819548872,0.0,1,Mid,1:25.074,70.56603773584905,868.566037735849,2,-0.11174934725848457,0.6,51.24078211193781
ALB,Williams,21.0,0 days 00:01:24.860000,HARD,2.0,1,True,84.86,2024,Monza,R,33.1015037593985,49.31127819548872,0.0,2,Mid,1:24.860,68.49056603773585,866.4905660377358,2,0.0,1.2,52.51127819548872
ALB,Williams,22.0,0 days 00:01:25.053000,HARD,2.0,1,True,85.053,2024,Monza,R,33.1015037593985,49.31127819548872,0.0,3,Mid,1:25.053,66.41509433962264,864.4150943396227,2,-0.10078328981723092,1.7999999999999998,52.50657845658533
ALB,Williams,23.0,0 days 00:01:25.132000,HARD,2.0,1,True,85.132,2024,Monza,R,33.1015037593985,49.31127819548872,0.0,4,Mid,1:25.132,64.33962264150944,862.3396226415094,2,-0.14203655352480662,2.4,52.85905887433988
ALB,Williams,24.0,0 days 00:01:25.196000,HARD,2.0,1,True,85.196,2024,Monza,R,33.1015037593985,49.31127819548872,0.0,5,Mid,1:25.196,62.264150943396224,860.2641509433962,2,-0.17545691906005087,3.0,53.25853668112841
ALB,Williams,25.0,0 days 00:01:24.707000,HARD,2.0,1,True,84.707,2024,Monza,R,33.1015037593985,49.31127819548872,0.0,6,Mid,1:24.707,60.18867924528302,858.188679245283,2,0.07989556135770512,3.5999999999999996,55.390651563634954
ALB,Williams,26.0,0 days 00:01:25.065000,HARD,2.0,1,True,85.065,2024,Monza,R,33.1015037593985,49.31127819548872,0.0,7,Mid,1:25.065,58.113207547169814,856.1132075471698,2,-0.10704960835509014,4.2,54.86898054535818
ALB,Williams,27.0,0 days 00:01:24.949000,HARD,2.0,1,True,84.949,2024,Monza,R,33.1015037593985,49.31127819548872,0.0,8,Mid,1:24.949,56.0377358490566,854.0377358490566,2,-0.04647519582245344,4.8,55.83242702055399
ALB,Williams,28.0,0 days 00:01:24.793000,HARD,2.0,1,True,84.793,2024,Monza,R,33.1015037593985,49.31127819548872,0.0,9,Mid,1:24.793,53.9622641509434,851.9622641509434,2,0.03498694516970906,5.3999999999999995,56.921199866506974
ALB,Williams,29.0,0 days 00:01:24.871000,HARD,2.0,1,True,84.871,2024,Monza,R,33.1015037593985,49.31127819548872,0.0,10,Mid,1:24.871,51.88679245283019,849.8867924528302,2,-0.005744125326368483,6.0,57.27681344353051
ALB,Williams,30.0,0 days 00:01:24.754000,HARD,2.0,1,True,84.754,2024,Monza,R,33.1015037593985,49.31127819548872,0.0,11,Mid,1:24.754,49.81132075471698,847.811320754717,2,0.05535248041775154,6.6,58.24339307799523
ALB,Williams,31.0,0 days 00:01:25.229000,HARD,2.0,1,True,85.229,2024,Monza,R,33.1015037593985,49.31127819548872,0.0,12,Mid,1:25.229,47.735849056603776,845.7358490566038,2,-0.19268929503916374,7.199999999999999,57.35514242525373
ALB,Williams,32.0,0 days 00:01:24.412000,HARD,2.0,1,True,84.412,2024,Monza,R,33.1015037593985,49.31127819548872,0.0,13,Mid,1:24.412,45.660377358490564,843.6603773584906,2,0.23394255874673203,7.8,60.51493354796911
ALB,Williams,33.0,0 days 00:01:26.282000,HARD,2.0,1,True,86.282,2024,Monza,R,33.1015037593985,49.31127819548872,0.0,14,Mid,1:26.282,43.58490566037736,841.5849056603773,2,-0.7425587467362884,8.4,55.25592571507099
ALB,Williams,34.0,0 days 00:01:25.570000,HARD,2.0,1,True,85.57,2024,Monza,R,33.1015037593985,49.31127819548872,0.0,15,Mid,1:25.570,41.509433962264154,839.5094339622642,2,-0.3707571801566535,9.0,58.086735114548794
ALB,Williams,35.0,0 days 00:01:24.994000,HARD,2.0,1,True,84.994,2024,Monza,R,33.1015037593985,49.31127819548872,0.0,16,Mid,1:24.994,39.43396226415095,837.433962264151,2,-0.06997389033942554,9.6,60.49143485345217
ALB,Williams,36.0,0 days 00:01:24.748000,HARD,2.0,1,True,84.748,2024,Monza,R,33.1015037593985,49.31127819548872,0.0,17,Late,1:24.748,37.35849056603773,835.3584905660377,2,0.05848563968668115,10.0,61.662192033608804
ALB,Williams,37.0,0 days 00:01:25.882000,HARD,2.0,1,True,85.882,2024,Monza,R,33.1015037593985,49.31127819548872,0.0,18,Late,1:25.882,35.283018867924525,833.2830188679245,2,-0.5336814621409933,10.0,58.10918942264276
ALB,Williams,38.0,0 days 00:01:25.214000,HARD,2.0,1,True,85.214,2024,Monza,R,33.1015037593985,49.31127819548872,0.0,19,Late,1:25.214,33.20754716981132,831.2075471698113,2,-0.18485639686683972,10.0,60.20213981428768
ALB,Williams,39.0,0 days 00:01:24.971000,HARD,2.0,1,True,84.971,2024,Monza,R,33.1015037593985,49.31127819548872,0.0,20,Late,1:24.971,31.132075471698116,829.1320754716982,2,-0.05796344647519783,10.0,60.96349751663753
ALB,Williams,40.0,0 days 00:01:24.552000,HARD,2.0,1,True,84.552,2024,Monza,R,33.1015037593985,49.31127819548872,0.0,21,Late,1:24.552,29.05660377358491,827.0566037735849,2,0.16083550913837688,10.0,62.27629125031898
ALB,Williams,41.0,0 days 00:01:24.372000,HARD,2.0,1,True,84.372,2024,Monza,R,33.1015037593985,49.31127819548872,0.0,22,Late,1:24.372,26.98113207547169,824.9811320754717,2,0.25483028720626527,10.0,62.84025991872631
ALB,Williams,42.0,0 days 00:01:24.874000,HARD,2.0,1,True,84.874,2024,Monza,R,33.1015037593985,49.31127819548872,0.0,23,Late,1:24.874,24.905660377358487,822.9056603773585,2,-0.007310704960833289,10.0,61.26741396572372
ALB,Williams,43.0,0 days 00:01:24.669000,HARD,2.0,1,True,84.669,2024,Monza,R,33.1015037593985,49.31127819548872,0.0,24,Late,1:24.669,22.830188679245282,820.8301886792453,2,0.09973890339425685,10.0,61.909711615854256
ALB,Williams,44.0,0 days 00:01:24.678000,HARD,2.0,1,True,84.678,2024,Monza,R,33.1015037593985,49.31127819548872,0.0,25,Late,1:24.678,20.754716981132077,818.7547169811321,2,0.09503916449086244,10.0,61.88151318243389
ALB,Williams,45.0,0 days 00:01:24.569000,HARD,2.0,1,True,84.569,2024,Monza,R,33.1015037593985,49.31127819548872,0.0,26,Late,1:24.569,18.679245283018872,816.6792452830189,2,0.15195822454307878,10.0,62.22302754274719
ALB,Williams,46.0,0 days 00:01:24.554000,HARD,2.0,1,True,84.554,2024,Monza,R,33.1015037593985,49.31127819548872,0.0,27,Late,1:24.554,16.603773584905667,814.6037735849056,2,0.1597911227154028,10.0,62.27002493178114
ALB,Williams,47.0,0 days 00:01:24.383000,HARD,2.0,1,True,84.383,2024,Monza,R,33.1015037593985,49.31127819548872,0.0,28,Late,1:24.383,14.528301886792448,812.5283018867924,2,0.24908616187989677,10.0,62.8057951667681
ALB,Williams,48.0,0 days 00:01:24.149000,HARD,2.0,1,True,84.149,2024,Monza,R,33.1015037593985,49.31127819548872,0.0,29,Late,1:24.149,12.452830188679243,810.4528301886793,2,0.3712793733681442,10.0,63.53895443569758
ALB,Williams,49.0,0 days 00:01:24.262000,HARD,2.0,1,True,84.262,2024,Monza,R,33.1015037593985,49.31127819548872,0.0,30,Late,1:24.262,10.377358490566039,808.377358490566,2,0.31227154046997235,10.0,63.18490743830855
ALB,Williams,50.0,0 days 00:01:23.956000,HARD,2.0,1,True,83.956,2024,Monza,R,33.1015037593985,49.31127819548872,0.0,31,Late,1:23.956,8.301886792452834,806.3018867924528,2,0.47206266318537515,10.0,64.14365417460097
ALB,Williams,51.0,0 days 00:01:23.921000,HARD,2.0,1,True,83.921,2024,Monza,R,33.1015037593985,49.31127819548872,0.0,32,Late,1:23.921,6.226415094339629,804.2264150943396,2,0.4903394255874621,10.0,64.2533147490135
ALB,Williams,52.0,0 days 00:01:23.955000,HARD,2.0,1,True,83.955,2024,Monza,R,33.1015037593985,49.31127819548872,0.0,33,Late,1:23.955,4.15094339622641,802.1509433962265,2,0.47258485639686587,10.0,64.14678733386991
ALB,Williams,53.0,0 days 00:01:23.918000,HARD,2.0,1,True,83.918,2024,Monza,R,33.1015037593985,49.31127819548872,0.0,34,Late,1:23.918,2.075471698113205,800.0754716981132,2,0.4919060052219269,10.0,64.26271422682028
ALO,Aston Martin,2.0,0 days 00:01:27.236000,MEDIUM,1.0,1,True,87.236,2024,Monza,R,33.1015037593985,49.31127819548872,0.0,0,Early,1:27.236,107.9245283018868,905.9245283018868,5,-1.0,0.0,48.31127819548872
ALO,Aston Martin,3.0,0 days 00:01:26.410000,MEDIUM,1.0,1,True,86.41,2024,Monza,R,33.1015037593985,49.31127819548872,0.0,1,Early,1:26.410,105.84905660377359,903.8490566037735,5,-0.8093994778067843,0.6,50.054881328648015
ALO,Aston Martin,4.0,0 days 00:01:26.411000,MEDIUM,1.0,1,True,86.411,2024,Monza,R,33.1015037593985,49.31127819548872,0.0,2,Early,1:26.411,103.77358490566037,901.7735849056604,5,-0.8099216710182752,1.2,50.65174816937907
ALO,Aston Martin,5.0,0 days 00:01:26.218000,MEDIUM,1.0,1,True,86.218,2024,Monza,R,33.1015037593985,49.31127819548872,0.0,3,Early,1:26.218,101.69811320754717,899.6981132075472,5,-0.7091383812010442,1.7999999999999998,51.85644790828245
ALO,Aston Martin,6.0,0 days 00:01:25.911000,MEDIUM,1.0,1,True,85.911,2024,Monza,R,33.1015037593985,49.31127819548872,0.0,4,Early,1:25.911,99.62264150943396,897.622641509434,5,-0.5488250652741506,2.4,53.418327803843816
ALO,Aston Martin,7.0,0 days 00:01:25.950000,MEDIUM,1.0,1,True,85.95,2024,Monza,R,33.1015037593985,49.31127819548872,0.0,5,Early,1:25.950,97.54716981132076,895.5471698113207,5,-0.5691906005221932,3.0,53.89613459235556
ALO,Aston Martin,8.0,0 days 00:01:25.693000,MEDIUM,1.0,1,True,85.693,2024,Monza,R,33.1015037593985,49.31127819548872,0.0,6,Early,1:25.693,95.47169811320755,893.4716981132076,5,-0.43498694516971054,3.5999999999999996,55.30135652447046
ALO,Aston Martin,9.0,0 days 00:01:25.969000,MEDIUM,1.0,1,True,85.969,2024,Monza,R,33.1015037593985,49.31127819548872,0.0,7,Early,1:25.969,93.39622641509433,891.3962264150944,5,-0.5791122715404653,4.2,55.03660456624593
ALO,Aston Martin,10.0,0 days 00:01:25.832000,MEDIUM,1.0,1,True,85.832,2024,Monza,R,33.1015037593985,49.31127819548872,0.0,8,Early,1:25.832,91.32075471698113,889.3207547169811,5,-0.507571801566575,4.8,56.06584738608927
ALO,Aston Martin,11.0,0 days 00:01:25.758000,MEDIUM,1.0,1,True,85.758,2024,Monza,R,33.1015037593985,49.31127819548872,0.0,9,Early,1:25.758,89.24528301886792,887.2452830188679,5,-0.46892950391644556,5.3999999999999995,56.89770117199004
ALO,Aston Martin,14.0,0 days 00:01:25.832000,HARD,2.0,1,True,85.832,2024,Monza,R,33.1015037593985,49.31127819548872,0.0,0,Early,1:25.832,83.01886792452831,881.0188679245283,2,-0.507571801566575,0.0,48.26584738608927
ALO,Aston Martin,15.0,0 days 00:01:24.670000,HARD,2.0,1,True,84.67,2024,Monza,R,33.1015037593985,49.31127819548872,0.0,1,Early,1:24.670,80.9433962264151,878.9433962264151,2,0.09921671018276611,0.6,52.506578456585316
ALO,Aston Martin,16.0,0 days 00:01:24.614000,HARD,2.0,1,True,84.614,2024,Monza,R,33.1015037593985,49.31127819548872,0.0,2,Early,1:24.614,78.86792452830188,876.8679245283018,2,0.1284595300261067,1.2,53.282035375645364
ALO,Aston Martin,17.0,0 days 00:01:24.574000,HARD,2.0,1,True,84.574,2024,Monza,R,33.1015037593985,49.31127819548872,0.0,3,Early,1:24.574,76.79245283018868,874.7924528301887,2,0.1493472584856399,1.7999999999999998,54.00736174640255
ALO,Aston Martin,18.0,0 days 00:01:24.882000,HARD,2.0,1,True,84.882,2024,Monza,R,33.1015037593985,49.31127819548872,0.0,4,Mid,1:24.882,74.71698113207547,872.7169811320755,2,-0.011488250652744387,2.4,53.64234869157225
ALO,Aston Martin,19.0,0 days 00:01:25.314000,HARD,2.0,1,True,85.314,2024,Monza,R,33.1015037593985,49.31127819548872,0.0,5,Mid,1:25.314,72.64150943396226,870.6415094339623,2,-0.23707571801566163,3.0,52.88882388739475
ALO,Aston Martin,20.0,0 days 00:01:25.676000,HARD,2.0,1,True,85.676,2024,Monza,R,33.1015037593985,49.31127819548872,0.0,6,Mid,1:25.676,70.56603773584905,868.566037735849,2,-0.42610966057441246,3.5999999999999996,52.354620232042244
ALO,Aston Martin,21.0,0 days 00:01:25.297000,HARD,2.0,1,True,85.297,2024,Monza,R,33.1015037593985,49.31127819548872,0.0,7,Mid,1:25.297,68.49056603773585,866.4905660377358,2,-0.22819843342036356,4.2,54.14208759496654
ALO,Aston Martin,22.0,0 days 00:01:25.451000,HARD,2.0,1,True,85.451,2024,Monza,R,33.1015037593985,49.31127819548872,0.0,8,Mid,1:25.451,66.41509433962264,864.4150943396227,2,-0.308616187989552,4.8,54.2595810675514
ALO,Aston Martin,23.0,0 days 00:01:25.017000,HARD,2.0,1,True,85.017,2024,Monza,R,33.1015037593985,49.31127819548872,0.0,9,Mid,1:25.017,64.33962264150944,862.3396226415094,2,-0.08198433420365324,5.3999999999999995,56.219372190266796
ALO,Aston Martin,24.0,0 days 00:01:24.588000,HARD,2.0,1,True,84.588,2024,Monza,R,33.1015037593985,49.31127819548872,0.0,10,Mid,1:24.588,62.264150943396224,860.2641509433962,2,0.14203655352480662,6.0,58.163497516637555
ALO,Aston Martin,25.0,0 days 00:01:24.504000,HARD,2.0,1,True,84.504,2024,Monza,R,33.1015037593985,49.31127819548872,0.0,11,Mid,1:24.504,60.18867924528302,858.188679245283,2,0.18590078328981377,6.6,59.0266828952276
ALO,Aston Martin,26.0,0 days 00:01:24.937000,HARD,2.0,1,True,84.937,2024,Monza,R,33.1015037593985,49.31127819548872,0.0,12,Mid,1:24.937,58.113207547169814,856.1132075471698,2,-0.04020887728459422,7.199999999999999,58.27002493178115
ALO,Aston Martin,27.0,0 days 00:01:24.891000,HARD,2.0,1,True,84.891,2024,Monza,R,33.1015037593985,49.31127819548872,0.0,13,Mid,1:24.891,56.0377358490566,854.0377358490566,2,-0.016187989556138805,7.8,59.01415025815188
ALO,Aston Martin,28.0,0 days 00:01:24.725000,HARD,2.0,1,True,84.725,2024,Monza,R,33.1015037593985,49.31127819548872,0.0,14,Mid,1:24.725,53.9622641509434,851.9622641509434,2,0.07049608355091629,8.4,60.134254696794216
ALO,Aston Martin,29.0,0 days 00:01:25.011000,HARD,2.0,1,True,85.011,2024,Monza,R,33.1015037593985,49.31127819548872,0.0,15,Mid,1:25.011,51.88679245283019,849.8867924528302,2,-0.07885117493472363,9.0,59.838171145880374
ALO,Aston Martin,30.0,0 days 00:01:25.039000,HARD,2.0,1,True,85.039,2024,Monza,R,33.1015037593985,49.31127819548872,0.0,16,Mid,1:25.039,49.81132075471698,847.811320754717,2,-0.09347258485639763,9.6,60.350442686350334
ALO,Aston Martin,31.0,0 days 00:01:25.128000,HARD,2.0,1,True,85.128,2024,Monza,R,33.1015037593985,49.31127819548872,0.0,17,Mid,1:25.128,47.735849056603776,845.7358490566038,2,-0.13994778067885108,10.0,60.47159151141561
ALO,Aston Martin,32.0,0 days 00:01:25.099000,HARD,2.0,1,True,85.099,2024,Monza,R,33.1015037593985,49.31127819548872,0.0,18,Mid,1:25.099,45.660377358490564,843.6603773584906,2,-0.12480417754569376,10.0,60.56245313021456
ALO,Aston Martin,33.0,0 days 00:01:25.289000,HARD,2.0,1,True,85.289,2024,Monza,R,33.1015037593985,49.31127819548872,0.0,19,Mid,1:25.289,43.58490566037736,841.5849056603773,2,-0.22402088772845988,10.0,59.96715286911796
ALO,Aston Martin,34.0,0 days 00:01:25.083000,HARD,2.0,1,True,85.083,2024,Monza,R,33.1015037593985,49.31127819548872,0.0,20,Mid,1:25.083,41.509433962264154,839.5094339622642,2,-0.11644908616187898,10.0,60.612583678517446
ALO,Aston Martin,37.0,0 days 00:01:23.703000,HARD,3.0,1,True,83.703,2024,Monza,R,33.1015037593985,49.31127819548872,0.0,0,Late,1:23.703,35.283018867924525,833.2830188679245,2,0.6041775456919022,0.0,54.93634346964013
ALO,Aston Martin,38.0,0 days 00:01:23.847000,HARD,3.0,1,True,83.847,2024,Monza,R,33.1015037593985,49.31127819548872,0.0,1,Late,1:23.847,33.20754716981132,831.2075471698113,2,0.528981723237599,0.6,55.08516853491432
ALO,Aston Martin,39.0,0 days 00:01:23.770000,HARD,3.0,1,True,83.77,2024,Monza,R,33.1015037593985,49.31127819548872,0.0,2,Late,1:23.770,31.132075471698116,829.1320754716982,2,0.5691906005221932,1.2,55.92642179862188
ALO,Aston Martin,40.0,0 days 00:01:23.683000,HARD,3.0,1,True,83.683,2024,Monza,R,33.1015037593985,49.31127819548872,0.0,3,Late,1:23.683,29.05660377358491,827.0566037735849,2,0.6146214099216651,1.7999999999999998,56.79900665501871
ALO,Aston Martin,41.0,0 days 00:01:23.822000,HARD,3.0,1,True,83.822,2024,Monza,R,33.1015037593985,49.31127819548872,0.0,4,Late,1:23.822,26.98113207547169,824.9811320754717,2,0.5420365535248007,2.4,56.963497516637524
ALO,Aston Martin,42.0,0 days 00:01:23.637000,HARD,3.0,1,True,83.637,2024,Monza,R,33.1015037593985,49.31127819548872,0.0,5,Late,1:23.637,24.905660377358487,822.9056603773585,2,0.6386422976501279,3.0,58.14313198138949
ALO,Aston Martin,43.0,0 days 00:01:23.681000,HARD,3.0,1,True,83.681,2024,Monza,R,33.1015037593985,49.31127819548872,0.0,6,Late,1:23.681,22.830188679245282,820.8301886792453,2,0.6156657963446466,3.5999999999999996,58.6052729735566
ALO,Aston Martin,44.0,0 days 00:01:23.529000,HARD,3.0,1,True,83.529,2024,Monza,R,33.1015037593985,49.31127819548872,0.0,7,Late,1:23.529,20.754716981132077,818.7547169811321,2,0.695039164490861,4.2,59.68151318243389
ALO,Aston Martin,45.0,0 days 00:01:23.484000,HARD,3.0,1,True,83.484,2024,Monza,R,33.1015037593985,49.31127819548872,0.0,8,Late,1:23.484,18.679245283018872,816.6792452830189,2,0.7185378590078331,4.8,60.42250534953571
ALO,Aston Martin,46.0,0 days 00:01:22.944000,HARD,3.0,1,True,82.944,2024,Monza,R,33.1015037593985,49.31127819548872,0.0,9,Late,1:22.944,16.603773584905667,814.6037735849056,2,1.0,5.3999999999999995,62.71127819548872
ALO,Aston Martin,47.0,0 days 00:01:23.221000,HARD,3.0,1,True,83.221,2024,Monza,R,33.1015037593985,49.31127819548872,0.0,10,Late,1:23.221,14.528301886792448,812.5283018867924,2,0.8558746736292379,6.0,62.446526237264145
ALO,Aston Martin,48.0,0 days 00:01:23.245000,HARD,3.0,1,True,83.245,2024,Monza,R,33.1015037593985,49.31127819548872,0.0,11,Late,1:23.245,12.452830188679243,810.4528301886793,2,0.8433420365535194,6.6,62.971330414809835
ALO,Aston Martin,49.0,0 days 00:01:23.525000,HARD,3.0,1,True,83.525,2024,Monza,R,33.1015037593985,49.31127819548872,0.0,12,Late,1:23.525,10.377358490566039,808.377358490566,2,0.6971279373368091,7.199999999999999,62.69404581950957
ALO,Aston Martin,50.0,0 days 00:01:23.511000,HARD,3.0,1,True,83.511,2024,Monza,R,33.1015037593985,49.31127819548872,0.0,13,Late,1:23.511,8.301886792452834,806.3018867924528,2,0.7044386422976497,7.8,63.33791004927461
ALO,Aston Martin,51.0,0 days 00:01:23.468000,HARD,3.0,1,True,83.468,2024,Monza,R,33.1015037593985,49.31127819548872,0.0,14,Late,1:23.468,6.226415094339629,804.2264150943396,2,0.7268929503916404,8.4,64.07263589783855
ALO,Aston Martin,52.0,0 days 00:01:23.761000,HARD,3.0,1,True,83.761,2024,Monza,R,33.1015037593985,49.31127819548872,0.0,15,Late,1:23.761,4.15094339622641,802.1509433962265,2,0.5738903394255875,9.0,63.75462023204224
ALO,Aston Martin,53.0,0 days 00:01:23.686000,HARD,3.0,1,True,83.686,2024,Monza,R,33.1015037593985,49.31127819548872,0.0,16,Late,1:23.686,2.075471698113205,800.0754716981132,2,0.6130548302872003,9.6,64.58960717721192
BOT,Kick Sauber,2.0,0 days 00:01:28.377000,HARD,1.0,1,True,88.377,2024,Monza,R,33.1015037593985,49.31127819548872,0.0,0,Early,1:28.377,107.9245283018868,905.9245283018868,2,-1.0,0.0,45.31127819548872
BOT,Kick Sauber,3.0,0 days 00:01:26.918000,HARD,1.0,1,True,86.918,2024,Monza,R,33.1015037593985,49.31127819548872,0.0,1,Early,1:26.918,105.84905660377359,903.8490566037735,2,-1.0,0.6,45.91127819548872
BOT,Kick Sauber,4.0,0 days 00:01:26.324000,HARD,1.0,1,True,86.324,2024,Monza,R,33.1015037593985,49.31127819548872,0.0,2,Early,1:26.324,103.77358490566037,901.7735849056604,2,-0.7644908616187958,1.2,47.924333025775944
BOT,Kick Sauber,5.0,0 days 00:01:28.242000,HARD,1.0,1,True,88.242,2024,Monza,R,33.1015037593985,49.31127819548872,0.0,3,Early,1:28.242,101.69811320754717,899.6981132075472,2,-1.0,1.7999999999999998,47.111278195488715
BOT,Kick Sauber,6.0,0 days 00:01:26.499000,HARD,1.0,1,True,86.499,2024,Monza,R,33.1015037593985,49.31127819548872,0.0,4,Early,1:26.499,99.62264150943396,897.622641509434,2,-0.8558746736292379,2.4,48.57603015371329
BOT,Kick Sauber,7.0,0 days 00:01:26.359000,HARD,1.0,1,True,86.359,2024,Monza,R,33.1015037593985,49.31127819548872,0.0,5,Early,1:26.359,97.54716981132076,895.5471698113207,2,-0.7827676240208826,3.0,49.614672451363425
BOT,Kick Sauber,8.0,0 days 00:01:26.206000,HARD,1.0,1,True,86.206,2024,Monza,R,33.1015037593985,49.31127819548872,0.0,6,Early,1:26.206,95.47169811320755,893.4716981132076,2,-0.702872062663185,3.5999999999999996,50.69404581950961
BOT,Kick Sauber,9.0,0 days 00:01:26.188000,HARD,1.0,1,True,86.188,2024,Monza,R,33.1015037593985,49.31127819548872,0.0,7,Early,1:26.188,93.39622641509433,891.3962264150944,2,-0.6934725848563962,4.2,51.35044268635034
BOT,Kick Sauber,10.0,0 days 00:01:26.118000,HARD,1.0,1,True,86.118,2024,Monza,R,33.1015037593985,49.31127819548872,0.0,8,Early,1:26.118,91.32075471698113,889.3207547169811,2,-0.6569190600522149,4.8,52.169763835175424
BOT,Kick Sauber,11.0,0 days 00:01:26.470000,HARD,1.0,1,True,86.47,2024,Monza,R,33.1015037593985,49.31127819548872,0.0,9,Early,1:26.470,89.24528301886792,887.2452830188679,2,-0.8407310704960805,5.3999999999999995,51.66689177251223
BOT,Kick Sauber,12.0,0 days 00:01:26.207000,HARD,1.0,1,True,86.207,2024,Monza,R,33.1015037593985,49.31127819548872,0.0,10,Early,1:26.207,87.16981132075472,885.1698113207547,2,-0.7033942558746683,6.0,53.09091266024071
BOT,Kick Sauber,13.0,0 days 00:01:26.349000,HARD,1.0,1,True,86.349,2024,Monza,R,33.1015037593985,49.31127819548872,0.0,11,Early,1:26.349,85.09433962264151,883.0943396226415,2,-0.777545691906005,6.6,53.24600404405269
BOT,Kick Sauber,14.0,0 days 00:01:26.481000,HARD,1.0,1,True,86.481,2024,Monza,R,33.1015037593985,49.31127819548872,0.0,12,Early,1:26.481,83.01886792452831,881.0188679245283,2,-0.846475195822449,7.199999999999999,53.432427020554016
BOT,Kick Sauber,15.0,0 days 00:01:26.790000,HARD,1.0,1,True,86.79,2024,Monza,R,33.1015037593985,49.31127819548872,0.0,13,Early,1:26.790,80.9433962264151,878.9433962264151,2,-1.0,7.8,53.111278195488715
BOT,Kick Sauber,16.0,0 days 00:01:26.569000,HARD,1.0,1,True,86.569,2024,Monza,R,33.1015037593985,49.31127819548872,0.0,14,Early,1:26.569,78.86792452830188,876.8679245283018,2,-0.8924281984334191,8.4,54.3567090048882
BOT,Kick Sauber,17.0,0 days 00:01:26.396000,HARD,1.0,1,True,86.396,2024,Monza,R,33.1015037593985,49.31127819548872,0.0,15,Early,1:26.396,76.79245283018868,874.7924528301887,2,-0.8020887728459511,9.0,55.49874555841301
BOT,Kick Sauber,18.0,0 days 00:01:26.359000,HARD,1.0,1,True,86.359,2024,Monza,R,33.1015037593985,49.31127819548872,0.0,16,Mid,1:26.359,74.71698113207547,872.7169811320755,2,-0.7827676240208826,9.6,56.21467245136343
BOT,Kick Sauber,19.0,0 days 00:01:26.456000,HARD,1.0,1,True,86.456,2024,Monza,R,33.1015037593985,49.31127819548872,0.0,17,Mid,1:26.456,72.64150943396226,870.6415094339623,2,-0.8334203655352472,10.0,56.31075600227724
BOT,Kick Sauber,20.0,0 days 00:01:26.803000,HARD,1.0,1,True,86.803,2024,Monza,R,33.1015037593985,49.31127819548872,0.0,18,Mid,1:26.803,70.56603773584905,868.566037735849,2,-1.0,10.0,55.31127819548872
BOT,Kick Sauber,21.0,0 days 00:01:27.230000,HARD,1.0,1,True,87.23,2024,Monza,R,33.1015037593985,49.31127819548872,0.0,19,Mid,1:27.230,68.49056603773585,866.4905660377358,2,-1.0,10.0,55.31127819548872
BOT,Kick Sauber,22.0,0 days 00:01:27.404000,HARD,1.0,1,True,87.404,2024,Monza,R,33.1015037593985,49.31127819548872,0.0,20,Mid,1:27.404,66.41509433962264,864.4150943396227,2,-1.0,10.0,55.31127819548872
BOT,Kick Sauber,23.0,0 days 00:01:26.943000,HARD,1.0,1,True,86.943,2024,Monza,R,33.1015037593985,49.31127819548872,0.0,21,Mid,1:26.943,64.33962264150944,862.3396226415094,2,-1.0,10.0,55.31127819548872
BOT,Kick Sauber,24.0,0 days 00:01:26.542000,HARD,1.0,1,True,86.542,2024,Monza,R,33.1015037593985,49.31127819548872,0.0,22,Mid,1:26.542,62.264150943396224,860.2641509433962,2,-0.8783289817232358,10.0,56.0413043051493
BOT,Kick Sauber,25.0,0 days 00:01:26.863000,HARD,1.0,1,True,86.863,2024,Monza,R,33.1015037593985,49.31127819548872,0.0,23,Mid,1:26.863,60.18867924528302,858.188679245283,2,-1.0,10.0,55.31127819548872
BOT,Kick Sauber,26.0,0 days 00:01:26.885000,HARD,1.0,1,True,86.885,2024,Monza,R,33.1015037593985,49.31127819548872,0.0,24,Mid,1:26.885,58.113207547169814,856.1132075471698,2,-1.0,10.0,55.31127819548872
BOT,Kick Sauber,27.0,0 days 00:01:26.309000,HARD,1.0,1,True,86.309,2024,Monza,R,33.1015037593985,49.31127819548872,0.0,25,Mid,1:26.309,56.0377358490566,854.0377358490566,2,-0.7566579634464717,10.0,56.77133041480989
BOT,Kick Sauber,28.0,0 days 00:01:25.804000,HARD,1.0,1,True,85.804,2024,Monza,R,33.1015037593985,49.31127819548872,0.0,26,Mid,1:25.804,53.9622641509434,851.9622641509434,2,-0.4929503916449084,10.0,58.35357584561927
BOT,Kick Sauber,29.0,0 days 00:01:26.827000,HARD,1.0,1,True,86.827,2024,Monza,R,33.1015037593985,49.31127819548872,0.0,27,Mid,1:26.827,51.88679245283019,849.8867924528302,2,-1.0,10.0,55.31127819548872
BOT,Kick Sauber,30.0,0 days 00:01:26.022000,HARD,1.0,1,True,86.022,2024,Monza,R,33.1015037593985,49.31127819548872,0.0,28,Mid,1:26.022,49.81132075471698,847.811320754717,2,-0.6067885117493484,10.0,57.67054712499263
BOT,Kick Sauber,31.0,0 days 00:01:26.004000,HARD,1.0,1,True,86.004,2024,Monza,R,33.1015037593985,49.31127819548872,0.0,29,Mid,1:26.004,47.735849056603776,845.7358490566038,2,-0.5973890339425596,10.0,57.72694399183336
BOT,Kick Sauber,32.0,0 days 00:01:27.859000,HARD,1.0,1,True,87.859,2024,Monza,R,33.1015037593985,49.31127819548872,0.0,30,Mid,1:27.859,45.660377358490564,843.6603773584906,2,-1.0,10.0,55.31127819548872
BOT,Kick Sauber,35.0,0 days 00:01:25.336000,MEDIUM,2.0,1,True,85.336,2024,Monza,R,33.1015037593985,49.31127819548872,0.0,0,Mid,1:25.336,39.43396226415095,837.433962264151,5,-0.24856396866840602,0.0,52.819894383478285
BOT,Kick Sauber,36.0,0 days 00:01:25.114000,MEDIUM,2.0,1,True,85.114,2024,Monza,R,33.1015037593985,49.31127819548872,0.0,1,Late,1:25.114,37.35849056603773,835.3584905660377,5,-0.13263707571801778,0.6,54.11545574118061
BOT,Kick Sauber,37.0,0 days 00:01:25.213000,MEDIUM,2.0,1,True,85.213,2024,Monza,R,33.1015037593985,49.31127819548872,0.0,2,Late,1:25.213,35.283018867924525,833.2830188679245,5,-0.18433420365534897,1.2,54.40527297355663
BOT,Kick Sauber,38.0,0 days 00:01:26.704000,MEDIUM,2.0,1,True,86.704,2024,Monza,R,33.1015037593985,49.31127819548872,0.0,3,Late,1:26.704,33.20754716981132,831.2075471698113,5,-0.962924281984328,1.7999999999999998,50.333732503582745
BOT,Kick Sauber,39.0,0 days 00:01:25.081000,MEDIUM,2.0,1,True,85.081,2024,Monza,R,33.1015037593985,49.31127819548872,0.0,4,Late,1:25.081,31.132075471698116,829.1320754716982,5,-0.11540469973890492,2.4,56.018849997055284
BOT,Kick Sauber,40.0,0 days 00:01:25.160000,MEDIUM,2.0,1,True,85.16,2024,Monza,R,33.1015037593985,49.31127819548872,0.0,5,Late,1:25.160,29.05660377358491,827.0566037735849,5,-0.1566579634464732,3.0,56.371330414809876
BOT,Kick Sauber,41.0,0 days 00:01:26.310000,MEDIUM,2.0,1,True,86.31,2024,Monza,R,33.1015037593985,49.31127819548872,0.0,6,Late,1:26.310,26.98113207547169,824.9811320754717,5,-0.7571801566579625,3.5999999999999996,53.36819725554095
BOT,Kick Sauber,42.0,0 days 00:01:26.036000,MEDIUM,2.0,1,True,86.036,2024,Monza,R,33.1015037593985,49.31127819548872,0.0,7,Late,1:26.036,24.905660377358487,822.9056603773585,5,-0.6140992167101818,4.2,54.826682895227634
BOT,Kick Sauber,43.0,0 days 00:01:24.637000,MEDIUM,2.0,1,True,84.637,2024,Monza,R,33.1015037593985,49.31127819548872,0.0,8,Late,1:24.637,22.830188679245282,820.8301886792453,5,0.11644908616187898,4.8,59.80997271245999
BOT,Kick Sauber,44.0,0 days 00:01:24.792000,MEDIUM,2.0,1,True,84.792,2024,Monza,R,33.1015037593985,49.31127819548872,0.0,9,Late,1:24.792,20.754716981132077,818.7547169811321,5,0.035509138381199803,5.3999999999999995,59.924333025775915
BOT,Kick Sauber,45.0,0 days 00:01:24.588000,MEDIUM,2.0,1,True,84.588,2024,Monza,R,33.1015037593985,49.31127819548872,0.0,10,Late,1:24.588,18.679245283018872,816.6792452830189,5,0.14203655352480662,6.0,61.163497516637555
BOT,Kick Sauber,46.0,0 days 00:01:24.358000,MEDIUM,2.0,1,True,84.358,2024,Monza,R,33.1015037593985,49.31127819548872,0.0,11,Late,1:24.358,16.603773584905667,814.6037735849056,5,0.2621409921670985,6.6,62.48412414849131
BOT,Kick Sauber,47.0,0 days 00:01:24.089000,MEDIUM,2.0,1,True,84.089,2024,Monza,R,33.1015037593985,49.31127819548872,0.0,12,Late,1:24.089,14.528301886792448,812.5283018867924,5,0.40261096605744034,7.199999999999999,63.926943991833355
BOT,Kick Sauber,48.0,0 days 00:01:25.126000,MEDIUM,2.0,1,True,85.126,2024,Monza,R,33.1015037593985,49.31127819548872,0.0,13,Late,1:25.126,12.452830188679243,810.4528301886793,5,-0.138903394255877,7.8,61.277857829953454
BOT,Kick Sauber,49.0,0 days 00:01:23.885000,MEDIUM,2.0,1,True,83.885,2024,Monza,R,33.1015037593985,49.31127819548872,0.0,14,Late,1:23.885,10.377358490566039,808.377358490566,5,0.5091383812010397,8.4,65.76610848269496
BOT,Kick Sauber,50.0,0 days 00:01:24.357000,MEDIUM,2.0,1,True,84.357,2024,Monza,R,33.1015037593985,49.31127819548872,0.0,15,Late,1:24.357,8.301886792452834,806.3018867924528,5,0.2626631853785893,9.0,64.88725730776025
BOT,Kick Sauber,51.0,0 days 00:01:23.979000,MEDIUM,2.0,1,True,83.979,2024,Monza,R,33.1015037593985,49.31127819548872,0.0,16,Late,1:23.979,6.226415094339629,804.2264150943396,5,0.4600522193211474,9.6,66.6715915114156
BOT,Kick Sauber,52.0,0 days 00:01:23.609000,MEDIUM,2.0,1,True,83.609,2024,Monza,R,33.1015037593985,49.31127819548872,0.0,17,Late,1:23.609,4.15094339622641,802.1509433962265,5,0.653263707571802,10.0,68.23086044091953
COL,Williams,2.0,0 days 00:01:27.845000,MEDIUM,1.0,1,True,87.845,2024,Monza,R,33.1015037593985,49.31127819548872,0.0,0,Early,1:27.845,107.9245283018868,905.9245283018868,5,-1.0,0.0,48.31127819548872
COL,Williams,3.0,0 days 00:01:26.578000,MEDIUM,1.0,1,True,86.578,2024,Monza,R,33.1015037593985,49.31127819548872,0.0,1,Early,1:26.578,105.84905660377359,903.8490566037735,5,-0.8971279373368135,0.6,49.52851057146784
COL,Williams,4.0,0 days 00:01:26.250000,MEDIUM,1.0,1,True,86.25,2024,Monza,R,33.1015037593985,49.31127819548872,0.0,2,Early,1:26.250,103.77358490566037,901.7735849056604,5,-0.7258485639686664,1.2,51.156186811676726
COL,Williams,5.0,0 days 00:01:27.151000,MEDIUM,1.0,1,True,87.151,2024,Monza,R,33.1015037593985,49.31127819548872,0.0,3,Early,1:27.151,101.69811320754717,899.6981132075472,5,-1.0,1.7999999999999998,50.111278195488715
COL,Williams,6.0,0 days 00:01:26.057000,MEDIUM,1.0,1,True,86.057,2024,Monza,R,33.1015037593985,49.31127819548872,0.0,4,Early,1:26.057,99.62264150943396,897.622641509434,5,-0.6250652741514354,2.4,52.960886550580106
COL,Williams,7.0,0 days 00:01:27.204000,MEDIUM,1.0,1,True,87.204,2024,Monza,R,33.1015037593985,49.31127819548872,0.0,5,Early,1:27.204,97.54716981132076,895.5471698113207,5,-1.0,3.0,51.31127819548872
COL,Williams,8.0,0 days 00:01:26.385000,MEDIUM,1.0,1,True,86.385,2024,Monza,R,33.1015037593985,49.31127819548872,0.0,6,Early,1:26.385,95.47169811320755,893.4716981132076,5,-0.7963446475195826,3.5999999999999996,53.133210310371226
COL,Williams,9.0,0 days 00:01:26.222000,MEDIUM,1.0,1,True,86.222,2024,Monza,R,33.1015037593985,49.31127819548872,0.0,7,Early,1:26.222,93.39622641509433,891.3962264150944,5,-0.7112271540469923,4.2,54.24391527120677
COL,Williams,10.0,0 days 00:01:26.289000,MEDIUM,1.0,1,True,86.289,2024,Monza,R,33.1015037593985,49.31127819548872,0.0,8,Early,1:26.289,91.32075471698113,889.3207547169811,5,-0.7462140992167088,4.8,54.63399360018846
COL,Williams,11.0,0 days 00:01:26.607000,MEDIUM,1.0,1,True,86.607,2024,Monza,R,33.1015037593985,49.31127819548872,0.0,9,Early,1:26.607,89.24528301886792,887.2452830188679,5,-0.9122715404699708,5.3999999999999995,54.23764895266889
COL,Williams,12.0,0 days 00:01:26.500000,MEDIUM,1.0,1,True,86.5,2024,Monza,R,33.1015037593985,49.31127819548872,0.0,10,Early,1:26.500,87.16981132075472,885.1698113207547,5,-0.8563968668407286,6.0,55.17289699444434
COL,Williams,13.0,0 days 00:01:26.410000,MEDIUM,1.0,1,True,86.41,2024,Monza,R,33.1015037593985,49.31127819548872,0.0,11,Early,1:26.410,85.09433962264151,883.0943396226415,5,-0.8093994778067843,6.6,56.054881328648015
COL,Williams,14.0,0 days 00:01:26.930000,MEDIUM,1.0,1,True,86.93,2024,Monza,R,33.1015037593985,49.31127819548872,0.0,12,Early,1:26.930,83.01886792452831,881.0188679245283,5,-1.0,7.199999999999999,55.511278195488714
COL,Williams,15.0,0 days 00:01:26.672000,MEDIUM,1.0,1,True,86.672,2024,Monza,R,33.1015037593985,49.31127819548872,0.0,13,Early,1:26.672,80.9433962264151,878.9433962264151,5,-0.9462140992167059,7.8,56.43399360018848
COL,Williams,18.0,0 days 00:01:24.485000,HARD,2.0,1,True,84.485,2024,Monza,R,33.1015037593985,49.31127819548872,0.0,0,Mid,1:24.485,74.71698113207547,872.7169811320755,2,0.19582245430809336,0.0,52.48621292133728
COL,Williams,19.0,0 days 00:01:24.928000,HARD,2.0,1,True,84.928,2024,Monza,R,33.1015037593985,49.31127819548872,0.0,1,Mid,1:24.928,72.64150943396226,870.6415094339623,2,-0.035509138381199803,0.6,51.69822336520152
COL,Williams,20.0,0 days 00:01:25.148000,HARD,2.0,1,True,85.148,2024,Monza,R,33.1015037593985,49.31127819548872,0.0,2,Mid,1:25.148,70.56603773584905,868.566037735849,2,-0.15039164490861398,1.2,51.60892832603704
COL,Williams,21.0,0 days 00:01:24.784000,HARD,2.0,1,True,84.784,2024,Monza,R,33.1015037593985,49.31127819548872,0.0,3,Mid,1:24.784,68.49056603773585,866.4905660377358,2,0.039686684073103475,1.7999999999999998,53.34939829992734
COL,Williams,22.0,0 days 00:01:24.852000,HARD,2.0,1,True,84.852,2024,Monza,R,33.1015037593985,49.31127819548872,0.0,4,Mid,1:24.852,66.41509433962264,864.4150943396227,2,0.004177545691903676,2.4,53.73634346964014
COL,Williams,23.0,0 days 00:01:24.649000,HARD,2.0,1,True,84.649,2024,Monza,R,33.1015037593985,49.31127819548872,0.0,5,Mid,1:24.649,64.33962264150944,862.3396226415094,2,0.11018276762401975,3.0,54.97237480123284
COL,Williams,24.0,0 days 00:01:24.635000,HARD,2.0,1,True,84.635,2024,Monza,R,33.1015037593985,49.31127819548872,0.0,6,Mid,1:24.635,62.264150943396224,860.2641509433962,2,0.11749347258485304,3.5999999999999996,55.61623903099784
COL,Williams,25.0,0 days 00:01:24.916000,HARD,2.0,1,True,84.916,2024,Monza,R,33.1015037593985,49.31127819548872,0.0,7,Mid,1:24.916,60.18867924528302,858.188679245283,2,-0.029242819843340574,4.2,55.335821276428675
COL,Williams,26.0,0 days 00:01:24.639000,HARD,2.0,1,True,84.639,2024,Monza,R,33.1015037593985,49.31127819548872,0.0,8,Mid,1:24.639,58.113207547169814,856.1132075471698,2,0.11540469973890492,4.8,56.80370639392215
COL,Williams,27.0,0 days 00:01:24.497000,HARD,2.0,1,True,84.497,2024,Monza,R,33.1015037593985,49.31127819548872,0.0,9,Mid,1:24.497,56.0377358490566,854.0377358490566,2,0.18955613577023414,5.3999999999999995,57.84861501011012
COL,Williams,28.0,0 days 00:01:25.005000,HARD,2.0,1,True,85.005,2024,Monza,R,33.1015037593985,49.31127819548872,0.0,10,Mid,1:25.005,53.9622641509434,851.9622641509434,2,-0.07571801566579402,6.0,56.85697010149396
COL,Williams,29.0,0 days 00:01:25.634000,HARD,2.0,1,True,85.634,2024,Monza,R,33.1015037593985,49.31127819548872,0.0,11,Mid,1:25.634,51.88679245283019,849.8867924528302,2,-0.40417754569190517,6.6,55.48621292133729
COL,Williams,30.0,0 days 00:01:25.412000,HARD,2.0,1,True,85.412,2024,Monza,R,33.1015037593985,49.31127819548872,0.0,12,Mid,1:25.412,49.81132075471698,847.811320754717,2,-0.2882506527415169,7.199999999999999,56.78177427903961
COL,Williams,31.0,0 days 00:01:25.586000,HARD,2.0,1,True,85.586,2024,Monza,R,33.1015037593985,49.31127819548872,0.0,13,Mid,1:25.586,47.735849056603776,845.7358490566038,2,-0.3791122715404683,7.8,56.8366045662459
COL,Williams,32.0,0 days 00:01:25.433000,HARD,2.0,1,True,85.433,2024,Monza,R,33.1015037593985,49.31127819548872,0.0,14,Mid,1:25.433,45.660377358490564,843.6603773584906,2,-0.2992167101827706,8.4,57.915977934392096
COL,Williams,33.0,0 days 00:01:24.868000,HARD,2.0,1,True,84.868,2024,Monza,R,33.1015037593985,49.31127819548872,0.0,15,Mid,1:24.868,43.58490566037736,841.5849056603773,2,-0.004177545691903676,9.0,60.286212921337295
COL,Williams,34.0,0 days 00:01:24.921000,HARD,2.0,1,True,84.921,2024,Monza,R,33.1015037593985,49.31127819548872,0.0,16,Mid,1:24.921,41.509433962264154,839.5094339622642,2,-0.031853785900786864,9.6,60.720155480083996
COL,Williams,35.0,0 days 00:01:24.798000,HARD,2.0,1,True,84.798,2024,Monza,R,33.1015037593985,49.31127819548872,0.0,17,Mid,1:24.798,39.43396226415095,837.433962264151,2,0.032375979112270185,10.0,61.50553407016234
COL,Williams,36.0,0 days 00:01:24.840000,HARD,2.0,1,True,84.84,2024,Monza,R,33.1015037593985,49.31127819548872,0.0,18,Late,1:24.840,37.35849056603773,835.3584905660377,2,0.0104438642297629,10.0,61.373941380867294
COL,Williams,37.0,0 days 00:01:25.345000,HARD,2.0,1,True,85.345,2024,Monza,R,33.1015037593985,49.31127819548872,0.0,19,Late,1:25.345,35.283018867924525,833.2830188679245,2,-0.25326370757180044,10.0,59.791695950057914
COL,Williams,38.0,0 days 00:01:25.194000,HARD,2.0,1,True,85.194,2024,Monza,R,33.1015037593985,49.31127819548872,0.0,20,Late,1:25.194,33.20754716981132,831.2075471698113,2,-0.17441253263707682,10.0,60.26480299966626
COL,Williams,39.0,0 days 00:01:25.128000,HARD,2.0,1,True,85.128,2024,Monza,R,33.1015037593985,49.31127819548872,0.0,21,Late,1:25.128,31.132075471698116,829.1320754716982,2,-0.13994778067885108,10.0,60.47159151141561
COL,Williams,40.0,0 days 00:01:25.147000,HARD,2.0,1,True,85.147,2024,Monza,R,33.1015037593985,49.31127819548872,0.0,22,Late,1:25.147,29.05660377358491,827.0566037735849,2,-0.14986945169713065,10.0,60.412061485305934
COL,Williams,41.0,0 days 00:01:24.801000,HARD,2.0,1,True,84.801,2024,Monza,R,33.1015037593985,49.31127819548872,0.0,23,Late,1:24.801,26.98113207547169,824.9811320754717,2,0.030809399477805383,10.0,61.49613459235555
COL,Williams,42.0,0 days 00:01:24.620000,HARD,2.0,1,True,84.62,2024,Monza,R,33.1015037593985,49.31127819548872,0.0,24,Late,1:24.620,24.905660377358487,822.9056603773585,2,0.12532637075717706,10.0,62.06323642003178
COL,Williams,43.0,0 days 00:01:25.979000,HARD,2.0,1,True,85.979,2024,Monza,R,33.1015037593985,49.31127819548872,0.0,25,Late,1:25.979,22.830188679245282,820.8301886792453,2,-0.5843342036553505,10.0,57.80527297355661
COL,Williams,44.0,0 days 00:01:25.161000,HARD,2.0,1,True,85.161,2024,Monza,R,33.1015037593985,49.31127819548872,0.0,26,Late,1:25.161,20.754716981132077,818.7547169811321,2,-0.15718015665796395,10.0,60.368197255540935
COL,Williams,45.0,0 days 00:01:24.812000,HARD,2.0,1,True,84.812,2024,Monza,R,33.1015037593985,49.31127819548872,0.0,27,Late,1:24.812,18.679245283018872,816.6792452830189,2,0.0250652741514369,10.0,61.46166984039734
COL,Williams,46.0,0 days 00:01:24.939000,HARD,2.0,1,True,84.939,2024,Monza,R,33.1015037593985,49.31127819548872,0.0,28,Late,1:24.939,16.603773584905667,814.6037735849056,2,-0.04125326370756828,10.0,61.06375861324331
COL,Williams,47.0,0 days 00:01:24.697000,HARD,2.0,1,True,84.697,2024,Monza,R,33.1015037593985,49.31127819548872,0.0,29,Late,1:24.697,14.528301886792448,812.5283018867924,2,0.08511749347258285,10.0,61.821983156324215
COL,Williams,48.0,0 days 00:01:24.538000,HARD,2.0,1,True,84.538,2024,Monza,R,33.1015037593985,49.31127819548872,0.0,30,Late,1:24.538,12.452830188679243,810.4528301886793,2,0.1681462140992176,10.0,62.320155480084026
COL,Williams,49.0,0 days 00:01:24.474000,HARD,2.0,1,True,84.474,2024,Monza,R,33.1015037593985,49.31127819548872,0.0,31,Late,1:24.474,10.377358490566039,808.377358490566,2,0.20156657963446184,10.0,62.52067767329549
COL,Williams,50.0,0 days 00:01:24.300000,HARD,2.0,1,True,84.3,2024,Monza,R,33.1015037593985,49.31127819548872,0.0,32,Late,1:24.300,8.301886792452834,806.3018867924528,2,0.2924281984334206,10.0,63.06584738608924
COL,Williams,51.0,0 days 00:01:24.186000,HARD,2.0,1,True,84.186,2024,Monza,R,33.1015037593985,49.31127819548872,0.0,33,Late,1:24.186,6.226415094339629,804.2264150943396,2,0.3519582245430758,10.0,63.42302754274717
COL,Williams,52.0,0 days 00:01:24.429000,HARD,2.0,1,True,84.429,2024,Monza,R,33.1015037593985,49.31127819548872,0.0,34,Late,1:24.429,4.15094339622641,802.1509433962265,2,0.22506527415143393,10.0,62.66166984039732
COL,Williams,53.0,0 days 00:01:23.728000,HARD,2.0,1,True,83.728,2024,Monza,R,33.1015037593985,49.31127819548872,0.0,35,Late,1:23.728,2.075471698113205,800.0754716981132,2,0.5911227154047004,10.0,64.85801448791692
GAS,Alpine,2.0,0 days 00:01:26.606000,MEDIUM,1.0,1,True,86.606,2024,Monza,R,33.1015037593985,49.31127819548872,0.0,0,Early,1:26.606,107.9245283018868,905.9245283018868,5,-0.9117493472584801,0.0,48.84078211193784
GAS,Alpine,3.0,0 days 00:01:26.646000,MEDIUM,1.0,1,True,86.646,2024,Monza,R,33.1015037593985,49.31127819548872,0.0,1,Early,1:26.646,105.84905660377359,903.8490566037735,5,-0.9326370757180134,0.6,49.31545574118064
GAS,Alpine,4.0,0 days 00:01:26.395000,MEDIUM,1.0,1,True,86.395,2024,Monza,R,33.1015037593985,49.31127819548872,0.0,2,Early,1:26.395,103.77358490566037,901.7735849056604,5,-0.8015665796344603,1.2,50.70187871768196
GAS,Alpine,5.0,0 days 00:01:26.361000,MEDIUM,1.0,1,True,86.361,2024,Monza,R,33.1015037593985,49.31127819548872,0.0,3,Early,1:26.361,101.69811320754717,899.6981132075472,5,-0.7838120104438642,1.7999999999999998,51.40840613282553
GAS,Alpine,6.0,0 days 00:01:26.042000,MEDIUM,1.0,1,True,86.042,2024,Monza,R,33.1015037593985,49.31127819548872,0.0,4,Early,1:26.042,99.62264150943396,897.622641509434,5,-0.6172323759791114,2.4,53.00788393961405
GAS,Alpine,7.0,0 days 00:01:25.820000,MEDIUM,1.0,1,True,85.82,2024,Monza,R,33.1015037593985,49.31127819548872,0.0,5,Early,1:25.820,97.54716981132076,895.5471698113207,5,-0.5013054830287157,3.0,54.30344529731642
GAS,Alpine,8.0,0 days 00:01:26.465000,MEDIUM,1.0,1,True,86.465,2024,Monza,R,33.1015037593985,49.31127819548872,0.0,6,Early,1:26.465,95.47169811320755,893.4716981132076,5,-0.8381201044386416,3.5999999999999996,52.88255756885687
GAS,Alpine,9.0,0 days 00:01:27.148000,MEDIUM,1.0,1,True,87.148,2024,Monza,R,33.1015037593985,49.31127819548872,0.0,7,Early,1:27.148,93.39622641509433,891.3962264150944,5,-1.0,4.2,52.51127819548872
GAS,Alpine,12.0,0 days 00:01:25.070000,HARD,2.0,1,True,85.07,2024,Monza,R,33.1015037593985,49.31127819548872,0.0,0,Early,1:25.070,87.16981132075472,885.1698113207547,2,-0.10966057441252901,0.0,50.653314749013546
GAS,Alpine,13.0,0 days 00:01:24.816000,HARD,2.0,1,True,84.816,2024,Monza,R,33.1015037593985,49.31127819548872,0.0,1,Early,1:24.816,85.09433962264151,883.0943396226415,2,0.022976501305481352,0.6,52.04913720332161
GAS,Alpine,14.0,0 days 00:01:25.214000,HARD,2.0,1,True,85.214,2024,Monza,R,33.1015037593985,49.31127819548872,0.0,2,Early,1:25.214,83.01886792452831,881.0188679245283,2,-0.18485639686683972,1.2,51.402139814287686
GAS,Alpine,15.0,0 days 00:01:25.529000,HARD,2.0,1,True,85.529,2024,Monza,R,33.1015037593985,49.31127819548872,0.0,3,Early,1:25.529,80.9433962264151,878.9433962264151,2,-0.34934725848563697,1.7999999999999998,51.01519464457489
GAS,Alpine,16.0,0 days 00:01:25.537000,HARD,2.0,1,True,85.537,2024,Monza,R,33.1015037593985,49.31127819548872,0.0,4,Early,1:25.537,78.86792452830188,876.8679245283018,2,-0.35352480417754806,2.4,51.590129370423426
GAS,Alpine,17.0,0 days 00:01:25.165000,HARD,2.0,1,True,85.165,2024,Monza,R,33.1015037593985,49.31127819548872,0.0,5,Early,1:25.165,76.79245283018868,874.7924528301887,2,-0.1592689295039195,3.0,53.3556646184652
GAS,Alpine,18.0,0 days 00:01:26.182000,HARD,2.0,1,True,86.182,2024,Monza,R,33.1015037593985,49.31127819548872,0.0,6,Mid,1:26.182,74.71698113207547,872.7169811320755,2,-0.6903394255874665,3.5999999999999996,50.76924164196392
GAS,Alpine,19.0,0 days 00:01:25.403000,HARD,2.0,1,True,85.403,2024,Monza,R,33.1015037593985,49.31127819548872,0.0,7,Mid,1:25.403,72.64150943396226,870.6415094339623,2,-0.2835509138381225,4.2,53.80997271245999
GAS,Alpine,20.0,0 days 00:01:25.058000,HARD,2.0,1,True,85.058,2024,Monza,R,33.1015037593985,49.31127819548872,0.0,8,Mid,1:25.058,70.56603773584905,868.566037735849,2,-0.10339425587467721,4.8,55.49091266024065
GAS,Alpine,21.0,0 days 00:01:24.878000,HARD,2.0,1,True,84.878,2024,Monza,R,33.1015037593985,49.31127819548872,0.0,9,Mid,1:24.878,68.49056603773585,866.4905660377358,2,-0.009399477806788837,5.3999999999999995,56.65488132864798
GAS,Alpine,22.0,0 days 00:01:25.105000,HARD,2.0,1,True,85.105,2024,Monza,R,33.1015037593985,49.31127819548872,0.0,10,Mid,1:25.105,66.41509433962264,864.4150943396227,2,-0.12793733681462335,6.0,56.54365417460098
GAS,Alpine,23.0,0 days 00:01:26.161000,HARD,2.0,1,True,86.161,2024,Monza,R,33.1015037593985,49.31127819548872,0.0,11,Mid,1:26.161,64.33962264150944,862.3396226415094,2,-0.6793733681462129,6.6,53.83503798661144
GAS,Alpine,24.0,0 days 00:01:25.882000,HARD,2.0,1,True,85.882,2024,Monza,R,33.1015037593985,49.31127819548872,0.0,12,Mid,1:25.882,62.264150943396224,860.2641509433962,2,-0.5336814621409933,7.199999999999999,55.30918942264275
GAS,Alpine,25.0,0 days 00:01:25.988000,HARD,2.0,1,True,85.988,2024,Monza,R,33.1015037593985,49.31127819548872,0.0,13,Mid,1:25.988,60.18867924528302,858.188679245283,2,-0.5890339425587449,7.8,55.577074540136245
GAS,Alpine,26.0,0 days 00:01:25.742000,HARD,2.0,1,True,85.742,2024,Monza,R,33.1015037593985,49.31127819548872,0.0,14,Mid,1:25.742,58.113207547169814,856.1132075471698,2,-0.4605744125326382,8.4,56.94783172029289
GAS,Alpine,27.0,0 days 00:01:27.191000,HARD,2.0,1,True,87.191,2024,Monza,R,33.1015037593985,49.31127819548872,0.0,15,Mid,1:27.191,56.0377358490566,854.0377358490566,2,-1.0,9.0,54.31127819548872
GAS,Alpine,28.0,0 days 00:01:25.823000,HARD,2.0,1,True,85.823,2024,Monza,R,33.1015037593985,49.31127819548872,0.0,16,Mid,1:25.823,53.9622641509434,851.9622641509434,2,-0.5028720626631805,9.6,57.894045819509635
GAS,Alpine,29.0,0 days 00:01:26.079000,HARD,2.0,1,True,86.079,2024,Monza,R,33.1015037593985,49.31127819548872,0.0,17,Mid,1:26.079,51.88679245283019,849.8867924528302,2,-0.6365535248041724,10.0,57.491957046663686
GAS,Alpine,32.0,0 days 00:01:24.423000,HARD,3.0,1,True,84.423,2024,Monza,R,33.1015037593985,49.31127819548872,0.0,0,Mid,1:24.423,45.660377358490564,843.6603773584906,2,0.22819843342036356,0.0,52.6804687960109
GAS,Alpine,33.0,0 days 00:01:24.252000,HARD,3.0,1,True,84.252,2024,Monza,R,33.1015037593985,49.31127819548872,0.0,1,Mid,1:24.252,43.58490566037736,841.5849056603773,2,0.3174934725848575,0.6,53.81623903099786
GAS,Alpine,34.0,0 days 00:01:24.383000,HARD,3.0,1,True,84.383,2024,Monza,R,33.1015037593985,49.31127819548872,0.0,2,Mid,1:24.383,41.509433962264154,839.5094339622642,2,0.24908616187989677,1.2,54.0057951667681
GAS,Alpine,35.0,0 days 00:01:24.822000,HARD,3.0,1,True,84.822,2024,Monza,R,33.1015037593985,49.31127819548872,0.0,3,Mid,1:24.822,39.43396226415095,837.433962264151,2,0.019843342036551737,1.7999999999999998,53.230338247708026
GAS,Alpine,36.0,0 days 00:01:25.591000,HARD,3.0,1,True,85.591,2024,Monza,R,33.1015037593985,49.31127819548872,0.0,4,Late,1:25.591,37.35849056603773,835.3584905660377,2,-0.3817232375979071,2.4,51.42093876990128
GAS,Alpine,37.0,0 days 00:01:24.386000,HARD,3.0,1,True,84.386,2024,Monza,R,33.1015037593985,49.31127819548872,0.0,5,Late,1:24.386,35.283018867924525,833.2830188679245,2,0.24751958224543197,3.0,55.79639568896131
GAS,Alpine,38.0,0 days 00:01:25.229000,HARD,3.0,1,True,85.229,2024,Monza,R,33.1015037593985,49.31127819548872,0.0,6,Late,1:25.229,33.20754716981132,831.2075471698113,2,-0.19268929503916374,3.5999999999999996,53.75514242525374
GAS,Alpine,39.0,0 days 00:01:24.591000,HARD,3.0,1,True,84.591,2024,Monza,R,33.1015037593985,49.31127819548872,0.0,7,Late,1:24.591,31.132075471698116,829.1320754716982,2,0.14046997389034183,4.2,56.35409803883077
GAS,Alpine,40.0,0 days 00:01:25.104000,HARD,3.0,1,True,85.104,2024,Monza,R,33.1015037593985,49.31127819548872,0.0,8,Late,1:25.104,29.05660377358491,827.0566037735849,2,-0.12741514360313264,4.8,55.34678733386992
GAS,Alpine,41.0,0 days 00:01:25.772000,HARD,3.0,1,True,85.772,2024,Monza,R,33.1015037593985,49.31127819548872,0.0,9,Late,1:25.772,26.98113207547169,824.9811320754717,2,-0.47624020887728624,5.3999999999999995,53.853836942225
GAS,Alpine,42.0,0 days 00:01:24.605000,HARD,3.0,1,True,84.605,2024,Monza,R,33.1015037593985,49.31127819548872,0.0,10,Late,1:24.605,24.905660377358487,822.9056603773585,2,0.1331592689295011,6.0,58.110233809065726
GAS,Alpine,43.0,0 days 00:01:25.142000,HARD,3.0,1,True,85.142,2024,Monza,R,33.1015037593985,49.31127819548872,0.0,11,Late,1:25.142,22.830188679245282,820.8301886792453,2,-0.14725848563968436,6.6,57.02772728165061
GAS,Alpine,44.0,0 days 00:01:26.175000,HARD,3.0,1,True,86.175,2024,Monza,R,33.1015037593985,49.31127819548872,0.0,12,Late,1:26.175,20.754716981132077,818.7547169811321,2,-0.6866840731070462,7.199999999999999,54.391173756846435
GAS,Alpine,45.0,0 days 00:01:25.425000,HARD,3.0,1,True,85.425,2024,Monza,R,33.1015037593985,49.31127819548872,0.0,13,Late,1:25.425,18.679245283018872,816.6792452830189,2,-0.2950391644908595,7.8,57.34104320854356
GAS,Alpine,46.0,0 days 00:01:24.403000,HARD,3.0,1,True,84.403,2024,Monza,R,33.1015037593985,49.31127819548872,0.0,14,Late,1:24.403,16.603773584905667,814.6037735849056,2,0.23864229765012646,8.4,61.14313198138947
GAS,Alpine,47.0,0 days 00:01:23.923000,HARD,3.0,1,True,83.923,2024,Monza,R,33.1015037593985,49.31127819548872,0.0,15,Late,1:23.923,14.528301886792448,812.5283018867924,2,0.489295039164488,9.0,63.247048430475644
GAS,Alpine,48.0,0 days 00:01:24.036000,HARD,3.0,1,True,84.036,2024,Monza,R,33.1015037593985,49.31127819548872,0.0,16,Late,1:24.036,12.452830188679243,810.4528301886793,2,0.4302872062663161,9.6,63.49300143308662
GAS,Alpine,49.0,0 days 00:01:23.852000,HARD,3.0,1,True,83.852,2024,Monza,R,33.1015037593985,49.31127819548872,0.0,17,Late,1:23.852,10.377358490566039,808.377358490566,2,0.5263707571801526,10.0,64.46950273856963
GAS,Alpine,50.0,0 days 00:01:24.077000,HARD,3.0,1,True,84.077,2024,Monza,R,33.1015037593985,49.31127819548872,0.0,18,Late,1:24.077,8.301886792452834,806.3018867924528,2,0.4088772845952996,10.0,63.76454190306052
GAS,Alpine,51.0,0 days 00:01:23.755000,HARD,3.0,1,True,83.755,2024,Monza,R,33.1015037593985,49.31127819548872,0.0,19,Late,1:23.755,6.226415094339629,804.2264150943396,2,0.5770234986945172,10.0,64.77341918765582
GAS,Alpine,52.0,0 days 00:01:23.973000,HARD,3.0,1,True,83.973,2024,Monza,R,33.1015037593985,49.31127819548872,0.0,20,Late,1:23.973,4.15094339622641,802.1509433962265,2,0.4631853785900771,10.0,64.09039046702918
HAM,Mercedes,2.0,0 days 00:01:26.043000,MEDIUM,1.0,1,True,86.043,2024,Monza,R,33.1015037593985,49.31127819548872,0.0,0,Early,1:26.043,107.9245283018868,905.9245283018868,5,-0.6177545691906021,0.0,50.60475078034511
HAM,Mercedes,3.0,0 days 00:01:25.630000,MEDIUM,1.0,1,True,85.63,2024,Monza,R,33.1015037593985,49.31127819548872,0.0,1,Early,1:25.630,105.84905660377359,903.8490566037735,5,-0.4020887728459496,0.6,52.49874555841302
HAM,Mercedes,4.0,0 days 00:01:25.722000,MEDIUM,1.0,1,True,85.722,2024,Monza,R,33.1015037593985,49.31127819548872,0.0,2,Early,1:25.722,103.77358490566037,901.7735849056604,5,-0.45013054830286786,1.2,52.81049490567151
HAM,Mercedes,5.0,0 days 00:01:24.771000,MEDIUM,1.0,1,True,84.771,2024,Monza,R,33.1015037593985,49.31127819548872,0.0,3,Early,1:24.771,101.69811320754717,899.6981132075472,5,0.04647519582245344,1.7999999999999998,56.39012937042344
HAM,Mercedes,6.0,0 days 00:01:24.919000,MEDIUM,1.0,1,True,84.919,2024,Monza,R,33.1015037593985,49.31127819548872,0.0,4,Early,1:24.919,99.62264150943396,897.622641509434,5,-0.030809399477805383,2.4,56.52642179862188
HAM,Mercedes,7.0,0 days 00:01:25.205000,MEDIUM,1.0,1,True,85.205,2024,Monza,R,33.1015037593985,49.31127819548872,0.0,5,Early,1:25.205,97.54716981132076,895.5471698113207,5,-0.1801566579634453,3.0,56.23033824770805
HAM,Mercedes,8.0,0 days 00:01:24.871000,MEDIUM,1.0,1,True,84.871,2024,Monza,R,33.1015037593985,49.31127819548872,0.0,6,Early,1:24.871,95.47169811320755,893.4716981132076,5,-0.005744125326368483,3.5999999999999996,57.87681344353051
HAM,Mercedes,9.0,0 days 00:01:25.035000,MEDIUM,1.0,1,True,85.035,2024,Monza,R,33.1015037593985,49.31127819548872,0.0,7,Early,1:25.035,93.39622641509433,891.3962264150944,5,-0.09138381201044209,4.2,57.96297532342607
HAM,Mercedes,10.0,0 days 00:01:24.909000,MEDIUM,1.0,1,True,84.909,2024,Monza,R,33.1015037593985,49.31127819548872,0.0,8,Early,1:24.909,91.32075471698113,889.3207547169811,5,-0.025587467362927642,4.8,58.95775339131115
HAM,Mercedes,11.0,0 days 00:01:24.938000,MEDIUM,1.0,1,True,84.938,2024,Monza,R,33.1015037593985,49.31127819548872,0.0,9,Early,1:24.938,89.24528301886792,887.2452830188679,5,-0.04073107049608496,5.3999999999999995,59.466891772512206
HAM,Mercedes,12.0,0 days 00:01:24.932000,MEDIUM,1.0,1,True,84.932,2024,Monza,R,33.1015037593985,49.31127819548872,0.0,10,Early,1:24.932,87.16981132075472,885.1698113207547,5,-0.03759791122715535,6.0,60.08569072812578
HAM,Mercedes,13.0,0 days 00:01:25.329000,MEDIUM,1.0,1,True,85.329,2024,Monza,R,33.1015037593985,49.31127819548872,0.0,11,Early,1:25.329,85.09433962264151,883.0943396226415,5,-0.24490861618798568,6.6,59.441826498360804
HAM,Mercedes,14.0,0 days 00:01:25.817000,MEDIUM,1.0,1,True,85.817,2024,Monza,R,33.1015037593985,49.31127819548872,0.0,12,Early,1:25.817,83.01886792452831,881.0188679245283,5,-0.4997389033942509,7.199999999999999,58.512844775123206
HAM,Mercedes,17.0,0 days 00:01:24.843000,HARD,2.0,1,True,84.843,2024,Monza,R,33.1015037593985,49.31127819548872,0.0,0,Early,1:24.843,76.79245283018868,874.7924528301887,2,0.008877284595298095,0.0,51.364541903060505
HAM,Mercedes,18.0,0 days 00:01:24.831000,HARD,2.0,1,True,84.831,2024,Monza,R,33.1015037593985,49.31127819548872,0.0,1,Mid,1:24.831,74.71698113207547,872.7169811320755,2,0.01514360313315732,0.6,52.002139814287666
HAM,Mercedes,19.0,0 days 00:01:24.649000,HARD,2.0,1,True,84.649,2024,Monza,R,33.1015037593985,49.31127819548872,0.0,2,Mid,1:24.649,72.64150943396226,870.6415094339623,2,0.11018276762401975,1.2,53.17237480123284
HAM,Mercedes,20.0,0 days 00:01:24.640000,HARD,2.0,1,True,84.64,2024,Monza,R,33.1015037593985,49.31127819548872,0.0,3,Mid,1:24.640,70.56603773584905,868.566037735849,2,0.11488250652741418,1.7999999999999998,53.8005732346532
HAM,Mercedes,21.0,0 days 00:01:24.915000,HARD,2.0,1,True,84.915,2024,Monza,R,33.1015037593985,49.31127819548872,0.0,4,Mid,1:24.915,68.49056603773585,866.4905660377358,2,-0.028720626631857253,2.4,53.538954435697576
HAM,Mercedes,22.0,0 days 00:01:24.613000,HARD,2.0,1,True,84.613,2024,Monza,R,33.1015037593985,49.31127819548872,0.0,5,Mid,1:24.613,66.41509433962264,864.4150943396227,2,0.12898172323759743,3.0,55.0851685349143
HAM,Mercedes,23.0,0 days 00:01:24.132000,HARD,2.0,1,True,84.132,2024,Monza,R,33.1015037593985,49.31127819548872,0.0,6,Mid,1:24.132,64.33962264150944,862.3396226415094,2,0.38015665796344233,3.5999999999999996,57.19221814326937
HAM,Mercedes,24.0,0 days 00:01:23.818000,HARD,2.0,1,True,83.818,2024,Monza,R,33.1015037593985,49.31127819548872,0.0,7,Mid,1:23.818,62.264150943396224,860.2641509433962,2,0.5441253263707563,4.2,58.77603015371326
HAM,Mercedes,25.0,0 days 00:01:23.804000,HARD,2.0,1,True,83.804,2024,Monza,R,33.1015037593985,49.31127819548872,0.0,8,Mid,1:23.804,60.18867924528302,858.188679245283,2,0.5514360313315895,4.8,59.41989438347825
HAM,Mercedes,26.0,0 days 00:01:23.673000,HARD,2.0,1,True,83.673,2024,Monza,R,33.1015037593985,49.31127819548872,0.0,9,Mid,1:23.673,58.113207547169814,856.1132075471698,2,0.6198433420365502,5.3999999999999995,60.43033824770802
HAM,Mercedes,27.0,0 days 00:01:23.495000,HARD,2.0,1,True,83.495,2024,Monza,R,33.1015037593985,49.31127819548872,0.0,10,Mid,1:23.495,56.0377358490566,854.0377358490566,2,0.7127937336814572,6.0,61.58804059757746
HAM,Mercedes,28.0,0 days 00:01:23.640000,HARD,2.0,1,True,83.64,2024,Monza,R,33.1015037593985,49.31127819548872,0.0,11,Mid,1:23.640,53.9622641509434,851.9622641509434,2,0.6370757180156631,6.6,61.7337325035827
HAM,Mercedes,29.0,0 days 00:01:23.507000,HARD,2.0,1,True,83.507,2024,Monza,R,33.1015037593985,49.31127819548872,0.0,12,Mid,1:23.507,51.88679245283019,849.8867924528302,2,0.706527415143598,7.199999999999999,62.750442686350304
HAM,Mercedes,30.0,0 days 00:01:23.445000,HARD,2.0,1,True,83.445,2024,Monza,R,33.1015037593985,49.31127819548872,0.0,13,Mid,1:23.445,49.81132075471698,847.811320754717,2,0.7389033942558755,7.8,63.54469856102397
HAM,Mercedes,31.0,0 days 00:01:23.360000,HARD,2.0,1,True,83.36,2024,Monza,R,33.1015037593985,49.31127819548872,0.0,14,Mid,1:23.360,47.735849056603776,845.7358490566038,2,0.7832898172323735,8.4,64.41101709888295
HAM,Mercedes,32.0,0 days 00:01:23.328000,HARD,2.0,1,True,83.328,2024,Monza,R,33.1015037593985,49.31127819548872,0.0,15,Mid,1:23.328,45.660377358490564,843.6603773584906,2,0.7999999999999955,9.0,65.1112781954887
HAM,Mercedes,33.0,0 days 00:01:23.397000,HARD,2.0,1,True,83.397,2024,Monza,R,33.1015037593985,49.31127819548872,0.0,16,Mid,1:23.397,43.58490566037736,841.5849056603773,2,0.763968668407305,9.6,65.49509020593256
HAM,Mercedes,34.0,0 days 00:01:23.531000,HARD,2.0,1,True,83.531,2024,Monza,R,33.1015037593985,49.31127819548872,0.0,17,Mid,1:23.531,41.509433962264154,839.5094339622642,2,0.6939947780678795,10.0,65.47524686389599
HAM,Mercedes,35.0,0 days 00:01:23.378000,HARD,2.0,1,True,83.378,2024,Monza,R,33.1015037593985,49.31127819548872,0.0,18,Mid,1:23.378,39.43396226415095,837.433962264151,2,0.7738903394255846,10.0,65.95462023204223
HAM,Mercedes,36.0,0 days 00:01:23.601000,HARD,2.0,1,True,83.601,2024,Monza,R,33.1015037593985,49.31127819548872,0.0,19,Late,1:23.601,37.35849056603773,835.3584905660377,2,0.6574412532637056,10.0,65.25592571507096
HAM,Mercedes,39.0,0 days 00:01:22.968000,HARD,3.0,1,True,82.968,2024,Monza,R,33.1015037593985,49.31127819548872,0.0,0,Late,1:22.968,31.132075471698116,829.1320754716982,2,0.9879895561357649,0.0,57.239215532303305
HAM,Mercedes,40.0,0 days 00:01:23.012000,HARD,3.0,1,True,83.012,2024,Monza,R,33.1015037593985,49.31127819548872,0.0,1,Late,1:23.012,29.05660377358491,827.0566037735849,2,0.9650130548302835,0.6,57.70135652447042
HAM,Mercedes,41.0,0 days 00:01:22.927000,HARD,3.0,1,True,82.927,2024,Monza,R,33.1015037593985,49.31127819548872,0.0,2,Late,1:22.927,26.98113207547169,824.9811320754717,2,1.0,1.2,58.51127819548872
HAM,Mercedes,42.0,0 days 00:01:22.520000,HARD,3.0,1,True,82.52,2024,Monza,R,33.1015037593985,49.31127819548872,0.0,3,Late,1:22.520,24.905660377358487,822.9056603773585,2,1.0,1.7999999999999998,59.111278195488715
HAM,Mercedes,43.0,0 days 00:01:22.396000,HARD,3.0,1,True,82.396,2024,Monza,R,33.1015037593985,49.31127819548872,0.0,4,Late,1:22.396,22.830188679245282,820.8301886792453,2,1.0,2.4,59.71127819548872
HAM,Mercedes,44.0,0 days 00:01:22.136000,HARD,3.0,1,True,82.136,2024,Monza,R,33.1015037593985,49.31127819548872,0.0,5,Late,1:22.136,20.754716981132077,818.7547169811321,2,1.0,3.0,60.31127819548872
HAM,Mercedes,45.0,0 days 00:01:22.176000,HARD,3.0,1,True,82.176,2024,Monza,R,33.1015037593985,49.31127819548872,0.0,6,Late,1:22.176,18.679245283018872,816.6792452830189,2,1.0,3.5999999999999996,60.91127819548872
HAM,Mercedes,46.0,0 days 00:01:22.307000,HARD,3.0,1,True,82.307,2024,Monza,R,33.1015037593985,49.31127819548872,0.0,7,Late,1:22.307,16.603773584905667,814.6037735849056,2,1.0,4.2,61.51127819548872
HAM,Mercedes,47.0,0 days 00:01:22.471000,HARD,3.0,1,True,82.471,2024,Monza,R,33.1015037593985,49.31127819548872,0.0,8,Late,1:22.471,14.528301886792448,812.5283018867924,2,1.0,4.8,62.111278195488715
HAM,Mercedes,48.0,0 days 00:01:22.794000,HARD,3.0,1,True,82.794,2024,Monza,R,33.1015037593985,49.31127819548872,0.0,9,Late,1:22.794,12.452830188679243,810.4528301886793,2,1.0,5.3999999999999995,62.71127819548872
HAM,Mercedes,49.0,0 days 00:01:22.446000,HARD,3.0,1,True,82.446,2024,Monza,R,33.1015037593985,49.31127819548872,0.0,10,Late,1:22.446,10.377358490566039,808.377358490566,2,1.0,6.0,63.31127819548872
HAM,Mercedes,50.0,0 days 00:01:22.243000,HARD,3.0,1,True,82.243,2024,Monza,R,33.1015037593985,49.31127819548872,0.0,11,Late,1:22.243,8.301886792452834,806.3018867924528,2,1.0,6.6,63.91127819548872
HAM,Mercedes,51.0,0 days 00:01:22.737000,HARD,3.0,1,True,82.737,2024,Monza,R,33.1015037593985,49.31127819548872,0.0,12,Late,1:22.737,6.226415094339629,804.2264150943396,2,1.0,7.199999999999999,64.51127819548871
HAM,Mercedes,52.0,0 days 00:01:25.703000,HARD,3.0,1,True,85.703,2024,Monza,R,33.1015037593985,49.31127819548872,0.0,13,Late,1:25.703,4.15094339622641,802.1509433962265,2,-0.4402088772845957,7.8,56.47002493178114
HAM,Mercedes,53.0,0 days 00:01:21.512000,HARD,3.0,1,True,81.512,2024,Monza,R,33.1015037593985,49.31127819548872,0.0,14,Late,1:21.512,2.075471698113205,800.0754716981132,2,1.0,8.4,65.71127819548872
HUL,Haas F1 Team,2.0,0 days 00:01:27.512000,MEDIUM,1.0,1,True,87.512,2024,Monza,R,33.1015037593985,49.31127819548872,0.0,0,Early,1:27.512,107.9245283018868,905.9245283018868,5,-1.0,0.0,48.31127819548872
HUL,Haas F1 Team,3.0,0 days 00:01:26.434000,MEDIUM,1.0,1,True,86.434,2024,Monza,R,33.1015037593985,49.31127819548872,0.0,1,Early,1:26.434,105.84905660377359,903.8490566037735,5,-0.8219321148825028,0.6,49.979685506193704
HUL,Haas F1 Team,4.0,0 days 00:01:26.541000,MEDIUM,1.0,1,True,86.541,2024,Monza,R,33.1015037593985,49.31127819548872,0.0,2,Early,1:26.541,103.77358490566037,901.7735849056604,5,-0.8778067885117451,1.2,50.244437464418255
HUL,Haas F1 Team,7.0,0 days 00:01:25.882000,HARD,2.0,1,True,85.882,2024,Monza,R,33.1015037593985,49.31127819548872,0.0,0,Early,1:25.882,97.54716981132076,895.5471698113207,2,-0.5336814621409933,0.0,48.10918942264276
HUL,Haas F1 Team,8.0,0 days 00:01:25.351000,HARD,2.0,1,True,85.351,2024,Monza,R,33.1015037593985,49.31127819548872,0.0,1,Early,1:25.351,95.47169811320755,893.4716981132076,2,-0.25639686684073004,0.6,50.37289699444434
HUL,Haas F1 Team,9.0,0 days 00:01:25.191000,HARD,2.0,1,True,85.191,2024,Monza,R,33.1015037593985,49.31127819548872,0.0,2,Early,1:25.191,93.39622641509433,891.3962264150944,2,-0.17284595300261202,1.2,51.47420247747305
HUL,Haas F1 Team,10.0,0 days 00:01:25.194000,HARD,2.0,1,True,85.194,2024,Monza,R,33.1015037593985,49.31127819548872,0.0,3,Early,1:25.194,91.32075471698113,889.3207547169811,2,-0.17441253263707682,1.7999999999999998,52.064802999666256
HUL,Haas F1 Team,11.0,0 days 00:01:25.322000,HARD,2.0,1,True,85.322,2024,Monza,R,33.1015037593985,49.31127819548872,0.0,4,Early,1:25.322,89.24528301886792,887.2452830188679,2,-0.24125326370757275,2.4,52.26375861324328
HUL,Haas F1 Team,12.0,0 days 00:01:25.166000,HARD,2.0,1,True,85.166,2024,Monza,R,33.1015037593985,49.31127819548872,0.0,5,Early,1:25.166,87.16981132075472,885.1698113207547,2,-0.1597911227154028,3.0,53.3525314591963
HUL,Haas F1 Team,13.0,0 days 00:01:24.983000,HARD,2.0,1,True,84.983,2024,Monza,R,33.1015037593985,49.31127819548872,0.0,6,Early,1:24.983,85.09433962264151,883.0943396226415,2,-0.06422976501305705,3.5999999999999996,54.52589960541038
HUL,Haas F1 Team,14.0,0 days 00:01:25.014000,HARD,2.0,1,True,85.014,2024,Monza,R,33.1015037593985,49.31127819548872,0.0,7,Early,1:25.014,83.01886792452831,881.0188679245283,2,-0.08041775456918844,4.2,55.02877166807359
HUL,Haas F1 Team,15.0,0 days 00:01:25.862000,HARD,2.0,1,True,85.862,2024,Monza,R,33.1015037593985,49.31127819548872,0.0,8,Early,1:25.862,80.9433962264151,878.9433962264151,2,-0.523237597911223,4.8,52.97185260802138
HUL,Haas F1 Team,16.0,0 days 00:01:25.017000,HARD,2.0,1,True,85.017,2024,Monza,R,33.1015037593985,49.31127819548872,0.0,9,Early,1:25.017,78.86792452830188,876.8679245283018,2,-0.08198433420365324,5.3999999999999995,56.219372190266796
HUL,Haas F1 Team,17.0,0 days 00:01:26.119000,HARD,2.0,1,True,86.119,2024,Monza,R,33.1015037593985,49.31127819548872,0.0,10,Early,1:26.119,76.79245283018868,874.7924528301887,2,-0.6574412532637056,6.0,53.366630675906485
HUL,Haas F1 Team,18.0,0 days 00:01:25.465000,HARD,2.0,1,True,85.465,2024,Monza,R,33.1015037593985,49.31127819548872,0.0,11,Mid,1:25.465,74.71698113207547,872.7169811320755,2,-0.31592689295039267,6.6,56.015716837786364
HUL,Haas F1 Team,19.0,0 days 00:01:25.326000,HARD,2.0,1,True,85.326,2024,Monza,R,33.1015037593985,49.31127819548872,0.0,12,Mid,1:25.326,72.64150943396226,870.6415094339623,2,-0.24334203655352085,7.199999999999999,57.051225976167586
HUL,Haas F1 Team,20.0,0 days 00:01:26.113000,HARD,2.0,1,True,86.113,2024,Monza,R,33.1015037593985,49.31127819548872,0.0,13,Mid,1:26.113,70.56603773584905,868.566037735849,2,-0.654308093994776,7.8,55.18542963152006
HUL,Haas F1 Team,21.0,0 days 00:01:25.735000,HARD,2.0,1,True,85.735,2024,Monza,R,33.1015037593985,49.31127819548872,0.0,14,Mid,1:25.735,68.49056603773585,866.4905660377358,2,-0.45691906005221783,8.4,56.969763835175414
HUL,Haas F1 Team,22.0,0 days 00:01:25.565000,HARD,2.0,1,True,85.565,2024,Monza,R,33.1015037593985,49.31127819548872,0.0,15,Mid,1:25.565,66.41509433962264,864.4150943396227,2,-0.3681462140992146,9.0,58.10240091089343
HUL,Haas F1 Team,23.0,0 days 00:01:25.632000,HARD,2.0,1,True,85.632,2024,Monza,R,33.1015037593985,49.31127819548872,0.0,16,Mid,1:25.632,64.33962264150944,862.3396226415094,2,-0.4031331592689311,9.6,58.49247923987513
HUL,Haas F1 Team,24.0,0 days 00:01:25.608000,HARD,2.0,1,True,85.608,2024,Monza,R,33.1015037593985,49.31127819548872,0.0,17,Mid,1:25.608,62.264150943396224,860.2641509433962,2,-0.3906005221932127,10.0,58.96767506232944
HUL,Haas F1 Team,25.0,0 days 00:01:25.716000,HARD,2.0,1,True,85.716,2024,Monza,R,33.1015037593985,49.31127819548872,0.0,18,Mid,1:25.716,60.18867924528302,858.188679245283,2,-0.44699738903393826,10.0,58.62929386128509
HUL,Haas F1 Team,26.0,0 days 00:01:25.506000,HARD,2.0,1,True,85.506,2024,Monza,R,33.1015037593985,49.31127819548872,0.0,19,Mid,1:25.506,58.113207547169814,856.1132075471698,2,-0.33733681462140924,10.0,59.287257307760264
HUL,Haas F1 Team,27.0,0 days 00:01:25.674000,HARD,2.0,1,True,85.674,2024,Monza,R,33.1015037593985,49.31127819548872,0.0,20,Mid,1:25.674,56.0377358490566,854.0377358490566,2,-0.4250652741514384,10.0,58.76088655058009
HUL,Haas F1 Team,28.0,0 days 00:01:25.430000,HARD,2.0,1,True,85.43,2024,Monza,R,33.1015037593985,49.31127819548872,0.0,21,Mid,1:25.430,53.9622641509434,851.9622641509434,2,-0.29765013054830575,10.0,59.525377412198885
HUL,Haas F1 Team,29.0,0 days 00:01:25.570000,HARD,2.0,1,True,85.57,2024,Monza,R,33.1015037593985,49.31127819548872,0.0,22,Mid,1:25.570,51.88679245283019,849.8867924528302,2,-0.3707571801566535,10.0,59.086735114548794
HUL,Haas F1 Team,30.0,0 days 00:01:25.628000,HARD,2.0,1,True,85.628,2024,Monza,R,33.1015037593985,49.31127819548872,0.0,23,Mid,1:25.628,49.81132075471698,847.811320754717,2,-0.4010443864229756,10.0,58.905011876950866
HUL,Haas F1 Team,31.0,0 days 00:01:25.142000,HARD,2.0,1,True,85.142,2024,Monza,R,33.1015037593985,49.31127819548872,0.0,24,Mid,1:25.142,47.735849056603776,845.7358490566038,2,-0.14725848563968436,10.0,60.42772728165061
HUL,Haas F1 Team,34.0,0 days 00:01:23.587000,HARD,3.0,1,True,83.587,2024,Monza,R,33.1015037593985,49.31127819548872,0.0,0,Mid,1:23.587,41.509433962264154,839.5094339622642,2,0.6647519582245389,0.0,55.29978994483595
HUL,Haas F1 Team,35.0,0 days 00:01:23.761000,HARD,3.0,1,True,83.761,2024,Monza,R,33.1015037593985,49.31127819548872,0.0,1,Mid,1:23.761,39.43396226415095,837.433962264151,2,0.5738903394255875,0.6,55.354620232042244
HUL,Haas F1 Team,36.0,0 days 00:01:23.772000,HARD,3.0,1,True,83.772,2024,Monza,R,33.1015037593985,49.31127819548872,0.0,2,Late,1:23.772,37.35849056603773,835.3584905660377,2,0.5681462140992116,1.2,55.92015548008399
HUL,Haas F1 Team,37.0,0 days 00:01:27.809000,HARD,3.0,1,True,87.809,2024,Monza,R,33.1015037593985,49.31127819548872,0.0,3,Late,1:27.809,35.283018867924525,833.2830188679245,2,-1.0,1.7999999999999998,47.111278195488715
HUL,Haas F1 Team,38.0,0 days 00:01:23.880000,HARD,3.0,1,True,83.88,2024,Monza,R,33.1015037593985,49.31127819548872,0.0,4,Late,1:23.880,33.20754716981132,831.2075471698113,2,0.5117493472584861,2.4,56.78177427903963
HUL,Haas F1 Team,39.0,0 days 00:01:24.019000,HARD,3.0,1,True,84.019,2024,Monza,R,33.1015037593985,49.31127819548872,0.0,5,Late,1:24.019,31.132075471698116,829.1320754716982,2,0.43916449086161424,3.0,56.946265140658404
HUL,Haas F1 Team,40.0,0 days 00:01:23.621000,HARD,3.0,1,True,83.621,2024,Monza,R,33.1015037593985,49.31127819548872,0.0,6,Late,1:23.621,29.05660377358491,827.0566037735849,2,0.6469973890339427,3.5999999999999996,58.79326252969238
HUL,Haas F1 Team,41.0,0 days 00:01:23.449000,HARD,3.0,1,True,83.449,2024,Monza,R,33.1015037593985,49.31127819548872,0.0,7,Late,1:23.449,26.98113207547169,824.9811320754717,2,0.7368146214099199,4.2,59.93216592394824
HUL,Haas F1 Team,42.0,0 days 00:01:23.624000,HARD,3.0,1,True,83.624,2024,Monza,R,33.1015037593985,49.31127819548872,0.0,8,Late,1:23.624,24.905660377358487,822.9056603773585,2,0.645430809399478,4.8,59.983863051885585
HUL,Haas F1 Team,43.0,0 days 00:01:23.591000,HARD,3.0,1,True,83.591,2024,Monza,R,33.1015037593985,49.31127819548872,0.0,9,Late,1:23.591,22.830188679245282,820.8301886792453,2,0.6626631853785908,5.3999999999999995,60.68725730776026
HUL,Haas F1 Team,44.0,0 days 00:01:23.275000,HARD,3.0,1,True,83.275,2024,Monza,R,33.1015037593985,49.31127819548872,0.0,10,Late,1:23.275,20.754716981132077,818.7547169811321,2,0.8276762402088713,6.0,62.277335636741945
HUL,Haas F1 Team,45.0,0 days 00:01:23.807000,HARD,3.0,1,True,83.807,2024,Monza,R,33.1015037593985,49.31127819548872,0.0,11,Late,1:23.807,18.679245283018872,816.6792452830189,2,0.5498694516971248,6.6,61.21049490567147
HUL,Haas F1 Team,46.0,0 days 00:01:24.107000,HARD,3.0,1,True,84.107,2024,Monza,R,33.1015037593985,49.31127819548872,0.0,12,Late,1:24.107,16.603773584905667,814.6037735849056,2,0.3932114882506515,7.199999999999999,60.870547124992626
HUL,Haas F1 Team,47.0,0 days 00:01:26.991000,HARD,3.0,1,True,86.991,2024,Monza,R,33.1015037593985,49.31127819548872,0.0,13,Late,1:26.991,14.528301886792448,812.5283018867924,2,-1.0,7.8,53.111278195488715
HUL,Haas F1 Team,48.0,0 days 00:01:25.125000,HARD,3.0,1,True,85.125,2024,Monza,R,33.1015037593985,49.31127819548872,0.0,14,Late,1:25.125,12.452830188679243,810.4528301886793,2,-0.13838120104438628,8.4,58.8809909892224
HUL,Haas F1 Team,49.0,0 days 00:01:23.404000,HARD,3.0,1,True,83.404,2024,Monza,R,33.1015037593985,49.31127819548872,0.0,15,Late,1:23.404,10.377358490566039,808.377358490566,2,0.7603133159268921,9.0,64.87315809105007
HUL,Haas F1 Team,50.0,0 days 00:01:24.017000,HARD,3.0,1,True,84.017,2024,Monza,R,33.1015037593985,49.31127819548872,0.0,16,Late,1:24.017,8.301886792452834,806.3018867924528,2,0.4402088772845957,9.6,63.552531459196295
HUL,Haas F1 Team,51.0,0 days 00:01:24.211000,HARD,3.0,1,True,84.211,2024,Monza,R,33.1015037593985,49.31127819548872,0.0,17,Late,1:24.211,6.226415094339629,804.2264150943396,2,0.33890339425587407,10.0,63.34469856102396
HUL,Haas F1 Team,52.0,0 days 00:01:23.966000,HARD,3.0,1,True,83.966,2024,Monza,R,33.1015037593985,49.31127819548872,0.0,18,Late,1:23.966,4.15094339622641,802.1509433962265,2,0.4668407310704974,10.0,64.1123225819117
LEC,Ferrari,2.0,0 days 00:01:25.396000,MEDIUM,1.0,1,True,85.396,2024,Monza,R,33.1015037593985,49.31127819548872,0.0,0,Early,1:25.396,107.9245283018868,905.9245283018868,5,-0.27989556135770216,0.0,52.6319048273425
LEC,Ferrari,3.0,0 days 00:01:25.179000,MEDIUM,1.0,1,True,85.179,2024,Monza,R,33.1015037593985,49.31127819548872,0.0,1,Early,1:25.179,105.84905660377359,903.8490566037735,5,-0.16657963446475277,0.6,53.9118003887002
LEC,Ferrari,4.0,0 days 00:01:24.810000,MEDIUM,1.0,1,True,84.81,2024,Monza,R,33.1015037593985,49.31127819548872,0.0,2,Early,1:24.810,103.77358490566037,901.7735849056604,5,0.026109660574410963,1.2,55.667936158935184
LEC,Ferrari,5.0,0 days 00:01:24.603000,MEDIUM,1.0,1,True,84.603,2024,Monza,R,33.1015037593985,49.31127819548872,0.0,3,Early,1:24.603,101.69811320754717,899.6981132075472,5,0.1342036553524826,1.7999999999999998,56.91650012760361
LEC,Ferrari,6.0,0 days 00:01:24.663000,MEDIUM,1.0,1,True,84.663,2024,Monza,R,33.1015037593985,49.31127819548872,0.0,4,Early,1:24.663,99.62264150943396,897.622641509434,5,0.10287206266318646,2.4,57.32851057146784
LEC,Ferrari,7.0,0 days 00:01:24.434000,MEDIUM,1.0,1,True,84.434,2024,Monza,R,33.1015037593985,49.31127819548872,0.0,5,Early,1:24.434,97.54716981132076,895.5471698113207,5,0.22245430809399505,3.0,58.64600404405269
LEC,Ferrari,8.0,0 days 00:01:24.569000,MEDIUM,1.0,1,True,84.569,2024,Monza,R,33.1015037593985,49.31127819548872,0.0,6,Early,1:24.569,95.47169811320755,893.4716981132076,5,0.15195822454307878,3.5999999999999996,58.82302754274719
LEC,Ferrari,9.0,0 days 00:01:24.362000,MEDIUM,1.0,1,True,84.362,2024,Monza,R,33.1015037593985,49.31127819548872,0.0,7,Early,1:24.362,93.39622641509433,891.3962264150944,5,0.2600522193211504,4.2,60.071591511415626
LEC,Ferrari,10.0,0 days 00:01:24.432000,MEDIUM,1.0,1,True,84.432,2024,Monza,R,33.1015037593985,49.31127819548872,0.0,8,Early,1:24.432,91.32075471698113,889.3207547169811,5,0.22349869451696913,4.8,60.45227036259053
LEC,Ferrari,11.0,0 days 00:01:24.846000,MEDIUM,1.0,1,True,84.846,2024,Monza,R,33.1015037593985,49.31127819548872,0.0,9,Early,1:24.846,89.24528301886792,887.2452830188679,5,0.007310704960833289,5.3999999999999995,59.755142425253716
LEC,Ferrari,12.0,0 days 00:01:24.916000,MEDIUM,1.0,1,True,84.916,2024,Monza,R,33.1015037593985,49.31127819548872,0.0,10,Early,1:24.916,87.16981132075472,885.1698113207547,5,-0.029242819843340574,6.0,60.13582127642867
LEC,Ferrari,13.0,0 days 00:01:25.529000,MEDIUM,1.0,1,True,85.529,2024,Monza,R,33.1015037593985,49.31127819548872,0.0,11,Early,1:25.529,85.09433962264151,883.0943396226415,5,-0.34934725848563697,6.6,58.815194644574895
LEC,Ferrari,14.0,0 days 00:01:25.606000,MEDIUM,1.0,1,True,85.606,2024,Monza,R,33.1015037593985,49.31127819548872,0.0,12,Early,1:25.606,83.01886792452831,881.0188679245283,5,-0.3895561357702312,7.199999999999999,59.173941380867326
LEC,Ferrari,17.0,0 days 00:01:24.270000,HARD,2.0,1,True,84.27,2024,Monza,R,33.1015037593985,49.31127819548872,0.0,0,Early,1:24.270,76.79245283018868,874.7924528301887,2,0.30809399477806865,0.0,53.15984216415713
LEC,Ferrari,18.0,0 days 00:01:23.875000,HARD,2.0,1,True,83.875,2024,Monza,R,33.1015037593985,49.31127819548872,0.0,1,Mid,1:23.875,74.71698113207547,872.7169811320755,2,0.5143603133159249,0.6,54.99744007538427
LEC,Ferrari,19.0,0 days 00:01:24.203000,HARD,2.0,1,True,84.203,2024,Monza,R,33.1015037593985,49.31127819548872,0.0,2,Mid,1:24.203,72.64150943396226,870.6415094339623,2,0.3430809399477777,1.2,54.56976383517539
LEC,Ferrari,20.0,0 days 00:01:23.826000,HARD,2.0,1,True,83.826,2024,Monza,R,33.1015037593985,49.31127819548872,0.0,3,Mid,1:23.826,70.56603773584905,868.566037735849,2,0.5399477806788525,1.7999999999999998,56.35096487956183
LEC,Ferrari,21.0,0 days 00:01:23.880000,HARD,2.0,1,True,83.88,2024,Monza,R,33.1015037593985,49.31127819548872,0.0,4,Mid,1:23.880,68.49056603773585,866.4905660377358,2,0.5117493472584861,2.4,56.78177427903963
LEC,Ferrari,22.0,0 days 00:01:23.768000,HARD,2.0,1,True,83.768,2024,Monza,R,33.1015037593985,49.31127819548872,0.0,5,Mid,1:23.768,66.41509433962264,864.4150943396227,2,0.5702349869451672,3.0,57.732688117159725
LEC,Ferrari,23.0,0 days 00:01:23.864000,HARD,2.0,1,True,83.864,2024,Monza,R,33.1015037593985,49.31127819548872,0.0,6,Mid,1:23.864,64.33962264150944,862.3396226415094,2,0.5201044386422934,3.5999999999999996,58.03190482734248
LEC,Ferrari,24.0,0 days 00:01:23.640000,HARD,2.0,1,True,83.64,2024,Monza,R,33.1015037593985,49.31127819548872,0.0,7,Mid,1:23.640,62.264150943396224,860.2641509433962,2,0.6370757180156631,4.2,59.3337325035827
LEC,Ferrari,25.0,0 days 00:01:23.590000,HARD,2.0,1,True,83.59,2024,Monza,R,33.1015037593985,49.31127819548872,0.0,8,Mid,1:23.590,60.18867924528302,858.188679245283,2,0.6631853785900741,4.8,60.09039046702916
LEC,Ferrari,26.0,0 days 00:01:23.321000,HARD,2.0,1,True,83.321,2024,Monza,R,33.1015037593985,49.31127819548872,0.0,9,Mid,1:23.321,58.113207547169814,856.1132075471698,2,0.8036553524804159,5.3999999999999995,61.53321031037121
LEC,Ferrari,27.0,0 days 00:01:23.534000,HARD,2.0,1,True,83.534,2024,Monza,R,33.1015037593985,49.31127819548872,0.0,10,Mid,1:23.534,56.0377358490566,854.0377358490566,2,0.6924281984334146,6.0,61.46584738608921
LEC,Ferrari,28.0,0 days 00:01:23.284000,HARD,2.0,1,True,83.284,2024,Monza,R,33.1015037593985,49.31127819548872,0.0,11,Mid,1:23.284,53.9622641509434,851.9622641509434,2,0.822976501305477,6.6,62.84913720332158
LEC,Ferrari,29.0,0 days 00:01:23.229000,HARD,2.0,1,True,83.229,2024,Monza,R,33.1015037593985,49.31127819548872,0.0,12,Mid,1:23.229,51.88679245283019,849.8867924528302,2,0.8516971279373341,7.199999999999999,63.62146096311272
LEC,Ferrari,30.0,0 days 00:01:23.359000,HARD,2.0,1,True,83.359,2024,Monza,R,33.1015037593985,49.31127819548872,0.0,13,Mid,1:23.359,49.81132075471698,847.811320754717,2,0.7838120104438642,7.8,63.8141502581519
LEC,Ferrari,31.0,0 days 00:01:23.972000,HARD,2.0,1,True,83.972,2024,Monza,R,33.1015037593985,49.31127819548872,0.0,14,Mid,1:23.972,47.735849056603776,845.7358490566038,2,0.4637075718015678,8.4,62.49352362629812
LEC,Ferrari,32.0,0 days 00:01:23.274000,HARD,2.0,1,True,83.274,2024,Monza,R,33.1015037593985,49.31127819548872,0.0,15,Mid,1:23.274,45.660377358490564,843.6603773584906,2,0.828198433420362,9.0,65.2804687960109
LEC,Ferrari,33.0,0 days 00:01:23.226000,HARD,2.0,1,True,83.226,2024,Monza,R,33.1015037593985,49.31127819548872,0.0,16,Mid,1:23.226,43.58490566037736,841.5849056603773,2,0.8532637075717989,9.6,66.03086044091951
LEC,Ferrari,34.0,0 days 00:01:23.430000,HARD,2.0,1,True,83.43,2024,Monza,R,33.1015037593985,49.31127819548872,0.0,17,Mid,1:23.430,41.509433962264154,839.5094339622642,2,0.7467362924281922,10.0,65.79169595005787
LEC,Ferrari,35.0,0 days 00:01:23.681000,HARD,2.0,1,True,83.681,2024,Monza,R,33.1015037593985,49.31127819548872,0.0,18,Mid,1:23.681,39.43396226415095,837.433962264151,2,0.6156657963446466,10.0,65.0052729735566
LEC,Ferrari,36.0,0 days 00:01:23.714000,HARD,2.0,1,True,83.714,2024,Monza,R,33.1015037593985,49.31127819548872,0.0,19,Late,1:23.714,37.35849056603773,835.3584905660377,2,0.5984334203655337,10.0,64.90187871768192
LEC,Ferrari,37.0,0 days 00:01:23.550000,HARD,2.0,1,True,83.55,2024,Monza,R,33.1015037593985,49.31127819548872,0.0,20,Late,1:23.550,35.283018867924525,833.2830188679245,2,0.6840731070496073,10.0,65.41571683778636
LEC,Ferrari,38.0,0 days 00:01:23.624000,HARD,2.0,1,True,83.624,2024,Monza,R,33.1015037593985,49.31127819548872,0.0,21,Late,1:23.624,33.20754716981132,831.2075471698113,2,0.645430809399478,10.0,65.18386305188558
LEC,Ferrari,39.0,0 days 00:01:23.718000,HARD,2.0,1,True,83.718,2024,Monza,R,33.1015037593985,49.31127819548872,0.0,22,Late,1:23.718,31.132075471698116,829.1320754716982,2,0.5963446475195782,10.0,64.88934608060619
LEC,Ferrari,40.0,0 days 00:01:23.690000,HARD,2.0,1,True,83.69,2024,Monza,R,33.1015037593985,49.31127819548872,0.0,23,Late,1:23.690,29.05660377358491,827.0566037735849,2,0.6109660574412522,10.0,64.97707454013623
LEC,Ferrari,41.0,0 days 00:01:23.611000,HARD,2.0,1,True,83.611,2024,Monza,R,33.1015037593985,49.31127819548872,0.0,24,Late,1:23.611,26.98113207547169,824.9811320754717,2,0.6522193211488204,10.0,65.22459412238165
LEC,Ferrari,42.0,0 days 00:01:23.670000,HARD,2.0,1,True,83.67,2024,Monza,R,33.1015037593985,49.31127819548872,0.0,25,Late,1:23.670,24.905660377358487,822.9056603773585,2,0.621409921671015,10.0,65.03973772551481
LEC,Ferrari,43.0,0 days 00:01:23.867000,HARD,2.0,1,True,83.867,2024,Monza,R,33.1015037593985,49.31127819548872,0.0,26,Late,1:23.867,22.830188679245282,820.8301886792453,2,0.5185378590078286,10.0,64.42250534953568
LEC,Ferrari,44.0,0 days 00:01:23.430000,HARD,2.0,1,True,83.43,2024,Monza,R,33.1015037593985,49.31127819548872,0.0,27,Late,1:23.430,20.754716981132077,818.7547169811321,2,0.7467362924281922,10.0,65.79169595005787
LEC,Ferrari,45.0,0 days 00:01:23.731000,HARD,2.0,1,True,83.731,2024,Monza,R,33.1015037593985,49.31127819548872,0.0,28,Late,1:23.731,18.679245283018872,816.6792452830189,2,0.5895561357702356,10.0,64.84861501011014
LEC,Ferrari,46.0,0 days 00:01:23.597000,HARD,2.0,1,True,83.597,2024,Monza,R,33.1015037593985,49.31127819548872,0.0,29,Late,1:23.597,16.603773584905667,814.6037735849056,2,0.6595300261096612,10.0,65.26845835214668
LEC,Ferrari,47.0,0 days 00:01:23.676000,HARD,2.0,1,True,83.676,2024,Monza,R,33.1015037593985,49.31127819548872,0.0,30,Late,1:23.676,14.528301886792448,812.5283018867924,2,0.6182767624020854,10.0,65.02093876990124
LEC,Ferrari,48.0,0 days 00:01:23.518000,HARD,2.0,1,True,83.518,2024,Monza,R,33.1015037593985,49.31127819548872,0.0,31,Late,1:23.518,12.452830188679243,810.4528301886793,2,0.7007832898172295,10.0,65.5159779343921
LEC,Ferrari,49.0,0 days 00:01:23.467000,HARD,2.0,1,True,83.467,2024,Monza,R,33.1015037593985,49.31127819548872,0.0,32,Late,1:23.467,10.377358490566039,808.377358490566,2,0.7274151436031311,10.0,65.6757690571075
LEC,Ferrari,50.0,0 days 00:01:23.461000,HARD,2.0,1,True,83.461,2024,Monza,R,33.1015037593985,49.31127819548872,0.0,33,Late,1:23.461,8.301886792452834,806.3018867924528,2,0.7305483028720607,10.0,65.69456801272108
LEC,Ferrari,51.0,0 days 00:01:23.555000,HARD,2.0,1,True,83.555,2024,Monza,R,33.1015037593985,49.31127819548872,0.0,34,Late,1:23.555,6.226415094339629,804.2264150943396,2,0.6814621409921611,10.0,65.40005104144169
LEC,Ferrari,52.0,0 days 00:01:23.750000,HARD,2.0,1,True,83.75,2024,Monza,R,33.1015037593985,49.31127819548872,0.0,35,Late,1:23.750,4.15094339622641,802.1509433962265,2,0.579634464751956,10.0,64.78908498400045
LEC,Ferrari,53.0,0 days 00:01:23.268000,HARD,2.0,1,True,83.268,2024,Monza,R,33.1015037593985,49.31127819548872,0.0,36,Late,1:23.268,2.075471698113205,800.0754716981132,2,0.8313315926892917,10.0,66.29926775162447
MAG,Haas F1 Team,2.0,0 days 00:01:27.205000,MEDIUM,1.0,1,True,87.205,2024,Monza,R,33.1015037593985,49.31127819548872,0.0,0,Early,1:27.205,107.9245283018868,905.9245283018868,5,-1.0,0.0,48.31127819548872
MAG,Haas F1 Team,3.0,0 days 00:01:26.584000,MEDIUM,1.0,1,True,86.584,2024,Monza,R,33.1015037593985,49.31127819548872,0.0,1,Early,1:26.584,105.84905660377359,903.8490566037735,5,-0.9002610966057432,0.6,49.50971161585426
MAG,Haas F1 Team,4.0,0 days 00:01:26.372000,MEDIUM,1.0,1,True,86.372,2024,Monza,R,33.1015037593985,49.31127819548872,0.0,2,Early,1:26.372,103.77358490566037,901.7735849056604,5,-0.7895561357702326,1.2,50.77394138086733
MAG,Haas F1 Team,5.0,0 days 00:01:26.142000,MEDIUM,1.0,1,True,86.142,2024,Monza,R,33.1015037593985,49.31127819548872,0.0,3,Early,1:26.142,101.69811320754717,899.6981132075472,5,-0.6694516971279333,1.7999999999999998,52.09456801272111
MAG,Haas F1 Team,6.0,0 days 00:01:25.902000,MEDIUM,1.0,1,True,85.902,2024,Monza,R,33.1015037593985,49.31127819548872,0.0,4,Early,1:25.902,99.62264150943396,897.622641509434,5,-0.5441253263707563,2.4,53.44652623726418
MAG,Haas F1 Team,7.0,0 days 00:01:25.825000,MEDIUM,1.0,1,True,85.825,2024,Monza,R,33.1015037593985,49.31127819548872,0.0,5,Early,1:25.825,97.54716981132076,895.5471698113207,5,-0.5039164490861621,3.0,54.287779500971745
MAG,Haas F1 Team,8.0,0 days 00:01:25.966000,MEDIUM,1.0,1,True,85.966,2024,Monza,R,33.1015037593985,49.31127819548872,0.0,6,Early,1:25.966,95.47169811320755,893.4716981132076,5,-0.5775456919060005,3.5999999999999996,54.446004044052714
MAG,Haas F1 Team,9.0,0 days 00:01:25.785000,MEDIUM,1.0,1,True,85.785,2024,Monza,R,33.1015037593985,49.31127819548872,0.0,7,Early,1:25.785,93.39622641509433,891.3962264150944,5,-0.48302872062662877,4.2,55.61310587172895
MAG,Haas F1 Team,10.0,0 days 00:01:25.799000,MEDIUM,1.0,1,True,85.799,2024,Monza,R,33.1015037593985,49.31127819548872,0.0,8,Early,1:25.799,91.32075471698113,889.3207547169811,5,-0.4903394255874695,4.8,56.1692416419639
MAG,Haas F1 Team,11.0,0 days 00:01:26.040000,MEDIUM,1.0,1,True,86.04,2024,Monza,R,33.1015037593985,49.31127819548872,0.0,9,Early,1:26.040,89.24528301886792,887.2452830188679,5,-0.6161879895561373,5.3999999999999995,56.01415025815189
MAG,Haas F1 Team,12.0,0 days 00:01:26.145000,MEDIUM,1.0,1,True,86.145,2024,Monza,R,33.1015037593985,49.31127819548872,0.0,10,Early,1:26.145,87.16981132075472,885.1698113207547,5,-0.6710182767623981,6.0,56.28516853491433
MAG,Haas F1 Team,13.0,0 days 00:01:26.286000,MEDIUM,1.0,1,True,86.286,2024,Monza,R,33.1015037593985,49.31127819548872,0.0,11,Early,1:26.286,85.09433962264151,883.0943396226415,5,-0.744647519582244,6.6,56.44339307799525
MAG,Haas F1 Team,16.0,0 days 00:01:25.644000,HARD,2.0,1,True,85.644,2024,Monza,R,33.1015037593985,49.31127819548872,0.0,0,Early,1:25.644,78.86792452830188,876.8679245283018,2,-0.4093994778067903,0.0,48.85488132864798
MAG,Haas F1 Team,17.0,0 days 00:01:24.769000,HARD,2.0,1,True,84.769,2024,Monza,R,33.1015037593985,49.31127819548872,0.0,1,Early,1:24.769,76.79245283018868,874.7924528301887,2,0.04751958224542751,0.6,52.19639568896128
MAG,Haas F1 Team,18.0,0 days 00:01:26.533000,HARD,2.0,1,True,86.533,2024,Monza,R,33.1015037593985,49.31127819548872,0.0,2,Mid,1:26.533,74.71698113207547,872.7169811320755,2,-0.8736292428198414,1.2,47.26950273856967
MAG,Haas F1 Team,19.0,0 days 00:01:25.109000,HARD,2.0,1,True,85.109,2024,Monza,R,33.1015037593985,49.31127819548872,0.0,3,Mid,1:25.109,72.64150943396226,870.6415094339623,2,-0.1300261096605715,1.7999999999999998,52.331121537525284
MAG,Haas F1 Team,20.0,0 days 00:01:25.154000,HARD,2.0,1,True,85.154,2024,Monza,R,33.1015037593985,49.31127819548872,0.0,4,Mid,1:25.154,70.56603773584905,868.566037735849,2,-0.15352480417754358,2.4,52.79012937042346
MAG,Haas F1 Team,21.0,0 days 00:01:24.793000,HARD,2.0,1,True,84.793,2024,Monza,R,33.1015037593985,49.31127819548872,0.0,5,Mid,1:24.793,68.49056603773585,866.4905660377358,2,0.03498694516970906,3.0,54.521199866506976
MAG,Haas F1 Team,22.0,0 days 00:01:25.071000,HARD,2.0,1,True,85.071,2024,Monza,R,33.1015037593985,49.31127819548872,0.0,6,Mid,1:25.071,66.41509433962264,864.4150943396227,2,-0.11018276762401975,3.5999999999999996,54.2501815897446
MAG,Haas F1 Team,23.0,0 days 00:01:25.057000,HARD,2.0,1,True,85.057,2024,Monza,R,33.1015037593985,49.31127819548872,0.0,7,Mid,1:25.057,64.33962264150944,862.3396226415094,2,-0.10287206266318646,4.2,54.8940458195096
MAG,Haas F1 Team,24.0,0 days 00:01:25.131000,HARD,2.0,1,True,85.131,2024,Monza,R,33.1015037593985,49.31127819548872,0.0,8,Mid,1:25.131,62.264150943396224,860.2641509433962,2,-0.14151436031331588,4.8,55.26219203360882
MAG,Haas F1 Team,25.0,0 days 00:01:25.504000,HARD,2.0,1,True,85.504,2024,Monza,R,33.1015037593985,49.31127819548872,0.0,9,Mid,1:25.504,60.18867924528302,858.188679245283,2,-0.3362924281984352,5.3999999999999995,54.6935236262981
MAG,Haas F1 Team,26.0,0 days 00:01:25.199000,HARD,2.0,1,True,85.199,2024,Monza,R,33.1015037593985,49.31127819548872,0.0,10,Mid,1:25.199,58.113207547169814,856.1132075471698,2,-0.17702349869451567,6.0,56.249137203321624
MAG,Haas F1 Team,27.0,0 days 00:01:24.640000,HARD,2.0,1,True,84.64,2024,Monza,R,33.1015037593985,49.31127819548872,0.0,11,Mid,1:24.640,56.0377358490566,854.0377358490566,2,0.11488250652741418,6.6,58.600573234653204
MAG,Haas F1 Team,28.0,0 days 00:01:24.415000,HARD,2.0,1,True,84.415,2024,Monza,R,33.1015037593985,49.31127819548872,0.0,12,Mid,1:24.415,53.9622641509434,851.9622641509434,2,0.23237597911226723,7.199999999999999,59.90553407016232
MAG,Haas F1 Team,29.0,0 days 00:01:24.799000,HARD,2.0,1,True,84.799,2024,Monza,R,33.1015037593985,49.31127819548872,0.0,13,Mid,1:24.799,51.88679245283019,849.8867924528302,2,0.03185378590077945,7.8,59.30240091089339
MAG,Haas F1 Team,30.0,0 days 00:01:24.573000,HARD,2.0,1,True,84.573,2024,Monza,R,33.1015037593985,49.31127819548872,0.0,14,Mid,1:24.573,49.81132075471698,847.811320754717,2,0.14986945169713065,8.4,60.6104949056715
MAG,Haas F1 Team,31.0,0 days 00:01:24.458000,HARD,2.0,1,True,84.458,2024,Monza,R,33.1015037593985,49.31127819548872,0.0,15,Mid,1:24.458,47.735849056603776,845.7358490566038,2,0.2099216710182766,9.0,61.57080822159838
MAG,Haas F1 Team,32.0,0 days 00:01:24.408000,HARD,2.0,1,True,84.408,2024,Monza,R,33.1015037593985,49.31127819548872,0.0,16,Mid,1:24.408,45.660377358490564,843.6603773584906,2,0.23603133159268758,9.6,62.32746618504485
MAG,Haas F1 Team,33.0,0 days 00:01:24.853000,HARD,2.0,1,True,84.853,2024,Monza,R,33.1015037593985,49.31127819548872,0.0,17,Mid,1:24.853,43.58490566037736,841.5849056603773,2,0.0036553524804203547,10.0,61.33321031037124
MAG,Haas F1 Team,34.0,0 days 00:01:24.702000,HARD,2.0,1,True,84.702,2024,Monza,R,33.1015037593985,49.31127819548872,0.0,18,Mid,1:24.702,41.509433962264154,839.5094339622642,2,0.08250652741514398,10.0,61.80631735997958
MAG,Haas F1 Team,35.0,0 days 00:01:24.170000,HARD,2.0,1,True,84.17,2024,Monza,R,33.1015037593985,49.31127819548872,0.0,19,Mid,1:24.170,39.43396226415095,837.433962264151,2,0.3603133159268906,10.0,63.47315809105006
MAG,Haas F1 Team,36.0,0 days 00:01:24.276000,HARD,2.0,1,True,84.276,2024,Monza,R,33.1015037593985,49.31127819548872,0.0,20,Late,1:24.276,37.35849056603773,835.3584905660377,2,0.30496083550913905,10.0,63.14104320854355
MAG,Haas F1 Team,37.0,0 days 00:01:23.950000,HARD,2.0,1,True,83.95,2024,Monza,R,33.1015037593985,49.31127819548872,0.0,21,Late,1:23.950,35.283018867924525,833.2830188679245,2,0.47519582245430475,10.0,64.16245313021454
MAG,Haas F1 Team,38.0,0 days 00:01:24.803000,HARD,2.0,1,True,84.803,2024,Monza,R,33.1015037593985,49.31127819548872,0.0,22,Late,1:24.803,33.20754716981132,831.2075471698113,2,0.029765013054831316,10.0,61.489868273817706
MAG,Haas F1 Team,39.0,0 days 00:01:24.463000,HARD,2.0,1,True,84.463,2024,Monza,R,33.1015037593985,49.31127819548872,0.0,23,Late,1:24.463,31.132075471698116,829.1320754716982,2,0.20731070496083776,10.0,62.55514242525374
MAG,Haas F1 Team,40.0,0 days 00:01:24.282000,HARD,2.0,1,True,84.282,2024,Monza,R,33.1015037593985,49.31127819548872,0.0,24,Late,1:24.282,29.05660377358491,827.0566037735849,2,0.30182767624020945,10.0,63.122244252929974
MAG,Haas F1 Team,41.0,0 days 00:01:24.625000,HARD,2.0,1,True,84.625,2024,Monza,R,33.1015037593985,49.31127819548872,0.0,25,Late,1:24.625,26.98113207547169,824.9811320754717,2,0.12271540469973821,10.0,62.04757062368715
MAG,Haas F1 Team,42.0,0 days 00:01:24.628000,HARD,2.0,1,True,84.628,2024,Monza,R,33.1015037593985,49.31127819548872,0.0,26,Late,1:24.628,24.905660377358487,822.9056603773585,2,0.1211488250652734,10.0,62.038171145880355
MAG,Haas F1 Team,43.0,0 days 00:01:24.605000,HARD,2.0,1,True,84.605,2024,Monza,R,33.1015037593985,49.31127819548872,0.0,27,Late,1:24.605,22.830188679245282,820.8301886792453,2,0.1331592689295011,10.0,62.110233809065726
MAG,Haas F1 Team,44.0,0 days 00:01:25.205000,HARD,2.0,1,True,85.205,2024,Monza,R,33.1015037593985,49.31127819548872,0.0,28,Late,1:25.205,20.754716981132077,818.7547169811321,2,-0.1801566579634453,10.0,60.23033824770805
MAG,Haas F1 Team,45.0,0 days 00:01:24.272000,HARD,2.0,1,True,84.272,2024,Monza,R,33.1015037593985,49.31127819548872,0.0,29,Late,1:24.272,18.679245283018872,816.6792452830189,2,0.30704960835508716,10.0,63.153575845619244
MAG,Haas F1 Team,46.0,0 days 00:01:24.124000,HARD,2.0,1,True,84.124,2024,Monza,R,33.1015037593985,49.31127819548872,0.0,30,Late,1:24.124,16.603773584905667,814.6037735849056,2,0.3843342036553534,10.0,63.617283417420836
MAG,Haas F1 Team,47.0,0 days 00:01:23.971000,HARD,2.0,1,True,83.971,2024,Monza,R,33.1015037593985,49.31127819548872,0.0,31,Late,1:23.971,14.528301886792448,812.5283018867924,2,0.46422976501305113,10.0,64.09665678556702
MAG,Haas F1 Team,48.0,0 days 00:01:23.741000,HARD,2.0,1,True,83.741,2024,Monza,R,33.1015037593985,49.31127819548872,0.0,32,Late,1:23.741,12.452830188679243,810.4528301886793,2,0.5843342036553505,10.0,64.81728341742082
MAG,Haas F1 Team,49.0,0 days 00:01:23.708000,HARD,2.0,1,True,83.708,2024,Monza,R,33.1015037593985,49.31127819548872,0.0,33,Late,1:23.708,10.377358490566039,808.377358490566,2,0.6015665796344634,10.0,64.9206776732955
MAG,Haas F1 Team,50.0,0 days 00:01:23.603000,HARD,2.0,1,True,83.603,2024,Monza,R,33.1015037593985,49.31127819548872,0.0,34,Late,1:23.603,8.301886792452834,806.3018867924528,2,0.6563968668407315,10.0,65.2496593965331
MAG,Haas F1 Team,51.0,0 days 00:01:23.437000,HARD,2.0,1,True,83.437,2024,Monza,R,33.1015037593985,49.31127819548872,0.0,35,Late,1:23.437,6.226415094339629,804.2264150943396,2,0.7430809399477792,10.0,65.7697638351754
MAG,Haas F1 Team,52.0,0 days 00:01:23.691000,HARD,2.0,1,True,83.691,2024,Monza,R,33.1015037593985,49.31127819548872,0.0,36,Late,1:23.691,4.15094339622641,802.1509433962265,2,0.6104438642297614,10.0,64.97394138086729
MAG,Haas F1 Team,53.0,0 days 00:01:23.715000,HARD,2.0,1,True,83.715,2024,Monza,R,33.1015037593985,49.31127819548872,0.0,37,Late,1:23.715,2.075471698113205,800.0754716981132,2,0.597911227154043,10.0,64.89874555841297
NOR,McLaren,2.0,0 days 00:01:25.458000,MEDIUM,1.0,1,True,85.458,2024,Monza,R,33.1015037593985,49.31127819548872,0.0,0,Early,1:25.458,107.9245283018868,905.9245283018868,5,-0.31227154046997235,0.0,52.43764895266889
NOR,McLaren,3.0,0 days 00:01:25.110000,MEDIUM,1.0,1,True,85.11,2024,Monza,R,33.1015037593985,49.31127819548872,0.0,1,Early,1:25.110,105.84905660377359,903.8490566037735,5,-0.13054830287206223,0.6,54.12798837825635
NOR,McLaren,4.0,0 days 00:01:25.168000,MEDIUM,1.0,1,True,85.168,2024,Monza,R,33.1015037593985,49.31127819548872,0.0,2,Early,1:25.168,103.77358490566037,901.7735849056604,5,-0.1608355091383843,1.2,54.54626514065841
NOR,McLaren,5.0,0 days 00:01:24.674000,MEDIUM,1.0,1,True,84.674,2024,Monza,R,33.1015037593985,49.31127819548872,0.0,3,Early,1:24.674,101.69811320754717,899.6981132075472,5,0.09712793733681056,1.7999999999999998,56.694045819509576
NOR,McLaren,6.0,0 days 00:01:24.768000,MEDIUM,1.0,1,True,84.768,2024,Monza,R,33.1015037593985,49.31127819548872,0.0,4,Early,1:24.768,99.62264150943396,897.622641509434,5,0.04804177545691825,2.4,56.99952884823023
NOR,McLaren,7.0,0 days 00:01:24.531000,MEDIUM,1.0,1,True,84.531,2024,Monza,R,33.1015037593985,49.31127819548872,0.0,5,Early,1:24.531,97.54716981132076,895.5471698113207,5,0.17180156657963053,3.0,58.3420875949665
NOR,McLaren,8.0,0 days 00:01:24.674000,MEDIUM,1.0,1,True,84.674,2024,Monza,R,33.1015037593985,49.31127819548872,0.0,6,Early,1:24.674,95.47169811320755,893.4716981132076,5,0.09712793733681056,3.5999999999999996,58.49404581950958
NOR,McLaren,9.0,0 days 00:01:24.664000,MEDIUM,1.0,1,True,84.664,2024,Monza,R,33.1015037593985,49.31127819548872,0.0,7,Early,1:24.664,93.39622641509433,891.3962264150944,5,0.10234986945169572,4.2,59.125377412198894
NOR,McLaren,10.0,0 days 00:01:24.391000,MEDIUM,1.0,1,True,84.391,2024,Monza,R,33.1015037593985,49.31127819548872,0.0,8,Early,1:24.391,91.32075471698113,889.3207547169811,5,0.24490861618798568,4.8,60.58072989261663
NOR,McLaren,11.0,0 days 00:01:24.448000,MEDIUM,1.0,1,True,84.448,2024,Monza,R,33.1015037593985,49.31127819548872,0.0,9,Early,1:24.448,89.24528301886792,887.2452830188679,5,0.21514360313316178,5.3999999999999995,61.00213981428769
NOR,McLaren,12.0,0 days 00:01:24.655000,MEDIUM,1.0,1,True,84.655,2024,Monza,R,33.1015037593985,49.31127819548872,0.0,10,Early,1:24.655,87.16981132075472,885.1698113207547,5,0.10704960835509014,6.0,60.95357584561926
NOR,McLaren,13.0,0 days 00:01:25.359000,MEDIUM,1.0,1,True,85.359,2024,Monza,R,33.1015037593985,49.31127819548872,0.0,11,Early,1:25.359,85.09433962264151,883.0943396226415,5,-0.26057441253263375,6.6,59.347831720292916
NOR,McLaren,16.0,0 days 00:01:24.154000,HARD,2.0,1,True,84.154,2024,Monza,R,33.1015037593985,49.31127819548872,0.0,0,Early,1:24.154,78.86792452830188,876.8679245283018,2,0.3686684073107054,0.0,53.52328863935295
NOR,McLaren,17.0,0 days 00:01:25.585000,HARD,2.0,1,True,85.585,2024,Monza,R,33.1015037593985,49.31127819548872,0.0,1,Early,1:25.585,76.79245283018868,874.7924528301887,2,-0.3785900783289775,0.6,49.639737725514856
NOR,McLaren,18.0,0 days 00:01:23.920000,HARD,2.0,1,True,83.92,2024,Monza,R,33.1015037593985,49.31127819548872,0.0,2,Mid,1:23.920,74.71698113207547,872.7169811320755,2,0.49086161879895285,1.2,55.45644790828244
NOR,McLaren,19.0,0 days 00:01:24.152000,HARD,2.0,1,True,84.152,2024,Monza,R,33.1015037593985,49.31127819548872,0.0,3,Mid,1:24.152,72.64150943396226,870.6415094339623,2,0.36971279373367943,1.7999999999999998,55.32955495789079
NOR,McLaren,20.0,0 days 00:01:23.882000,HARD,2.0,1,True,83.882,2024,Monza,R,33.1015037593985,49.31127819548872,0.0,4,Mid,1:23.882,70.56603773584905,868.566037735849,2,0.5107049608355045,2.4,56.77550796050174
NOR,McLaren,21.0,0 days 00:01:23.753000,HARD,2.0,1,True,83.753,2024,Monza,R,33.1015037593985,49.31127819548872,0.0,5,Mid,1:23.753,68.49056603773585,866.4905660377358,2,0.5780678851174912,3.0,57.779685506193665
NOR,McLaren,22.0,0 days 00:01:23.652000,HARD,2.0,1,True,83.652,2024,Monza,R,33.1015037593985,49.31127819548872,0.0,6,Mid,1:23.652,66.41509433962264,864.4150943396227,2,0.6308093994778039,3.5999999999999996,58.69613459235554
NOR,McLaren,23.0,0 days 00:01:23.581000,HARD,2.0,1,True,83.581,2024,Monza,R,33.1015037593985,49.31127819548872,0.0,7,Mid,1:23.581,64.33962264150944,862.3396226415094,2,0.6678851174934685,4.2,59.51858890044953
NOR,McLaren,24.0,0 days 00:01:23.601000,HARD,2.0,1,True,83.601,2024,Monza,R,33.1015037593985,49.31127819548872,0.0,8,Mid,1:23.601,62.264150943396224,860.2641509433962,2,0.6574412532637056,4.8,60.05592571507095
NOR,McLaren,25.0,0 days 00:01:23.321000,HARD,2.0,1,True,83.321,2024,Monza,R,33.1015037593985,49.31127819548872,0.0,9,Mid,1:23.321,60.18867924528302,858.188679245283,2,0.8036553524804159,5.3999999999999995,61.53321031037121
NOR,McLaren,26.0,0 days 00:01:23.469000,HARD,2.0,1,True,83.469,2024,Monza,R,33.1015037593985,49.31127819548872,0.0,10,Mid,1:23.469,58.113207547169814,856.1132075471698,2,0.7263707571801571,6.0,61.66950273856966
NOR,McLaren,27.0,0 days 00:01:23.267000,HARD,2.0,1,True,83.267,2024,Monza,R,33.1015037593985,49.31127819548872,0.0,11,Mid,1:23.267,56.0377358490566,854.0377358490566,2,0.8318537859007824,6.6,62.90240091089341
NOR,McLaren,28.0,0 days 00:01:23.067000,HARD,2.0,1,True,83.067,2024,Monza,R,33.1015037593985,49.31127819548872,0.0,12,Mid,1:23.067,53.9622641509434,851.9622641509434,2,0.9362924281984337,7.199999999999999,64.12903276467932
NOR,McLaren,29.0,0 days 00:01:23.300000,HARD,2.0,1,True,83.3,2024,Monza,R,33.1015037593985,49.31127819548872,0.0,13,Mid,1:23.300,51.88679245283019,849.8867924528302,2,0.8146214099216695,7.8,63.99900665501873
NOR,McLaren,30.0,0 days 00:01:23.614000,HARD,2.0,1,True,83.614,2024,Monza,R,33.1015037593985,49.31127819548872,0.0,14,Mid,1:23.614,49.81132075471698,847.811320754717,2,0.6506527415143556,8.4,63.61519464457485
NOR,McLaren,31.0,0 days 00:01:24.940000,HARD,2.0,1,True,84.94,2024,Monza,R,33.1015037593985,49.31127819548872,0.0,15,Mid,1:24.940,47.735849056603776,845.7358490566038,2,-0.041775456919059026,9.0,60.06062545397437
NOR,McLaren,34.0,0 days 00:01:22.837000,HARD,3.0,1,True,82.837,2024,Monza,R,33.1015037593985,49.31127819548872,0.0,0,Mid,1:22.837,41.509433962264154,839.5094339622642,2,1.0,0.0,57.31127819548872
NOR,McLaren,35.0,0 days 00:01:23.137000,HARD,3.0,1,True,83.137,2024,Monza,R,33.1015037593985,49.31127819548872,0.0,1,Mid,1:23.137,39.43396226415095,837.433962264151,2,0.8997389033942524,0.6,57.30971161585423
NOR,McLaren,36.0,0 days 00:01:23.114000,HARD,3.0,1,True,83.114,2024,Monza,R,33.1015037593985,49.31127819548872,0.0,2,Late,1:23.114,37.35849056603773,835.3584905660377,2,0.9117493472584801,1.2,57.9817742790396
NOR,McLaren,37.0,0 days 00:01:23.178000,HARD,3.0,1,True,83.178,2024,Monza,R,33.1015037593985,49.31127819548872,0.0,3,Late,1:23.178,35.283018867924525,833.2830188679245,2,0.8783289817232358,1.7999999999999998,58.38125208582813
NOR,McLaren,38.0,0 days 00:01:23.133000,HARD,3.0,1,True,83.133,2024,Monza,R,33.1015037593985,49.31127819548872,0.0,4,Late,1:23.133,33.20754716981132,831.2075471698113,2,0.901827676240208,2.4,59.12224425292997
NOR,McLaren,39.0,0 days 00:01:23.061000,HARD,3.0,1,True,83.061,2024,Monza,R,33.1015037593985,49.31127819548872,0.0,5,Late,1:23.061,31.132075471698116,829.1320754716982,2,0.9394255874673558,3.0,59.947831720292854
NOR,McLaren,40.0,0 days 00:01:24.162000,HARD,3.0,1,True,84.162,2024,Monza,R,33.1015037593985,49.31127819548872,0.0,6,Late,1:24.162,29.05660377358491,827.0566037735849,2,0.36449086161879424,3.5999999999999996,57.098223365201484
NOR,McLaren,41.0,0 days 00:01:22.234000,HARD,3.0,1,True,82.234,2024,Monza,R,33.1015037593985,49.31127819548872,0.0,7,Late,1:22.234,26.98113207547169,824.9811320754717,2,1.0,4.2,61.51127819548872
NOR,McLaren,42.0,0 days 00:01:22.678000,HARD,3.0,1,True,82.678,2024,Monza,R,33.1015037593985,49.31127819548872,0.0,8,Late,1:22.678,24.905660377358487,822.9056603773585,2,1.0,4.8,62.111278195488715
NOR,McLaren,43.0,0 days 00:01:22.250000,HARD,3.0,1,True,82.25,2024,Monza,R,33.1015037593985,49.31127819548872,0.0,9,Late,1:22.250,22.830188679245282,820.8301886792453,2,1.0,5.3999999999999995,62.71127819548872
NOR,McLaren,44.0,0 days 00:01:22.403000,HARD,3.0,1,True,82.403,2024,Monza,R,33.1015037593985,49.31127819548872,0.0,10,Late,1:22.403,20.754716981132077,818.7547169811321,2,1.0,6.0,63.31127819548872
NOR,McLaren,45.0,0 days 00:01:22.398000,HARD,3.0,1,True,82.398,2024,Monza,R,33.1015037593985,49.31127819548872,0.0,11,Late,1:22.398,18.679245283018872,816.6792452830189,2,1.0,6.6,63.91127819548872
NOR,McLaren,46.0,0 days 00:01:22.041000,HARD,3.0,1,True,82.041,2024,Monza,R,33.1015037593985,49.31127819548872,0.0,12,Late,1:22.041,16.603773584905667,814.6037735849056,2,1.0,7.199999999999999,64.51127819548871
NOR,McLaren,47.0,0 days 00:01:23.852000,HARD,3.0,1,True,83.852,2024,Monza,R,33.1015037593985,49.31127819548872,0.0,13,Late,1:23.852,14.528301886792448,812.5283018867924,2,0.5263707571801526,7.8,62.26950273856963
NOR,McLaren,48.0,0 days 00:01:21.824000,HARD,3.0,1,True,81.824,2024,Monza,R,33.1015037593985,49.31127819548872,0.0,14,Late,1:21.824,12.452830188679243,810.4528301886793,2,1.0,8.4,65.71127819548872
NOR,McLaren,49.0,0 days 00:01:22.436000,HARD,3.0,1,True,82.436,2024,Monza,R,33.1015037593985,49.31127819548872,0.0,15,Late,1:22.436,10.377358490566039,808.377358490566,2,1.0,9.0,66.31127819548871
NOR,McLaren,50.0,0 days 00:01:23.266000,HARD,3.0,1,True,83.266,2024,Monza,R,33.1015037593985,49.31127819548872,0.0,16,Late,1:23.266,8.301886792452834,806.3018867924528,2,0.8323759791122657,9.6,65.90553407016232
NOR,McLaren,51.0,0 days 00:01:22.269000,HARD,3.0,1,True,82.269,2024,Monza,R,33.1015037593985,49.31127819548872,0.0,17,Late,1:22.269,6.226415094339629,804.2264150943396,2,1.0,10.0,67.31127819548871
NOR,McLaren,52.0,0 days 00:01:22.302000,HARD,3.0,1,True,82.302,2024,Monza,R,33.1015037593985,49.31127819548872,0.0,18,Late,1:22.302,4.15094339622641,802.1509433962265,2,1.0,10.0,67.31127819548871
NOR,McLaren,53.0,0 days 00:01:21.432000,HARD,3.0,1,True,81.432,2024,Monza,R,33.1015037593985,49.31127819548872,0.0,19,Late,1:21.432,2.075471698113205,800.0754716981132,2,1.0,10.0,67.31127819548871
OCO,Alpine,2.0,0 days 00:01:26.837000,HARD,1.0,1,True,86.837,2024,Monza,R,33.1015037593985,49.31127819548872,0.0,0,Early,1:26.837,107.9245283018868,905.9245283018868,2,-1.0,0.0,45.31127819548872
OCO,Alpine,3.0,0 days 00:01:26.466000,HARD,1.0,1,True,86.466,2024,Monza,R,33.1015037593985,49.31127819548872,0.0,1,Early,1:26.466,105.84905660377359,903.8490566037735,2,-0.838642297650125,0.6,46.87942440958797
OCO,Alpine,4.0,0 days 00:01:26.297000,HARD,1.0,1,True,86.297,2024,Monza,R,33.1015037593985,49.31127819548872,0.0,2,Early,1:26.297,103.77358490566037,901.7735849056604,2,-0.7503916449086125,1.2,48.008928326037044
OCO,Alpine,5.0,0 days 00:01:26.568000,HARD,1.0,1,True,86.568,2024,Monza,R,33.1015037593985,49.31127819548872,0.0,3,Early,1:26.568,101.69811320754717,899.6981132075472,2,-0.8919060052219284,1.7999999999999998,47.75984216415714
OCO,Alpine,6.0,0 days 00:01:25.684000,HARD,1.0,1,True,85.684,2024,Monza,R,33.1015037593985,49.31127819548872,0.0,4,Early,1:25.684,99.62264150943396,897.622641509434,2,-0.4302872062663161,2.4,51.12955495789082
OCO,Alpine,7.0,0 days 00:01:26.006000,HARD,1.0,1,True,86.006,2024,Monza,R,33.1015037593985,49.31127819548872,0.0,5,Early,1:26.006,97.54716981132076,895.5471698113207,2,-0.5984334203655337,3.0,50.72067767329552
OCO,Alpine,8.0,0 days 00:01:26.053000,HARD,1.0,1,True,86.053,2024,Monza,R,33.1015037593985,49.31127819548872,0.0,6,Early,1:26.053,95.47169811320755,893.4716981132076,2,-0.6229765013054799,3.5999999999999996,51.17341918765584
OCO,Alpine,9.0,0 days 00:01:25.369000,HARD,1.0,1,True,85.369,2024,Monza,R,33.1015037593985,49.31127819548872,0.0,7,Early,1:25.369,93.39622641509433,891.3962264150944,2,-0.2657963446475189,4.2,53.916500127603605
OCO,Alpine,10.0,0 days 00:01:26.035000,HARD,1.0,1,True,86.035,2024,Monza,R,33.1015037593985,49.31127819548872,0.0,8,Early,1:26.035,91.32075471698113,889.3207547169811,2,-0.613577023498691,4.8,52.42981605449657
OCO,Alpine,11.0,0 days 00:01:26.349000,HARD,1.0,1,True,86.349,2024,Monza,R,33.1015037593985,49.31127819548872,0.0,9,Early,1:26.349,89.24528301886792,887.2452830188679,2,-0.777545691906005,5.3999999999999995,52.04600404405269
OCO,Alpine,12.0,0 days 00:01:25.954000,HARD,1.0,1,True,85.954,2024,Monza,R,33.1015037593985,49.31127819548872,0.0,10,Early,1:25.954,87.16981132075472,885.1698113207547,2,-0.5712793733681413,6.0,53.88360195527987
OCO,Alpine,13.0,0 days 00:01:26.059000,HARD,1.0,1,True,86.059,2024,Monza,R,33.1015037593985,49.31127819548872,0.0,11,Early,1:26.059,85.09433962264151,883.0943396226415,2,-0.6261096605744095,6.6,54.15462023204226
OCO,Alpine,14.0,0 days 00:01:26.307000,HARD,1.0,1,True,86.307,2024,Monza,R,33.1015037593985,49.31127819548872,0.0,12,Early,1:26.307,83.01886792452831,881.0188679245283,2,-0.7556135770234976,7.199999999999999,53.97759673334773
OCO,Alpine,15.0,0 days 00:01:26.677000,HARD,1.0,1,True,86.677,2024,Monza,R,33.1015037593985,49.31127819548872,0.0,13,Early,1:26.677,80.9433962264151,878.9433962264151,2,-0.9488250652741521,7.8,53.4183278038438
OCO,Alpine,16.0,0 days 00:01:26.694000,HARD,1.0,1,True,86.694,2024,Monza,R,33.1015037593985,49.31127819548872,0.0,14,Early,1:26.694,78.86792452830188,876.8679245283018,2,-0.9577023498694502,8.4,53.965064096272016
OCO,Alpine,17.0,0 days 00:01:26.002000,HARD,1.0,1,True,86.002,2024,Monza,R,33.1015037593985,49.31127819548872,0.0,15,Early,1:26.002,76.79245283018868,874.7924528301887,2,-0.5963446475195782,9.0,56.73321031037125
OCO,Alpine,18.0,0 days 00:01:26.234000,HARD,1.0,1,True,86.234,2024,Monza,R,33.1015037593985,49.31127819548872,0.0,16,Mid,1:26.234,74.71698113207547,872.7169811320755,2,-0.7174934725848515,9.6,56.60631735997961
OCO,Alpine,19.0,0 days 00:01:26.174000,HARD,1.0,1,True,86.174,2024,Monza,R,33.1015037593985,49.31127819548872,0.0,17,Mid,1:26.174,72.64150943396226,870.6415094339623,2,-0.6861618798955629,10.0,57.19430691611534
OCO,Alpine,20.0,0 days 00:01:27.326000,HARD,1.0,1,True,87.326,2024,Monza,R,33.1015037593985,49.31127819548872,0.0,18,Mid,1:27.326,70.56603773584905,868.566037735849,2,-1.0,10.0,55.31127819548872
OCO,Alpine,21.0,0 days 00:01:26.450000,HARD,1.0,1,True,86.45,2024,Monza,R,33.1015037593985,49.31127819548872,0.0,19,Mid,1:26.450,68.49056603773585,866.4905660377358,2,-0.8302872062663176,10.0,56.329554957890814
OCO,Alpine,22.0,0 days 00:01:26.327000,HARD,1.0,1,True,86.327,2024,Monza,R,33.1015037593985,49.31127819548872,0.0,20,Mid,1:26.327,66.41509433962264,864.4150943396227,2,-0.7660574412532606,10.0,56.71493354796915
OCO,Alpine,23.0,0 days 00:01:26.201000,HARD,1.0,1,True,86.201,2024,Monza,R,33.1015037593985,49.31127819548872,0.0,21,Mid,1:26.201,64.33962264150944,862.3396226415094,2,-0.7002610966057387,10.0,57.10971161585429
OCO,Alpine,24.0,0 days 00:01:26.770000,HARD,1.0,1,True,86.77,2024,Monza,R,33.1015037593985,49.31127819548872,0.0,22,Mid,1:26.770,62.264150943396224,860.2641509433962,2,-0.9973890339425537,10.0,55.326943991833396
OCO,Alpine,25.0,0 days 00:01:27.519000,HARD,1.0,1,True,87.519,2024,Monza,R,33.1015037593985,49.31127819548872,0.0,23,Mid,1:27.519,60.18867924528302,858.188679245283,2,-1.0,10.0,55.31127819548872
OCO,Alpine,26.0,0 days 00:01:26.383000,HARD,1.0,1,True,86.383,2024,Monza,R,33.1015037593985,49.31127819548872,0.0,24,Mid,1:26.383,58.113207547169814,856.1132075471698,2,-0.7953002610966011,10.0,56.539476628909114
OCO,Alpine,27.0,0 days 00:01:26.725000,HARD,1.0,1,True,86.725,2024,Monza,R,33.1015037593985,49.31127819548872,0.0,25,Mid,1:26.725,56.0377358490566,854.0377358490566,2,-0.9738903394255816,10.0,55.46793615893523
OCO,Alpine,28.0,0 days 00:01:26.013000,HARD,1.0,1,True,86.013,2024,Monza,R,33.1015037593985,49.31127819548872,0.0,26,Mid,1:26.013,53.9622641509434,851.9622641509434,2,-0.6020887728459541,10.0,57.698745558412995
OCO,Alpine,29.0,0 days 00:01:26.099000,HARD,1.0,1,True,86.099,2024,Monza,R,33.1015037593985,49.31127819548872,0.0,27,Mid,1:26.099,51.88679245283019,849.8867924528302,2,-0.6469973890339427,10.0,57.42929386128506
OCO,Alpine,30.0,0 days 00:01:26.025000,HARD,1.0,1,True,86.025,2024,Monza,R,33.1015037593985,49.31127819548872,0.0,28,Mid,1:26.025,49.81132075471698,847.811320754717,2,-0.6083550913838133,10.0,57.66114764718584
OCO,Alpine,33.0,0 days 00:01:24.652000,MEDIUM,2.0,1,True,84.652,2024,Monza,R,33.1015037593985,49.31127819548872,0.0,0,Mid,1:24.652,43.58490566037736,841.5849056603773,5,0.10861618798955495,0.0,54.96297532342605
OCO,Alpine,34.0,0 days 00:01:24.965000,MEDIUM,2.0,1,True,84.965,2024,Monza,R,33.1015037593985,49.31127819548872,0.0,1,Mid,1:24.965,41.509433962264154,839.5094339622642,5,-0.054830287206268216,0.6,54.58229647225111
OCO,Alpine,35.0,0 days 00:01:25.019000,MEDIUM,2.0,1,True,85.019,2024,Monza,R,33.1015037593985,49.31127819548872,0.0,2,Mid,1:25.019,39.43396226415095,837.433962264151,5,-0.08302872062663473,1.2,55.01310587172891
OCO,Alpine,36.0,0 days 00:01:24.942000,MEDIUM,2.0,1,True,84.942,2024,Monza,R,33.1015037593985,49.31127819548872,0.0,3,Late,1:24.942,37.35849056603773,835.3584905660377,5,-0.04281984334203309,1.7999999999999998,55.85435913543652
OCO,Alpine,37.0,0 days 00:01:24.613000,MEDIUM,2.0,1,True,84.613,2024,Monza,R,33.1015037593985,49.31127819548872,0.0,4,Late,1:24.613,35.283018867924525,833.2830188679245,5,0.12898172323759743,2.4,57.4851685349143
OCO,Alpine,38.0,0 days 00:01:24.845000,MEDIUM,2.0,1,True,84.845,2024,Monza,R,33.1015037593985,49.31127819548872,0.0,5,Late,1:24.845,33.20754716981132,831.2075471698113,5,0.007832898172324031,3.0,57.358275584522666
OCO,Alpine,39.0,0 days 00:01:25.267000,MEDIUM,2.0,1,True,85.267,2024,Monza,R,33.1015037593985,49.31127819548872,0.0,6,Late,1:25.267,31.132075471698116,829.1320754716982,5,-0.21253263707571549,3.5999999999999996,56.63608237303443
OCO,Alpine,40.0,0 days 00:01:25.211000,MEDIUM,2.0,1,True,85.211,2024,Monza,R,33.1015037593985,49.31127819548872,0.0,7,Late,1:25.211,29.05660377358491,827.0566037735849,5,-0.18328981723237492,4.2,57.411539292094474
OCO,Alpine,41.0,0 days 00:01:25.060000,MEDIUM,2.0,1,True,85.06,2024,Monza,R,33.1015037593985,49.31127819548872,0.0,8,Late,1:25.060,26.98113207547169,824.9811320754717,5,-0.10443864229765128,4.8,58.484646341702806
OCO,Alpine,42.0,0 days 00:01:25.119000,MEDIUM,2.0,1,True,85.119,2024,Monza,R,33.1015037593985,49.31127819548872,0.0,9,Late,1:25.119,24.905660377358487,822.9056603773585,5,-0.13524804177545666,5.3999999999999995,58.89978994483598
OCO,Alpine,43.0,0 days 00:01:26.111000,MEDIUM,2.0,1,True,86.111,2024,Monza,R,33.1015037593985,49.31127819548872,0.0,10,Late,1:26.111,22.830188679245282,820.8301886792453,5,-0.653263707571802,6.0,56.39169595005791
OCO,Alpine,44.0,0 days 00:01:24.669000,MEDIUM,2.0,1,True,84.669,2024,Monza,R,33.1015037593985,49.31127819548872,0.0,11,Late,1:24.669,20.754716981132077,818.7547169811321,5,0.09973890339425685,6.6,61.50971161585426
OCO,Alpine,45.0,0 days 00:01:24.587000,MEDIUM,2.0,1,True,84.587,2024,Monza,R,33.1015037593985,49.31127819548872,0.0,12,Late,1:24.587,18.679245283018872,816.6792452830189,5,0.14255874673628993,7.199999999999999,62.36663067590646
OCO,Alpine,46.0,0 days 00:01:24.449000,MEDIUM,2.0,1,True,84.449,2024,Monza,R,33.1015037593985,49.31127819548872,0.0,13,Late,1:24.449,16.603773584905667,814.6037735849056,5,0.21462140992167103,7.8,63.399006655018745
OCO,Alpine,47.0,0 days 00:01:24.506000,MEDIUM,2.0,1,True,84.506,2024,Monza,R,33.1015037593985,49.31127819548872,0.0,14,Late,1:24.506,14.528301886792448,812.5283018867924,5,0.18485639686683972,8.4,63.82041657668975
OCO,Alpine,48.0,0 days 00:01:24.458000,MEDIUM,2.0,1,True,84.458,2024,Monza,R,33.1015037593985,49.31127819548872,0.0,15,Late,1:24.458,12.452830188679243,810.4528301886793,5,0.2099216710182766,9.0,64.57080822159838
OCO,Alpine,49.0,0 days 00:01:25.790000,MEDIUM,2.0,1,True,85.79,2024,Monza,R,33.1015037593985,49.31127819548872,0.0,16,Late,1:25.790,10.377358490566039,808.377358490566,5,-0.4856396866840751,9.6,60.99744007538427
OCO,Alpine,50.0,0 days 00:01:25.688000,MEDIUM,2.0,1,True,85.688,2024,Monza,R,33.1015037593985,49.31127819548872,0.0,17,Late,1:25.688,8.301886792452834,806.3018867924528,5,-0.43237597911227166,10.0,61.71702232081508
OCO,Alpine,51.0,0 days 00:01:24.590000,MEDIUM,2.0,1,True,84.59,2024,Monza,R,33.1015037593985,49.31127819548872,0.0,18,Late,1:24.590,6.226415094339629,804.2264150943396,5,0.14099216710182513,10.0,65.15723119809967
OCO,Alpine,52.0,0 days 00:01:24.343000,MEDIUM,2.0,1,True,84.343,2024,Monza,R,33.1015037593985,49.31127819548872,0.0,19,Late,1:24.343,4.15094339622641,802.1509433962265,5,0.2699738903394226,10.0,65.93112153752524
PER,Red Bull Racing,2.0,0 days 00:01:26.411000,HARD,1.0,1,True,86.411,2024,Monza,R,33.1015037593985,49.31127819548872,0.0,0,Early,1:26.411,107.9245283018868,905.9245283018868,2,-0.8099216710182752,0.0,46.451748169379066
PER,Red Bull Racing,3.0,0 days 00:01:25.757000,HARD,1.0,1,True,85.757,2024,Monza,R,33.1015037593985,49.31127819548872,0.0,1,Early,1:25.757,105.84905660377359,903.8490566037735,2,-0.4684073107049622,0.6,49.100834331258945
PER,Red Bull Racing,4.0,0 days 00:01:25.805000,HARD,1.0,1,True,85.805,2024,Monza,R,33.1015037593985,49.31127819548872,0.0,2,Early,1:25.805,103.77358490566037,901.7735849056604,2,-0.4934725848563991,1.2,49.55044268635032
PER,Red Bull Racing,5.0,0 days 00:01:25.447000,HARD,1.0,1,True,85.447,2024,Monza,R,33.1015037593985,49.31127819548872,0.0,3,Early,1:25.447,101.69811320754717,899.6981132075472,2,-0.3065274151436039,1.7999999999999998,51.272113704627095
PER,Red Bull Racing,6.0,0 days 00:01:25.105000,HARD,1.0,1,True,85.105,2024,Monza,R,33.1015037593985,49.31127819548872,0.0,4,Early,1:25.105,99.62264150943396,897.622641509434,2,-0.12793733681462335,2.4,52.94365417460098
PER,Red Bull Racing,7.0,0 days 00:01:25.434000,HARD,1.0,1,True,85.434,2024,Monza,R,33.1015037593985,49.31127819548872,0.0,5,Early,1:25.434,97.54716981132076,895.5471698113207,2,-0.2997389033942539,3.0,52.51284477512319
PER,Red Bull Racing,8.0,0 days 00:01:25.186000,HARD,1.0,1,True,85.186,2024,Monza,R,33.1015037593985,49.31127819548872,0.0,6,Early,1:25.186,95.47169811320755,893.4716981132076,2,-0.17023498694517314,3.5999999999999996,53.88986827381768
PER,Red Bull Racing,9.0,0 days 00:01:24.977000,HARD,1.0,1,True,84.977,2024,Monza,R,33.1015037593985,49.31127819548872,0.0,7,Early,1:24.977,93.39622641509433,891.3962264150944,2,-0.061096605744127445,4.2,55.14469856102396
PER,Red Bull Racing,10.0,0 days 00:01:24.841000,HARD,1.0,1,True,84.841,2024,Monza,R,33.1015037593985,49.31127819548872,0.0,8,Early,1:24.841,91.32075471698113,889.3207547169811,2,0.00992167101827958,4.8,56.17080822159839
PER,Red Bull Racing,11.0,0 days 00:01:24.773000,HARD,1.0,1,True,84.773,2024,Monza,R,33.1015037593985,49.31127819548872,0.0,9,Early,1:24.773,89.24528301886792,887.2452830188679,2,0.04543080939947938,5.3999999999999995,56.98386305188559
PER,Red Bull Racing,12.0,0 days 00:01:24.654000,HARD,1.0,1,True,84.654,2024,Monza,R,33.1015037593985,49.31127819548872,0.0,10,Early,1:24.654,87.16981132075472,885.1698113207547,2,0.10757180156658089,6.0,57.956709004888204
PER,Red Bull Racing,13.0,0 days 00:01:25.041000,HARD,1.0,1,True,85.041,2024,Monza,R,33.1015037593985,49.31127819548872,0.0,11,Early,1:25.041,85.09433962264151,883.0943396226415,2,-0.0945169712793717,6.6,57.34417636781249
PER,Red Bull Racing,14.0,0 days 00:01:25.229000,HARD,1.0,1,True,85.229,2024,Monza,R,33.1015037593985,49.31127819548872,0.0,12,Early,1:25.229,83.01886792452831,881.0188679245283,2,-0.19268929503916374,7.199999999999999,57.35514242525373
PER,Red Bull Racing,15.0,0 days 00:01:25.543000,HARD,1.0,1,True,85.543,2024,Monza,R,33.1015037593985,49.31127819548872,0.0,13,Early,1:25.543,80.9433962264151,878.9433962264151,2,-0.35665796344647765,7.8,56.97133041480985
PER,Red Bull Racing,16.0,0 days 00:01:25.434000,HARD,1.0,1,True,85.434,2024,Monza,R,33.1015037593985,49.31127819548872,0.0,14,Early,1:25.434,78.86792452830188,876.8679245283018,2,-0.2997389033942539,8.4,57.91284477512319
PER,Red Bull Racing,17.0,0 days 00:01:25.444000,HARD,1.0,1,True,85.444,2024,Monza,R,33.1015037593985,49.31127819548872,0.0,15,Early,1:25.444,76.79245283018868,874.7924528301887,2,-0.30496083550913905,9.0,58.481513182433886
PER,Red Bull Racing,18.0,0 days 00:01:25.448000,HARD,1.0,1,True,85.448,2024,Monza,R,33.1015037593985,49.31127819548872,0.0,16,Mid,1:25.448,74.71698113207547,872.7169811320755,2,-0.30704960835508716,9.6,59.068980545358194
PER,Red Bull Racing,19.0,0 days 00:01:25.683000,HARD,1.0,1,True,85.683,2024,Monza,R,33.1015037593985,49.31127819548872,0.0,17,Mid,1:25.683,72.64150943396226,870.6415094339623,2,-0.4297650130548328,10.0,58.732688117159725
PER,Red Bull Racing,20.0,0 days 00:01:26.111000,HARD,1.0,1,True,86.111,2024,Monza,R,33.1015037593985,49.31127819548872,0.0,18,Mid,1:26.111,70.56603773584905,868.566037735849,2,-0.653263707571802,10.0,57.39169595005791
PER,Red Bull Racing,21.0,0 days 00:01:25.864000,HARD,1.0,1,True,85.864,2024,Monza,R,33.1015037593985,49.31127819548872,0.0,19,Mid,1:25.864,68.49056603773585,866.4905660377358,2,-0.5242819843342045,10.0,58.16558628948349
PER,Red Bull Racing,22.0,0 days 00:01:25.709000,HARD,1.0,1,True,85.709,2024,Monza,R,33.1015037593985,49.31127819548872,0.0,20,Mid,1:25.709,66.41509433962264,864.4150943396227,2,-0.44334203655352533,10.0,58.65122597616757
PER,Red Bull Racing,25.0,0 days 00:01:24.109000,HARD,2.0,1,True,84.109,2024,Monza,R,33.1015037593985,49.31127819548872,0.0,0,Mid,1:24.109,60.18867924528302,858.188679245283,2,0.39216710182767744,0.0,53.664280806454784
PER,Red Bull Racing,26.0,0 days 00:01:23.975000,HARD,2.0,1,True,83.975,2024,Monza,R,33.1015037593985,49.31127819548872,0.0,1,Mid,1:23.975,58.113207547169814,856.1132075471698,2,0.46214099216710297,0.6,54.684124148491335
PER,Red Bull Racing,27.0,0 days 00:01:23.784000,HARD,2.0,1,True,83.784,2024,Monza,R,33.1015037593985,49.31127819548872,0.0,2,Mid,1:23.784,56.0377358490566,854.0377358490566,2,0.5618798955613524,1.2,55.88255756885684
PER,Red Bull Racing,28.0,0 days 00:01:23.598000,HARD,2.0,1,True,83.598,2024,Monza,R,33.1015037593985,49.31127819548872,0.0,3,Mid,1:23.598,53.9622641509434,851.9622641509434,2,0.6590078328981704,1.7999999999999998,57.06532519287774
PER,Red Bull Racing,29.0,0 days 00:01:23.854000,HARD,2.0,1,True,83.854,2024,Monza,R,33.1015037593985,49.31127819548872,0.0,4,Mid,1:23.854,51.88679245283019,849.8867924528302,2,0.5253263707571786,2.4,56.86323642003179
PER,Red Bull Racing,30.0,0 days 00:01:23.474000,HARD,2.0,1,True,83.474,2024,Monza,R,33.1015037593985,49.31127819548872,0.0,5,Mid,1:23.474,49.81132075471698,847.811320754717,2,0.7237597911227108,3.0,58.653836942224984
PER,Red Bull Racing,31.0,0 days 00:01:25.086000,HARD,2.0,1,True,85.086,2024,Monza,R,33.1015037593985,49.31127819548872,0.0,6,Mid,1:25.086,47.735849056603776,845.7358490566038,2,-0.11801566579634379,3.5999999999999996,54.20318420071066
PER,Red Bull Racing,32.0,0 days 00:01:23.825000,HARD,2.0,1,True,83.825,2024,Monza,R,33.1015037593985,49.31127819548872,0.0,7,Mid,1:23.825,45.660377358490564,843.6603773584906,2,0.5404699738903359,4.2,58.75409803883073
PER,Red Bull Racing,33.0,0 days 00:01:23.473000,HARD,2.0,1,True,83.473,2024,Monza,R,33.1015037593985,49.31127819548872,0.0,8,Mid,1:23.473,43.58490566037736,841.5849056603773,2,0.7242819843342015,4.8,60.45697010149392
PER,Red Bull Racing,34.0,0 days 00:01:23.611000,HARD,2.0,1,True,83.611,2024,Monza,R,33.1015037593985,49.31127819548872,0.0,9,Mid,1:23.611,41.509433962264154,839.5094339622642,2,0.6522193211488204,5.3999999999999995,60.62459412238164
PER,Red Bull Racing,37.0,0 days 00:01:23.291000,MEDIUM,3.0,1,True,83.291,2024,Monza,R,33.1015037593985,49.31127819548872,0.0,0,Late,1:23.291,35.283018867924525,833.2830188679245,5,0.819321148825064,0.0,59.227205088439106
PER,Red Bull Racing,38.0,0 days 00:01:26.243000,MEDIUM,3.0,1,True,86.243,2024,Monza,R,33.1015037593985,49.31127819548872,0.0,1,Late,1:26.243,33.20754716981132,831.2075471698113,5,-0.722193211488246,0.6,50.57811892655924
PER,Red Bull Racing,39.0,0 days 00:01:23.707000,MEDIUM,3.0,1,True,83.707,2024,Monza,R,33.1015037593985,49.31127819548872,0.0,2,Late,1:23.707,31.132075471698116,829.1320754716982,5,0.6020887728459541,1.2,59.123810832564445
PER,Red Bull Racing,40.0,0 days 00:01:23.393000,MEDIUM,3.0,1,True,83.393,2024,Monza,R,33.1015037593985,49.31127819548872,0.0,3,Late,1:23.393,29.05660377358491,827.0566037735849,5,0.7660574412532606,1.7999999999999998,60.70762284300828
PER,Red Bull Racing,41.0,0 days 00:01:23.267000,MEDIUM,3.0,1,True,83.267,2024,Monza,R,33.1015037593985,49.31127819548872,0.0,4,Late,1:23.267,26.98113207547169,824.9811320754717,5,0.8318537859007824,2.4,61.70240091089341
PER,Red Bull Racing,42.0,0 days 00:01:23.908000,MEDIUM,3.0,1,True,83.908,2024,Monza,R,33.1015037593985,49.31127819548872,0.0,5,Late,1:23.908,24.905660377358487,822.9056603773585,5,0.49712793733681204,3.0,60.29404581950959
PER,Red Bull Racing,43.0,0 days 00:01:24.537000,MEDIUM,3.0,1,True,84.537,2024,Monza,R,33.1015037593985,49.31127819548872,0.0,6,Late,1:24.537,22.830188679245282,820.8301886792453,5,0.1686684073107009,3.5999999999999996,58.923288639352926
PER,Red Bull Racing,44.0,0 days 00:01:23.617000,MEDIUM,3.0,1,True,83.617,2024,Monza,R,33.1015037593985,49.31127819548872,0.0,7,Late,1:23.617,20.754716981132077,818.7547169811321,5,0.6490861618798909,4.2,62.405795166768065
PER,Red Bull Racing,45.0,0 days 00:01:23.033000,MEDIUM,3.0,1,True,83.033,2024,Monza,R,33.1015037593985,49.31127819548872,0.0,8,Late,1:23.033,18.679245283018872,816.6792452830189,5,0.9540469973890299,4.8,64.83556017982289
PER,Red Bull Racing,46.0,0 days 00:01:22.996000,MEDIUM,3.0,1,True,82.996,2024,Monza,R,33.1015037593985,49.31127819548872,0.0,9,Late,1:22.996,16.603773584905667,814.6037735849056,5,0.9733681462140983,5.3999999999999995,65.55148707277331
PER,Red Bull Racing,47.0,0 days 00:01:22.971000,MEDIUM,3.0,1,True,82.971,2024,Monza,R,33.1015037593985,49.31127819548872,0.0,10,Late,1:22.971,14.528301886792448,812.5283018867924,5,0.9864229765013001,6.0,66.22981605449652
PER,Red Bull Racing,48.0,0 days 00:01:23.315000,MEDIUM,3.0,1,True,83.315,2024,Monza,R,33.1015037593985,49.31127819548872,0.0,11,Late,1:23.315,12.452830188679243,810.4528301886793,5,0.8067885117493455,6.6,65.7520092659848
PER,Red Bull Racing,49.0,0 days 00:01:23.612000,MEDIUM,3.0,1,True,83.612,2024,Monza,R,33.1015037593985,49.31127819548872,0.0,12,Late,1:23.612,10.377358490566039,808.377358490566,5,0.6516971279373371,7.199999999999999,65.42146096311274
PER,Red Bull Racing,50.0,0 days 00:01:23.390000,MEDIUM,3.0,1,True,83.39,2024,Monza,R,33.1015037593985,49.31127819548872,0.0,13,Late,1:23.390,8.301886792452834,806.3018867924528,5,0.7676240208877254,7.8,66.71702232081506
PER,Red Bull Racing,51.0,0 days 00:01:23.415000,MEDIUM,3.0,1,True,83.415,2024,Monza,R,33.1015037593985,49.31127819548872,0.0,14,Late,1:23.415,6.226415094339629,804.2264150943396,5,0.7545691906005162,8.4,67.23869333909181
PER,Red Bull Racing,52.0,0 days 00:01:24.071000,MEDIUM,3.0,1,True,84.071,2024,Monza,R,33.1015037593985,49.31127819548872,0.0,15,Late,1:24.071,4.15094339622641,802.1509433962265,5,0.4120104438642292,9.0,65.7833408586741
PER,Red Bull Racing,53.0,0 days 00:01:24.511000,MEDIUM,3.0,1,True,84.511,2024,Monza,R,33.1015037593985,49.31127819548872,0.0,16,Late,1:24.511,2.075471698113205,800.0754716981132,5,0.18224543080940084,9.6,65.00475078034512
PIA,McLaren,2.0,0 days 00:01:25.116000,MEDIUM,1.0,1,True,85.116,2024,Monza,R,33.1015037593985,49.31127819548872,0.0,0,Early,1:25.116,107.9245283018868,905.9245283018868,5,-0.13368146214099186,0.0,53.50918942264277
PIA,McLaren,3.0,0 days 00:01:25.261000,MEDIUM,1.0,1,True,85.261,2024,Monza,R,33.1015037593985,49.31127819548872,0.0,1,Early,1:25.261,105.84905660377359,903.8490566037735,5,-0.20939947780678586,0.6,53.654881328648
PIA,McLaren,4.0,0 days 00:01:24.695000,MEDIUM,1.0,1,True,84.695,2024,Monza,R,33.1015037593985,49.31127819548872,0.0,2,Early,1:24.695,103.77358490566037,901.7735849056604,5,0.08616187989556434,1.2,56.02824947486211
PIA,McLaren,5.0,0 days 00:01:24.660000,MEDIUM,1.0,1,True,84.66,2024,Monza,R,33.1015037593985,49.31127819548872,0.0,3,Early,1:24.660,101.69811320754717,899.6981132075472,5,0.10443864229765128,1.7999999999999998,56.737910049274625
PIA,McLaren,6.0,0 days 00:01:24.603000,MEDIUM,1.0,1,True,84.603,2024,Monza,R,33.1015037593985,49.31127819548872,0.0,4,Early,1:24.603,99.62264150943396,897.622641509434,5,0.1342036553524826,2.4,57.516500127603614
PIA,McLaren,7.0,0 days 00:01:24.418000,MEDIUM,1.0,1,True,84.418,2024,Monza,R,33.1015037593985,49.31127819548872,0.0,5,Early,1:24.418,97.54716981132076,895.5471698113207,5,0.2308093994778024,3.0,58.696134592355534
PIA,McLaren,8.0,0 days 00:01:24.570000,MEDIUM,1.0,1,True,84.57,2024,Monza,R,33.1015037593985,49.31127819548872,0.0,6,Early,1:24.570,95.47169811320755,893.4716981132076,5,0.15143603133159547,3.5999999999999996,58.81989438347829
PIA,McLaren,9.0,0 days 00:01:24.375000,MEDIUM,1.0,1,True,84.375,2024,Monza,R,33.1015037593985,49.31127819548872,0.0,7,Early,1:24.375,93.39622641509433,891.3962264150944,5,0.25326370757180044,4.2,60.030860440919525
PIA,McLaren,10.0,0 days 00:01:24.077000,MEDIUM,1.0,1,True,84.077,2024,Monza,R,33.1015037593985,49.31127819548872,0.0,8,Early,1:24.077,91.32075471698113,889.3207547169811,5,0.4088772845952996,4.8,61.564541903060515
PIA,McLaren,11.0,0 days 00:01:24.247000,MEDIUM,1.0,1,True,84.247,2024,Monza,R,33.1015037593985,49.31127819548872,0.0,9,Early,1:24.247,89.24528301886792,887.2452830188679,5,0.3201044386422964,5.3999999999999995,61.631904827342495
PIA,McLaren,12.0,0 days 00:01:24.748000,MEDIUM,1.0,1,True,84.748,2024,Monza,R,33.1015037593985,49.31127819548872,0.0,10,Early,1:24.748,87.16981132075472,885.1698113207547,5,0.05848563968668115,6.0,60.662192033608804
PIA,McLaren,13.0,0 days 00:01:24.670000,MEDIUM,1.0,1,True,84.67,2024,Monza,R,33.1015037593985,49.31127819548872,0.0,11,Early,1:24.670,85.09433962264151,883.0943396226415,5,0.09921671018276611,6.6,61.506578456585316
PIA,McLaren,14.0,0 days 00:01:25.048000,MEDIUM,1.0,1,True,85.048,2024,Monza,R,33.1015037593985,49.31127819548872,0.0,12,Early,1:25.048,83.01886792452831,881.0188679245283,5,-0.09817232375979205,7.199999999999999,60.922244252929964
PIA,McLaren,15.0,0 days 00:01:25.166000,MEDIUM,1.0,1,True,85.166,2024,Monza,R,33.1015037593985,49.31127819548872,0.0,13,Early,1:25.166,80.9433962264151,878.9433962264151,5,-0.1597911227154028,7.8,61.1525314591963
PIA,McLaren,18.0,0 days 00:01:24.028000,HARD,2.0,1,True,84.028,2024,Monza,R,33.1015037593985,49.31127819548872,0.0,0,Mid,1:24.028,74.71698113207547,872.7169811320755,2,0.4344647519582198,0.0,53.91806670723804
PIA,McLaren,19.0,0 days 00:01:24.602000,HARD,2.0,1,True,84.602,2024,Monza,R,33.1015037593985,49.31127819548872,0.0,1,Mid,1:24.602,72.64150943396226,870.6415094339623,2,0.1347258485639659,0.6,52.719633286872515
PIA,McLaren,20.0,0 days 00:01:23.986000,HARD,2.0,1,True,83.986,2024,Monza,R,33.1015037593985,49.31127819548872,0.0,2,Mid,1:23.986,70.56603773584905,868.566037735849,2,0.4563968668407271,1.2,55.24965939653308
PIA,McLaren,21.0,0 days 00:01:23.903000,HARD,2.0,1,True,83.903,2024,Monza,R,33.1015037593985,49.31127819548872,0.0,3,Mid,1:23.903,68.49056603773585,866.4905660377358,2,0.4997389033942509,1.7999999999999998,56.10971161585422
PIA,McLaren,22.0,0 days 00:01:23.647000,HARD,2.0,1,True,83.647,2024,Monza,R,33.1015037593985,49.31127819548872,0.0,4,Mid,1:23.647,66.41509433962264,864.4150943396227,2,0.6334203655352427,2.4,57.51180038870017
PIA,McLaren,23.0,0 days 00:01:23.660000,HARD,2.0,1,True,83.66,2024,Monza,R,33.1015037593985,49.31127819548872,0.0,5,Mid,1:23.660,64.33962264150944,862.3396226415094,2,0.6266318537859003,3.0,58.07106931820412
PIA,McLaren,24.0,0 days 00:01:23.315000,HARD,2.0,1,True,83.315,2024,Monza,R,33.1015037593985,49.31127819548872,0.0,6,Mid,1:23.315,62.264150943396224,860.2641509433962,2,0.8067885117493455,3.5999999999999996,59.752009265984796
PIA,McLaren,25.0,0 days 00:01:23.230000,HARD,2.0,1,True,83.23,2024,Monza,R,33.1015037593985,49.31127819548872,0.0,7,Mid,1:23.230,60.18867924528302,858.188679245283,2,0.8511749347258434,4.2,60.61832780384378
PIA,McLaren,26.0,0 days 00:01:23.133000,HARD,2.0,1,True,83.133,2024,Monza,R,33.1015037593985,49.31127819548872,0.0,8,Mid,1:23.133,58.113207547169814,856.1132075471698,2,0.901827676240208,4.8,61.522244252929966
PIA,McLaren,27.0,0 days 00:01:23.088000,HARD,2.0,1,True,83.088,2024,Monza,R,33.1015037593985,49.31127819548872,0.0,9,Mid,1:23.088,56.0377358490566,854.0377358490566,2,0.92532637075718,5.3999999999999995,62.263236420031795
PIA,McLaren,28.0,0 days 00:01:23.168000,HARD,2.0,1,True,83.168,2024,Monza,R,33.1015037593985,49.31127819548872,0.0,10,Mid,1:23.168,53.9622641509434,851.9622641509434,2,0.8835509138381136,6.0,62.612583678517396
PIA,McLaren,29.0,0 days 00:01:23.066000,HARD,2.0,1,True,83.066,2024,Monza,R,33.1015037593985,49.31127819548872,0.0,11,Mid,1:23.066,51.88679245283019,849.8867924528302,2,0.936814621409917,6.6,63.53216592394822
PIA,McLaren,30.0,0 days 00:01:22.968000,HARD,2.0,1,True,82.968,2024,Monza,R,33.1015037593985,49.31127819548872,0.0,12,Mid,1:22.968,49.81132075471698,847.811320754717,2,0.9879895561357649,7.199999999999999,64.43921553230331
PIA,McLaren,31.0,0 days 00:01:23.221000,HARD,2.0,1,True,83.221,2024,Monza,R,33.1015037593985,49.31127819548872,0.0,13,Mid,1:23.221,47.735849056603776,845.7358490566038,2,0.8558746736292379,7.8,64.24652623726415
PIA,McLaren,32.0,0 days 00:01:23.480000,HARD,2.0,1,True,83.48,2024,Monza,R,33.1015037593985,49.31127819548872,0.0,14,Mid,1:23.480,45.660377358490564,843.6603773584906,2,0.7206266318537812,8.4,64.0350379866114
PIA,McLaren,33.0,0 days 00:01:23.148000,HARD,2.0,1,True,83.148,2024,Monza,R,33.1015037593985,49.31127819548872,0.0,15,Mid,1:23.148,43.58490566037736,841.5849056603773,2,0.893994778067884,9.0,65.67524686389602
PIA,McLaren,34.0,0 days 00:01:23.456000,HARD,2.0,1,True,83.456,2024,Monza,R,33.1015037593985,49.31127819548872,0.0,16,Mid,1:23.456,41.509433962264154,839.5094339622642,2,0.7331592689294997,9.6,65.31023380906572
PIA,McLaren,35.0,0 days 00:01:23.409000,HARD,2.0,1,True,83.409,2024,Monza,R,33.1015037593985,49.31127819548872,0.0,17,Mid,1:23.409,39.43396226415095,837.433962264151,2,0.7577023498694457,10.0,65.8574922947054
PIA,McLaren,36.0,0 days 00:01:23.746000,HARD,2.0,1,True,83.746,2024,Monza,R,33.1015037593985,49.31127819548872,0.0,18,Late,1:23.746,37.35849056603773,835.3584905660377,2,0.5817232375979116,10.0,64.80161762107619
PIA,McLaren,37.0,0 days 00:01:23.691000,HARD,2.0,1,True,83.691,2024,Monza,R,33.1015037593985,49.31127819548872,0.0,19,Late,1:23.691,35.283018867924525,833.2830188679245,2,0.6104438642297614,10.0,64.97394138086729
PIA,McLaren,40.0,0 days 00:01:22.264000,HARD,3.0,1,True,82.264,2024,Monza,R,33.1015037593985,49.31127819548872,0.0,0,Late,1:22.264,29.05660377358491,827.0566037735849,2,1.0,0.0,57.31127819548872
PIA,McLaren,41.0,0 days 00:01:22.066000,HARD,3.0,1,True,82.066,2024,Monza,R,33.1015037593985,49.31127819548872,0.0,1,Late,1:22.066,26.98113207547169,824.9811320754717,2,1.0,0.6,57.91127819548872
PIA,McLaren,42.0,0 days 00:01:22.331000,HARD,3.0,1,True,82.331,2024,Monza,R,33.1015037593985,49.31127819548872,0.0,2,Late,1:22.331,24.905660377358487,822.9056603773585,2,1.0,1.2,58.51127819548872
PIA,McLaren,43.0,0 days 00:01:22.092000,HARD,3.0,1,True,82.092,2024,Monza,R,33.1015037593985,49.31127819548872,0.0,3,Late,1:22.092,22.830188679245282,820.8301886792453,2,1.0,1.7999999999999998,59.111278195488715
PIA,McLaren,44.0,0 days 00:01:22.628000,HARD,3.0,1,True,82.628,2024,Monza,R,33.1015037593985,49.31127819548872,0.0,4,Late,1:22.628,20.754716981132077,818.7547169811321,2,1.0,2.4,59.71127819548872
PIA,McLaren,45.0,0 days 00:01:23.675000,HARD,3.0,1,True,83.675,2024,Monza,R,33.1015037593985,49.31127819548872,0.0,5,Late,1:23.675,18.679245283018872,816.6792452830189,2,0.6187989556135762,3.0,58.02407192917018
PIA,McLaren,46.0,0 days 00:01:22.537000,HARD,3.0,1,True,82.537,2024,Monza,R,33.1015037593985,49.31127819548872,0.0,6,Late,1:22.537,16.603773584905667,814.6037735849056,2,1.0,3.5999999999999996,60.91127819548872
PIA,McLaren,47.0,0 days 00:01:22.253000,HARD,3.0,1,True,82.253,2024,Monza,R,33.1015037593985,49.31127819548872,0.0,7,Late,1:22.253,14.528301886792448,812.5283018867924,2,1.0,4.2,61.51127819548872
PIA,McLaren,48.0,0 days 00:01:22.725000,HARD,3.0,1,True,82.725,2024,Monza,R,33.1015037593985,49.31127819548872,0.0,8,Late,1:22.725,12.452830188679243,810.4528301886793,2,1.0,4.8,62.111278195488715
PIA,McLaren,49.0,0 days 00:01:22.945000,HARD,3.0,1,True,82.945,2024,Monza,R,33.1015037593985,49.31127819548872,0.0,9,Late,1:22.945,10.377358490566039,808.377358490566,2,1.0,5.3999999999999995,62.71127819548872
PIA,McLaren,50.0,0 days 00:01:22.586000,HARD,3.0,1,True,82.586,2024,Monza,R,33.1015037593985,49.31127819548872,0.0,10,Late,1:22.586,8.301886792452834,806.3018867924528,2,1.0,6.0,63.31127819548872
PIA,McLaren,51.0,0 days 00:01:22.424000,HARD,3.0,1,True,82.424,2024,Monza,R,33.1015037593985,49.31127819548872,0.0,11,Late,1:22.424,6.226415094339629,804.2264150943396,2,1.0,6.6,63.91127819548872
PIA,McLaren,52.0,0 days 00:01:21.948000,HARD,3.0,1,True,81.948,2024,Monza,R,33.1015037593985,49.31127819548872,0.0,12,Late,1:21.948,4.15094339622641,802.1509433962265,2,1.0,7.199999999999999,64.51127819548871
PIA,McLaren,53.0,0 days 00:01:21.943000,HARD,3.0,1,True,81.943,2024,Monza,R,33.1015037593985,49.31127819548872,0.0,13,Late,1:21.943,2.075471698113205,800.0754716981132,2,1.0,7.8,65.11127819548872
RIC,RB,2.0,0 days 00:01:27.177000,MEDIUM,1.0,1,True,87.177,2024,Monza,R,33.1015037593985,49.31127819548872,0.0,0,Early,1:27.177,107.9245283018868,905.9245283018868,5,-1.0,0.0,48.31127819548872
RIC,RB,3.0,0 days 00:01:26.588000,MEDIUM,1.0,1,True,86.588,2024,Monza,R,33.1015037593985,49.31127819548872,0.0,1,Early,1:26.588,105.84905660377359,903.8490566037735,5,-0.9023498694516913,0.6,49.49717897877857
RIC,RB,4.0,0 days 00:01:26.488000,MEDIUM,1.0,1,True,86.488,2024,Monza,R,33.1015037593985,49.31127819548872,0.0,2,Early,1:26.488,103.77358490566037,901.7735849056604,5,-0.8501305483028694,1.2,50.410494905671506
RIC,RB,5.0,0 days 00:01:26.251000,MEDIUM,1.0,1,True,86.251,2024,Monza,R,33.1015037593985,49.31127819548872,0.0,3,Early,1:26.251,101.69811320754717,899.6981132075472,5,-0.7263707571801571,1.7999999999999998,51.75305365240777
RIC,RB,6.0,0 days 00:01:25.899000,MEDIUM,1.0,1,True,85.899,2024,Monza,R,33.1015037593985,49.31127819548872,0.0,4,Early,1:25.899,99.62264150943396,897.622641509434,5,-0.5425587467362915,2.4,53.45592571507097
RIC,RB,7.0,0 days 00:01:25.713000,MEDIUM,1.0,1,True,85.713,2024,Monza,R,33.1015037593985,49.31127819548872,0.0,5,Early,1:25.713,97.54716981132076,895.5471698113207,5,-0.44543080939947344,3.0,54.63869333909188
RIC,RB,8.0,0 days 00:01:25.993000,MEDIUM,1.0,1,True,85.993,2024,Monza,R,33.1015037593985,49.31127819548872,0.0,6,Early,1:25.993,95.47169811320755,893.4716981132076,5,-0.5916449086161838,3.5999999999999996,54.361408743791614
RIC,RB,9.0,0 days 00:01:25.815000,MEDIUM,1.0,1,True,85.815,2024,Monza,R,33.1015037593985,49.31127819548872,0.0,7,Early,1:25.815,93.39622641509433,891.3962264150944,5,-0.49869451697127687,4.2,55.51911109366106
RIC,RB,10.0,0 days 00:01:26.111000,MEDIUM,1.0,1,True,86.111,2024,Monza,R,33.1015037593985,49.31127819548872,0.0,8,Early,1:26.111,91.32075471698113,889.3207547169811,5,-0.653263707571802,4.8,55.191695950057905
RIC,RB,13.0,0 days 00:01:26.122000,HARD,2.0,1,True,86.122,2024,Monza,R,33.1015037593985,49.31127819548872,0.0,0,Early,1:26.122,85.09433962264151,883.0943396226415,2,-0.6590078328981704,0.0,47.3572311980997
RIC,RB,14.0,0 days 00:01:25.827000,HARD,2.0,1,True,85.827,2024,Monza,R,33.1015037593985,49.31127819548872,0.0,1,Early,1:25.827,83.01886792452831,881.0188679245283,2,-0.5049608355091361,0.6,48.881513182433906
RIC,RB,15.0,0 days 00:01:25.572000,HARD,2.0,1,True,85.572,2024,Monza,R,33.1015037593985,49.31127819548872,0.0,2,Early,1:25.572,80.9433962264151,878.9433962264151,2,-0.371801566579635,1.2,50.28046879601091
RIC,RB,16.0,0 days 00:01:25.398000,HARD,2.0,1,True,85.398,2024,Monza,R,33.1015037593985,49.31127819548872,0.0,3,Early,1:25.398,78.86792452830188,876.8679245283018,2,-0.2809399477806762,1.7999999999999998,51.42563850880466
RIC,RB,17.0,0 days 00:01:25.028000,HARD,2.0,1,True,85.028,2024,Monza,R,33.1015037593985,49.31127819548872,0.0,4,Early,1:25.028,76.79245283018868,874.7924528301887,2,-0.08772845953002915,2.4,53.18490743830854
RIC,RB,18.0,0 days 00:01:25.062000,HARD,2.0,1,True,85.062,2024,Monza,R,33.1015037593985,49.31127819548872,0.0,5,Mid,1:25.062,74.71698113207547,872.7169811320755,2,-0.10548302872062534,3.0,53.67838002316497
RIC,RB,19.0,0 days 00:01:24.897000,HARD,2.0,1,True,84.897,2024,Monza,R,33.1015037593985,49.31127819548872,0.0,6,Mid,1:24.897,72.64150943396226,870.6415094339623,2,-0.019321148825068416,3.5999999999999996,54.79535130253831
RIC,RB,20.0,0 days 00:01:24.753000,HARD,2.0,1,True,84.753,2024,Monza,R,33.1015037593985,49.31127819548872,0.0,7,Mid,1:24.753,70.56603773584905,868.566037735849,2,0.05587467362924228,4.2,55.84652623726417
RIC,RB,21.0,0 days 00:01:24.991000,HARD,2.0,1,True,84.991,2024,Monza,R,33.1015037593985,49.31127819548872,0.0,8,Mid,1:24.991,68.49056603773585,866.4905660377358,2,-0.06840731070496073,4.8,55.70083433125895
RIC,RB,22.0,0 days 00:01:25.080000,HARD,2.0,1,True,85.08,2024,Monza,R,33.1015037593985,49.31127819548872,0.0,9,Mid,1:25.080,66.41509433962264,864.4150943396227,2,-0.11488250652741418,5.3999999999999995,56.02198315632423
RIC,RB,23.0,0 days 00:01:24.848000,HARD,2.0,1,True,84.848,2024,Monza,R,33.1015037593985,49.31127819548872,0.0,10,Mid,1:24.848,64.33962264150944,862.3396226415094,2,0.006266318537859225,6.0,57.34887610671587
RIC,RB,24.0,0 days 00:01:24.931000,HARD,2.0,1,True,84.931,2024,Monza,R,33.1015037593985,49.31127819548872,0.0,11,Mid,1:24.931,62.264150943396224,860.2641509433962,2,-0.03707571801566461,6.6,57.68882388739473
RIC,RB,25.0,0 days 00:01:25.047000,HARD,2.0,1,True,85.047,2024,Monza,R,33.1015037593985,49.31127819548872,0.0,12,Mid,1:25.047,60.18867924528302,858.188679245283,2,-0.09765013054830131,7.199999999999999,57.925377412198905
RIC,RB,26.0,0 days 00:01:24.906000,HARD,2.0,1,True,84.906,2024,Monza,R,33.1015037593985,49.31127819548872,0.0,13,Mid,1:24.906,58.113207547169814,856.1132075471698,2,-0.024020887728462836,7.8,58.96715286911794
RIC,RB,27.0,0 days 00:01:25.595000,HARD,2.0,1,True,85.595,2024,Monza,R,33.1015037593985,49.31127819548872,0.0,14,Mid,1:25.595,56.0377358490566,854.0377358490566,2,-0.3838120104438627,8.4,57.40840613282554
RIC,RB,28.0,0 days 00:01:25.380000,HARD,2.0,1,True,85.38,2024,Monza,R,33.1015037593985,49.31127819548872,0.0,15,Mid,1:25.380,53.9622641509434,851.9622641509434,2,-0.27154046997388737,9.0,58.68203537564539
RIC,RB,29.0,0 days 00:01:24.835000,HARD,2.0,1,True,84.835,2024,Monza,R,33.1015037593985,49.31127819548872,0.0,16,Mid,1:24.835,51.88679245283019,849.8867924528302,2,0.013054830287209192,9.6,60.98960717721197
RIC,RB,30.0,0 days 00:01:24.970000,HARD,2.0,1,True,84.97,2024,Monza,R,33.1015037593985,49.31127819548872,0.0,17,Mid,1:24.970,49.81132075471698,847.811320754717,2,-0.05744125326370709,10.0,60.96663067590647
RIC,RB,31.0,0 days 00:01:24.875000,HARD,2.0,1,True,84.875,2024,Monza,R,33.1015037593985,49.31127819548872,0.0,18,Mid,1:24.875,47.735849056603776,845.7358490566038,2,-0.007832898172324031,10.0,61.26428080645477
RIC,RB,32.0,0 days 00:01:24.690000,HARD,2.0,1,True,84.69,2024,Monza,R,33.1015037593985,49.31127819548872,0.0,19,Mid,1:24.690,45.660377358490564,843.6603773584906,2,0.08877284595300321,10.0,61.84391527120674
RIC,RB,33.0,0 days 00:01:24.662000,HARD,2.0,1,True,84.662,2024,Monza,R,33.1015037593985,49.31127819548872,0.0,20,Mid,1:24.662,43.58490566037736,841.5849056603773,2,0.10339425587466979,10.0,61.93164373073674
RIC,RB,34.0,0 days 00:01:24.777000,HARD,2.0,1,True,84.777,2024,Monza,R,33.1015037593985,49.31127819548872,0.0,21,Mid,1:24.777,41.509433962264154,839.5094339622642,2,0.04334203655352383,10.0,61.571330414809864
RIC,RB,35.0,0 days 00:01:25.588000,HARD,2.0,1,True,85.588,2024,Monza,R,33.1015037593985,49.31127819548872,0.0,22,Mid,1:25.588,39.43396226415095,837.433962264151,2,-0.38015665796344233,10.0,59.030338247708066
RIC,RB,36.0,0 days 00:01:25.081000,HARD,2.0,1,True,85.081,2024,Monza,R,33.1015037593985,49.31127819548872,0.0,23,Late,1:25.081,37.35849056603773,835.3584905660377,2,-0.11540469973890492,10.0,60.618849997055285
RIC,RB,37.0,0 days 00:01:25.095000,HARD,2.0,1,True,85.095,2024,Monza,R,33.1015037593985,49.31127819548872,0.0,24,Late,1:25.095,35.283018867924525,833.2830188679245,2,-0.12271540469973821,10.0,60.574985767290286
RIC,RB,38.0,0 days 00:01:25.288000,HARD,2.0,1,True,85.288,2024,Monza,R,33.1015037593985,49.31127819548872,0.0,25,Late,1:25.288,33.20754716981132,831.2075471698113,2,-0.22349869451696913,10.0,59.9702860283869
RIC,RB,39.0,0 days 00:01:25.033000,HARD,2.0,1,True,85.033,2024,Monza,R,33.1015037593985,49.31127819548872,0.0,26,Late,1:25.033,31.132075471698116,829.1320754716982,2,-0.09033942558746802,10.0,60.76924164196391
RIC,RB,40.0,0 days 00:01:25.025000,HARD,2.0,1,True,85.025,2024,Monza,R,33.1015037593985,49.31127819548872,0.0,27,Late,1:25.025,29.05660377358491,827.0566037735849,2,-0.08616187989556434,10.0,60.79430691611533
RIC,RB,41.0,0 days 00:01:24.945000,HARD,2.0,1,True,84.945,2024,Monza,R,33.1015037593985,49.31127819548872,0.0,28,Late,1:24.945,26.98113207547169,824.9811320754717,2,-0.0443864229764979,10.0,61.04495965762973
RIC,RB,42.0,0 days 00:01:24.954000,HARD,2.0,1,True,84.954,2024,Monza,R,33.1015037593985,49.31127819548872,0.0,29,Late,1:24.954,24.905660377358487,822.9056603773585,2,-0.049086161879892315,10.0,61.01676122420936
RIC,RB,43.0,0 days 00:01:25.179000,HARD,2.0,1,True,85.179,2024,Monza,R,33.1015037593985,49.31127819548872,0.0,30,Late,1:25.179,22.830188679245282,820.8301886792453,2,-0.16657963446475277,10.0,60.3118003887002
RIC,RB,44.0,0 days 00:01:24.776000,HARD,2.0,1,True,84.776,2024,Monza,R,33.1015037593985,49.31127819548872,0.0,31,Late,1:24.776,20.754716981132077,818.7547169811321,2,0.04386422976501458,10.0,61.574463574078806
RIC,RB,45.0,0 days 00:01:25.063000,HARD,2.0,1,True,85.063,2024,Monza,R,33.1015037593985,49.31127819548872,0.0,32,Late,1:25.063,18.679245283018872,816.6792452830189,2,-0.10600522193211608,10.0,60.67524686389602
RIC,RB,46.0,0 days 00:01:25.685000,HARD,2.0,1,True,85.685,2024,Monza,R,33.1015037593985,49.31127819548872,0.0,33,Late,1:25.685,16.603773584905667,814.6037735849056,2,-0.4308093994778069,10.0,58.72642179862188
RIC,RB,47.0,0 days 00:01:24.775000,HARD,2.0,1,True,84.775,2024,Monza,R,33.1015037593985,49.31127819548872,0.0,34,Late,1:24.775,14.528301886792448,812.5283018867924,2,0.0443864229764979,10.0,61.577596733347704
RIC,RB,48.0,0 days 00:01:24.518000,HARD,2.0,1,True,84.518,2024,Monza,R,33.1015037593985,49.31127819548872,0.0,35,Late,1:24.518,12.452830188679243,810.4528301886793,2,0.1785900783289805,10.0,62.3828186654626
RIC,RB,49.0,0 days 00:01:24.617000,HARD,2.0,1,True,84.617,2024,Monza,R,33.1015037593985,49.31127819548872,0.0,36,Late,1:24.617,10.377358490566039,808.377358490566,2,0.1268929503916419,10.0,62.072635897838566
RIC,RB,50.0,0 days 00:01:24.817000,HARD,2.0,1,True,84.817,2024,Monza,R,33.1015037593985,49.31127819548872,0.0,37,Late,1:24.817,8.301886792452834,806.3018867924528,2,0.02245430809399803,10.0,61.44600404405271
RIC,RB,51.0,0 days 00:01:24.639000,HARD,2.0,1,True,84.639,2024,Monza,R,33.1015037593985,49.31127819548872,0.0,38,Late,1:24.639,6.226415094339629,804.2264150943396,2,0.11540469973890492,10.0,62.00370639392215
RIC,RB,52.0,0 days 00:01:24.219000,HARD,2.0,1,True,84.219,2024,Monza,R,33.1015037593985,49.31127819548872,0.0,39,Late,1:24.219,4.15094339622641,802.1509433962265,2,0.33472584856397036,10.0,63.31963328687254
RIC,RB,53.0,0 days 00:01:24.347000,HARD,2.0,1,True,84.347,2024,Monza,R,33.1015037593985,49.31127819548872,0.0,40,Late,1:24.347,2.075471698113205,800.0754716981132,2,0.26788511749347443,10.0,62.91858890044956
RUS,Mercedes,2.0,0 days 00:01:26.055000,MEDIUM,1.0,1,True,86.055,2024,Monza,R,33.1015037593985,49.31127819548872,0.0,0,Early,1:26.055,107.9245283018868,905.9245283018868,5,-0.6240208877284613,0.0,50.56715286911795
RUS,Mercedes,3.0,0 days 00:01:25.733000,MEDIUM,1.0,1,True,85.733,2024,Monza,R,33.1015037593985,49.31127819548872,0.0,1,Early,1:25.733,105.84905660377359,903.8490566037735,5,-0.4558746736292438,0.6,52.176030153713256
RUS,Mercedes,4.0,0 days 00:01:25.762000,MEDIUM,1.0,1,True,85.762,2024,Monza,R,33.1015037593985,49.31127819548872,0.0,2,Early,1:25.762,103.77358490566037,901.7735849056604,5,-0.4710182767624011,1.2,52.68516853491431
RUS,Mercedes,5.0,0 days 00:01:25.494000,MEDIUM,1.0,1,True,85.494,2024,Monza,R,33.1015037593985,49.31127819548872,0.0,3,Early,1:25.494,101.69811320754717,899.6981132075472,5,-0.33107049608355,1.7999999999999998,54.12485521898741
RUS,Mercedes,6.0,0 days 00:01:25.101000,MEDIUM,1.0,1,True,85.101,2024,Monza,R,33.1015037593985,49.31127819548872,0.0,4,Early,1:25.101,99.62264150943396,897.622641509434,5,-0.1258485639686678,2.4,55.95618681167671
RUS,Mercedes,7.0,0 days 00:01:25.046000,MEDIUM,1.0,1,True,85.046,2024,Monza,R,33.1015037593985,49.31127819548872,0.0,5,Early,1:25.046,97.54716981132076,895.5471698113207,5,-0.09712793733681799,3.0,56.72851057146781
RUS,Mercedes,8.0,0 days 00:01:25.216000,MEDIUM,1.0,1,True,85.216,2024,Monza,R,33.1015037593985,49.31127819548872,0.0,6,Early,1:25.216,95.47169811320755,893.4716981132076,5,-0.18590078328981377,3.5999999999999996,56.79587349574984
RUS,Mercedes,9.0,0 days 00:01:25.115000,MEDIUM,1.0,1,True,85.115,2024,Monza,R,33.1015037593985,49.31127819548872,0.0,7,Early,1:25.115,93.39622641509433,891.3962264150944,5,-0.1331592689295011,4.2,57.712322581911714
RUS,Mercedes,10.0,0 days 00:01:25.468000,MEDIUM,1.0,1,True,85.468,2024,Monza,R,33.1015037593985,49.31127819548872,0.0,8,Early,1:25.468,91.32075471698113,889.3207547169811,5,-0.3174934725848575,4.8,57.20631735997957
RUS,Mercedes,13.0,0 days 00:01:24.546000,HARD,2.0,1,True,84.546,2024,Monza,R,33.1015037593985,49.31127819548872,0.0,0,Early,1:24.546,85.09433962264151,883.0943396226415,2,0.16396866840730648,0.0,52.29509020593256
RUS,Mercedes,14.0,0 days 00:01:24.548000,HARD,2.0,1,True,84.548,2024,Monza,R,33.1015037593985,49.31127819548872,0.0,1,Early,1:24.548,83.01886792452831,881.0188679245283,2,0.16292428198433243,0.6,52.888823887394715
RUS,Mercedes,15.0,0 days 00:01:24.560000,HARD,2.0,1,True,84.56,2024,Monza,R,33.1015037593985,49.31127819548872,0.0,2,Early,1:24.560,80.9433962264151,878.9433962264151,2,0.1566579634464732,1.2,53.451225976167564
RUS,Mercedes,16.0,0 days 00:01:24.692000,HARD,2.0,1,True,84.692,2024,Monza,R,33.1015037593985,49.31127819548872,0.0,3,Early,1:24.692,78.86792452830188,876.8679245283018,2,0.08772845953002915,1.7999999999999998,53.63764895266889
RUS,Mercedes,17.0,0 days 00:01:24.546000,HARD,2.0,1,True,84.546,2024,Monza,R,33.1015037593985,49.31127819548872,0.0,4,Early,1:24.546,76.79245283018868,874.7924528301887,2,0.16396866840730648,2.4,54.69509020593256
RUS,Mercedes,18.0,0 days 00:01:24.521000,HARD,2.0,1,True,84.521,2024,Monza,R,33.1015037593985,49.31127819548872,0.0,5,Mid,1:24.521,74.71698113207547,872.7169811320755,2,0.17702349869451567,3.0,55.37341918765581
RUS,Mercedes,19.0,0 days 00:01:24.706000,HARD,2.0,1,True,84.706,2024,Monza,R,33.1015037593985,49.31127819548872,0.0,6,Mid,1:24.706,72.64150943396226,870.6415094339623,2,0.08041775456918844,3.5999999999999996,55.39378472290385
RUS,Mercedes,20.0,0 days 00:01:25.504000,HARD,2.0,1,True,85.504,2024,Monza,R,33.1015037593985,49.31127819548872,0.0,7,Mid,1:25.504,70.56603773584905,868.566037735849,2,-0.3362924281984352,4.2,53.49352362629811
RUS,Mercedes,21.0,0 days 00:01:24.626000,HARD,2.0,1,True,84.626,2024,Monza,R,33.1015037593985,49.31127819548872,0.0,8,Mid,1:24.626,68.49056603773585,866.4905660377358,2,0.12219321148824747,4.8,56.8444374644182
RUS,Mercedes,22.0,0 days 00:01:24.711000,HARD,2.0,1,True,84.711,2024,Monza,R,33.1015037593985,49.31127819548872,0.0,9,Mid,1:24.711,66.41509433962264,864.4150943396227,2,0.07780678851174957,5.3999999999999995,57.178118926559215
RUS,Mercedes,23.0,0 days 00:01:24.624000,HARD,2.0,1,True,84.624,2024,Monza,R,33.1015037593985,49.31127819548872,0.0,10,Mid,1:24.624,64.33962264150944,862.3396226415094,2,0.12323759791122894,6.0,58.05070378295609
RUS,Mercedes,24.0,0 days 00:01:24.621000,HARD,2.0,1,True,84.621,2024,Monza,R,33.1015037593985,49.31127819548872,0.0,11,Mid,1:24.621,62.264150943396224,860.2641509433962,2,0.12480417754569376,6.6,58.66010326076288
RUS,Mercedes,25.0,0 days 00:01:25.174000,HARD,2.0,1,True,85.174,2024,Monza,R,33.1015037593985,49.31127819548872,0.0,12,Mid,1:25.174,60.18867924528302,858.188679245283,2,-0.16396866840731392,7.199999999999999,57.52746618504483
RUS,Mercedes,26.0,0 days 00:01:23.575000,HARD,2.0,1,True,83.575,2024,Monza,R,33.1015037593985,49.31127819548872,0.0,13,Mid,1:23.575,58.113207547169814,856.1132075471698,2,0.6710182767623981,7.8,63.13738785606311
RUS,Mercedes,27.0,0 days 00:01:23.732000,HARD,2.0,1,True,83.732,2024,Monza,R,33.1015037593985,49.31127819548872,0.0,14,Mid,1:23.732,56.0377358490566,854.0377358490566,2,0.5890339425587449,8.4,63.24548185084119
RUS,Mercedes,28.0,0 days 00:01:23.383000,HARD,2.0,1,True,83.383,2024,Monza,R,33.1015037593985,49.31127819548872,0.0,15,Mid,1:23.383,53.9622641509434,851.9622641509434,2,0.7712793733681457,9.0,64.9389544356976
RUS,Mercedes,29.0,0 days 00:01:23.516000,HARD,2.0,1,True,83.516,2024,Monza,R,33.1015037593985,49.31127819548872,0.0,16,Mid,1:23.516,51.88679245283019,849.8867924528302,2,0.7018276762402035,9.6,65.12224425292995
RUS,Mercedes,30.0,0 days 00:01:23.177000,HARD,2.0,1,True,83.177,2024,Monza,R,33.1015037593985,49.31127819548872,0.0,17,Mid,1:23.177,49.81132075471698,847.811320754717,2,0.8788511749347192,10.0,66.58438524509704
RUS,Mercedes,31.0,0 days 00:01:25.331000,HARD,2.0,1,True,85.331,2024,Monza,R,33.1015037593985,49.31127819548872,0.0,18,Mid,1:25.331,47.735849056603776,845.7358490566038,2,-0.24595300261096714,10.0,59.83556017982291
RUS,Mercedes,32.0,0 days 00:01:23.542000,HARD,2.0,1,True,83.542,2024,Monza,R,33.1015037593985,49.31127819548872,0.0,19,Mid,1:23.542,45.660377358490564,843.6603773584906,2,0.688250652741511,10.0,65.44078211193778
RUS,Mercedes,35.0,0 days 00:01:22.944000,HARD,3.0,1,True,82.944,2024,Monza,R,33.1015037593985,49.31127819548872,0.0,0,Mid,1:22.944,39.43396226415095,837.433962264151,2,1.0,0.0,57.31127819548872
RUS,Mercedes,36.0,0 days 00:01:23.333000,HARD,3.0,1,True,83.333,2024,Monza,R,33.1015037593985,49.31127819548872,0.0,1,Late,1:23.333,37.35849056603773,835.3584905660377,2,0.7973890339425567,0.6,56.69561239914406
RUS,Mercedes,37.0,0 days 00:01:23.158000,HARD,3.0,1,True,83.158,2024,Monza,R,33.1015037593985,49.31127819548872,0.0,2,Late,1:23.158,35.283018867924525,833.2830188679245,2,0.8887728459529988,1.2,57.84391527120671
RUS,Mercedes,38.0,0 days 00:01:25.166000,HARD,3.0,1,True,85.166,2024,Monza,R,33.1015037593985,49.31127819548872,0.0,3,Late,1:25.166,33.20754716981132,831.2075471698113,2,-0.1597911227154028,1.7999999999999998,52.1525314591963
RUS,Mercedes,39.0,0 days 00:01:23.142000,HARD,3.0,1,True,83.142,2024,Monza,R,33.1015037593985,49.31127819548872,0.0,4,Late,1:23.142,31.132075471698116,829.1320754716982,2,0.8971279373368135,2.4,59.094045819509596
RUS,Mercedes,40.0,0 days 00:01:22.886000,HARD,3.0,1,True,82.886,2024,Monza,R,33.1015037593985,49.31127819548872,0.0,5,Late,1:22.886,29.05660377358491,827.0566037735849,2,1.0,3.0,60.31127819548872
RUS,Mercedes,41.0,0 days 00:01:24.039000,HARD,3.0,1,True,84.039,2024,Monza,R,33.1015037593985,49.31127819548872,0.0,6,Late,1:24.039,26.98113207547169,824.9811320754717,2,0.42872062663185134,3.5999999999999996,57.48360195527983
RUS,Mercedes,42.0,0 days 00:01:22.799000,HARD,3.0,1,True,82.799,2024,Monza,R,33.1015037593985,49.31127819548872,0.0,7,Late,1:22.799,24.905660377358487,822.9056603773585,2,1.0,4.2,61.51127819548872
RUS,Mercedes,43.0,0 days 00:01:22.939000,HARD,3.0,1,True,82.939,2024,Monza,R,33.1015037593985,49.31127819548872,0.0,8,Late,1:22.939,22.830188679245282,820.8301886792453,2,1.0,4.8,62.111278195488715
RUS,Mercedes,44.0,0 days 00:01:22.923000,HARD,3.0,1,True,82.923,2024,Monza,R,33.1015037593985,49.31127819548872,0.0,9,Late,1:22.923,20.754716981132077,818.7547169811321,2,1.0,5.3999999999999995,62.71127819548872
RUS,Mercedes,45.0,0 days 00:01:22.685000,HARD,3.0,1,True,82.685,2024,Monza,R,33.1015037593985,49.31127819548872,0.0,10,Late,1:22.685,18.679245283018872,816.6792452830189,2,1.0,6.0,63.31127819548872
RUS,Mercedes,46.0,0 days 00:01:22.419000,HARD,3.0,1,True,82.419,2024,Monza,R,33.1015037593985,49.31127819548872,0.0,11,Late,1:22.419,16.603773584905667,814.6037735849056,2,1.0,6.6,63.91127819548872
RUS,Mercedes,47.0,0 days 00:01:22.343000,HARD,3.0,1,True,82.343,2024,Monza,R,33.1015037593985,49.31127819548872,0.0,12,Late,1:22.343,14.528301886792448,812.5283018867924,2,1.0,7.199999999999999,64.51127819548871
RUS,Mercedes,48.0,0 days 00:01:22.165000,HARD,3.0,1,True,82.165,2024,Monza,R,33.1015037593985,49.31127819548872,0.0,13,Late,1:22.165,12.452830188679243,810.4528301886793,2,1.0,7.8,65.11127819548872
RUS,Mercedes,49.0,0 days 00:01:22.036000,HARD,3.0,1,True,82.036,2024,Monza,R,33.1015037593985,49.31127819548872,0.0,14,Late,1:22.036,10.377358490566039,808.377358490566,2,1.0,8.4,65.71127819548872
RUS,Mercedes,50.0,0 days 00:01:22.156000,HARD,3.0,1,True,82.156,2024,Monza,R,33.1015037593985,49.31127819548872,0.0,15,Late,1:22.156,8.301886792452834,806.3018867924528,2,1.0,9.0,66.31127819548871
RUS,Mercedes,51.0,0 days 00:01:22.311000,HARD,3.0,1,True,82.311,2024,Monza,R,33.1015037593985,49.31127819548872,0.0,16,Late,1:22.311,6.226415094339629,804.2264150943396,2,1.0,9.6,66.91127819548872
RUS,Mercedes,52.0,0 days 00:01:22.447000,HARD,3.0,1,True,82.447,2024,Monza,R,33.1015037593985,49.31127819548872,0.0,17,Late,1:22.447,4.15094339622641,802.1509433962265,2,1.0,10.0,67.31127819548871
RUS,Mercedes,53.0,0 days 00:01:22.700000,HARD,3.0,1,True,82.7,2024,Monza,R,33.1015037593985,49.31127819548872,0.0,18,Late,1:22.700,2.075471698113205,800.0754716981132,2,1.0,10.0,67.31127819548871
SAI,Ferrari,2.0,0 days 00:01:25.731000,MEDIUM,1.0,1,True,85.731,2024,Monza,R,33.1015037593985,49.31127819548872,0.0,0,Early,1:25.731,107.9245283018868,905.9245283018868,5,-0.4548302872062623,0.0,51.582296472251144
SAI,Ferrari,3.0,0 days 00:01:25.358000,MEDIUM,1.0,1,True,85.358,2024,Monza,R,33.1015037593985,49.31127819548872,0.0,1,Early,1:25.358,105.84905660377359,903.8490566037735,5,-0.2600522193211504,0.6,53.350964879561815
SAI,Ferrari,4.0,0 days 00:01:25.086000,MEDIUM,1.0,1,True,85.086,2024,Monza,R,33.1015037593985,49.31127819548872,0.0,2,Early,1:25.086,103.77358490566037,901.7735849056604,5,-0.11801566579634379,1.2,54.80318420071066
SAI,Ferrari,5.0,0 days 00:01:25.006000,MEDIUM,1.0,1,True,85.006,2024,Monza,R,33.1015037593985,49.31127819548872,0.0,3,Early,1:25.006,101.69811320754717,899.6981132075472,5,-0.07624020887728476,1.7999999999999998,55.653836942225006
SAI,Ferrari,6.0,0 days 00:01:24.642000,MEDIUM,1.0,1,True,84.642,2024,Monza,R,33.1015037593985,49.31127819548872,0.0,4,Early,1:24.642,99.62264150943396,897.622641509434,5,0.11383812010444011,2.4,57.394306916115355
SAI,Ferrari,7.0,0 days 00:01:24.715000,MEDIUM,1.0,1,True,84.715,2024,Monza,R,33.1015037593985,49.31127819548872,0.0,5,Early,1:24.715,97.54716981132076,895.5471698113207,5,0.07571801566579402,3.0,57.76558628948348
SAI,Ferrari,8.0,0 days 00:01:24.870000,MEDIUM,1.0,1,True,84.87,2024,Monza,R,33.1015037593985,49.31127819548872,0.0,6,Early,1:24.870,95.47169811320755,893.4716981132076,5,-0.005221932114885161,3.5999999999999996,57.87994660279941
SAI,Ferrari,9.0,0 days 00:01:24.774000,MEDIUM,1.0,1,True,84.774,2024,Monza,R,33.1015037593985,49.31127819548872,0.0,7,Early,1:24.774,93.39622641509433,891.3962264150944,5,0.04490861618798864,4.2,58.780729892616655
SAI,Ferrari,10.0,0 days 00:01:24.684000,MEDIUM,1.0,1,True,84.684,2024,Monza,R,33.1015037593985,49.31127819548872,0.0,8,Early,1:24.684,91.32075471698113,889.3207547169811,5,0.09190600522193282,4.8,59.66271422682031
SAI,Ferrari,11.0,0 days 00:01:25.066000,MEDIUM,1.0,1,True,85.066,2024,Monza,R,33.1015037593985,49.31127819548872,0.0,9,Early,1:25.066,89.24528301886792,887.2452830188679,5,-0.10757180156658089,5.3999999999999995,59.06584738608923
SAI,Ferrari,12.0,0 days 00:01:25.276000,MEDIUM,1.0,1,True,85.276,2024,Monza,R,33.1015037593985,49.31127819548872,0.0,10,Early,1:25.276,87.16981132075472,885.1698113207547,5,-0.2172323759791099,6.0,59.00788393961406
SAI,Ferrari,13.0,0 days 00:01:25.423000,MEDIUM,1.0,1,True,85.423,2024,Monza,R,33.1015037593985,49.31127819548872,0.0,11,Early,1:25.423,85.09433962264151,883.0943396226415,5,-0.29399477806788543,6.6,59.147309527081404
SAI,Ferrari,14.0,0 days 00:01:25.234000,MEDIUM,1.0,1,True,85.234,2024,Monza,R,33.1015037593985,49.31127819548872,0.0,12,Early,1:25.234,83.01886792452831,881.0188679245283,5,-0.19530026109660262,7.199999999999999,60.3394766289091
SAI,Ferrari,15.0,0 days 00:01:25.183000,MEDIUM,1.0,1,True,85.183,2024,Monza,R,33.1015037593985,49.31127819548872,0.0,13,Early,1:25.183,80.9433962264151,878.9433962264151,5,-0.16866840731070834,7.8,61.09926775162447
SAI,Ferrari,16.0,0 days 00:01:25.341000,MEDIUM,1.0,1,True,85.341,2024,Monza,R,33.1015037593985,49.31127819548872,0.0,14,Early,1:25.341,78.86792452830188,876.8679245283018,5,-0.2511749347258449,8.4,61.20422858713365
SAI,Ferrari,17.0,0 days 00:01:25.407000,MEDIUM,1.0,1,True,85.407,2024,Monza,R,33.1015037593985,49.31127819548872,0.0,15,Early,1:25.407,76.79245283018868,874.7924528301887,5,-0.28563968668407064,9.0,61.59744007538429
SAI,Ferrari,18.0,0 days 00:01:25.678000,MEDIUM,1.0,1,True,85.678,2024,Monza,R,33.1015037593985,49.31127819548872,0.0,16,Mid,1:25.678,74.71698113207547,872.7169811320755,5,-0.4271540469973865,9.6,61.3483539135044
SAI,Ferrari,21.0,0 days 00:01:24.499000,HARD,2.0,1,True,84.499,2024,Monza,R,33.1015037593985,49.31127819548872,0.0,0,Mid,1:24.499,68.49056603773585,866.4905660377358,2,0.18851174934726006,0.0,52.44234869157228
SAI,Ferrari,22.0,0 days 00:01:24.226000,HARD,2.0,1,True,84.226,2024,Monza,R,33.1015037593985,49.31127819548872,0.0,1,Mid,1:24.226,66.41509433962264,864.4150943396227,2,0.33107049608355,0.6,53.89770117199002
SAI,Ferrari,23.0,0 days 00:01:24.557000,HARD,2.0,1,True,84.557,2024,Monza,R,33.1015037593985,49.31127819548872,0.0,2,Mid,1:24.557,64.33962264150944,862.3396226415094,2,0.158224543080938,1.2,53.46062545397435
SAI,Ferrari,24.0,0 days 00:01:23.682000,HARD,2.0,1,True,83.682,2024,Monza,R,33.1015037593985,49.31127819548872,0.0,3,Mid,1:23.682,62.264150943396224,860.2641509433962,2,0.6151436031331559,1.7999999999999998,56.80213981428765
SAI,Ferrari,25.0,0 days 00:01:23.687000,HARD,2.0,1,True,83.687,2024,Monza,R,33.1015037593985,49.31127819548872,0.0,4,Mid,1:23.687,60.18867924528302,858.188679245283,2,0.6125326370757169,2.4,57.386474017943016
SAI,Ferrari,26.0,0 days 00:01:23.503000,HARD,2.0,1,True,83.503,2024,Monza,R,33.1015037593985,49.31127819548872,0.0,5,Mid,1:23.503,58.113207547169814,856.1132075471698,2,0.7086161879895535,3.0,58.56297532342604
SAI,Ferrari,27.0,0 days 00:01:23.503000,HARD,2.0,1,True,83.503,2024,Monza,R,33.1015037593985,49.31127819548872,0.0,6,Mid,1:23.503,56.0377358490566,854.0377358490566,2,0.7086161879895535,3.5999999999999996,59.16297532342604
SAI,Ferrari,28.0,0 days 00:01:23.751000,HARD,2.0,1,True,83.751,2024,Monza,R,33.1015037593985,49.31127819548872,0.0,7,Mid,1:23.751,53.9622641509434,851.9622641509434,2,0.5791122715404653,4.2,58.985951824731515
SAI,Ferrari,29.0,0 days 00:01:23.473000,HARD,2.0,1,True,83.473,2024,Monza,R,33.1015037593985,49.31127819548872,0.0,8,Mid,1:23.473,51.88679245283019,849.8867924528302,2,0.7242819843342015,4.8,60.45697010149392
SAI,Ferrari,30.0,0 days 00:01:23.584000,HARD,2.0,1,True,83.584,2024,Monza,R,33.1015037593985,49.31127819548872,0.0,9,Mid,1:23.584,49.81132075471698,847.811320754717,2,0.6663185378590037,5.3999999999999995,60.70918942264274
SAI,Ferrari,31.0,0 days 00:01:23.330000,HARD,2.0,1,True,83.33,2024,Monza,R,33.1015037593985,49.31127819548872,0.0,10,Mid,1:23.330,47.735849056603776,845.7358490566038,2,0.7989556135770215,6.0,62.10501187695085
SAI,Ferrari,32.0,0 days 00:01:23.354000,HARD,2.0,1,True,83.354,2024,Monza,R,33.1015037593985,49.31127819548872,0.0,11,Mid,1:23.354,45.660377358490564,843.6603773584906,2,0.786422976501303,6.6,62.62981605449654
SAI,Ferrari,33.0,0 days 00:01:23.412000,HARD,2.0,1,True,83.412,2024,Monza,R,33.1015037593985,49.31127819548872,0.0,12,Mid,1:23.412,43.58490566037736,841.5849056603773,2,0.756135770234981,7.199999999999999,63.0480928168986
SAI,Ferrari,34.0,0 days 00:01:23.285000,HARD,2.0,1,True,83.285,2024,Monza,R,33.1015037593985,49.31127819548872,0.0,13,Mid,1:23.285,41.509433962264154,839.5094339622642,2,0.8224543080939936,7.8,64.04600404405268
SAI,Ferrari,35.0,0 days 00:01:23.334000,HARD,2.0,1,True,83.334,2024,Monza,R,33.1015037593985,49.31127819548872,0.0,14,Mid,1:23.334,39.43396226415095,837.433962264151,2,0.796866840731066,8.4,64.49247923987511
SAI,Ferrari,36.0,0 days 00:01:23.270000,HARD,2.0,1,True,83.27,2024,Monza,R,33.1015037593985,49.31127819548872,0.0,15,Late,1:23.270,37.35849056603773,835.3584905660377,2,0.8302872062663176,9.0,65.29300143308663
SAI,Ferrari,37.0,0 days 00:01:23.290000,HARD,2.0,1,True,83.29,2024,Monza,R,33.1015037593985,49.31127819548872,0.0,16,Late,1:23.290,35.283018867924525,833.2830188679245,2,0.8198433420365473,9.6,65.830338247708
SAI,Ferrari,38.0,0 days 00:01:23.551000,HARD,2.0,1,True,83.551,2024,Monza,R,33.1015037593985,49.31127819548872,0.0,17,Late,1:23.551,33.20754716981132,831.2075471698113,2,0.6835509138381166,10.0,65.41258367851742
SAI,Ferrari,39.0,0 days 00:01:23.809000,HARD,2.0,1,True,83.809,2024,Monza,R,33.1015037593985,49.31127819548872,0.0,18,Late,1:23.809,31.132075471698116,829.1320754716982,2,0.5488250652741506,10.0,64.60422858713362
SAI,Ferrari,40.0,0 days 00:01:23.803000,HARD,2.0,1,True,83.803,2024,Monza,R,33.1015037593985,49.31127819548872,0.0,19,Late,1:23.803,29.05660377358491,827.0566037735849,2,0.5519582245430803,10.0,64.6230275427472
SAI,Ferrari,41.0,0 days 00:01:23.337000,HARD,2.0,1,True,83.337,2024,Monza,R,33.1015037593985,49.31127819548872,0.0,20,Late,1:23.337,26.98113207547169,824.9811320754717,2,0.7953002610966011,10.0,66.08307976206832
SAI,Ferrari,42.0,0 days 00:01:23.838000,HARD,2.0,1,True,83.838,2024,Monza,R,33.1015037593985,49.31127819548872,0.0,21,Late,1:23.838,24.905660377358487,822.9056603773585,2,0.5336814621409933,10.0,64.51336696833468
SAI,Ferrari,43.0,0 days 00:01:23.793000,HARD,2.0,1,True,83.793,2024,Monza,R,33.1015037593985,49.31127819548872,0.0,22,Late,1:23.793,22.830188679245282,820.8301886792453,2,0.5571801566579581,10.0,64.65435913543647
SAI,Ferrari,44.0,0 days 00:01:23.931000,HARD,2.0,1,True,83.931,2024,Monza,R,33.1015037593985,49.31127819548872,0.0,23,Late,1:23.931,20.754716981132077,818.7547169811321,2,0.4851174934725843,10.0,64.22198315632423
SAI,Ferrari,45.0,0 days 00:01:25.113000,HARD,2.0,1,True,85.113,2024,Monza,R,33.1015037593985,49.31127819548872,0.0,24,Late,1:25.113,18.679245283018872,816.6792452830189,2,-0.13211488250652703,10.0,60.51858890044956
SAI,Ferrari,46.0,0 days 00:01:24.001000,HARD,2.0,1,True,84.001,2024,Monza,R,33.1015037593985,49.31127819548872,0.0,25,Late,1:24.001,16.603773584905667,814.6037735849056,2,0.44856396866840303,10.0,64.00266200749914
SAI,Ferrari,47.0,0 days 00:01:24.090000,HARD,2.0,1,True,84.09,2024,Monza,R,33.1015037593985,49.31127819548872,0.0,26,Late,1:24.090,14.528301886792448,812.5283018867924,2,0.4020887728459496,10.0,63.72381083256442
SAI,Ferrari,48.0,0 days 00:01:24.939000,HARD,2.0,1,True,84.939,2024,Monza,R,33.1015037593985,49.31127819548872,0.0,27,Late,1:24.939,12.452830188679243,810.4528301886793,2,-0.04125326370756828,10.0,61.06375861324331
SAI,Ferrari,49.0,0 days 00:01:23.921000,HARD,2.0,1,True,83.921,2024,Monza,R,33.1015037593985,49.31127819548872,0.0,28,Late,1:23.921,10.377358490566039,808.377358490566,2,0.4903394255874621,10.0,64.2533147490135
SAI,Ferrari,50.0,0 days 00:01:23.769000,HARD,2.0,1,True,83.769,2024,Monza,R,33.1015037593985,49.31127819548872,0.0,29,Late,1:23.769,8.301886792452834,806.3018867924528,2,0.5697127937336764,10.0,64.72955495789077
SAI,Ferrari,51.0,0 days 00:01:23.754000,HARD,2.0,1,True,83.754,2024,Monza,R,33.1015037593985,49.31127819548872,0.0,30,Late,1:23.754,6.226415094339629,804.2264150943396,2,0.5775456919060005,10.0,64.77655234692472
SAI,Ferrari,52.0,0 days 00:01:23.722000,HARD,2.0,1,True,83.722,2024,Monza,R,33.1015037593985,49.31127819548872,0.0,31,Late,1:23.722,4.15094339622641,802.1509433962265,2,0.5942558746736301,10.0,64.8768134435305
SAI,Ferrari,53.0,0 days 00:01:23.219000,HARD,2.0,1,True,83.219,2024,Monza,R,33.1015037593985,49.31127819548872,0.0,32,Late,1:23.219,2.075471698113205,800.0754716981132,2,0.8569190600522193,10.0,66.45279255580203
STR,Aston Martin,2.0,0 days 00:01:28.342000,HARD,1.0,1,True,88.342,2024,Monza,R,33.1015037593985,49.31127819548872,0.0,0,Early,1:28.342,107.9245283018868,905.9245283018868,2,-1.0,0.0,45.31127819548872
STR,Aston Martin,3.0,0 days 00:01:26.734000,HARD,1.0,1,True,86.734,2024,Monza,R,33.1015037593985,49.31127819548872,0.0,1,Early,1:26.734,105.84905660377359,903.8490566037735,2,-0.978590078328976,0.6,46.03973772551486
STR,Aston Martin,4.0,0 days 00:01:26.253000,HARD,1.0,1,True,86.253,2024,Monza,R,33.1015037593985,49.31127819548872,0.0,2,Early,1:26.253,103.77358490566037,901.7735849056604,2,-0.7274151436031311,1.2,48.14678733386994
STR,Aston Martin,5.0,0 days 00:01:27.234000,HARD,1.0,1,True,87.234,2024,Monza,R,33.1015037593985,49.31127819548872,0.0,3,Early,1:27.234,101.69811320754717,899.6981132075472,2,-1.0,1.7999999999999998,47.111278195488715
STR,Aston Martin,6.0,0 days 00:01:25.558000,HARD,1.0,1,True,85.558,2024,Monza,R,33.1015037593985,49.31127819548872,0.0,4,Early,1:25.558,99.62264150943396,897.622641509434,2,-0.3644908616188017,2.4,51.52433302577591
STR,Aston Martin,7.0,0 days 00:01:26.208000,HARD,1.0,1,True,86.208,2024,Monza,R,33.1015037593985,49.31127819548872,0.0,5,Early,1:26.208,97.54716981132076,895.5471698113207,2,-0.703916449086159,3.0,50.08777950097176
STR,Aston Martin,8.0,0 days 00:01:25.799000,HARD,1.0,1,True,85.799,2024,Monza,R,33.1015037593985,49.31127819548872,0.0,6,Early,1:25.799,95.47169811320755,893.4716981132076,2,-0.4903394255874695,3.5999999999999996,51.969241641963904
STR,Aston Martin,9.0,0 days 00:01:26.024000,HARD,1.0,1,True,86.024,2024,Monza,R,33.1015037593985,49.31127819548872,0.0,7,Early,1:26.024,93.39622641509433,891.3962264150944,2,-0.6078328981723226,4.2,51.864280806454786
STR,Aston Martin,10.0,0 days 00:01:26.182000,HARD,1.0,1,True,86.182,2024,Monza,R,33.1015037593985,49.31127819548872,0.0,8,Early,1:26.182,91.32075471698113,889.3207547169811,2,-0.6903394255874665,4.8,51.96924164196392
STR,Aston Martin,11.0,0 days 00:01:25.675000,HARD,1.0,1,True,85.675,2024,Monza,R,33.1015037593985,49.31127819548872,0.0,9,Early,1:25.675,89.24528301886792,887.2452830188679,2,-0.4255874673629217,5.3999999999999995,54.15775339131119
STR,Aston Martin,12.0,0 days 00:01:25.947000,HARD,1.0,1,True,85.947,2024,Monza,R,33.1015037593985,49.31127819548872,0.0,10,Early,1:25.947,87.16981132075472,885.1698113207547,2,-0.5676240208877283,6.0,53.905534070162346
STR,Aston Martin,13.0,0 days 00:01:26.143000,HARD,1.0,1,True,86.143,2024,Monza,R,33.1015037593985,49.31127819548872,0.0,11,Early,1:26.143,85.09433962264151,883.0943396226415,2,-0.669973890339424,6.6,53.891434853452175
STR,Aston Martin,14.0,0 days 00:01:25.895000,HARD,1.0,1,True,85.895,2024,Monza,R,33.1015037593985,49.31127819548872,0.0,12,Early,1:25.895,83.01886792452831,881.0188679245283,2,-0.5404699738903359,7.199999999999999,55.268458352146695
STR,Aston Martin,15.0,0 days 00:01:26.986000,HARD,1.0,1,True,86.986,2024,Monza,R,33.1015037593985,49.31127819548872,0.0,13,Early,1:26.986,80.9433962264151,878.9433962264151,2,-1.0,7.8,53.111278195488715
STR,Aston Martin,16.0,0 days 00:01:26.593000,HARD,1.0,1,True,86.593,2024,Monza,R,33.1015037593985,49.31127819548872,0.0,14,Early,1:26.593,78.86792452830188,876.8679245283018,2,-0.9049608355091375,8.4,54.28151318243389
STR,Aston Martin,17.0,0 days 00:01:26.584000,HARD,1.0,1,True,86.584,2024,Monza,R,33.1015037593985,49.31127819548872,0.0,15,Early,1:26.584,76.79245283018868,874.7924528301887,2,-0.9002610966057432,9.0,54.90971161585426
STR,Aston Martin,18.0,0 days 00:01:27.524000,HARD,1.0,1,True,87.524,2024,Monza,R,33.1015037593985,49.31127819548872,0.0,16,Mid,1:27.524,74.71698113207547,872.7169811320755,2,-1.0,9.6,54.91127819548872
STR,Aston Martin,21.0,0 days 00:01:24.721000,HARD,2.0,1,True,84.721,2024,Monza,R,33.1015037593985,49.31127819548872,0.0,0,Mid,1:24.721,68.49056603773585,866.4905660377358,2,0.0725848563968644,0.0,51.746787333869904
STR,Aston Martin,22.0,0 days 00:01:24.721000,HARD,2.0,1,True,84.721,2024,Monza,R,33.1015037593985,49.31127819548872,0.0,1,Mid,1:24.721,66.41509433962264,864.4150943396227,2,0.0725848563968644,0.6,52.346787333869905
STR,Aston Martin,23.0,0 days 00:01:24.659000,HARD,2.0,1,True,84.659,2024,Monza,R,33.1015037593985,49.31127819548872,0.0,2,Mid,1:24.659,64.33962264150944,862.3396226415094,2,0.1049608355091346,1.2,53.14104320854353
STR,Aston Martin,24.0,0 days 00:01:24.768000,HARD,2.0,1,True,84.768,2024,Monza,R,33.1015037593985,49.31127819548872,0.0,3,Mid,1:24.768,62.264150943396224,860.2641509433962,2,0.04804177545691825,1.7999999999999998,53.399528848230226
STR,Aston Martin,25.0,0 days 00:01:24.743000,HARD,2.0,1,True,84.743,2024,Monza,R,33.1015037593985,49.31127819548872,0.0,4,Mid,1:24.743,60.18867924528302,858.188679245283,2,0.061096605744127445,2.4,54.07785782995348
STR,Aston Martin,26.0,0 days 00:01:24.491000,HARD,2.0,1,True,84.491,2024,Monza,R,33.1015037593985,49.31127819548872,0.0,5,Mid,1:24.491,58.113207547169814,856.1132075471698,2,0.19268929503916374,3.0,55.4674139657237
STR,Aston Martin,27.0,0 days 00:01:24.437000,HARD,2.0,1,True,84.437,2024,Monza,R,33.1015037593985,49.31127819548872,0.0,6,Mid,1:24.437,56.0377358490566,854.0377358490566,2,0.22088772845953025,3.5999999999999996,56.2366045662459
STR,Aston Martin,28.0,0 days 00:01:24.618000,HARD,2.0,1,True,84.618,2024,Monza,R,33.1015037593985,49.31127819548872,0.0,7,Mid,1:24.618,53.9622641509434,851.9622641509434,2,0.12637075718015855,4.2,56.26950273856967
STR,Aston Martin,29.0,0 days 00:01:25.397000,HARD,2.0,1,True,85.397,2024,Monza,R,33.1015037593985,49.31127819548872,0.0,8,Mid,1:25.397,51.88679245283019,849.8867924528302,2,-0.2804177545691929,4.8,54.42877166807356
STR,Aston Martin,30.0,0 days 00:01:26.377000,HARD,2.0,1,True,86.377,2024,Monza,R,33.1015037593985,49.31127819548872,0.0,9,Mid,1:26.377,49.81132075471698,847.811320754717,2,-0.7921671018276715,5.3999999999999995,51.95827558452269
STR,Aston Martin,31.0,0 days 00:01:24.749000,HARD,2.0,1,True,84.749,2024,Monza,R,33.1015037593985,49.31127819548872,0.0,10,Mid,1:24.749,47.735849056603776,845.7358490566038,2,0.05796344647519783,6.0,57.659058874339905
STR,Aston Martin,32.0,0 days 00:01:25.576000,HARD,2.0,1,True,85.576,2024,Monza,R,33.1015037593985,49.31127819548872,0.0,11,Mid,1:25.576,45.660377358490564,843.6603773584906,2,-0.3738903394255831,6.6,55.66793615893522
STR,Aston Martin,33.0,0 days 00:01:24.947000,HARD,2.0,1,True,84.947,2024,Monza,R,33.1015037593985,49.31127819548872,0.0,12,Mid,1:24.947,43.58490566037736,841.5849056603773,2,-0.04543080939947938,7.199999999999999,58.23869333909184
STR,Aston Martin,34.0,0 days 00:01:24.856000,HARD,2.0,1,True,84.856,2024,Monza,R,33.1015037593985,49.31127819548872,0.0,13,Mid,1:24.856,41.509433962264154,839.5094339622642,2,0.0020887728459555487,7.8,59.12381083256445
STR,Aston Martin,35.0,0 days 00:01:24.863000,HARD,2.0,1,True,84.863,2024,Monza,R,33.1015037593985,49.31127819548872,0.0,14,Mid,1:24.863,39.43396226415095,837.433962264151,2,-0.0015665796344648062,8.4,59.70187871768193
STR,Aston Martin,38.0,0 days 00:01:23.617000,MEDIUM,3.0,1,True,83.617,2024,Monza,R,33.1015037593985,49.31127819548872,0.0,0,Late,1:23.617,33.20754716981132,831.2075471698113,5,0.6490861618798909,0.0,58.20579516676806
STR,Aston Martin,39.0,0 days 00:01:24.430000,MEDIUM,3.0,1,True,84.43,2024,Monza,R,33.1015037593985,49.31127819548872,0.0,1,Late,1:24.430,31.132075471698116,829.1320754716982,5,0.22454308093994318,0.6,56.258536681128376
STR,Aston Martin,40.0,0 days 00:01:25.777000,MEDIUM,3.0,1,True,85.777,2024,Monza,R,33.1015037593985,49.31127819548872,0.0,2,Late,1:25.777,29.05660377358491,827.0566037735849,5,-0.4788511749347251,1.2,52.63817114588037
STR,Aston Martin,41.0,0 days 00:01:23.702000,MEDIUM,3.0,1,True,83.702,2024,Monza,R,33.1015037593985,49.31127819548872,0.0,3,Late,1:23.702,26.98113207547169,824.9811320754717,5,0.6046997389033929,1.7999999999999998,59.739476628909074
STR,Aston Martin,42.0,0 days 00:01:23.823000,MEDIUM,3.0,1,True,83.823,2024,Monza,R,33.1015037593985,49.31127819548872,0.0,4,Late,1:23.823,24.905660377358487,822.9056603773585,5,0.5415143603133173,2.4,59.96036435736862
STR,Aston Martin,43.0,0 days 00:01:23.810000,MEDIUM,3.0,1,True,83.81,2024,Monza,R,33.1015037593985,49.31127819548872,0.0,5,Late,1:23.810,22.830188679245282,820.8301886792453,5,0.5483028720626599,3.0,60.60109542786468
STR,Aston Martin,44.0,0 days 00:01:23.654000,MEDIUM,3.0,1,True,83.654,2024,Monza,R,33.1015037593985,49.31127819548872,0.0,6,Late,1:23.654,20.754716981132077,818.7547169811321,5,0.6297650130548298,3.5999999999999996,61.6898682738177
STR,Aston Martin,45.0,0 days 00:01:23.427000,MEDIUM,3.0,1,True,83.427,2024,Monza,R,33.1015037593985,49.31127819548872,0.0,7,Late,1:23.427,18.679245283018872,816.6792452830189,5,0.7483028720626569,4.2,63.00109542786466
STR,Aston Martin,46.0,0 days 00:01:23.906000,MEDIUM,3.0,1,True,83.906,2024,Monza,R,33.1015037593985,49.31127819548872,0.0,8,Late,1:23.906,16.603773584905667,814.6037735849056,5,0.4981723237597861,4.8,62.10031213804743
STR,Aston Martin,47.0,0 days 00:01:24.014000,MEDIUM,3.0,1,True,84.014,2024,Monza,R,33.1015037593985,49.31127819548872,0.0,9,Late,1:24.014,14.528301886792448,812.5283018867924,5,0.4417754569190605,5.3999999999999995,62.36193093700308
STR,Aston Martin,48.0,0 days 00:01:26.104000,MEDIUM,3.0,1,True,86.104,2024,Monza,R,33.1015037593985,49.31127819548872,0.0,10,Late,1:26.104,12.452830188679243,810.4528301886793,5,-0.6496083550913816,6.0,56.413628064940426
STR,Aston Martin,49.0,0 days 00:01:25.064000,MEDIUM,3.0,1,True,85.064,2024,Monza,R,33.1015037593985,49.31127819548872,0.0,11,Late,1:25.064,10.377358490566039,808.377358490566,5,-0.1065274151435994,6.6,60.272113704627124
STR,Aston Martin,52.0,0 days 00:01:22.232000,SOFT,4.0,1,True,82.232,2024,Monza,R,33.1015037593985,49.31127819548872,0.0,0,Late,1:22.232,4.15094339622641,802.1509433962265,8,1.0,0.0,63.31127819548872
TSU,RB,2.0,0 days 00:01:27.538000,HARD,1.0,1,True,87.538,2024,Monza,R,33.1015037593985,49.31127819548872,0.0,0,Early,1:27.538,107.9245283018868,905.9245283018868,2,-1.0,0.0,45.31127819548872
TSU,RB,3.0,0 days 00:01:26.665000,HARD,1.0,1,True,86.665,2024,Monza,R,33.1015037593985,49.31127819548872,0.0,1,Early,1:26.665,105.84905660377359,903.8490566037735,2,-0.9425587467362929,0.6,46.25592571507096
TSU,RB,4.0,0 days 00:01:26.198000,HARD,1.0,1,True,86.198,2024,Monza,R,33.1015037593985,49.31127819548872,0.0,2,Early,1:26.198,103.77358490566037,901.7735849056604,2,-0.6986945169712739,1.2,48.31911109366108
TSU,RB,5.0,0 days 00:01:32.241000,HARD,1.0,1,True,92.241,2024,Monza,R,33.1015037593985,49.31127819548872,0.0,3,Early,1:32.241,101.69811320754717,899.6981132075472,2,-1.0,1.7999999999999998,47.111278195488715
TSU,RB,6.0,0 days 00:01:28.473000,HARD,1.0,1,True,88.473,2024,Monza,R,33.1015037593985,49.31127819548872,0.0,4,Early,1:28.473,99.62264150943396,897.622641509434,2,-1.0,2.4,47.71127819548872
VER,Red Bull Racing,2.0,0 days 00:01:26.170000,HARD,1.0,1,True,86.17,2024,Monza,R,33.1015037593985,49.31127819548872,0.0,0,Early,1:26.170,107.9245283018868,905.9245283018868,2,-0.6840731070496073,0.0,47.206839553191074
VER,Red Bull Racing,3.0,0 days 00:01:25.855000,HARD,1.0,1,True,85.855,2024,Monza,R,33.1015037593985,49.31127819548872,0.0,1,Early,1:25.855,105.84905660377359,903.8490566037735,2,-0.5195822454308101,0.6,48.79378472290386
VER,Red Bull Racing,4.0,0 days 00:01:25.633000,HARD,1.0,1,True,85.633,2024,Monza,R,33.1015037593985,49.31127819548872,0.0,2,Early,1:25.633,103.77358490566037,901.7735849056604,2,-0.4036553524804144,1.2,50.089346080606234
VER,Red Bull Racing,5.0,0 days 00:01:25.218000,HARD,1.0,1,True,85.218,2024,Monza,R,33.1015037593985,49.31127819548872,0.0,3,Early,1:25.218,101.69811320754717,899.6981132075472,2,-0.18694516971279526,1.7999999999999998,51.989607177211944
VER,Red Bull Racing,6.0,0 days 00:01:25.096000,HARD,1.0,1,True,85.096,2024,Monza,R,33.1015037593985,49.31127819548872,0.0,4,Early,1:25.096,99.62264150943396,897.622641509434,2,-0.12323759791122894,2.4,52.971852608021344
VER,Red Bull Racing,7.0,0 days 00:01:25.042000,HARD,1.0,1,True,85.042,2024,Monza,R,33.1015037593985,49.31127819548872,0.0,5,Early,1:25.042,97.54716981132076,895.5471698113207,2,-0.09503916449086244,3.0,53.741043208543545
VER,Red Bull Racing,8.0,0 days 00:01:24.918000,HARD,1.0,1,True,84.918,2024,Monza,R,33.1015037593985,49.31127819548872,0.0,6,Early,1:24.918,95.47169811320755,893.4716981132076,2,-0.03028720626632206,3.5999999999999996,54.729554957890784
VER,Red Bull Racing,9.0,0 days 00:01:25.050000,HARD,1.0,1,True,85.05,2024,Monza,R,33.1015037593985,49.31127819548872,0.0,7,Early,1:25.050,93.39622641509433,891.3962264150944,2,-0.09921671018276611,4.2,54.915977934392124
VER,Red Bull Racing,10.0,0 days 00:01:24.964000,HARD,1.0,1,True,84.964,2024,Monza,R,33.1015037593985,49.31127819548872,0.0,8,Early,1:24.964,91.32075471698113,889.3207547169811,2,-0.05430809399477748,4.8,55.78542963152005
VER,Red Bull Racing,11.0,0 days 00:01:24.978000,HARD,1.0,1,True,84.978,2024,Monza,R,33.1015037593985,49.31127819548872,0.0,9,Early,1:24.978,89.24528301886792,887.2452830188679,2,-0.06161879895561077,5.3999999999999995,56.341565401755055
VER,Red Bull Racing,12.0,0 days 00:01:24.968000,HARD,1.0,1,True,84.968,2024,Monza,R,33.1015037593985,49.31127819548872,0.0,10,Early,1:24.968,87.16981132075472,885.1698113207547,2,-0.05639686684073302,6.0,56.97289699444432
VER,Red Bull Racing,13.0,0 days 00:01:24.957000,HARD,1.0,1,True,84.957,2024,Monza,R,33.1015037593985,49.31127819548872,0.0,11,Early,1:24.957,85.09433962264151,883.0943396226415,2,-0.05065274151435712,6.6,57.607361746402574
VER,Red Bull Racing,14.0,0 days 00:01:25.287000,HARD,1.0,1,True,85.287,2024,Monza,R,33.1015037593985,49.31127819548872,0.0,12,Early,1:25.287,83.01886792452831,881.0188679245283,2,-0.2229765013054858,7.199999999999999,57.173419187655796
VER,Red Bull Racing,15.0,0 days 00:01:25.746000,HARD,1.0,1,True,85.746,2024,Monza,R,33.1015037593985,49.31127819548872,0.0,13,Early,1:25.746,80.9433962264151,878.9433962264151,2,-0.4626631853785863,7.8,56.335299083217194
VER,Red Bull Racing,16.0,0 days 00:01:25.244000,HARD,1.0,1,True,85.244,2024,Monza,R,33.1015037593985,49.31127819548872,0.0,14,Early,1:25.244,78.86792452830188,876.8679245283018,2,-0.2005221932114878,8.4,58.50814503621979
VER,Red Bull Racing,17.0,0 days 00:01:25.340000,HARD,1.0,1,True,85.34,2024,Monza,R,33.1015037593985,49.31127819548872,0.0,15,Early,1:25.340,76.79245283018868,874.7924528301887,2,-0.25065274151436157,9.0,58.80736174640255
VER,Red Bull Racing,18.0,0 days 00:01:25.469000,HARD,1.0,1,True,85.469,2024,Monza,R,33.1015037593985,49.31127819548872,0.0,16,Mid,1:25.469,74.71698113207547,872.7169811320755,2,-0.31801566579634083,9.6,59.00318420071068
VER,Red Bull Racing,19.0,0 days 00:01:25.537000,HARD,1.0,1,True,85.537,2024,Monza,R,33.1015037593985,49.31127819548872,0.0,17,Mid,1:25.537,72.64150943396226,870.6415094339623,2,-0.35352480417754806,10.0,59.19012937042343
VER,Red Bull Racing,20.0,0 days 00:01:25.559000,HARD,1.0,1,True,85.559,2024,Monza,R,33.1015037593985,49.31127819548872,0.0,18,Mid,1:25.559,70.56603773584905,868.566037735849,2,-0.365013054830285,10.0,59.121199866507006
VER,Red Bull Racing,21.0,0 days 00:01:25.381000,HARD,1.0,1,True,85.381,2024,Monza,R,33.1015037593985,49.31127819548872,0.0,19,Mid,1:25.381,68.49056603773585,866.4905660377358,2,-0.27206266318537814,10.0,59.67890221637645
VER,Red Bull Racing,24.0,0 days 00:01:23.545000,HARD,2.0,1,True,83.545,2024,Monza,R,33.1015037593985,49.31127819548872,0.0,0,Mid,1:23.545,62.264150943396224,860.2641509433962,2,0.6866840731070462,0.0,55.431382634131
VER,Red Bull Racing,25.0,0 days 00:01:23.801000,HARD,2.0,1,True,83.801,2024,Monza,R,33.1015037593985,49.31127819548872,0.0,1,Mid,1:23.801,60.18867924528302,858.188679245283,2,0.5530026109660543,0.6,55.22929386128504
VER,Red Bull Racing,26.0,0 days 00:01:23.618000,HARD,2.0,1,True,83.618,2024,Monza,R,33.1015037593985,49.31127819548872,0.0,2,Mid,1:23.618,58.113207547169814,856.1132075471698,2,0.6485639686684075,1.2,56.40266200749917
VER,Red Bull Racing,27.0,0 days 00:01:23.524000,HARD,2.0,1,True,83.524,2024,Monza,R,33.1015037593985,49.31127819548872,0.0,3,Mid,1:23.524,56.0377358490566,854.0377358490566,2,0.6976501305482998,1.7999999999999998,57.29717897877852
VER,Red Bull Racing,28.0,0 days 00:01:23.509000,HARD,2.0,1,True,83.509,2024,Monza,R,33.1015037593985,49.31127819548872,0.0,4,Mid,1:23.509,53.9622641509434,851.9622641509434,2,0.7054830287206239,2.4,57.94417636781246
VER,Red Bull Racing,29.0,0 days 00:01:23.452000,HARD,2.0,1,True,83.452,2024,Monza,R,33.1015037593985,49.31127819548872,0.0,5,Mid,1:23.452,51.88679245283019,849.8867924528302,2,0.7352480417754552,3.0,58.72276644614145
VER,Red Bull Racing,30.0,0 days 00:01:23.542000,HARD,2.0,1,True,83.542,2024,Monza,R,33.1015037593985,49.31127819548872,0.0,6,Mid,1:23.542,49.81132075471698,847.811320754717,2,0.688250652741511,3.5999999999999996,59.04078211193779
VER,Red Bull Racing,31.0,0 days 00:01:23.424000,HARD,2.0,1,True,83.424,2024,Monza,R,33.1015037593985,49.31127819548872,0.0,7,Mid,1:23.424,47.735849056603776,845.7358490566038,2,0.7498694516971217,4.2,60.01049490567145
VER,Red Bull Racing,32.0,0 days 00:01:23.490000,HARD,2.0,1,True,83.49,2024,Monza,R,33.1015037593985,49.31127819548872,0.0,8,Mid,1:23.490,45.660377358490564,843.6603773584906,2,0.7154046997389034,4.8,60.403706393922135
VER,Red Bull Racing,33.0,0 days 00:01:23.621000,HARD,2.0,1,True,83.621,2024,Monza,R,33.1015037593985,49.31127819548872,0.0,9,Mid,1:23.621,43.58490566037736,841.5849056603773,2,0.6469973890339427,5.3999999999999995,60.593262529692375
VER,Red Bull Racing,34.0,0 days 00:01:23.576000,HARD,2.0,1,True,83.576,2024,Monza,R,33.1015037593985,49.31127819548872,0.0,10,Mid,1:23.576,41.509433962264154,839.5094339622642,2,0.6704960835509148,6.0,61.334254696794204
VER,Red Bull Racing,35.0,0 days 00:01:23.589000,HARD,2.0,1,True,83.589,2024,Monza,R,33.1015037593985,49.31127819548872,0.0,11,Mid,1:23.589,39.43396226415095,837.433962264151,2,0.6637075718015648,6.6,61.893523626298105
VER,Red Bull Racing,36.0,0 days 00:01:23.559000,HARD,2.0,1,True,83.559,2024,Monza,R,33.1015037593985,49.31127819548872,0.0,12,Late,1:23.559,37.35849056603773,835.3584905660377,2,0.6793733681462129,7.199999999999999,62.587518404365994
VER,Red Bull Racing,37.0,0 days 00:01:23.485000,HARD,2.0,1,True,83.485,2024,Monza,R,33.1015037593985,49.31127819548872,0.0,13,Late,1:23.485,35.283018867924525,833.2830188679245,2,0.7180156657963424,7.8,63.41937219026677
VER,Red Bull Racing,38.0,0 days 00:01:23.427000,HARD,2.0,1,True,83.427,2024,Monza,R,33.1015037593985,49.31127819548872,0.0,14,Late,1:23.427,33.20754716981132,831.2075471698113,2,0.7483028720626569,8.4,64.20109542786466
VER,Red Bull Racing,39.0,0 days 00:01:23.501000,HARD,2.0,1,True,83.501,2024,Monza,R,33.1015037593985,49.31127819548872,0.0,15,Late,1:23.501,31.132075471698116,829.1320754716982,2,0.7096605744125275,9.0,64.56924164196388
VER,Red Bull Racing,40.0,0 days 00:01:24.337000,HARD,2.0,1,True,84.337,2024,Monza,R,33.1015037593985,49.31127819548872,0.0,16,Late,1:24.337,29.05660377358491,827.0566037735849,2,0.2731070496083522,9.6,62.549920493138835
VER,Red Bull Racing,43.0,0 days 00:01:21.745000,MEDIUM,3.0,1,True,81.745,2024,Monza,R,33.1015037593985,49.31127819548872,0.0,0,Late,1:21.745,22.830188679245282,820.8301886792453,5,1.0,0.0,60.31127819548872
VER,Red Bull Racing,44.0,0 days 00:01:23.045000,MEDIUM,3.0,1,True,83.045,2024,Monza,R,33.1015037593985,49.31127819548872,0.0,1,Late,1:23.045,20.754716981132077,818.7547169811321,5,0.9477806788511707,0.6,60.597962268595744
VER,Red Bull Racing,45.0,0 days 00:01:23.363000,MEDIUM,3.0,1,True,83.363,2024,Monza,R,33.1015037593985,49.31127819548872,0.0,2,Late,1:23.363,18.679245283018872,816.6792452830189,5,0.7817232375979086,1.2,60.201617621076174
VER,Red Bull Racing,46.0,0 days 00:01:22.941000,MEDIUM,3.0,1,True,82.941,2024,Monza,R,33.1015037593985,49.31127819548872,0.0,3,Late,1:22.941,16.603773584905667,814.6037735849056,5,1.0,1.7999999999999998,62.111278195488715
VER,Red Bull Racing,47.0,0 days 00:01:22.520000,MEDIUM,3.0,1,True,82.52,2024,Monza,R,33.1015037593985,49.31127819548872,0.0,4,Late,1:22.520,14.528301886792448,812.5283018867924,5,1.0,2.4,62.71127819548872
VER,Red Bull Racing,48.0,0 days 00:01:22.570000,MEDIUM,3.0,1,True,82.57,2024,Monza,R,33.1015037593985,49.31127819548872,0.0,5,Late,1:22.570,12.452830188679243,810.4528301886793,5,1.0,3.0,63.31127819548872
VER,Red Bull Racing,49.0,0 days 00:01:22.584000,MEDIUM,3.0,1,True,82.584,2024,Monza,R,33.1015037593985,49.31127819548872,0.0,6,Late,1:22.584,10.377358490566039,808.377358490566,5,1.0,3.5999999999999996,63.91127819548872
VER,Red Bull Racing,50.0,0 days 00:01:22.585000,MEDIUM,3.0,1,True,82.585,2024,Monza,R,33.1015037593985,49.31127819548872,0.0,7,Late,1:22.585,8.301886792452834,806.3018867924528,5,1.0,4.2,64.51127819548873
VER,Red Bull Racing,51.0,0 days 00:01:22.574000,MEDIUM,3.0,1,True,82.574,2024,Monza,R,33.1015037593985,49.31127819548872,0.0,8,Late,1:22.574,6.226415094339629,804.2264150943396,5,1.0,4.8,65.11127819548872
VER,Red Bull Racing,52.0,0 days 00:01:22.920000,MEDIUM,3.0,1,True,82.92,2024,Monza,R,33.1015037593985,49.31127819548872,0.0,9,Late,1:22.920,4.15094339622641,802.1509433962265,5,1.0,5.3999999999999995,65.71127819548872
VER,Red Bull Racing,53.0,0 days 00:01:23.711000,MEDIUM,3.0,1,True,83.711,2024,Monza,R,33.1015037593985,49.31127819548872,0.0,10,Late,1:23.711,2.075471698113205,800.0754716981132,5,0.5999999999999985,6.0,63.91127819548871
ZHO,Kick Sauber,2.0,0 days 00:01:28.721000,MEDIUM,1.0,1,True,88.721,2024,Monza,R,33.1015037593985,49.31127819548872,0.0,0,Early,1:28.721,107.9245283018868,905.9245283018868,5,-1.0,0.0,48.31127819548872
ZHO,Kick Sauber,3.0,0 days 00:01:26.997000,MEDIUM,1.0,1,True,86.997,2024,Monza,R,33.1015037593985,49.31127819548872,0.0,1,Early,1:26.997,105.84905660377359,903.8490566037735,5,-1.0,0.6,48.91127819548872
ZHO,Kick Sauber,4.0,0 days 00:01:26.226000,MEDIUM,1.0,1,True,86.226,2024,Monza,R,33.1015037593985,49.31127819548872,0.0,2,Early,1:26.226,103.77358490566037,901.7735849056604,5,-0.7133159268929479,1.2,51.23138263413104
ZHO,Kick Sauber,5.0,0 days 00:01:29.256000,MEDIUM,1.0,1,True,89.256,2024,Monza,R,33.1015037593985,49.31127819548872,0.0,3,Early,1:29.256,101.69811320754717,899.6981132075472,5,-1.0,1.7999999999999998,50.111278195488715
ZHO,Kick Sauber,6.0,0 days 00:01:25.942000,MEDIUM,1.0,1,True,85.942,2024,Monza,R,33.1015037593985,49.31127819548872,0.0,4,Early,1:25.942,99.62264150943396,897.622641509434,5,-0.5650130548302821,2.4,53.32119986650702
ZHO,Kick Sauber,7.0,0 days 00:01:26.381000,MEDIUM,1.0,1,True,86.381,2024,Monza,R,33.1015037593985,49.31127819548872,0.0,5,Early,1:26.381,97.54716981132076,895.5471698113207,5,-0.794255874673627,3.0,52.54574294744695
ZHO,Kick Sauber,8.0,0 days 00:01:26.411000,MEDIUM,1.0,1,True,86.411,2024,Monza,R,33.1015037593985,49.31127819548872,0.0,6,Early,1:26.411,95.47169811320755,893.4716981132076,5,-0.8099216710182752,3.5999999999999996,53.05174816937907
ZHO,Kick Sauber,9.0,0 days 00:01:26.315000,MEDIUM,1.0,1,True,86.315,2024,Monza,R,33.1015037593985,49.31127819548872,0.0,7,Early,1:26.315,93.39622641509433,891.3962264150944,5,-0.7597911227154013,4.2,53.952531459196315
ZHO,Kick Sauber,10.0,0 days 00:01:26.128000,MEDIUM,1.0,1,True,86.128,2024,Monza,R,33.1015037593985,49.31127819548872,0.0,8,Early,1:26.128,91.32075471698113,889.3207547169811,5,-0.6621409921671,4.8,55.13843224248612
ZHO,Kick Sauber,11.0,0 days 00:01:26.488000,MEDIUM,1.0,1,True,86.488,2024,Monza,R,33.1015037593985,49.31127819548872,0.0,9,Early,1:26.488,89.24528301886792,887.2452830188679,5,-0.8501305483028694,5.3999999999999995,54.6104949056715
ZHO,Kick Sauber,12.0,0 days 00:01:26.348000,MEDIUM,1.0,1,True,86.348,2024,Monza,R,33.1015037593985,49.31127819548872,0.0,10,Early,1:26.348,87.16981132075472,885.1698113207547,5,-0.7770234986945141,6.0,55.64913720332163
ZHO,Kick Sauber,13.0,0 days 00:01:26.802000,MEDIUM,1.0,1,True,86.802,2024,Monza,R,33.1015037593985,49.31127819548872,0.0,11,Early,1:26.802,85.09433962264151,883.0943396226415,5,-1.0,6.6,54.91127819548872
ZHO,Kick Sauber,14.0,0 days 00:01:27.092000,MEDIUM,1.0,1,True,87.092,2024,Monza,R,33.1015037593985,49.31127819548872,0.0,12,Early,1:27.092,83.01886792452831,881.0188679245283,5,-1.0,7.199999999999999,55.511278195488714
ZHO,Kick Sauber,17.0,0 days 00:01:25.092000,HARD,2.0,1,True,85.092,2024,Monza,R,33.1015037593985,49.31127819548872,0.0,0,Early,1:25.092,76.79245283018868,874.7924528301887,2,-0.1211488250652734,0.0,50.58438524509708
ZHO,Kick Sauber,18.0,0 days 00:01:25.245000,HARD,2.0,1,True,85.245,2024,Monza,R,33.1015037593985,49.31127819548872,0.0,1,Mid,1:25.245,74.71698113207547,872.7169811320755,2,-0.2010443864229785,0.6,50.70501187695085
ZHO,Kick Sauber,19.0,0 days 00:01:25.777000,HARD,2.0,1,True,85.777,2024,Monza,R,33.1015037593985,49.31127819548872,0.0,2,Mid,1:25.777,72.64150943396226,870.6415094339623,2,-0.4788511749347251,1.2,49.63817114588037
ZHO,Kick Sauber,20.0,0 days 00:01:25.588000,HARD,2.0,1,True,85.588,2024,Monza,R,33.1015037593985,49.31127819548872,0.0,3,Mid,1:25.588,70.56603773584905,868.566037735849,2,-0.38015665796344233,1.7999999999999998,50.83033824770806
ZHO,Kick Sauber,21.0,0 days 00:01:25.743000,HARD,2.0,1,True,85.743,2024,Monza,R,33.1015037593985,49.31127819548872,0.0,4,Mid,1:25.743,68.49056603773585,866.4905660377358,2,-0.4610966057441215,2.4,50.94469856102399
ZHO,Kick Sauber,22.0,0 days 00:01:25.876000,HARD,2.0,1,True,85.876,2024,Monza,R,33.1015037593985,49.31127819548872,0.0,5,Mid,1:25.876,66.41509433962264,864.4150943396227,2,-0.5305483028720637,3.0,51.12798837825633
ZHO,Kick Sauber,23.0,0 days 00:01:26.061000,HARD,2.0,1,True,86.061,2024,Monza,R,33.1015037593985,49.31127819548872,0.0,6,Mid,1:26.061,64.33962264150944,862.3396226415094,2,-0.627154046997391,3.5999999999999996,51.14835391350437
ZHO,Kick Sauber,24.0,0 days 00:01:26.041000,HARD,2.0,1,True,86.041,2024,Monza,R,33.1015037593985,49.31127819548872,0.0,7,Mid,1:26.041,62.264150943396224,860.2641509433962,2,-0.6167101827676207,4.2,51.811017098883
ZHO,Kick Sauber,25.0,0 days 00:01:25.583000,HARD,2.0,1,True,85.583,2024,Monza,R,33.1015037593985,49.31127819548872,0.0,8,Mid,1:25.583,60.18867924528302,858.188679245283,2,-0.37754569190600346,4.8,53.84600404405269
ZHO,Kick Sauber,26.0,0 days 00:01:25.549000,HARD,2.0,1,True,85.549,2024,Monza,R,33.1015037593985,49.31127819548872,0.0,9,Mid,1:25.549,58.113207547169814,856.1132075471698,2,-0.35979112271540725,5.3999999999999995,54.552531459196274
ZHO,Kick Sauber,27.0,0 days 00:01:25.603000,HARD,2.0,1,True,85.603,2024,Monza,R,33.1015037593985,49.31127819548872,0.0,10,Mid,1:25.603,56.0377358490566,854.0377358490566,2,-0.38798955613576636,6.0,54.98334085867412
ZHO,Kick Sauber,28.0,0 days 00:01:25.699000,HARD,2.0,1,True,85.699,2024,Monza,R,33.1015037593985,49.31127819548872,0.0,11,Mid,1:25.699,53.9622641509434,851.9622641509434,2,-0.43812010443864013,6.6,55.28255756885688
ZHO,Kick Sauber,29.0,0 days 00:01:25.515000,HARD,2.0,1,True,85.515,2024,Monza,R,33.1015037593985,49.31127819548872,0.0,12,Mid,1:25.515,51.88679245283019,849.8867924528302,2,-0.34203655352480367,7.199999999999999,56.45905887433989
ZHO,Kick Sauber,30.0,0 days 00:01:25.491000,HARD,2.0,1,True,85.491,2024,Monza,R,33.1015037593985,49.31127819548872,0.0,13,Mid,1:25.491,49.81132075471698,847.811320754717,2,-0.3295039164490852,7.8,57.1342546967942
ZHO,Kick Sauber,31.0,0 days 00:01:25.478000,HARD,2.0,1,True,85.478,2024,Monza,R,33.1015037593985,49.31127819548872,0.0,14,Mid,1:25.478,47.735849056603776,845.7358490566038,2,-0.32271540469973525,8.4,57.7749857672903
ZHO,Kick Sauber,32.0,0 days 00:01:25.356000,HARD,2.0,1,True,85.356,2024,Monza,R,33.1015037593985,49.31127819548872,0.0,15,Mid,1:25.356,45.660377358490564,843.6603773584906,2,-0.2590078328981689,9.0,58.7572311980997
ZHO,Kick Sauber,33.0,0 days 00:01:25.451000,HARD,2.0,1,True,85.451,2024,Monza,R,33.1015037593985,49.31127819548872,0.0,16,Mid,1:25.451,43.58490566037736,841.5849056603773,2,-0.308616187989552,9.6,59.059581067551406
ZHO,Kick Sauber,34.0,0 days 00:01:25.487000,HARD,2.0,1,True,85.487,2024,Monza,R,33.1015037593985,49.31127819548872,0.0,17,Mid,1:25.487,41.509433962264154,839.5094339622642,2,-0.3274151436031297,10.0,59.34678733386994
ZHO,Kick Sauber,35.0,0 days 00:01:25.520000,HARD,2.0,1,True,85.52,2024,Monza,R,33.1015037593985,49.31127819548872,0.0,18,Mid,1:25.520,39.43396226415095,837.433962264151,2,-0.34464751958224255,10.0,59.243393077995265
ZHO,Kick Sauber,36.0,0 days 00:01:26.606000,HARD,2.0,1,True,86.606,2024,Monza,R,33.1015037593985,49.31127819548872,0.0,19,Late,1:26.606,37.35849056603773,835.3584905660377,2,-0.9117493472584801,10.0,55.84078211193784
ZHO,Kick Sauber,37.0,0 days 00:01:25.205000,HARD,2.0,1,True,85.205,2024,Monza,R,33.1015037593985,49.31127819548872,0.0,20,Late,1:25.205,35.283018867924525,833.2830188679245,2,-0.1801566579634453,10.0,60.23033824770805
ZHO,Kick Sauber,38.0,0 days 00:01:26.652000,HARD,2.0,1,True,86.652,2024,Monza,R,33.1015037593985,49.31127819548872,0.0,21,Late,1:26.652,33.20754716981132,831.2075471698113,2,-0.9357702349869429,10.0,55.69665678556706
ZHO,Kick Sauber,39.0,0 days 00:01:25.584000,HARD,2.0,1,True,85.584,2024,Monza,R,33.1015037593985,49.31127819548872,0.0,22,Late,1:25.584,31.132075471698116,829.1320754716982,2,-0.3780678851174942,10.0,59.04287088478375
ZHO,Kick Sauber,40.0,0 days 00:01:25.820000,HARD,2.0,1,True,85.82,2024,Monza,R,33.1015037593985,49.31127819548872,0.0,23,Late,1:25.820,29.05660377358491,827.0566037735849,2,-0.5013054830287157,10.0,58.30344529731642
ZHO,Kick Sauber,41.0,0 days 00:01:26.437000,HARD,2.0,1,True,86.437,2024,Monza,R,33.1015037593985,49.31127819548872,0.0,24,Late,1:26.437,26.98113207547169,824.9811320754717,2,-0.8234986945169677,10.0,56.370286028386914
ZHO,Kick Sauber,42.0,0 days 00:01:27.640000,HARD,2.0,1,True,87.64,2024,Monza,R,33.1015037593985,49.31127819548872,0.0,25,Late,1:27.640,24.905660377358487,822.9056603773585,2,-1.0,10.0,55.31127819548872
ZHO,Kick Sauber,43.0,0 days 00:01:26.916000,HARD,2.0,1,True,86.916,2024,Monza,R,33.1015037593985,49.31127819548872,0.0,26,Late,1:26.916,22.830188679245282,820.8301886792453,2,-1.0,10.0,55.31127819548872
ZHO,Kick Sauber,44.0,0 days 00:01:26.918000,HARD,2.0,1,True,86.918,2024,Monza,R,33.1015037593985,49.31127819548872,0.0,27,Late,1:26.918,20.754716981132077,818.7547169811321,2,-1.0,10.0,55.31127819548872
ZHO,Kick Sauber,45.0,0 days 00:01:25.632000,HARD,2.0,1,True,85.632,2024,Monza,R,33.1015037593985,49.31127819548872,0.0,28,Late,1:25.632,18.679245283018872,816.6792452830189,2,-0.4031331592689311,10.0,58.89247923987513
ZHO,Kick Sauber,46.0,0 days 00:01:25.857000,HARD,2.0,1,True,85.857,2024,Monza,R,33.1015037593985,49.31127819548872,0.0,29,Late,1:25.857,16.603773584905667,814.6037735849056,2,-0.5206266318537841,10.0,58.18751840436602
ZHO,Kick Sauber,47.0,0 days 00:01:27.442000,HARD,2.0,1,True,87.442,2024,Monza,R,33.1015037593985,49.31127819548872,0.0,30,Late,1:27.442,14.528301886792448,812.5283018867924,2,-1.0,10.0,55.31127819548872
ZHO,Kick Sauber,48.0,0 days 00:01:25.840000,HARD,2.0,1,True,85.84,2024,Monza,R,33.1015037593985,49.31127819548872,0.0,31,Late,1:25.840,12.452830188679243,810.4528301886793,2,-0.5117493472584861,10.0,58.240782111937804
ZHO,Kick Sauber,49.0,0 days 00:01:26.298000,HARD,2.0,1,True,86.298,2024,Monza,R,33.1015037593985,49.31127819548872,0.0,32,Late,1:26.298,10.377358490566039,808.377358490566,2,-0.7509138381201033,10.0,56.8057951667681
ZHO,Kick Sauber,50.0,0 days 00:01:25.539000,HARD,2.0,1,True,85.539,2024,Monza,R,33.1015037593985,49.31127819548872,0.0,33,Late,1:25.539,8.301886792452834,806.3018867924528,2,-0.3545691906005221,10.0,59.18386305188559
ZHO,Kick Sauber,51.0,0 days 00:01:25.946000,HARD,2.0,1,True,85.946,2024,Monza,R,33.1015037593985,49.31127819548872,0.0,34,Late,1:25.946,6.226415094339629,804.2264150943396,2,-0.5671018276762376,10.0,57.908667229431295
ZHO,Kick Sauber,52.0,0 days 00:01:27.280000,HARD,2.0,1,True,87.28,2024,Monza,R,33.1015037593985,49.31127819548872,0.0,35,Late,1:27.280,4.15094339622641,802.1509433962265,2,-1.0,10.0,55.31127819548872
ALB,Williams,2.0,0 days 00:01:27.135000,SOFT,1.0,1,True,87.135,2024,Monaco,Q,21.242105263157892,44.72631578947369,0.0,0,Early,1:27.135,10.0,808.0,8,-0.6108414239482198,0.0,49.06126724578437
ALB,Williams,3.0,0 days 00:01:13.328000,SOFT,1.0,1,True,73.328,2024,Monaco,Q,21.242105263157892,44.72631578947369,0.0,1,Early,1:13.328,10.0,808.0,8,-0.022909214784534,0.6,53.18886050076649
ALB,Williams,4.0,0 days 00:01:55.799000,SOFT,1.0,1,True,115.799,2024,Monaco,Q,21.242105263157892,44.72631578947369,0.0,2,Early,1:55.799,10.0,808.0,8,-1.0,1.2,47.92631578947369
ALB,Williams,5.0,0 days 00:01:12.702000,SOFT,1.0,1,True,72.702,2024,Monaco,Q,21.242105263157892,44.72631578947369,0.0,3,Early,1:12.702,10.0,808.0,8,0.003747232158065408,1.7999999999999998,54.54879918242208
ALB,Williams,6.0,0 days 00:01:39.155000,SOFT,1.0,1,True,99.155,2024,Monaco,Q,21.242105263157892,44.72631578947369,0.0,4,Early,1:39.155,10.0,808.0,8,-1.0,2.4,49.126315789473686
ALB,Williams,7.0,0 days 00:01:12.478000,SOFT,1.0,1,True,72.478,2024,Monaco,Q,21.242105263157892,44.72631578947369,0.0,5,Early,1:12.478,10.0,808.0,8,0.01328564128768573,3.0,55.8060296371998
ALB,Williams,10.0,0 days 00:01:11.753000,SOFT,2.0,1,True,71.753,2024,Monaco,Q,21.242105263157892,44.72631578947369,0.0,0,Mid,1:11.753,10.0,808.0,8,0.04415772440810789,0.0,52.991262135922334
ALB,Williams,11.0,0 days 00:01:42.380000,SOFT,2.0,1,True,102.38,2024,Monaco,Q,21.242105263157892,44.72631578947369,0.0,1,Mid,1:42.380,10.0,808.0,8,-1.0,0.6,47.32631578947369
ALB,Williams,12.0,0 days 00:01:11.623000,SOFT,2.0,1,True,71.623,2024,Monaco,Q,21.242105263157892,44.72631578947369,0.0,2,Mid,1:11.623,10.0,808.0,8,0.049693408277976546,1.2,54.22447623914155
ALB,Williams,15.0,0 days 00:01:24.760000,SOFT,3.0,1,True,84.76,2024,Monaco,Q,21.242105263157892,44.72631578947369,0.0,0,Mid,1:24.760,10.0,808.0,8,-0.5097087378640774,0.0,49.668063362289224
ALB,Williams,16.0,0 days 00:01:11.660000,SOFT,3.0,1,True,71.66,2024,Monaco,Q,21.242105263157892,44.72631578947369,0.0,1,Mid,1:11.660,10.0,808.0,8,0.048117867484244986,0.6,53.61502299437916
ALB,Williams,17.0,0 days 00:01:38.414000,SOFT,3.0,1,True,98.414,2024,Monaco,Q,21.242105263157892,44.72631578947369,0.0,2,Mid,1:38.414,10.0,808.0,8,-1.0,1.2,47.92631578947369
ALB,Williams,18.0,0 days 00:01:11.607000,SOFT,3.0,1,True,71.607,2024,Monaco,Q,21.242105263157892,44.72631578947369,0.0,3,Mid,1:11.607,10.0,808.0,8,0.050374723215806785,1.7999999999999998,54.82856412876853
ALB,Williams,21.0,0 days 00:01:11.216000,SOFT,4.0,1,True,71.216,2024,Monaco,Q,21.242105263157892,44.72631578947369,0.0,0,Late,1:11.216,10.0,808.0,8,0.06702435700902792,0.0,53.12846193152785
ALB,Williams,22.0,0 days 00:01:36.792000,SOFT,4.0,1,True,96.792,2024,Monaco,Q,21.242105263157892,44.72631578947369,0.0,1,Late,1:36.792,10.0,808.0,8,-1.0,0.6,47.32631578947369
ALB,Williams,25.0,0 days 00:01:11.805000,SOFT,5.0,1,True,71.805,2024,Monaco,Q,21.242105263157892,44.72631578947369,0.0,0,Late,1:11.805,10.0,808.0,8,0.04194345086016007,0.0,52.977976494634646
ALB,Williams,28.0,0 days 00:01:10.948000,SOFT,6.0,1,True,70.948,2024,Monaco,Q,21.242105263157892,44.72631578947369,0.0,0,Late,1:10.948,10.0,808.0,8,0.07843638221768065,0.0,53.19693408277977
ALO,Aston Martin,2.0,0 days 00:01:30.414000,SOFT,1.0,1,True,90.414,2024,Monaco,Q,21.242105263157892,44.72631578947369,0.0,0,Early,1:30.414,10.0,808.0,8,-0.7504684040197577,0.0,48.223505365355145
ALO,Aston Martin,3.0,0 days 00:01:12.927000,SOFT,1.0,1,True,72.927,2024,Monaco,Q,21.242105263157892,44.72631578947369,0.0,1,Early,1:12.927,10.0,808.0,8,-0.0058337591551694944,0.6,53.29131323454267
ALO,Aston Martin,4.0,0 days 00:01:44.231000,SOFT,1.0,1,True,104.231,2024,Monaco,Q,21.242105263157892,44.72631578947369,0.0,2,Early,1:44.231,10.0,808.0,8,-1.0,1.2,47.92631578947369
ALO,Aston Martin,5.0,0 days 00:01:12.118000,SOFT,1.0,1,True,72.118,2024,Monaco,Q,21.242105263157892,44.72631578947369,0.0,3,Early,1:12.118,10.0,808.0,8,0.028615227388860968,1.7999999999999998,54.69800715380685
ALO,Aston Martin,8.0,0 days 00:01:12.019000,SOFT,2.0,12,True,72.019,2024,Monaco,Q,21.242105263157892,44.72631578947369,0.0,0,Early,1:12.019,10.0,808.0,8,0.03283086356668372,0.0,52.92330097087379
ALO,Aston Martin,9.0,0 days 00:01:35.356000,SOFT,2.0,1,True,95.356,2024,Monaco,Q,21.242105263157892,44.72631578947369,0.0,1,Early,1:35.356,10.0,808.0,8,-0.9609095554420022,0.6,47.56085845682168
ALO,Aston Martin,10.0,0 days 00:01:12.087000,SOFT,2.0,1,True,72.087,2024,Monaco,Q,21.242105263157892,44.72631578947369,0.0,2,Mid,1:12.087,10.0,808.0,8,0.029935275080906265,1.2,54.10592743995913
BOT,Kick Sauber,2.0,0 days 00:01:13.936000,SOFT,1.0,1,True,73.936,2024,Monaco,Q,21.242105263157892,44.72631578947369,0.0,0,Early,1:13.936,10.0,808.0,8,-0.04879918242207462,0.0,52.43352069494124
BOT,Kick Sauber,3.0,0 days 00:01:57.598000,SOFT,1.0,1,True,117.598,2024,Monaco,Q,21.242105263157892,44.72631578947369,0.0,1,Early,1:57.598,10.0,808.0,8,-1.0,0.6,47.32631578947369
BOT,Kick Sauber,4.0,0 days 00:01:13.684000,SOFT,1.0,1,True,73.684,2024,Monaco,Q,21.242105263157892,44.72631578947369,0.0,2,Early,1:13.684,10.0,808.0,8,-0.03806847215125153,1.2,53.697904956566184
BOT,Kick Sauber,5.0,0 days 00:01:39.650000,SOFT,1.0,1,True,99.65,2024,Monaco,Q,21.242105263157892,44.72631578947369,0.0,3,Early,1:39.650,10.0,808.0,8,-1.0,1.7999999999999998,48.526315789473685
BOT,Kick Sauber,8.0,0 days 00:01:12.741000,SOFT,2.0,1,True,72.741,2024,Monaco,Q,21.242105263157892,44.72631578947369,0.0,0,Early,1:12.741,10.0,808.0,8,0.0020865269971046914,0.0,52.73883495145632
BOT,Kick Sauber,9.0,0 days 00:01:49.339000,SOFT,2.0,1,True,109.339,2024,Monaco,Q,21.242105263157892,44.72631578947369,0.0,1,Early,1:49.339,10.0,808.0,8,-1.0,0.6,47.32631578947369
BOT,Kick Sauber,10.0,0 days 00:01:12.512000,SOFT,2.0,1,True,72.512,2024,Monaco,Q,21.242105263157892,44.72631578947369,0.0,2,Mid,1:12.512,10.0,808.0,8,0.0118378470447967,1.2,53.99734287174247
GAS,Alpine,2.0,0 days 00:01:14.032000,SOFT,1.0,1,True,74.032,2024,Monaco,Q,21.242105263157892,44.72631578947369,0.0,0,Early,1:14.032,10.0,808.0,8,-0.05288707204905424,0.0,52.40899335717936
GAS,Alpine,3.0,0 days 00:01:35.022000,SOFT,1.0,1,True,95.022,2024,Monaco,Q,21.242105263157892,44.72631578947369,0.0,1,Early,1:35.022,10.0,808.0,8,-0.9466871061148012,0.6,47.64619315278488
GAS,Alpine,4.0,0 days 00:01:12.736000,SOFT,1.0,1,True,72.736,2024,Monaco,Q,21.242105263157892,44.72631578947369,0.0,2,Early,1:12.736,10.0,808.0,8,0.0022994379151763766,1.2,53.94011241696475
GAS,Alpine,5.0,0 days 00:01:40.965000,SOFT,1.0,1,True,100.965,2024,Monaco,Q,21.242105263157892,44.72631578947369,0.0,3,Early,1:40.965,10.0,808.0,8,-1.0,1.7999999999999998,48.526315789473685
GAS,Alpine,6.0,0 days 00:01:12.113000,SOFT,1.0,1,True,72.113,2024,Monaco,Q,21.242105263157892,44.72631578947369,0.0,4,Early,1:12.113,10.0,808.0,8,0.028828138306932653,2.4,55.29928461931528
GAS,Alpine,9.0,0 days 00:01:14.708000,SOFT,2.0,1,True,74.708,2024,Monaco,Q,21.242105263157892,44.72631578947369,0.0,0,Early,1:14.708,10.0,808.0,8,-0.08167262817237231,0.0,52.23628002043945
GAS,Alpine,10.0,0 days 00:01:44.860000,SOFT,2.0,1,True,104.86,2024,Monaco,Q,21.242105263157892,44.72631578947369,0.0,1,Mid,1:44.860,10.0,808.0,8,-1.0,0.6,47.32631578947369
GAS,Alpine,11.0,0 days 00:01:11.714000,SOFT,2.0,1,True,71.714,2024,Monaco,Q,21.242105263157892,44.72631578947369,0.0,2,Mid,1:11.714,10.0,808.0,8,0.045818429569068606,1.2,54.2012263668881
GAS,Alpine,14.0,0 days 00:01:12.495000,SOFT,3.0,1,True,72.495,2024,Monaco,Q,21.242105263157892,44.72631578947369,0.0,0,Mid,1:12.495,10.0,808.0,8,0.012561744166240913,0.0,52.801686254471136
GAS,Alpine,15.0,0 days 00:01:37.686000,SOFT,3.0,1,True,97.686,2024,Monaco,Q,21.242105263157892,44.72631578947369,0.0,1,Mid,1:37.686,10.0,808.0,8,-1.0,0.6,47.32631578947369
GAS,Alpine,16.0,0 days 00:01:31.616000,SOFT,3.0,1,True,91.616,2024,Monaco,Q,21.242105263157892,44.72631578947369,0.0,2,Mid,1:31.616,10.0,808.0,8,-0.8016521887242372,1.2,49.11640265712827
GAS,Alpine,17.0,0 days 00:01:11.334000,SOFT,3.0,1,True,71.334,2024,Monaco,Q,21.242105263157892,44.72631578947369,0.0,3,Mid,1:11.334,10.0,808.0,8,0.06199965934253119,1.7999999999999998,54.898313745528874
GAS,Alpine,20.0,0 days 00:01:31.053000,SOFT,4.0,1,True,91.053,2024,Monaco,Q,21.242105263157892,44.72631578947369,0.0,0,Late,1:31.053,10.0,808.0,8,-0.7776784193493436,0.0,48.060245273377625
GAS,Alpine,21.0,0 days 00:01:10.896000,SOFT,4.0,1,True,70.896,2024,Monaco,Q,21.242105263157892,44.72631578947369,0.0,1,Late,1:10.896,10.0,808.0,8,0.08065065576562787,0.6,53.81021972406746
GAS,Alpine,24.0,0 days 00:01:26.312000,SOFT,5.0,1,True,86.312,2024,Monaco,Q,21.242105263157892,44.72631578947369,0.0,0,Late,1:26.312,10.0,808.0,8,-0.5757962868335882,0.0,49.27153806847216
GAS,Alpine,25.0,0 days 00:01:11.311000,SOFT,5.0,1,True,71.311,2024,Monaco,Q,21.242105263157892,44.72631578947369,0.0,1,Late,1:11.311,10.0,808.0,8,0.06297904956566167,0.6,53.70419008686766
GAS,Alpine,28.0,0 days 00:01:28.741000,SOFT,6.0,1,True,88.741,2024,Monaco,Q,21.242105263157892,44.72631578947369,0.0,0,Late,1:28.741,10.0,808.0,8,-0.679228410832907,0.0,48.65094532447625
GAS,Alpine,29.0,0 days 00:01:11.505000,SOFT,6.0,1,True,71.505,2024,Monaco,Q,21.242105263157892,44.72631578947369,0.0,1,Late,1:11.505,10.0,808.0,8,0.05471810594447327,0.6,53.654624425140526
HAM,Mercedes,2.0,0 days 00:01:19.550000,SOFT,1.0,1,True,79.55,2024,Monaco,Q,21.242105263157892,44.72631578947369,0.0,0,Early,1:19.550,10.0,808.0,8,-0.28785556123317957,0.0,50.99918242207461
HAM,Mercedes,3.0,0 days 00:01:12.954000,SOFT,1.0,1,True,72.954,2024,Monaco,Q,21.242105263157892,44.72631578947369,0.0,1,Early,1:12.954,10.0,808.0,8,-0.0069834781127570775,0.6,53.28441492079715
HAM,Mercedes,4.0,0 days 00:01:57.786000,SOFT,1.0,1,True,117.786,2024,Monaco,Q,21.242105263157892,44.72631578947369,0.0,2,Early,1:57.786,10.0,808.0,8,-1.0,1.2,47.92631578947369
HAM,Mercedes,5.0,0 days 00:01:12.461000,SOFT,1.0,1,True,72.461,2024,Monaco,Q,21.242105263157892,44.72631578947369,0.0,3,Early,1:12.461,10.0,808.0,8,0.014009538409129944,1.7999999999999998,54.61037301992847
HAM,Mercedes,6.0,0 days 00:01:46.762000,SOFT,1.0,1,True,106.762,2024,Monaco,Q,21.242105263157892,44.72631578947369,0.0,4,Early,1:46.762,10.0,808.0,8,-1.0,2.4,49.126315789473686
HAM,Mercedes,7.0,0 days 00:01:36.743000,SOFT,1.0,1,True,96.743,2024,Monaco,Q,21.242105263157892,44.72631578947369,0.0,5,Early,1:36.743,10.0,808.0,8,-1.0,3.0,49.72631578947369
HAM,Mercedes,8.0,0 days 00:01:11.916000,SOFT,1.0,1,True,71.916,2024,Monaco,Q,21.242105263157892,44.72631578947369,0.0,6,Early,1:11.916,10.0,808.0,8,0.03721682847896479,3.5999999999999996,56.549616760347476
HAM,Mercedes,11.0,0 days 00:01:11.528000,SOFT,2.0,1,True,71.528,2024,Monaco,Q,21.242105263157892,44.72631578947369,0.0,0,Mid,1:11.528,10.0,808.0,8,0.05373871572134219,0.0,53.04874808380174
HAM,Mercedes,14.0,0 days 00:01:18.124000,SOFT,3.0,1,True,78.124,2024,Monaco,Q,21.242105263157892,44.72631578947369,0.0,0,Mid,1:18.124,10.0,808.0,8,-0.22713336739907966,0.0,51.36351558507921
HAM,Mercedes,15.0,0 days 00:01:11.502000,SOFT,3.0,1,True,71.502,2024,Monaco,Q,21.242105263157892,44.72631578947369,0.0,1,Mid,1:11.502,10.0,808.0,8,0.054845852495316406,0.6,53.65539090444559
HAM,Mercedes,18.0,0 days 00:01:11.110000,SOFT,4.0,1,True,71.11,2024,Monaco,Q,21.242105263157892,44.72631578947369,0.0,0,Mid,1:11.110,10.0,808.0,8,0.07153806847215151,0.0,53.15554420030659
HAM,Mercedes,21.0,0 days 00:01:11.056000,SOFT,5.0,1,True,71.056,2024,Monaco,Q,21.242105263157892,44.72631578947369,0.0,0,Late,1:11.056,10.0,808.0,8,0.07383750638732789,0.0,53.169340827797654
HAM,Mercedes,24.0,0 days 00:01:10.975000,SOFT,6.0,1,True,70.975,2024,Monaco,Q,21.242105263157892,44.72631578947369,0.0,0,Late,1:10.975,10.0,808.0,8,0.07728666326009245,0.0,53.190035769034246
HAM,Mercedes,27.0,0 days 00:01:10.621000,SOFT,7.0,1,True,70.621,2024,Monaco,Q,21.242105263157892,44.72631578947369,0.0,0,Late,1:10.621,10.0,808.0,8,0.09236075625958143,0.0,53.28048032703118
HUL,Haas F1 Team,2.0,0 days 00:01:12.416000,SOFT,1.0,1,True,72.416,2024,Monaco,Q,21.242105263157892,44.72631578947369,0.0,0,Early,1:12.416,10.0,808.0,8,0.015925736671776925,0.0,52.82187020950435
HUL,Haas F1 Team,3.0,0 days 00:01:53.596000,SOFT,1.0,1,True,113.596,2024,Monaco,Q,21.242105263157892,44.72631578947369,0.0,1,Early,1:53.596,10.0,808.0,8,-1.0,0.6,47.32631578947369
HUL,Haas F1 Team,4.0,0 days 00:01:12.286000,SOFT,1.0,1,True,72.286,2024,Monaco,Q,21.242105263157892,44.72631578947369,0.0,2,Early,1:12.286,10.0,808.0,8,0.021461420541645574,1.2,54.055084312723565
HUL,Haas F1 Team,7.0,0 days 00:01:11.876000,SOFT,2.0,12,True,71.876,2024,Monaco,Q,21.242105263157892,44.72631578947369,0.0,0,Early,1:11.876,10.0,808.0,8,0.03892011582353948,0.0,52.95983648441492
HUL,Haas F1 Team,8.0,0 days 00:01:41.592000,SOFT,2.0,1,True,101.592,2024,Monaco,Q,21.242105263157892,44.72631578947369,0.0,1,Early,1:41.592,10.0,808.0,8,-1.0,0.6,47.32631578947369
HUL,Haas F1 Team,9.0,0 days 00:01:12.357000,SOFT,2.0,1,True,72.357,2024,Monaco,Q,21.242105263157892,44.72631578947369,0.0,2,Early,1:12.357,10.0,808.0,8,0.018438085505024987,1.2,54.03694430250384
HUL,Haas F1 Team,12.0,0 days 00:01:11.928000,SOFT,3.0,1,True,71.928,2024,Monaco,Q,21.242105263157892,44.72631578947369,0.0,0,Mid,1:11.928,10.0,808.0,8,0.03670584227559226,0.0,52.94655084312724
HUL,Haas F1 Team,13.0,0 days 00:01:35.683000,SOFT,3.0,1,True,95.683,2024,Monaco,Q,21.242105263157892,44.72631578947369,0.0,1,Mid,1:35.683,10.0,808.0,8,-0.9748339294839036,0.6,47.47731221257027
HUL,Haas F1 Team,14.0,0 days 00:01:33.148000,SOFT,3.0,1,True,93.148,2024,Monaco,Q,21.242105263157892,44.72631578947369,0.0,2,Mid,1:33.148,10.0,808.0,8,-0.8668880940214606,1.2,48.724987225344925
HUL,Haas F1 Team,15.0,0 days 00:01:12.080000,SOFT,3.0,1,True,72.08,2024,Monaco,Q,21.242105263157892,44.72631578947369,0.0,3,Mid,1:12.080,10.0,808.0,8,0.030233350366207105,1.7999999999999998,54.70771589167093
HUL,Haas F1 Team,18.0,0 days 00:01:29.833000,SOFT,4.0,1,True,89.833,2024,Monaco,Q,21.242105263157892,44.72631578947369,0.0,0,Mid,1:29.833,10.0,808.0,8,-0.7257281553398052,0.0,48.37194685743486
HUL,Haas F1 Team,19.0,0 days 00:01:11.440000,SOFT,4.0,1,True,71.44,2024,Monaco,Q,21.242105263157892,44.72631578947369,0.0,1,Mid,1:11.440,10.0,808.0,8,0.0574859478794076,0.6,53.67123147675014
LEC,Ferrari,2.0,0 days 00:01:12.839000,SOFT,1.0,1,True,72.839,2024,Monaco,Q,21.242105263157892,44.72631578947369,0.0,0,Early,1:12.839,10.0,808.0,8,-0.0020865269971040864,0.0,52.713796627491064
LEC,Ferrari,3.0,0 days 00:01:37.033000,SOFT,1.0,1,True,97.033,2024,Monaco,Q,21.242105263157892,44.72631578947369,0.0,1,Early,1:37.033,10.0,808.0,8,-1.0,0.6,47.32631578947369
LEC,Ferrari,4.0,0 days 00:01:12.452000,SOFT,1.0,1,True,72.452,2024,Monaco,Q,21.242105263157892,44.72631578947369,0.0,2,Early,1:12.452,10.0,808.0,8,0.014392778061659341,1.2,54.01267245784365
LEC,Ferrari,7.0,0 days 00:01:11.653000,SOFT,2.0,12,True,71.653,2024,Monaco,Q,21.242105263157892,44.72631578947369,0.0,0,Early,1:11.653,10.0,808.0,8,0.04841594276954522,0.0,53.01681144609096
LEC,Ferrari,8.0,0 days 00:01:39.792000,SOFT,2.0,1,True,99.792,2024,Monaco,Q,21.242105263157892,44.72631578947369,0.0,1,Early,1:39.792,10.0,808.0,8,-1.0,0.6,47.32631578947369
LEC,Ferrari,9.0,0 days 00:01:11.584000,SOFT,2.0,1,True,71.584,2024,Monaco,Q,21.242105263157892,44.72631578947369,0.0,2,Early,1:11.584,10.0,808.0,8,0.05135411343893726,1.2,54.234440470107316
LEC,Ferrari,12.0,0 days 00:01:11.356000,SOFT,3.0,1,True,71.356,2024,Monaco,Q,21.242105263157892,44.72631578947369,0.0,0,Mid,1:11.356,10.0,808.0,8,0.061062851303015295,0.0,53.092692897291776
LEC,Ferrari,13.0,0 days 00:01:35.734000,SOFT,3.0,1,True,95.734,2024,Monaco,Q,21.242105263157892,44.72631578947369,0.0,1,Mid,1:35.734,10.0,808.0,8,-0.9770056208482363,0.6,47.46428206438427
LEC,Ferrari,14.0,0 days 00:01:11.289000,SOFT,3.0,1,True,71.289,2024,Monaco,Q,21.242105263157892,44.72631578947369,0.0,2,Mid,1:11.289,10.0,808.0,8,0.06391585760517818,1.2,54.30981093510476
LEC,Ferrari,17.0,0 days 00:01:10.825000,SOFT,4.0,1,True,70.825,2024,Monaco,Q,21.242105263157892,44.72631578947369,0.0,0,Mid,1:10.825,10.0,808.0,8,0.08367399080224845,0.0,53.22835973428718
LEC,Ferrari,18.0,0 days 00:01:30.654000,SOFT,4.0,1,True,90.654,2024,Monaco,Q,21.242105263157892,44.72631578947369,0.0,1,Mid,1:30.654,10.0,808.0,8,-0.7606881280872076,0.6,48.76218702095044
LEC,Ferrari,19.0,0 days 00:01:11.074000,SOFT,4.0,1,True,71.074,2024,Monaco,Q,21.242105263157892,44.72631578947369,0.0,2,Mid,1:11.074,10.0,808.0,8,0.0730710270822691,1.2,54.364741951967304
LEC,Ferrari,22.0,0 days 00:01:10.418000,SOFT,5.0,1,True,70.418,2024,Monaco,Q,21.242105263157892,44.72631578947369,0.0,0,Late,1:10.418,10.0,808.0,8,0.10100493953329923,0.0,53.332345426673484
LEC,Ferrari,25.0,0 days 00:01:10.270000,SOFT,6.0,1,True,70.27,2024,Monaco,Q,21.242105263157892,44.72631578947369,0.0,0,Late,1:10.270,10.0,808.0,8,0.10730710270822727,0.0,53.37015840572305
MAG,Haas F1 Team,2.0,0 days 00:01:12.572000,SOFT,1.0,1,True,72.572,2024,Monaco,Q,21.242105263157892,44.72631578947369,0.0,0,Early,1:12.572,10.0,808.0,8,0.009282916027934058,0.0,52.78201328564129
MAG,Haas F1 Team,3.0,0 days 00:01:53.192000,SOFT,1.0,1,True,113.192,2024,Monaco,Q,21.242105263157892,44.72631578947369,0.0,1,Early,1:53.192,10.0,808.0,8,-1.0,0.6,47.32631578947369
MAG,Haas F1 Team,4.0,0 days 00:01:12.404000,SOFT,1.0,1,True,72.404,2024,Monaco,Q,21.242105263157892,44.72631578947369,0.0,2,Early,1:12.404,10.0,808.0,8,0.016436722875149454,1.2,54.02493612672459
MAG,Haas F1 Team,7.0,0 days 00:01:11.832000,SOFT,2.0,1,True,71.832,2024,Monaco,Q,21.242105263157892,44.72631578947369,0.0,0,Early,1:11.832,10.0,808.0,8,0.04079373190257249,0.0,52.97107818088912
MAG,Haas F1 Team,8.0,0 days 00:01:28.236000,SOFT,2.0,12,True,88.236,2024,Monaco,Q,21.242105263157892,44.72631578947369,0.0,1,Early,1:28.236,10.0,808.0,8,-0.6577244081076474,0.6,49.379969340827806
MAG,Haas F1 Team,9.0,0 days 00:01:35.209000,SOFT,2.0,1,True,95.209,2024,Monaco,Q,21.242105263157892,44.72631578947369,0.0,2,Early,1:35.209,10.0,808.0,8,-0.9546499744506893,1.2,48.19841594276956
MAG,Haas F1 Team,10.0,0 days 00:01:11.845000,SOFT,2.0,1,True,71.845,2024,Monaco,Q,21.242105263157892,44.72631578947369,0.0,3,Mid,1:11.845,10.0,808.0,8,0.040240163515585375,1.7999999999999998,54.767756770567196
MAG,Haas F1 Team,13.0,0 days 00:01:11.725000,SOFT,3.0,1,True,71.725,2024,Monaco,Q,21.242105263157892,44.72631578947369,0.0,0,Mid,1:11.725,10.0,808.0,8,0.04535002554931066,0.0,52.998415942769554
MAG,Haas F1 Team,16.0,0 days 00:01:30.695000,SOFT,4.0,1,True,90.695,2024,Monaco,Q,21.242105263157892,44.72631578947369,0.0,0,Mid,1:30.695,10.0,808.0,8,-0.7624339976153969,0.0,48.15171180378131
MAG,Haas F1 Team,17.0,0 days 00:01:11.966000,SOFT,4.0,1,True,71.966,2024,Monaco,Q,21.242105263157892,44.72631578947369,0.0,1,Mid,1:11.966,10.0,808.0,8,0.035087719298246126,0.6,53.53684210526317
NOR,McLaren,2.0,0 days 00:01:14.086000,SOFT,1.0,1,True,74.086,2024,Monaco,Q,21.242105263157892,44.72631578947369,0.0,0,Early,1:14.086,10.0,808.0,8,-0.055186509964230614,0.0,52.3951967296883
NOR,McLaren,3.0,0 days 00:01:39.177000,SOFT,1.0,1,True,99.177,2024,Monaco,Q,21.242105263157892,44.72631578947369,0.0,1,Early,1:39.177,10.0,808.0,8,-1.0,0.6,47.32631578947369
NOR,McLaren,4.0,0 days 00:01:12.609000,SOFT,1.0,1,True,72.609,2024,Monaco,Q,21.242105263157892,44.72631578947369,0.0,2,Early,1:12.609,10.0,808.0,8,0.007707375234202501,1.2,53.9725600408789
NOR,McLaren,5.0,0 days 00:01:39.713000,SOFT,1.0,1,True,99.713,2024,Monaco,Q,21.242105263157892,44.72631578947369,0.0,3,Early,1:39.713,10.0,808.0,8,-1.0,1.7999999999999998,48.526315789473685
NOR,McLaren,6.0,0 days 00:01:12.379000,SOFT,1.0,1,True,72.379,2024,Monaco,Q,21.242105263157892,44.72631578947369,0.0,4,Early,1:12.379,10.0,808.0,8,0.01750127746550848,2.4,55.231323454266736
NOR,McLaren,7.0,0 days 00:01:42.833000,SOFT,1.0,1,True,102.833,2024,Monaco,Q,21.242105263157892,44.72631578947369,0.0,5,Early,1:42.833,10.0,808.0,8,-1.0,3.0,49.72631578947369
NOR,McLaren,12.0,0 days 00:01:11.760000,SOFT,3.0,1,True,71.76,2024,Monaco,Q,21.242105263157892,44.72631578947369,0.0,0,Mid,1:11.760,10.0,808.0,8,0.04385964912280705,0.0,52.98947368421053
NOR,McLaren,15.0,0 days 00:01:11.372000,SOFT,4.0,1,True,71.372,2024,Monaco,Q,21.242105263157892,44.72631578947369,0.0,0,Mid,1:11.372,10.0,808.0,8,0.060381536365185055,0.0,53.088605007664796
NOR,McLaren,16.0,0 days 00:01:34.840000,SOFT,4.0,1,True,94.84,2024,Monaco,Q,21.242105263157892,44.72631578947369,0.0,1,Mid,1:34.840,10.0,808.0,8,-0.9389371486969847,0.6,47.69269289729178
NOR,McLaren,17.0,0 days 00:01:11.429000,SOFT,4.0,1,True,71.429,2024,Monaco,Q,21.242105263157892,44.72631578947369,0.0,2,Mid,1:11.429,10.0,808.0,8,0.05795435189916555,1.2,54.27404190086868
NOR,McLaren,20.0,0 days 00:01:10.732000,SOFT,5.0,1,True,70.732,2024,Monaco,Q,21.242105263157892,44.72631578947369,0.0,0,Late,1:10.732,10.0,808.0,8,0.08763413387838555,0.0,53.252120592744
NOR,McLaren,23.0,0 days 00:01:10.940000,SOFT,6.0,1,True,70.94,2024,Monaco,Q,21.242105263157892,44.72631578947369,0.0,0,Late,1:10.940,10.0,808.0,8,0.07877703968659547,0.0,53.19897802759326
NOR,McLaren,26.0,0 days 00:01:10.542000,SOFT,7.0,1,True,70.542,2024,Monaco,Q,21.242105263157892,44.72631578947369,0.0,0,Late,1:10.542,10.0,808.0,8,0.09572474876511684,0.0,53.30066428206439
OCO,Alpine,2.0,0 days 00:01:13.659000,SOFT,1.0,1,True,73.659,2024,Monaco,Q,21.242105263157892,44.72631578947369,0.0,0,Early,1:13.659,10.0,808.0,8,-0.037003917560892496,0.0,52.50429228410833
OCO,Alpine,3.0,0 days 00:01:38.069000,SOFT,1.0,1,True,98.069,2024,Monaco,Q,21.242105263157892,44.72631578947369,0.0,1,Early,1:38.069,10.0,808.0,8,-1.0,0.6,47.32631578947369
OCO,Alpine,4.0,0 days 00:01:12.506000,SOFT,1.0,1,True,72.506,2024,Monaco,Q,21.242105263157892,44.72631578947369,0.0,2,Early,1:12.506,10.0,808.0,8,0.012093340146482964,1.2,53.99887583035259
OCO,Alpine,5.0,0 days 00:01:33.805000,SOFT,1.0,1,True,93.805,2024,Monaco,Q,21.242105263157892,44.72631578947369,0.0,3,Early,1:33.805,10.0,808.0,8,-0.894864588656106,1.7999999999999998,49.15712825753705
OCO,Alpine,6.0,0 days 00:01:12.230000,SOFT,1.0,1,True,72.23,2024,Monaco,Q,21.242105263157892,44.72631578947369,0.0,4,Early,1:12.230,10.0,808.0,8,0.023846022824050506,2.4,55.26939192641799
OCO,Alpine,9.0,0 days 00:01:11.906000,SOFT,2.0,1,True,71.906,2024,Monaco,Q,21.242105263157892,44.72631578947369,0.0,0,Early,1:11.906,10.0,808.0,8,0.03764265031510816,0.0,52.952171691364335
OCO,Alpine,10.0,0 days 00:01:48.306000,SOFT,2.0,1,True,108.306,2024,Monaco,Q,21.242105263157892,44.72631578947369,0.0,1,Mid,1:48.306,10.0,808.0,8,-1.0,0.6,47.32631578947369
OCO,Alpine,11.0,0 days 00:01:11.887000,SOFT,2.0,1,True,71.887,2024,Monaco,Q,21.242105263157892,44.72631578947369,0.0,2,Mid,1:11.887,10.0,808.0,8,0.03845171180378153,1.2,54.15702606029638
OCO,Alpine,14.0,0 days 00:01:23.529000,SOFT,3.0,1,True,83.529,2024,Monaco,Q,21.242105263157892,44.72631578947369,0.0,0,Mid,1:23.529,10.0,808.0,8,-0.45729006983478054,0.0,49.98257537046501
OCO,Alpine,15.0,0 days 00:01:11.285000,SOFT,3.0,1,True,71.285,2024,Monaco,Q,21.242105263157892,44.72631578947369,0.0,1,Mid,1:11.285,10.0,808.0,8,0.06408618633963588,0.6,53.7108329075115
OCO,Alpine,16.0,0 days 00:01:35.420000,SOFT,3.0,1,True,95.42,2024,Monaco,Q,21.242105263157892,44.72631578947369,0.0,2,Mid,1:35.420,10.0,808.0,8,-0.9636348151933225,1.2,48.14450689831376
OCO,Alpine,19.0,0 days 00:01:27.094000,SOFT,4.0,1,True,87.094,2024,Monaco,Q,21.242105263157892,44.72631578947369,0.0,0,Mid,1:27.094,10.0,808.0,8,-0.6090955544200299,0.0,49.07174246295351
PER,Red Bull Racing,2.0,0 days 00:01:13.981000,SOFT,1.0,1,True,73.981,2024,Monaco,Q,21.242105263157892,44.72631578947369,0.0,0,Early,1:13.981,10.0,808.0,8,-0.05071538068472099,0.0,52.42202350536536
PER,Red Bull Racing,3.0,0 days 00:01:50.413000,SOFT,1.0,1,True,110.413,2024,Monaco,Q,21.242105263157892,44.72631578947369,0.0,1,Early,1:50.413,10.0,808.0,8,-1.0,0.6,47.32631578947369
PER,Red Bull Racing,4.0,0 days 00:01:13.359000,SOFT,1.0,1,True,73.359,2024,Monaco,Q,21.242105263157892,44.72631578947369,0.0,2,Early,1:13.359,10.0,808.0,8,-0.024229262476579295,1.2,53.78094021461421
PER,Red Bull Racing,5.0,0 days 00:01:40.195000,SOFT,1.0,1,True,100.195,2024,Monaco,Q,21.242105263157892,44.72631578947369,0.0,3,Early,1:40.195,10.0,808.0,8,-1.0,1.7999999999999998,48.526315789473685
PER,Red Bull Racing,6.0,0 days 00:01:12.698000,SOFT,1.0,1,True,72.698,2024,Monaco,Q,21.242105263157892,44.72631578947369,0.0,4,Early,1:12.698,10.0,808.0,8,0.003917560892523119,2.4,55.14982115482883
PER,Red Bull Racing,9.0,0 days 00:01:12.060000,SOFT,2.0,1,True,72.06,2024,Monaco,Q,21.242105263157892,44.72631578947369,0.0,0,Early,1:12.060,10.0,808.0,8,0.031084994038494452,0.0,52.91282575370465
PER,Red Bull Racing,10.0,0 days 00:01:43.987000,SOFT,2.0,1,True,103.987,2024,Monaco,Q,21.242105263157892,44.72631578947369,0.0,1,Mid,1:43.987,10.0,808.0,8,-1.0,0.6,47.32631578947369
PER,Red Bull Racing,11.0,0 days 00:01:12.067000,SOFT,2.0,1,True,72.067,2024,Monaco,Q,21.242105263157892,44.72631578947369,0.0,2,Mid,1:12.067,10.0,808.0,8,0.030786918753194215,1.2,54.11103730199286
PIA,McLaren,2.0,0 days 00:01:23.932000,SOFT,1.0,1,True,83.932,2024,Monaco,Q,21.242105263157892,44.72631578947369,0.0,0,Early,1:23.932,10.0,808.0,8,-0.4744506898313742,0.0,49.879611650485444
PIA,McLaren,3.0,0 days 00:01:12.644000,SOFT,1.0,1,True,72.644,2024,Monaco,Q,21.242105263157892,44.72631578947369,0.0,1,Early,1:12.644,10.0,808.0,8,0.00621699880769889,0.6,53.363617782319885
PIA,McLaren,4.0,0 days 00:01:54.216000,SOFT,1.0,1,True,114.216,2024,Monaco,Q,21.242105263157892,44.72631578947369,0.0,2,Early,1:54.216,10.0,808.0,8,-1.0,1.2,47.92631578947369
PIA,McLaren,5.0,0 days 00:01:11.881000,SOFT,1.0,1,True,71.881,2024,Monaco,Q,21.242105263157892,44.72631578947369,0.0,3,Early,1:11.881,10.0,808.0,8,0.03870720490546779,1.7999999999999998,54.75855901890649
PIA,McLaren,6.0,0 days 00:01:34.691000,SOFT,1.0,1,True,94.691,2024,Monaco,Q,21.242105263157892,44.72631578947369,0.0,4,Early,1:34.691,10.0,808.0,8,-0.9325924033384427,2.4,49.53076136944303
PIA,McLaren,9.0,0 days 00:01:12.099000,SOFT,2.0,1,True,72.099,2024,Monaco,Q,21.242105263157892,44.72631578947369,0.0,0,Early,1:12.099,10.0,808.0,8,0.029424288877533736,0.0,52.90286152273889
PIA,McLaren,10.0,0 days 00:01:39.475000,SOFT,2.0,1,True,99.475,2024,Monaco,Q,21.242105263157892,44.72631578947369,0.0,1,Mid,1:39.475,10.0,808.0,8,-1.0,0.6,47.32631578947369
PIA,McLaren,11.0,0 days 00:01:11.500000,SOFT,2.0,1,True,71.5,2024,Monaco,Q,21.242105263157892,44.72631578947369,0.0,2,Mid,1:11.500,10.0,808.0,8,0.05493101686254496,1.2,54.25590189064896
PIA,McLaren,14.0,0 days 00:01:11.373000,SOFT,3.0,1,True,71.373,2024,Monaco,Q,21.242105263157892,44.72631578947369,0.0,0,Mid,1:11.373,10.0,808.0,8,0.060338954181570474,0.0,53.08834951456311
PIA,McLaren,17.0,0 days 00:01:10.756000,SOFT,4.0,1,True,70.756,2024,Monaco,Q,21.242105263157892,44.72631578947369,0.0,0,Mid,1:10.756,10.0,808.0,8,0.08661216147164048,0.0,53.24598875830353
PIA,McLaren,20.0,0 days 00:01:10.444000,SOFT,5.0,1,True,70.444,2024,Monaco,Q,21.242105263157892,44.72631578947369,0.0,0,Late,1:10.444,10.0,808.0,8,0.09989780275932561,0.0,53.325702606029644
PIA,McLaren,23.0,0 days 00:01:10.424000,SOFT,6.0,1,True,70.424,2024,Monaco,Q,21.242105263157892,44.72631578947369,0.0,0,Late,1:10.424,10.0,808.0,8,0.10074944643161296,0.0,53.330812468063364
RIC,RB,2.0,0 days 00:01:14.337000,SOFT,1.0,1,True,74.337,2024,Monaco,Q,21.242105263157892,44.72631578947369,0.0,0,Early,1:14.337,10.0,808.0,8,-0.06587463805143913,0.0,52.331067961165054
RIC,RB,3.0,0 days 00:01:46.670000,SOFT,1.0,1,True,106.67,2024,Monaco,Q,21.242105263157892,44.72631578947369,0.0,1,Early,1:46.670,10.0,808.0,8,-1.0,0.6,47.32631578947369
RIC,RB,4.0,0 days 00:01:37.553000,SOFT,1.0,1,True,97.553,2024,Monaco,Q,21.242105263157892,44.72631578947369,0.0,2,Early,1:37.553,10.0,808.0,8,-1.0,1.2,47.92631578947369
RIC,RB,5.0,0 days 00:01:12.766000,SOFT,1.0,1,True,72.766,2024,Monaco,Q,21.242105263157892,44.72631578947369,0.0,3,Early,1:12.766,10.0,808.0,8,0.0010219724067450562,1.7999999999999998,54.53244762391415
RIC,RB,8.0,0 days 00:01:12.122000,SOFT,2.0,12,True,72.122,2024,Monaco,Q,21.242105263157892,44.72631578947369,0.0,0,Early,1:12.122,10.0,808.0,8,0.028444898654403257,0.0,52.896985181400105
RIC,RB,9.0,0 days 00:01:46.289000,SOFT,2.0,1,True,106.289,2024,Monaco,Q,21.242105263157892,44.72631578947369,0.0,1,Early,1:46.289,10.0,808.0,8,-1.0,0.6,47.32631578947369
RIC,RB,10.0,0 days 00:01:46.199000,SOFT,2.0,1,True,106.199,2024,Monaco,Q,21.242105263157892,44.72631578947369,0.0,2,Mid,1:46.199,10.0,808.0,8,-1.0,1.2,47.92631578947369
RIC,RB,11.0,0 days 00:01:11.785000,SOFT,2.0,1,True,71.785,2024,Monaco,Q,21.242105263157892,44.72631578947369,0.0,3,Mid,1:11.785,10.0,808.0,8,0.04279509453244802,1.7999999999999998,54.78308635666837
RIC,RB,14.0,0 days 00:01:12.194000,SOFT,3.0,1,True,72.194,2024,Monaco,Q,21.242105263157892,44.72631578947369,0.0,0,Mid,1:12.194,10.0,808.0,8,0.02537898143416809,0.0,52.8785896780787
RIC,RB,15.0,0 days 00:01:34.799000,SOFT,3.0,1,True,94.799,2024,Monaco,Q,21.242105263157892,44.72631578947369,0.0,1,Mid,1:34.799,10.0,808.0,8,-0.9371912791687954,0.6,47.703168114460915
RIC,RB,17.0,0 days 00:01:12.064000,SOFT,3.0,1,True,72.064,2024,Monaco,Q,21.242105263157892,44.72631578947369,0.0,2,Mid,1:12.064,10.0,808.0,8,0.030914665304037345,1.2,54.111803781297915
RIC,RB,20.0,0 days 00:01:11.482000,SOFT,4.0,1,True,71.482,2024,Monaco,Q,21.242105263157892,44.72631578947369,0.0,0,Late,1:11.482,10.0,808.0,8,0.05569749616760375,0.0,53.06050076647931
RUS,Mercedes,2.0,0 days 00:01:24.444000,SOFT,1.0,1,True,84.444,2024,Monaco,Q,21.242105263157892,44.72631578947369,0.0,0,Early,1:24.444,10.0,808.0,8,-0.4962527678419346,0.0,49.74879918242208
RUS,Mercedes,3.0,0 days 00:01:13.238000,SOFT,1.0,1,True,73.238,2024,Monaco,Q,21.242105263157892,44.72631578947369,0.0,1,Early,1:13.238,10.0,808.0,8,-0.01907681825924004,0.6,53.21185487991825
RUS,Mercedes,4.0,0 days 00:01:37.479000,SOFT,1.0,1,True,97.479,2024,Monaco,Q,21.242105263157892,44.72631578947369,0.0,2,Early,1:37.479,10.0,808.0,8,-1.0,1.2,47.92631578947369
RUS,Mercedes,5.0,0 days 00:01:12.267000,SOFT,1.0,1,True,72.267,2024,Monaco,Q,21.242105263157892,44.72631578947369,0.0,3,Early,1:12.267,10.0,808.0,8,0.022270482030318946,1.7999999999999998,54.659938681655596
RUS,Mercedes,6.0,0 days 00:01:52.435000,SOFT,1.0,1,True,112.435,2024,Monaco,Q,21.242105263157892,44.72631578947369,0.0,4,Early,1:52.435,10.0,808.0,8,-1.0,2.4,49.126315789473686
RUS,Mercedes,7.0,0 days 00:01:11.939000,SOFT,1.0,1,True,71.939,2024,Monaco,Q,21.242105263157892,44.72631578947369,0.0,5,Early,1:11.939,10.0,808.0,8,0.03623743825583431,3.0,55.94374041900869
RUS,Mercedes,10.0,0 days 00:01:11.492000,SOFT,2.0,12,True,71.492,2024,Monaco,Q,21.242105263157892,44.72631578947369,0.0,0,Mid,1:11.492,10.0,808.0,8,0.055271674331459776,0.0,53.05794583546245
RUS,Mercedes,11.0,0 days 00:01:58.803000,SOFT,2.0,1,True,118.803,2024,Monaco,Q,21.242105263157892,44.72631578947369,0.0,1,Mid,1:58.803,10.0,808.0,8,-1.0,0.6,47.32631578947369
RUS,Mercedes,14.0,0 days 00:01:33.724000,SOFT,3.0,1,True,93.724,2024,Monaco,Q,21.242105263157892,44.72631578947369,0.0,0,Mid,1:33.724,10.0,808.0,8,-0.8914154317833414,0.0,47.37782319877364
RUS,Mercedes,15.0,0 days 00:01:11.517000,SOFT,3.0,1,True,71.517,2024,Monaco,Q,21.242105263157892,44.72631578947369,0.0,1,Mid,1:11.517,10.0,808.0,8,0.05420711974110074,0.6,53.65155850792029
RUS,Mercedes,18.0,0 days 00:01:10.929000,SOFT,4.0,1,True,70.929,2024,Monaco,Q,21.242105263157892,44.72631578947369,0.0,0,Mid,1:10.929,10.0,808.0,8,0.0792454437063534,0.0,53.201788451711806
RUS,Mercedes,23.0,0 days 00:01:25.441000,SOFT,6.0,1,True,85.441,2024,Monaco,Q,21.242105263157892,44.72631578947369,0.0,0,Late,1:25.441,10.0,808.0,8,-0.5387072049054672,0.0,49.494072560040884
RUS,Mercedes,24.0,0 days 00:01:10.918000,SOFT,6.0,1,True,70.918,2024,Monaco,Q,21.242105263157892,44.72631578947369,0.0,1,Late,1:10.918,10.0,808.0,8,0.07971384772611136,0.6,53.80459887583036
RUS,Mercedes,27.0,0 days 00:01:10.543000,SOFT,7.0,1,True,70.543,2024,Monaco,Q,21.242105263157892,44.72631578947369,0.0,0,Late,1:10.543,10.0,808.0,8,0.09568216658150226,0.0,53.3004087889627
SAI,Ferrari,2.0,0 days 00:01:20.355000,SOFT,1.0,1,True,80.355,2024,Monaco,Q,21.242105263157892,44.72631578947369,0.0,0,Early,1:20.355,10.0,808.0,8,-0.3221342190427523,0.0,50.793510475217175
SAI,Ferrari,3.0,0 days 00:01:12.291000,SOFT,1.0,1,True,72.291,2024,Monaco,Q,21.242105263157892,44.72631578947369,0.0,1,Early,1:12.291,10.0,808.0,8,0.02124850962357389,0.6,53.453806847215134
SAI,Ferrari,4.0,0 days 00:01:39.649000,SOFT,1.0,1,True,99.649,2024,Monaco,Q,21.242105263157892,44.72631578947369,0.0,2,Early,1:39.649,10.0,808.0,8,-1.0,1.2,47.92631578947369
SAI,Ferrari,5.0,0 days 00:01:44.831000,SOFT,1.0,1,True,104.831,2024,Monaco,Q,21.242105263157892,44.72631578947369,0.0,3,Early,1:44.831,10.0,808.0,8,-1.0,1.7999999999999998,48.526315789473685
SAI,Ferrari,6.0,0 days 00:01:11.942000,SOFT,1.0,1,True,71.942,2024,Monaco,Q,21.242105263157892,44.72631578947369,0.0,4,Early,1:11.942,10.0,808.0,8,0.03610969170499118,2.4,55.34297393970363
SAI,Ferrari,9.0,0 days 00:01:29.794000,SOFT,2.0,1,True,89.794,2024,Monaco,Q,21.242105263157892,44.72631578947369,0.0,0,Early,1:29.794,10.0,808.0,8,-0.7240674501788446,0.0,48.38191108840062
SAI,Ferrari,10.0,0 days 00:01:11.543000,SOFT,2.0,1,True,71.543,2024,Monaco,Q,21.242105263157892,44.72631578947369,0.0,1,Mid,1:11.543,10.0,808.0,8,0.05309998296712653,0.6,53.64491568727645
SAI,Ferrari,13.0,0 days 00:01:11.177000,SOFT,3.0,1,True,71.177,2024,Monaco,Q,21.242105263157892,44.72631578947369,0.0,0,Mid,1:11.177,10.0,808.0,8,0.06868506216998803,0.0,53.138426162493616
SAI,Ferrari,16.0,0 days 00:01:11.075000,SOFT,4.0,1,True,71.075,2024,Monaco,Q,21.242105263157892,44.72631578947369,0.0,0,Mid,1:11.075,10.0,808.0,8,0.07302844489865452,0.0,53.16448645886562
SAI,Ferrari,17.0,0 days 00:01:43.878000,SOFT,4.0,1,True,103.878,2024,Monaco,Q,21.242105263157892,44.72631578947369,0.0,1,Mid,1:43.878,10.0,808.0,8,-1.0,0.6,47.32631578947369
SAI,Ferrari,18.0,0 days 00:01:48.156000,SOFT,4.0,1,True,108.156,2024,Monaco,Q,21.242105263157892,44.72631578947369,0.0,2,Mid,1:48.156,10.0,808.0,8,-1.0,1.2,47.92631578947369
SAI,Ferrari,19.0,0 days 00:01:11.180000,SOFT,4.0,1,True,71.18,2024,Monaco,Q,21.242105263157892,44.72631578947369,0.0,3,Mid,1:11.180,10.0,808.0,8,0.0685573156191449,1.7999999999999998,54.937659683188556
SAI,Ferrari,22.0,0 days 00:01:21.953000,SOFT,5.0,1,True,81.953,2024,Monaco,Q,21.242105263157892,44.72631578947369,0.0,0,Late,1:21.953,10.0,808.0,8,-0.3901805484585247,0.0,50.38523249872254
SAI,Ferrari,23.0,0 days 00:01:10.673000,SOFT,5.0,1,True,70.673,2024,Monaco,Q,21.242105263157892,44.72631578947369,0.0,1,Late,1:10.673,10.0,808.0,8,0.09014648271163361,0.6,53.86719468574349
SAI,Ferrari,26.0,0 days 00:01:23.069000,SOFT,6.0,1,True,83.069,2024,Monaco,Q,21.242105263157892,44.72631578947369,0.0,0,Late,1:23.069,10.0,808.0,8,-0.43770226537216794,0.0,50.10010219724068
SAI,Ferrari,27.0,0 days 00:01:10.518000,SOFT,6.0,1,True,70.518,2024,Monaco,Q,21.242105263157892,44.72631578947369,0.0,1,Late,1:10.518,10.0,808.0,8,0.0967467211718619,0.6,53.90679611650486
SAR,Williams,2.0,0 days 00:01:24.050000,SOFT,1.0,1,True,84.05,2024,Monaco,Q,21.242105263157892,44.72631578947369,0.0,0,Early,1:24.050,10.0,808.0,8,-0.47947538749787033,0.0,49.84946346448647
SAR,Williams,3.0,0 days 00:01:13.197000,SOFT,1.0,1,True,73.197,2024,Monaco,Q,21.242105263157892,44.72631578947369,0.0,1,Early,1:13.197,10.0,808.0,8,-0.01733094873105077,0.6,53.22233009708739
SAR,Williams,4.0,0 days 00:01:51.393000,SOFT,1.0,1,True,111.393,2024,Monaco,Q,21.242105263157892,44.72631578947369,0.0,2,Early,1:51.393,10.0,808.0,8,-1.0,1.2,47.92631578947369
SAR,Williams,5.0,0 days 00:01:12.796000,SOFT,1.0,1,True,72.796,2024,Monaco,Q,21.242105263157892,44.72631578947369,0.0,3,Early,1:12.796,10.0,808.0,8,-0.00025549310168626404,1.7999999999999998,54.524782830863565
SAR,Williams,8.0,0 days 00:01:32.436000,SOFT,2.0,12,True,92.436,2024,Monaco,Q,21.242105263157892,44.72631578947369,0.0,0,Early,1:32.436,10.0,808.0,8,-0.8365695792880256,0.0,47.70689831374553
SAR,Williams,9.0,0 days 00:01:12.094000,SOFT,2.0,1,True,72.094,2024,Monaco,Q,21.242105263157892,44.72631578947369,0.0,1,Early,1:12.094,10.0,808.0,8,0.029637199795606025,0.6,53.50413898824733
SAR,Williams,10.0,0 days 00:01:41.762000,SOFT,2.0,1,True,101.762,2024,Monaco,Q,21.242105263157892,44.72631578947369,0.0,2,Mid,1:41.762,10.0,808.0,8,-1.0,1.2,47.92631578947369
SAR,Williams,11.0,0 days 00:01:12.020000,SOFT,2.0,1,True,72.02,2024,Monaco,Q,21.242105263157892,44.72631578947369,0.0,3,Mid,1:12.020,10.0,808.0,8,0.032788281383069745,1.7999999999999998,54.723045477772104
STR,Aston Martin,2.0,0 days 00:01:20.373000,SOFT,1.0,1,True,80.373,2024,Monaco,Q,21.242105263157892,44.72631578947369,0.0,0,Early,1:20.373,10.0,808.0,8,-0.3229006983478111,0.0,50.78891159938682
STR,Aston Martin,3.0,0 days 00:01:12.826000,SOFT,1.0,1,True,72.826,2024,Monaco,Q,21.242105263157892,44.72631578947369,0.0,1,Early,1:12.826,10.0,808.0,8,-0.0015329586101169791,0.6,53.31711803781299
STR,Aston Martin,4.0,0 days 00:01:55.759000,SOFT,1.0,1,True,115.759,2024,Monaco,Q,21.242105263157892,44.72631578947369,0.0,2,Early,1:55.759,10.0,808.0,8,-1.0,1.2,47.92631578947369
STR,Aston Martin,5.0,0 days 00:01:12.239000,SOFT,1.0,1,True,72.239,2024,Monaco,Q,21.242105263157892,44.72631578947369,0.0,3,Early,1:12.239,10.0,808.0,8,0.02346278317152111,1.7999999999999998,54.66709248850281
STR,Aston Martin,8.0,0 days 00:01:11.728000,SOFT,2.0,12,True,71.728,2024,Monaco,Q,21.242105263157892,44.72631578947369,0.0,0,Early,1:11.728,10.0,808.0,8,0.04522227899846753,0.0,52.99764946346449
STR,Aston Martin,9.0,0 days 00:01:51.655000,SOFT,2.0,1,True,111.655,2024,Monaco,Q,21.242105263157892,44.72631578947369,0.0,1,Early,1:51.655,10.0,808.0,8,-1.0,0.6,47.32631578947369
STR,Aston Martin,10.0,0 days 00:01:12.026000,SOFT,2.0,1,True,72.026,2024,Monaco,Q,21.242105263157892,44.72631578947369,0.0,2,Mid,1:12.026,10.0,808.0,8,0.032532788281383486,1.2,54.12151251916199
STR,Aston Martin,13.0,0 days 00:01:11.563000,SOFT,3.0,1,True,71.563,2024,Monaco,Q,21.242105263157892,44.72631578947369,0.0,0,Mid,1:11.563,10.0,808.0,8,0.052248339294839186,0.0,53.03980582524272
STR,Aston Martin,16.0,0 days 00:01:11.618000,SOFT,4.0,1,True,71.618,2024,Monaco,Q,21.242105263157892,44.72631578947369,0.0,0,Mid,1:11.618,10.0,808.0,8,0.049906319196048834,0.0,53.02575370464998
TSU,RB,2.0,0 days 00:01:13.087000,SOFT,1.0,1,True,73.087,2024,Monaco,Q,21.242105263157892,44.72631578947369,0.0,0,Early,1:13.087,10.0,808.0,8,-0.012646908533469465,0.0,52.65043433827287
TSU,RB,3.0,0 days 00:01:37.231000,SOFT,1.0,1,True,97.231,2024,Monaco,Q,21.242105263157892,44.72631578947369,0.0,1,Early,1:37.231,10.0,808.0,8,-1.0,0.6,47.32631578947369
TSU,RB,4.0,0 days 00:01:12.752000,SOFT,1.0,1,True,72.752,2024,Monaco,Q,21.242105263157892,44.72631578947369,0.0,2,Early,1:12.752,10.0,808.0,8,0.0016181229773467424,1.2,53.93602452733777
TSU,RB,7.0,0 days 00:01:11.852000,SOFT,2.0,1,True,71.852,2024,Monaco,Q,21.242105263157892,44.72631578947369,0.0,0,Early,1:11.852,10.0,808.0,8,0.039942088230284535,0.0,52.965968318855396
TSU,RB,8.0,0 days 00:01:47.786000,SOFT,2.0,1,True,107.786,2024,Monaco,Q,21.242105263157892,44.72631578947369,0.0,1,Early,1:47.786,10.0,808.0,8,-1.0,0.6,47.32631578947369
TSU,RB,9.0,0 days 00:01:12.213000,SOFT,2.0,1,True,72.213,2024,Monaco,Q,21.242105263157892,44.72631578947369,0.0,2,Early,1:12.213,10.0,808.0,8,0.024569919945495323,1.2,54.07373530914666
TSU,RB,12.0,0 days 00:01:11.257000,SOFT,3.0,1,True,71.257,2024,Monaco,Q,21.242105263157892,44.72631578947369,0.0,0,Mid,1:11.257,10.0,808.0,8,0.06527848748083805,0.0,53.117986714358715
TSU,RB,13.0,0 days 00:01:38.297000,SOFT,3.0,1,True,98.297,2024,Monaco,Q,21.242105263157892,44.72631578947369,0.0,1,Mid,1:38.297,10.0,808.0,8,-1.0,0.6,47.32631578947369
TSU,RB,14.0,0 days 00:01:34.768000,SOFT,3.0,1,True,94.768,2024,Monaco,Q,21.242105263157892,44.72631578947369,0.0,2,Mid,1:34.768,10.0,808.0,8,-0.9358712314767496,1.2,48.311088400613194
TSU,RB,15.0,0 days 00:01:11.683000,SOFT,3.0,1,True,71.683,2024,Monaco,Q,21.242105263157892,44.72631578947369,0.0,3,Mid,1:11.683,10.0,808.0,8,0.047138477261113906,1.7999999999999998,54.809146653040365
TSU,RB,18.0,0 days 00:01:11.106000,SOFT,4.0,1,True,71.106,2024,Monaco,Q,21.242105263157892,44.72631578947369,0.0,0,Mid,1:11.106,10.0,808.0,8,0.07170839720660922,0.0,53.15656617271334
TSU,RB,21.0,0 days 00:01:11.605000,SOFT,5.0,1,True,71.605,2024,Monaco,Q,21.242105263157892,44.72631578947369,0.0,0,Late,1:11.605,10.0,808.0,8,0.05045988758303534,0.0,53.0290751149719
TSU,RB,24.0,0 days 00:01:10.858000,SOFT,6.0,1,True,70.858,2024,Monaco,Q,21.242105263157892,44.72631578947369,0.0,0,Late,1:10.858,10.0,808.0,8,0.082268778742974,0.0,53.21992846193153
VER,Red Bull Racing,2.0,0 days 00:01:12.790000,SOFT,1.0,1,True,72.79,2024,Monaco,Q,21.242105263157892,44.72631578947369,0.0,0,Early,1:12.790,10.0,808.0,8,0.0,0.0,52.72631578947369
VER,Red Bull Racing,3.0,0 days 00:01:51.646000,SOFT,1.0,1,True,111.646,2024,Monaco,Q,21.242105263157892,44.72631578947369,0.0,1,Early,1:51.646,10.0,808.0,8,-1.0,0.6,47.32631578947369
VER,Red Bull Racing,4.0,0 days 00:01:12.084000,SOFT,1.0,1,True,72.084,2024,Monaco,Q,21.242105263157892,44.72631578947369,0.0,2,Early,1:12.084,10.0,808.0,8,0.030063021631749395,1.2,54.10669391926419
VER,Red Bull Racing,5.0,0 days 00:01:41.545000,SOFT,1.0,1,True,101.545,2024,Monaco,Q,21.242105263157892,44.72631578947369,0.0,3,Early,1:41.545,10.0,808.0,8,-1.0,1.7999999999999998,48.526315789473685
VER,Red Bull Racing,6.0,0 days 00:01:11.970000,SOFT,1.0,1,True,71.97,2024,Monaco,Q,21.242105263157892,44.72631578947369,0.0,4,Early,1:11.970,10.0,808.0,8,0.03491739056378841,2.4,55.33582013285642
VER,Red Bull Racing,7.0,0 days 00:01:39.003000,SOFT,1.0,1,True,99.003,2024,Monaco,Q,21.242105263157892,44.72631578947369,0.0,5,Early,1:39.003,10.0,808.0,8,-1.0,3.0,49.72631578947369
VER,Red Bull Racing,8.0,0 days 00:01:43.103000,SOFT,1.0,12,True,103.103,2024,Monaco,Q,21.242105263157892,44.72631578947369,0.0,6,Early,1:43.103,10.0,808.0,8,-1.0,3.5999999999999996,50.32631578947369
VER,Red Bull Racing,9.0,0 days 00:01:11.711000,SOFT,1.0,1,True,71.711,2024,Monaco,Q,21.242105263157892,44.72631578947369,0.0,7,Early,1:11.711,10.0,808.0,8,0.04594617611991174,4.2,57.201992846193164
VER,Red Bull Racing,10.0,0 days 00:01:42.177000,SOFT,1.0,1,True,102.177,2024,Monaco,Q,21.242105263157892,44.72631578947369,0.0,8,Mid,1:42.177,10.0,808.0,8,-1.0,4.8,51.526315789473685
VER,Red Bull Racing,11.0,0 days 00:01:11.923000,SOFT,1.0,1,True,71.923,2024,Monaco,Q,21.242105263157892,44.72631578947369,0.0,9,Mid,1:11.923,10.0,808.0,8,0.036918753193663945,5.3999999999999995,58.34782830863567
VER,Red Bull Racing,14.0,0 days 00:01:11.196000,SOFT,2.0,1,True,71.196,2024,Monaco,Q,21.242105263157892,44.72631578947369,0.0,0,Mid,1:11.196,10.0,808.0,8,0.06787600068131526,0.0,53.13357179356158
VER,Red Bull Racing,15.0,0 days 00:01:34.879000,SOFT,2.0,1,True,94.879,2024,Monaco,Q,21.242105263157892,44.72631578947369,0.0,1,Mid,1:34.879,10.0,808.0,8,-0.9405978538579455,0.6,47.682728666326014
VER,Red Bull Racing,16.0,0 days 00:01:11.019000,SOFT,2.0,1,True,71.019,2024,Monaco,Q,21.242105263157892,44.72631578947369,0.0,2,Mid,1:11.019,10.0,808.0,8,0.07541304718105946,1.2,54.37879407256005
VER,Red Bull Racing,19.0,0 days 00:01:26.950000,SOFT,3.0,1,True,86.95,2024,Monaco,Q,21.242105263157892,44.72631578947369,0.0,0,Mid,1:26.950,10.0,808.0,8,-0.6029637199795602,0.0,49.108533469596324
VER,Red Bull Racing,20.0,0 days 00:01:10.745000,SOFT,3.0,1,True,70.745,2024,Monaco,Q,21.242105263157892,44.72631578947369,0.0,1,Late,1:10.745,10.0,808.0,8,0.08708056549139843,0.6,53.84879918242208
VER,Red Bull Racing,23.0,0 days 00:01:30.709000,SOFT,4.0,1,True,90.709,2024,Monaco,Q,21.242105263157892,44.72631578947369,0.0,0,Late,1:30.709,10.0,808.0,8,-0.7630301481859986,0.0,48.1481349003577
VER,Red Bull Racing,24.0,0 days 00:01:10.567000,SOFT,4.0,1,True,70.567,2024,Monaco,Q,21.242105263157892,44.72631578947369,0.0,1,Late,1:10.567,10.0,808.0,8,0.09466019417475781,0.6,53.89427695452223
VER,Red Bull Racing,27.0,0 days 00:01:31.412000,SOFT,5.0,1,True,91.412,2024,Monaco,Q,21.242105263157892,44.72631578947369,0.0,0,Late,1:31.412,10.0,808.0,8,-0.7929654232669048,0.0,47.96852324987226
ZHO,Kick Sauber,2.0,0 days 00:01:15.072000,SOFT,1.0,1,True,75.072,2024,Monaco,Q,21.242105263157892,44.72631578947369,0.0,0,Early,1:15.072,10.0,808.0,8,-0.09717254300800526,0.0,52.14328053142566
ZHO,Kick Sauber,3.0,0 days 00:01:46.598000,SOFT,1.0,1,True,106.598,2024,Monaco,Q,21.242105263157892,44.72631578947369,0.0,1,Early,1:46.598,10.0,808.0,8,-1.0,0.6,47.32631578947369
ZHO,Kick Sauber,4.0,0 days 00:01:14.151000,SOFT,1.0,1,True,74.151,2024,Monaco,Q,21.242105263157892,44.72631578947369,0.0,2,Early,1:14.151,10.0,808.0,8,-0.05795435189916494,1.2,53.5785896780787
ZHO,Kick Sauber,5.0,0 days 00:01:38.960000,SOFT,1.0,1,True,98.96,2024,Monaco,Q,21.242105263157892,44.72631578947369,0.0,3,Early,1:38.960,10.0,808.0,8,-1.0,1.7999999999999998,48.526315789473685
ZHO,Kick Sauber,8.0,0 days 00:01:13.247000,SOFT,2.0,1,True,73.247,2024,Monaco,Q,21.242105263157892,44.72631578947369,0.0,0,Early,1:13.247,10.0,808.0,8,-0.019460057911769437,0.0,52.60955544200307
ZHO,Kick Sauber,9.0,0 days 00:01:39.693000,SOFT,2.0,1,True,99.693,2024,Monaco,Q,21.242105263157892,44.72631578947369,0.0,1,Early,1:39.693,10.0,808.0,8,-1.0,0.6,47.32631578947369
ZHO,Kick Sauber,10.0,0 days 00:01:13.028000,SOFT,2.0,1,True,73.028,2024,Monaco,Q,21.242105263157892,44.72631578947369,0.0,2,Mid,1:13.028,10.0,808.0,8,-0.010134559700221405,1.2,53.86550843127236
ALB,Williams,3.0,0 days 00:01:27.834000,HARD,2.0,1,True,87.834,2024,Monaco,R,21.596499999999995,46.318000000000005,0.0,0,Early,1:27.834,107.17948717948718,905.1794871794872,2,-1.0,0.0,42.318000000000005
ALB,Williams,4.0,0 days 00:01:23.286000,HARD,2.0,1,True,83.286,2024,Monaco,R,21.596499999999995,46.318000000000005,0.0,1,Early,1:23.286,105.76923076923077,903.7692307692307,2,-1.0,0.6,42.918000000000006
ALB,Williams,5.0,0 days 00:01:23.369000,HARD,2.0,1,True,83.369,2024,Monaco,R,21.596499999999995,46.318000000000005,0.0,2,Early,1:23.369,104.35897435897436,902.3589743589744,2,-1.0,1.2,43.51800000000001
ALB,Williams,6.0,0 days 00:01:23.416000,HARD,2.0,1,True,83.416,2024,Monaco,R,21.596499999999995,46.318000000000005,0.0,3,Early,1:23.416,102.94871794871794,900.9487179487179,2,-1.0,1.7999999999999998,44.118
ALB,Williams,7.0,0 days 00:01:21.913000,HARD,2.0,1,True,81.913,2024,Monaco,R,21.596499999999995,46.318000000000005,0.0,4,Early,1:21.913,101.53846153846153,899.5384615384615,2,-0.9279847182425962,2.4,45.15009169054443
ALB,Williams,8.0,0 days 00:01:21.536000,HARD,2.0,1,True,81.536,2024,Monaco,R,21.596499999999995,46.318000000000005,0.0,5,Early,1:21.536,100.12820512820512,898.1282051282051,2,-0.7839541547277942,3.0,46.61427507163324
ALB,Williams,9.0,0 days 00:01:22.004000,HARD,2.0,1,True,82.004,2024,Monaco,R,21.596499999999995,46.318000000000005,0.0,6,Early,1:22.004,98.71794871794872,896.7179487179487,2,-0.9627507163323796,3.5999999999999996,46.14149570200573
ALB,Williams,10.0,0 days 00:01:21.562000,HARD,2.0,1,True,81.562,2024,Monaco,R,21.596499999999995,46.318000000000005,0.0,7,Early,1:21.562,97.3076923076923,895.3076923076923,2,-0.7938872970391586,4.2,47.75467621776505
ALB,Williams,11.0,0 days 00:01:21.514000,HARD,2.0,1,True,81.514,2024,Monaco,R,21.596499999999995,46.318000000000005,0.0,8,Early,1:21.514,95.8974358974359,893.8974358974359,2,-0.7755491881566364,4.8,48.464704871060185
ALB,Williams,12.0,0 days 00:01:20.821000,HARD,2.0,1,True,80.821,2024,Monaco,R,21.596499999999995,46.318000000000005,0.0,9,Early,1:20.821,94.48717948717949,892.4871794871794,2,-0.5107927411652339,5.3999999999999995,50.6532435530086
ALB,Williams,13.0,0 days 00:01:21.420000,HARD,2.0,1,True,81.42,2024,Monaco,R,21.596499999999995,46.318000000000005,0.0,10,Early,1:21.420,93.07692307692308,891.0769230769231,2,-0.7396370582617009,6.0,49.8801776504298
ALB,Williams,14.0,0 days 00:01:20.591000,HARD,2.0,1,True,80.591,2024,Monaco,R,21.596499999999995,46.318000000000005,0.0,11,Early,1:20.591,91.66666666666666,889.6666666666666,2,-0.4229226361031505,6.6,52.3804641833811
ALB,Williams,15.0,0 days 00:01:20.591000,HARD,2.0,1,True,80.591,2024,Monaco,R,21.596499999999995,46.318000000000005,0.0,12,Early,1:20.591,90.25641025641025,888.2564102564103,2,-0.4229226361031505,7.199999999999999,52.980464183381095
ALB,Williams,16.0,0 days 00:01:20.793000,HARD,2.0,1,True,80.793,2024,Monaco,R,21.596499999999995,46.318000000000005,0.0,13,Early,1:20.793,88.84615384615384,886.8461538461538,2,-0.5000955109837663,7.8,53.1174269340974
ALB,Williams,17.0,0 days 00:01:21.137000,HARD,2.0,1,True,81.137,2024,Monaco,R,21.596499999999995,46.318000000000005,0.0,14,Early,1:21.137,87.43589743589743,885.4358974358975,2,-0.6315186246418344,8.4,52.928888252148994
ALB,Williams,18.0,0 days 00:01:20.042000,HARD,2.0,1,True,80.042,2024,Monaco,R,21.596499999999995,46.318000000000005,0.0,15,Early,1:20.042,86.02564102564102,884.025641025641,2,-0.2131805157593144,9.0,56.03891690544412
ALB,Williams,19.0,0 days 00:01:20.245000,HARD,2.0,1,True,80.245,2024,Monaco,R,21.596499999999995,46.318000000000005,0.0,16,Early,1:20.245,84.61538461538461,882.6153846153846,2,-0.29073543457497913,9.6,56.17358739255013
ALB,Williams,20.0,0 days 00:01:20.360000,HARD,2.0,1,True,80.36,2024,Monaco,R,21.596499999999995,46.318000000000005,0.0,17,Early,1:20.360,83.2051282051282,881.2051282051282,2,-0.33467048710601816,10.0,56.3099770773639
ALB,Williams,21.0,0 days 00:01:20.937000,HARD,2.0,1,True,80.937,2024,Monaco,R,21.596499999999995,46.318000000000005,0.0,18,Early,1:20.937,81.7948717948718,879.7948717948718,2,-0.5551098376313273,10.0,54.98734097421204
ALB,Williams,22.0,0 days 00:01:20.542000,HARD,2.0,1,True,80.542,2024,Monaco,R,21.596499999999995,46.318000000000005,0.0,19,Early,1:20.542,80.38461538461539,878.3846153846154,2,-0.40420248328557945,10.0,55.89278510028653
ALB,Williams,23.0,0 days 00:01:20.143000,HARD,2.0,1,True,80.143,2024,Monaco,R,21.596499999999995,46.318000000000005,0.0,20,Early,1:20.143,78.97435897435898,876.974358974359,2,-0.2517669531996196,10.0,56.80739828080229
ALB,Williams,24.0,0 days 00:01:20.517000,HARD,2.0,1,True,80.517,2024,Monaco,R,21.596499999999995,46.318000000000005,0.0,21,Early,1:20.517,77.56410256410257,875.5641025641025,2,-0.394651384909264,10.0,55.95009169054442
ALB,Williams,25.0,0 days 00:01:20.323000,HARD,2.0,1,True,80.323,2024,Monaco,R,21.596499999999995,46.318000000000005,0.0,22,Early,1:20.323,76.15384615384616,874.1538461538462,2,-0.3205348615090722,10.0,56.394790830945574
ALB,Williams,26.0,0 days 00:01:20.463000,HARD,2.0,1,True,80.463,2024,Monaco,R,21.596499999999995,46.318000000000005,0.0,23,Early,1:20.463,74.74358974358975,872.7435897435897,2,-0.3740210124164266,10.0,56.073873925501445
ALB,Williams,27.0,0 days 00:01:20.509000,HARD,2.0,1,True,80.509,2024,Monaco,R,21.596499999999995,46.318000000000005,0.0,24,Mid,1:20.509,73.33333333333333,871.3333333333334,2,-0.3915950334288455,10.0,55.96842979942693
ALB,Williams,28.0,0 days 00:01:19.510000,HARD,2.0,1,True,79.51,2024,Monaco,R,21.596499999999995,46.318000000000005,0.0,25,Mid,1:19.510,71.92307692307692,869.9230769230769,2,-0.009933142311369778,10.0,58.25840114613179
ALB,Williams,29.0,0 days 00:01:20.271000,HARD,2.0,1,True,80.271,2024,Monaco,R,21.596499999999995,46.318000000000005,0.0,26,Mid,1:20.271,70.51282051282051,868.5128205128206,2,-0.30066857688634346,10.0,56.51398853868194
ALB,Williams,30.0,0 days 00:01:21.439000,HARD,2.0,1,True,81.439,2024,Monaco,R,21.596499999999995,46.318000000000005,0.0,27,Mid,1:21.439,69.1025641025641,867.1025641025641,2,-0.7468958930276955,10.0,53.83662464183383
ALB,Williams,31.0,0 days 00:01:20.941000,HARD,2.0,1,True,80.941,2024,Monaco,R,21.596499999999995,46.318000000000005,0.0,28,Mid,1:20.941,67.69230769230768,865.6923076923076,2,-0.5566380133715393,10.0,54.97817191977077
ALB,Williams,32.0,0 days 00:01:20.148000,HARD,2.0,1,True,80.148,2024,Monaco,R,21.596499999999995,46.318000000000005,0.0,29,Mid,1:20.148,66.28205128205127,864.2820512820513,2,-0.2536771728748805,10.0,56.79593696275072
ALB,Williams,33.0,0 days 00:01:19.491000,HARD,2.0,1,True,79.491,2024,Monaco,R,21.596499999999995,46.318000000000005,0.0,30,Mid,1:19.491,64.87179487179486,862.8717948717949,2,-0.0026743075453696213,10.0,58.30195415472779
ALB,Williams,34.0,0 days 00:01:19.134000,HARD,2.0,1,True,79.134,2024,Monaco,R,21.596499999999995,46.318000000000005,0.0,31,Mid,1:19.134,63.46153846153846,861.4615384615385,2,0.13371537726838334,10.0,59.1202922636103
ALB,Williams,35.0,0 days 00:01:18.816000,HARD,2.0,1,True,78.816,2024,Monaco,R,21.596499999999995,46.318000000000005,0.0,32,Mid,1:18.816,62.05128205128205,860.0512820512821,2,0.2552053486150871,10.0,59.849232091690524
ALB,Williams,36.0,0 days 00:01:21.628000,HARD,2.0,1,True,81.628,2024,Monaco,R,21.596499999999995,46.318000000000005,0.0,33,Mid,1:21.628,60.641025641025635,858.6410256410256,2,-0.8191021967526265,10.0,53.40338681948425
ALB,Williams,37.0,0 days 00:01:20.775000,HARD,2.0,1,True,80.775,2024,Monaco,R,21.596499999999995,46.318000000000005,0.0,34,Mid,1:20.775,59.230769230769226,857.2307692307693,2,-0.4932187201528205,10.0,55.35868767908308
ALB,Williams,38.0,0 days 00:01:20.314000,HARD,2.0,1,True,80.314,2024,Monaco,R,21.596499999999995,46.318000000000005,0.0,35,Mid,1:20.314,57.82051282051282,855.8205128205128,2,-0.31709646609359926,10.0,56.41542120343841
ALB,Williams,39.0,0 days 00:01:20.389000,HARD,2.0,1,True,80.389,2024,Monaco,R,21.596499999999995,46.318000000000005,0.0,36,Mid,1:20.389,56.41025641025641,854.4102564102564,2,-0.34574976122254014,10.0,56.243501432664765
ALB,Williams,40.0,0 days 00:01:19.812000,HARD,2.0,1,True,79.812,2024,Monaco,R,21.596499999999995,46.318000000000005,0.0,37,Mid,1:19.812,54.99999999999999,853.0,2,-0.12531041069723098,10.0,57.56613753581662
ALB,Williams,41.0,0 days 00:01:19.329000,HARD,2.0,1,True,79.329,2024,Monaco,R,21.596499999999995,46.318000000000005,0.0,38,Mid,1:19.329,53.589743589743584,851.5897435897435,2,0.05921680993314259,10.0,58.67330085959886
ALB,Williams,42.0,0 days 00:01:20.084000,HARD,2.0,1,True,80.084,2024,Monaco,R,21.596499999999995,46.318000000000005,0.0,39,Mid,1:20.084,52.179487179487175,850.1794871794872,2,-0.22922636103152128,10.0,56.942641833810875
ALB,Williams,43.0,0 days 00:01:19.496000,HARD,2.0,1,True,79.496,2024,Monaco,R,21.596499999999995,46.318000000000005,0.0,40,Mid,1:19.496,50.76923076923077,848.7692307692307,2,-0.004584527220630534,10.0,58.29049283667622
ALB,Williams,44.0,0 days 00:01:19.683000,HARD,2.0,1,True,79.683,2024,Monaco,R,21.596499999999995,46.318000000000005,0.0,41,Mid,1:19.683,49.35897435897436,847.3589743589744,2,-0.07602674307545818,10.0,57.861839541547255
ALB,Williams,45.0,0 days 00:01:21.748000,HARD,2.0,1,True,81.748,2024,Monaco,R,21.596499999999995,46.318000000000005,0.0,42,Mid,1:21.748,47.94871794871794,845.9487179487179,2,-0.8649474689589318,10.0,53.12831518624641
ALB,Williams,46.0,0 days 00:01:20.594000,HARD,2.0,1,True,80.594,2024,Monaco,R,21.596499999999995,46.318000000000005,0.0,43,Mid,1:20.594,46.53846153846153,844.5384615384615,2,-0.4240687679083081,10.0,55.773587392550155
ALB,Williams,47.0,0 days 00:01:20.462000,HARD,2.0,1,True,80.462,2024,Monaco,R,21.596499999999995,46.318000000000005,0.0,44,Mid,1:20.462,45.128205128205124,843.1282051282051,2,-0.3736389684813777,10.0,56.07616618911174
ALB,Williams,48.0,0 days 00:01:19.321000,HARD,2.0,1,True,79.321,2024,Monaco,R,21.596499999999995,46.318000000000005,0.0,45,Mid,1:19.321,43.717948717948715,841.7179487179487,2,0.06227316141356114,10.0,58.69163896848137
ALB,Williams,49.0,0 days 00:01:19.378000,HARD,2.0,1,True,79.378,2024,Monaco,R,21.596499999999995,46.318000000000005,0.0,46,Mid,1:19.378,42.30769230769231,840.3076923076923,2,0.0404966571155661,10.0,58.5609799426934
ALB,Williams,50.0,0 days 00:01:19.268000,HARD,2.0,1,True,79.268,2024,Monaco,R,21.596499999999995,46.318000000000005,0.0,47,Mid,1:19.268,40.8974358974359,838.8974358974359,2,0.08252148997134419,10.0,58.81312893982807
ALB,Williams,51.0,0 days 00:01:18.863000,HARD,2.0,1,True,78.863,2024,Monaco,R,21.596499999999995,46.318000000000005,0.0,48,Mid,1:18.863,39.48717948717949,837.4871794871794,2,0.2372492836676193,10.0,59.74149570200572
ALB,Williams,52.0,0 days 00:01:21.554000,HARD,2.0,12,True,81.554,2024,Monaco,R,21.596499999999995,46.318000000000005,0.0,49,Mid,1:21.554,38.076923076923066,836.0769230769231,2,-0.79083094555874,10.0,53.57301432664757
ALB,Williams,53.0,0 days 00:01:20.700000,HARD,2.0,1,True,80.7,2024,Monaco,R,21.596499999999995,46.318000000000005,0.0,50,Late,1:20.700,36.66666666666666,834.6666666666666,2,-0.46456542502387965,10.0,55.530607449856724
ALB,Williams,54.0,0 days 00:01:23.647000,HARD,2.0,1,True,83.647,2024,Monaco,R,21.596499999999995,46.318000000000005,0.0,51,Late,1:23.647,35.25641025641025,833.2564102564103,2,-1.0,10.0,52.318000000000005
ALB,Williams,55.0,0 days 00:01:19.085000,HARD,2.0,1,True,79.085,2024,Monaco,R,21.596499999999995,46.318000000000005,0.0,52,Late,1:19.085,33.84615384615384,831.8461538461538,2,0.15243553008595984,10.0,59.23261318051576
ALB,Williams,56.0,0 days 00:01:18.796000,HARD,2.0,1,True,78.796,2024,Monaco,R,21.596499999999995,46.318000000000005,0.0,53,Late,1:18.796,32.43589743589743,830.4358974358975,2,0.26284622731613616,10.0,59.895077363896824
ALB,Williams,57.0,0 days 00:01:18.271000,HARD,2.0,1,True,78.271,2024,Monaco,R,21.596499999999995,46.318000000000005,0.0,54,Late,1:18.271,31.025641025641022,829.025641025641,2,0.4634192932187166,10.0,61.098515759312306
ALB,Williams,58.0,0 days 00:01:18.690000,HARD,2.0,1,True,78.69,2024,Monaco,R,21.596499999999995,46.318000000000005,0.0,55,Late,1:18.690,29.615384615384613,827.6153846153846,2,0.3033428844317077,10.0,60.13805730659025
ALB,Williams,59.0,0 days 00:01:18.201000,HARD,2.0,1,True,78.201,2024,Monaco,R,21.596499999999995,46.318000000000005,0.0,56,Late,1:18.201,28.205128205128204,826.2051282051282,2,0.49016236867239654,10.0,61.25897421203438
ALB,Williams,60.0,0 days 00:01:19.533000,HARD,2.0,1,True,79.533,2024,Monaco,R,21.596499999999995,46.318000000000005,0.0,57,Late,1:19.533,26.794871794871796,824.7948717948718,2,-0.018720152817576493,10.0,58.205679083094545
ALB,Williams,61.0,0 days 00:01:20.222000,HARD,2.0,1,True,80.222,2024,Monaco,R,21.596499999999995,46.318000000000005,0.0,58,Late,1:20.222,25.384615384615373,823.3846153846154,2,-0.281948424068767,10.0,56.6263094555874
ALB,Williams,62.0,0 days 00:01:19.506000,HARD,2.0,1,True,79.506,2024,Monaco,R,21.596499999999995,46.318000000000005,0.0,59,Late,1:19.506,23.974358974358964,821.974358974359,2,-0.00840496657115779,10.0,58.26757020057306
ALB,Williams,63.0,0 days 00:01:23.085000,HARD,2.0,1,True,83.085,2024,Monaco,R,21.596499999999995,46.318000000000005,0.0,60,Late,1:23.085,22.564102564102555,820.5641025641025,2,-1.0,10.0,52.318000000000005
ALB,Williams,64.0,0 days 00:01:17.911000,HARD,2.0,1,True,77.911,2024,Monaco,R,21.596499999999995,46.318000000000005,0.0,61,Late,1:17.911,21.153846153846146,819.1538461538462,2,0.6009551098376272,10.0,61.923730659025765
ALB,Williams,65.0,0 days 00:01:17.261000,HARD,2.0,1,True,77.261,2024,Monaco,R,21.596499999999995,46.318000000000005,0.0,62,Late,1:17.261,19.743589743589737,817.7435897435897,2,0.8492836676217739,10.0,63.41370200573065
ALB,Williams,66.0,0 days 00:01:18.003000,HARD,2.0,1,True,78.003,2024,Monaco,R,21.596499999999995,46.318000000000005,0.0,63,Late,1:18.003,18.33333333333333,816.3333333333334,2,0.5658070678127949,10.0,61.712842406876774
ALB,Williams,67.0,0 days 00:01:17.874000,HARD,2.0,1,True,77.874,2024,Monaco,R,21.596499999999995,46.318000000000005,0.0,64,Late,1:17.874,16.92307692307692,814.9230769230769,2,0.6150907354345732,10.0,62.00854441260744
ALB,Williams,68.0,0 days 00:01:18.385000,HARD,2.0,1,True,78.385,2024,Monaco,R,21.596499999999995,46.318000000000005,0.0,65,Late,1:18.385,15.512820512820511,813.5128205128206,2,0.4198662846227265,10.0,60.837197707736365
ALB,Williams,69.0,0 days 00:01:19.921000,HARD,2.0,1,True,79.921,2024,Monaco,R,21.596499999999995,46.318000000000005,0.0,66,Late,1:19.921,14.102564102564102,812.1025641025641,2,-0.16695319961796015,10.0,57.31628080229224
ALB,Williams,70.0,0 days 00:01:19.370000,HARD,2.0,1,True,79.37,2024,Monaco,R,21.596499999999995,46.318000000000005,0.0,67,Late,1:19.370,12.69230769230768,810.6923076923076,2,0.04355300859598465,10.0,58.57931805157591
ALB,Williams,71.0,0 days 00:01:18.957000,HARD,2.0,1,True,78.957,2024,Monaco,R,21.596499999999995,46.318000000000005,0.0,68,Late,1:18.957,11.28205128205127,809.2820512820513,2,0.2013371537726837,10.0,59.52602292263611
ALB,Williams,72.0,0 days 00:01:18.165000,HARD,2.0,1,True,78.165,2024,Monaco,R,21.596499999999995,46.318000000000005,0.0,69,Late,1:18.165,9.871794871794862,807.8717948717949,2,0.5039159503342827,10.0,61.3414957020057
ALB,Williams,73.0,0 days 00:01:18.432000,HARD,2.0,1,True,78.432,2024,Monaco,R,21.596499999999995,46.318000000000005,0.0,70,Late,1:18.432,8.461538461538453,806.4615384615385,2,0.40191021967525875,10.0,60.729461318051555
ALB,Williams,74.0,0 days 00:01:18.014000,HARD,2.0,1,True,78.014,2024,Monaco,R,21.596499999999995,46.318000000000005,0.0,71,Late,1:18.014,7.051282051282044,805.051282051282,2,0.5616045845272187,10.0,61.68762750716332
ALB,Williams,75.0,0 days 00:01:17.850000,HARD,2.0,1,True,77.85,2024,Monaco,R,21.596499999999995,46.318000000000005,0.0,72,Late,1:17.850,5.641025641025635,803.6410256410256,2,0.6242597898758342,10.0,62.06355873925501
ALB,Williams,76.0,0 days 00:01:17.279000,HARD,2.0,1,True,77.279,2024,Monaco,R,21.596499999999995,46.318000000000005,0.0,73,Late,1:17.279,4.230769230769226,802.2307692307693,2,0.8424068767908282,10.0,63.37244126074498
ALB,Williams,77.0,0 days 00:01:17.060000,HARD,2.0,1,True,77.06,2024,Monaco,R,21.596499999999995,46.318000000000005,0.0,74,Late,1:17.060,2.8205128205128176,800.8205128205128,2,0.9260744985673299,10.0,63.874446991403985
ALO,Aston Martin,3.0,0 days 00:01:29.188000,MEDIUM,2.0,1,True,89.188,2024,Monaco,R,21.596499999999995,46.318000000000005,0.0,0,Early,1:29.188,107.17948717948718,905.1794871794872,5,-1.0,0.0,45.318000000000005
ALO,Aston Martin,4.0,0 days 00:01:23.736000,MEDIUM,2.0,1,True,83.736,2024,Monaco,R,21.596499999999995,46.318000000000005,0.0,1,Early,1:23.736,105.76923076923077,903.7692307692307,5,-1.0,0.6,45.918000000000006
ALO,Aston Martin,5.0,0 days 00:01:23.575000,MEDIUM,2.0,1,True,83.575,2024,Monaco,R,21.596499999999995,46.318000000000005,0.0,2,Early,1:23.575,104.35897435897436,902.3589743589744,5,-1.0,1.2,46.51800000000001
ALO,Aston Martin,6.0,0 days 00:01:22.711000,MEDIUM,2.0,1,True,82.711,2024,Monaco,R,21.596499999999995,46.318000000000005,0.0,3,Early,1:22.711,102.94871794871794,900.9487179487179,5,-1.0,1.7999999999999998,47.118
ALO,Aston Martin,7.0,0 days 00:01:22.866000,MEDIUM,2.0,1,True,82.866,2024,Monaco,R,21.596499999999995,46.318000000000005,0.0,4,Early,1:22.866,101.53846153846153,899.5384615384615,5,-1.0,2.4,47.718
ALO,Aston Martin,8.0,0 days 00:01:22.284000,MEDIUM,2.0,1,True,82.284,2024,Monaco,R,21.596499999999995,46.318000000000005,0.0,5,Early,1:22.284,100.12820512820512,898.1282051282051,5,-1.0,3.0,48.318000000000005
ALO,Aston Martin,9.0,0 days 00:01:21.650000,MEDIUM,2.0,1,True,81.65,2024,Monaco,R,21.596499999999995,46.318000000000005,0.0,6,Early,1:21.650,98.71794871794872,896.7179487179487,5,-0.8275071633237843,3.5999999999999996,49.9529570200573
ALO,Aston Martin,10.0,0 days 00:01:21.864000,MEDIUM,2.0,1,True,81.864,2024,Monaco,R,21.596499999999995,46.318000000000005,0.0,7,Early,1:21.864,97.3076923076923,895.3076923076923,5,-0.9092645654250252,4.2,50.06241260744986
ALO,Aston Martin,11.0,0 days 00:01:21.418000,MEDIUM,2.0,1,True,81.418,2024,Monaco,R,21.596499999999995,46.318000000000005,0.0,8,Early,1:21.418,95.8974358974359,893.8974358974359,5,-0.7388729703915976,4.8,51.68476217765041
ALO,Aston Martin,12.0,0 days 00:01:21.366000,MEDIUM,2.0,1,True,81.366,2024,Monaco,R,21.596499999999995,46.318000000000005,0.0,9,Early,1:21.366,94.48717948717949,892.4871794871794,5,-0.7190066857688635,5.3999999999999995,52.403959885386826
ALO,Aston Martin,13.0,0 days 00:01:21.428000,MEDIUM,2.0,1,True,81.428,2024,Monaco,R,21.596499999999995,46.318000000000005,0.0,10,Early,1:21.428,93.07692307692308,891.0769230769231,5,-0.7426934097421194,6.0,52.86183954154729
ALO,Aston Martin,14.0,0 days 00:01:21.392000,MEDIUM,2.0,1,True,81.392,2024,Monaco,R,21.596499999999995,46.318000000000005,0.0,11,Early,1:21.392,91.66666666666666,889.6666666666666,5,-0.7289398280802278,6.6,53.54436103151864
ALO,Aston Martin,15.0,0 days 00:01:21.061000,MEDIUM,2.0,1,True,81.061,2024,Monaco,R,21.596499999999995,46.318000000000005,0.0,12,Early,1:21.061,90.25641025641025,888.2564102564103,5,-0.6024832855778446,7.199999999999999,54.90310028653293
ALO,Aston Martin,16.0,0 days 00:01:21.318000,MEDIUM,2.0,1,True,81.318,2024,Monaco,R,21.596499999999995,46.318000000000005,0.0,13,Early,1:21.318,88.84615384615384,886.8461538461538,5,-0.7006685768863413,7.8,54.913988538681956
ALO,Aston Martin,17.0,0 days 00:01:20.799000,MEDIUM,2.0,1,True,80.799,2024,Monaco,R,21.596499999999995,46.318000000000005,0.0,14,Early,1:20.799,87.43589743589743,885.4358974358975,5,-0.5023877745940816,8.4,56.703673352435516
ALO,Aston Martin,18.0,0 days 00:01:21.075000,MEDIUM,2.0,1,True,81.075,2024,Monaco,R,21.596499999999995,46.318000000000005,0.0,15,Early,1:21.075,86.02564102564102,884.025641025641,5,-0.6078319006685784,9.0,56.67100859598853
ALO,Aston Martin,19.0,0 days 00:01:20.605000,MEDIUM,2.0,1,True,80.605,2024,Monaco,R,21.596499999999995,46.318000000000005,0.0,16,Early,1:20.605,84.61538461538461,882.6153846153846,5,-0.42827125119388976,9.6,58.34837249283667
ALO,Aston Martin,20.0,0 days 00:01:21.110000,MEDIUM,2.0,1,True,81.11,2024,Monaco,R,21.596499999999995,46.318000000000005,0.0,17,Early,1:21.110,83.2051282051282,881.2051282051282,5,-0.6212034383954157,10.0,57.59077936962751
ALO,Aston Martin,21.0,0 days 00:01:20.317000,MEDIUM,2.0,1,True,80.317,2024,Monaco,R,21.596499999999995,46.318000000000005,0.0,18,Early,1:20.317,81.7948717948718,879.7948717948718,5,-0.3182425978987569,10.0,59.40854441260746
ALO,Aston Martin,22.0,0 days 00:01:21.037000,MEDIUM,2.0,1,True,81.037,2024,Monaco,R,21.596499999999995,46.318000000000005,0.0,19,Early,1:21.037,80.38461538461539,878.3846153846154,5,-0.5933142311365835,10.0,57.7581146131805
ALO,Aston Martin,23.0,0 days 00:01:20.246000,MEDIUM,2.0,1,True,80.246,2024,Monaco,R,21.596499999999995,46.318000000000005,0.0,20,Early,1:20.246,78.97435897435898,876.974358974359,5,-0.29111747851002806,10.0,59.57129512893984
ALO,Aston Martin,24.0,0 days 00:01:21.413000,MEDIUM,2.0,1,True,81.413,2024,Monaco,R,21.596499999999995,46.318000000000005,0.0,21,Early,1:21.413,77.56410256410257,875.5641025641025,5,-0.7369627507163312,10.0,56.89622349570202
ALO,Aston Martin,25.0,0 days 00:01:21.091000,MEDIUM,2.0,1,True,81.091,2024,Monaco,R,21.596499999999995,46.318000000000005,0.0,22,Early,1:21.091,76.15384615384616,874.1538461538462,5,-0.6139446036294155,10.0,57.63433237822351
ALO,Aston Martin,26.0,0 days 00:01:20.858000,MEDIUM,2.0,1,True,80.858,2024,Monaco,R,21.596499999999995,46.318000000000005,0.0,23,Early,1:20.858,74.74358974358975,872.7435897435897,5,-0.5249283667621799,10.0,58.168429799426924
ALO,Aston Martin,27.0,0 days 00:01:21.303000,MEDIUM,2.0,1,True,81.303,2024,Monaco,R,21.596499999999995,46.318000000000005,0.0,24,Mid,1:21.303,73.33333333333333,871.3333333333334,5,-0.6949379178605531,10.0,57.148372492836685
ALO,Aston Martin,28.0,0 days 00:01:21.544000,MEDIUM,2.0,1,True,81.544,2024,Monaco,R,21.596499999999995,46.318000000000005,0.0,25,Mid,1:21.544,71.92307692307692,869.9230769230769,5,-0.7870105062082128,10.0,56.59593696275073
ALO,Aston Martin,29.0,0 days 00:01:21.205000,MEDIUM,2.0,1,True,81.205,2024,Monaco,R,21.596499999999995,46.318000000000005,0.0,26,Mid,1:21.205,70.51282051282051,868.5128205128206,5,-0.6574976122254056,10.0,57.37301432664757
ALO,Aston Martin,30.0,0 days 00:01:21.034000,MEDIUM,2.0,1,True,81.034,2024,Monaco,R,21.596499999999995,46.318000000000005,0.0,27,Mid,1:21.034,69.1025641025641,867.1025641025641,5,-0.5921680993314259,10.0,57.76499140401145
ALO,Aston Martin,31.0,0 days 00:01:20.642000,MEDIUM,2.0,1,True,80.642,2024,Monaco,R,21.596499999999995,46.318000000000005,0.0,28,Mid,1:20.642,67.69230769230768,865.6923076923076,5,-0.4424068767908303,10.0,58.66355873925502
ALO,Aston Martin,32.0,0 days 00:01:21.010000,MEDIUM,2.0,1,True,81.01,2024,Monaco,R,21.596499999999995,46.318000000000005,0.0,29,Mid,1:21.010,66.28205128205127,864.2820512820513,5,-0.5829990448901649,10.0,57.82000573065902
ALO,Aston Martin,33.0,0 days 00:01:20.350000,MEDIUM,2.0,1,True,80.35,2024,Monaco,R,21.596499999999995,46.318000000000005,0.0,30,Mid,1:20.350,64.87179487179486,862.8717948717949,5,-0.3308500477554909,10.0,59.33289971346706
ALO,Aston Martin,34.0,0 days 00:01:20.877000,MEDIUM,2.0,1,True,80.877,2024,Monaco,R,21.596499999999995,46.318000000000005,0.0,31,Mid,1:20.877,63.46153846153846,861.4615384615385,5,-0.5321872015281747,10.0,58.12487679083095
ALO,Aston Martin,35.0,0 days 00:01:20.432000,MEDIUM,2.0,1,True,80.432,2024,Monaco,R,21.596499999999995,46.318000000000005,0.0,32,Mid,1:20.432,62.05128205128205,860.0512820512821,5,-0.3621776504298013,10.0,59.1449340974212
ALO,Aston Martin,36.0,0 days 00:01:21.128000,MEDIUM,2.0,1,True,81.128,2024,Monaco,R,21.596499999999995,46.318000000000005,0.0,33,Mid,1:21.128,60.641025641025635,858.6410256410256,5,-0.6280802292263615,10.0,57.549518624641834
ALO,Aston Martin,37.0,0 days 00:01:21.512000,MEDIUM,2.0,1,True,81.512,2024,Monaco,R,21.596499999999995,46.318000000000005,0.0,34,Mid,1:21.512,59.230769230769226,857.2307692307693,5,-0.7747851002865331,10.0,56.66928939828081
ALO,Aston Martin,38.0,0 days 00:01:21.082000,MEDIUM,2.0,1,True,81.082,2024,Monaco,R,21.596499999999995,46.318000000000005,0.0,35,Mid,1:21.082,57.82051282051282,855.8205128205128,5,-0.6105062082139426,10.0,57.65496275071635
ALO,Aston Martin,39.0,0 days 00:01:21.265000,MEDIUM,2.0,1,True,81.265,2024,Monaco,R,21.596499999999995,46.318000000000005,0.0,36,Mid,1:21.265,56.41025641025641,854.4102564102564,5,-0.6804202483285583,10.0,57.235478510028656
ALO,Aston Martin,40.0,0 days 00:01:20.755000,MEDIUM,2.0,1,True,80.755,2024,Monaco,R,21.596499999999995,46.318000000000005,0.0,37,Mid,1:20.755,54.99999999999999,853.0,5,-0.48557784145176597,10.0,58.40453295128941
ALO,Aston Martin,41.0,0 days 00:01:23.446000,MEDIUM,2.0,1,True,83.446,2024,Monaco,R,21.596499999999995,46.318000000000005,0.0,38,Mid,1:23.446,53.589743589743584,851.5897435897435,5,-1.0,10.0,55.318000000000005
ALO,Aston Martin,42.0,0 days 00:01:23.332000,MEDIUM,2.0,1,True,83.332,2024,Monaco,R,21.596499999999995,46.318000000000005,0.0,39,Mid,1:23.332,52.179487179487175,850.1794871794872,5,-1.0,10.0,55.318000000000005
ALO,Aston Martin,43.0,0 days 00:01:20.286000,MEDIUM,2.0,1,True,80.286,2024,Monaco,R,21.596499999999995,46.318000000000005,0.0,40,Mid,1:20.286,50.76923076923077,848.7692307692307,5,-0.30639923591213164,10.0,59.479604584527216
ALO,Aston Martin,44.0,0 days 00:01:18.852000,MEDIUM,2.0,1,True,78.852,2024,Monaco,R,21.596499999999995,46.318000000000005,0.0,41,Mid,1:18.852,49.35897435897436,847.3589743589744,5,0.24145176695319548,10.0,62.766710601719176
ALO,Aston Martin,45.0,0 days 00:01:19.956000,MEDIUM,2.0,1,True,79.956,2024,Monaco,R,21.596499999999995,46.318000000000005,0.0,42,Mid,1:19.956,47.94871794871794,845.9487179487179,5,-0.1803247373447974,10.0,60.23605157593122
ALO,Aston Martin,46.0,0 days 00:01:18.928000,MEDIUM,2.0,1,True,78.928,2024,Monaco,R,21.596499999999995,46.318000000000005,0.0,43,Mid,1:18.928,46.53846153846153,844.5384615384615,5,0.2124164278892057,10.0,62.59249856733524
ALO,Aston Martin,47.0,0 days 00:01:19.109000,MEDIUM,2.0,1,True,79.109,2024,Monaco,R,21.596499999999995,46.318000000000005,0.0,44,Mid,1:19.109,45.128205128205124,843.1282051282051,5,0.14326647564469877,10.0,62.1775988538682
ALO,Aston Martin,48.0,0 days 00:01:20.315000,MEDIUM,2.0,1,True,80.315,2024,Monaco,R,21.596499999999995,46.318000000000005,0.0,45,Mid,1:20.315,43.717948717948715,841.7179487179487,5,-0.3174785100286536,10.0,59.413128939828084
ALO,Aston Martin,49.0,0 days 00:01:19.837000,MEDIUM,2.0,1,True,79.837,2024,Monaco,R,21.596499999999995,46.318000000000005,0.0,46,Mid,1:19.837,42.30769230769231,840.3076923076923,5,-0.1348615090735464,10.0,60.50883094555873
ALO,Aston Martin,50.0,0 days 00:01:19.334000,MEDIUM,2.0,1,True,79.334,2024,Monaco,R,21.596499999999995,46.318000000000005,0.0,47,Mid,1:19.334,40.8974358974359,838.8974358974359,5,0.05730659025787625,10.0,61.66183954154726
ALO,Aston Martin,51.0,0 days 00:01:20.636000,MEDIUM,2.0,1,True,80.636,2024,Monaco,R,21.596499999999995,46.318000000000005,0.0,48,Mid,1:20.636,39.48717948717949,837.4871794871794,5,-0.440114613180515,10.0,58.67731232091691
ALO,Aston Martin,52.0,0 days 00:01:23.377000,MEDIUM,2.0,12,True,83.377,2024,Monaco,R,21.596499999999995,46.318000000000005,0.0,49,Mid,1:23.377,38.076923076923066,836.0769230769231,5,-1.0,10.0,55.318000000000005
ALO,Aston Martin,53.0,0 days 00:01:19.992000,MEDIUM,2.0,1,True,79.992,2024,Monaco,R,21.596499999999995,46.318000000000005,0.0,50,Late,1:19.992,36.66666666666666,834.6666666666666,5,-0.194078319006689,10.0,60.15353008595987
ALO,Aston Martin,54.0,0 days 00:01:19.191000,MEDIUM,2.0,1,True,79.191,2024,Monaco,R,21.596499999999995,46.318000000000005,0.0,51,Late,1:19.191,35.25641025641025,833.2564102564103,5,0.1119388729703883,10.0,61.98963323782233
ALO,Aston Martin,55.0,0 days 00:01:19.411000,MEDIUM,2.0,1,True,79.411,2024,Monaco,R,21.596499999999995,46.318000000000005,0.0,52,Late,1:19.411,33.84615384615384,831.8461538461538,5,0.027889207258832132,10.0,61.485335243552996
ALO,Aston Martin,56.0,0 days 00:01:20.739000,MEDIUM,2.0,1,True,80.739,2024,Monaco,R,21.596499999999995,46.318000000000005,0.0,53,Late,1:20.739,32.43589743589743,830.4358974358975,5,-0.4794651384909289,10.0,58.44120916905443
ALO,Aston Martin,57.0,0 days 00:01:20.600000,MEDIUM,2.0,1,True,80.6,2024,Monaco,R,21.596499999999995,46.318000000000005,0.0,54,Late,1:20.600,31.025641025641022,829.025641025641,5,-0.4263610315186234,10.0,58.75983381088827
ALO,Aston Martin,58.0,0 days 00:01:19.229000,MEDIUM,2.0,1,True,79.229,2024,Monaco,R,21.596499999999995,46.318000000000005,0.0,55,Late,1:19.229,29.615384615384613,827.6153846153846,5,0.09742120343839343,10.0,61.90252722063037
ALO,Aston Martin,59.0,0 days 00:01:19.219000,MEDIUM,2.0,1,True,79.219,2024,Monaco,R,21.596499999999995,46.318000000000005,0.0,56,Late,1:19.219,28.205128205128204,826.2051282051282,5,0.10124164278892069,10.0,61.92544985673353
ALO,Aston Martin,60.0,0 days 00:01:19.166000,MEDIUM,2.0,1,True,79.166,2024,Monaco,R,21.596499999999995,46.318000000000005,0.0,57,Late,1:19.166,26.794871794871796,824.7948717948718,5,0.12148997134670372,10.0,62.04693982808023
ALO,Aston Martin,61.0,0 days 00:01:18.752000,MEDIUM,2.0,1,True,78.752,2024,Monaco,R,21.596499999999995,46.318000000000005,0.0,58,Late,1:18.752,25.384615384615373,823.3846153846154,5,0.2796561604584517,10.0,62.99593696275072
ALO,Aston Martin,62.0,0 days 00:01:18.816000,MEDIUM,2.0,1,True,78.816,2024,Monaco,R,21.596499999999995,46.318000000000005,0.0,59,Late,1:18.816,23.974358974358964,821.974358974359,5,0.2552053486150871,10.0,62.849232091690524
ALO,Aston Martin,63.0,0 days 00:01:18.556000,MEDIUM,2.0,1,True,78.556,2024,Monaco,R,21.596499999999995,46.318000000000005,0.0,60,Late,1:18.556,22.564102564102555,820.5641025641025,5,0.3545367717287468,10.0,63.44522063037249
ALO,Aston Martin,64.0,0 days 00:01:18.736000,MEDIUM,2.0,1,True,78.736,2024,Monaco,R,21.596499999999995,46.318000000000005,0.0,61,Late,1:18.736,21.153846153846146,819.1538461538462,5,0.2857688634192888,10.0,63.03261318051574
ALO,Aston Martin,65.0,0 days 00:01:18.633000,MEDIUM,2.0,1,True,78.633,2024,Monaco,R,21.596499999999995,46.318000000000005,0.0,62,Late,1:18.633,19.743589743589737,817.7435897435897,5,0.3251193887297027,10.0,63.26871633237822
ALO,Aston Martin,66.0,0 days 00:01:18.637000,MEDIUM,2.0,1,True,78.637,2024,Monaco,R,21.596499999999995,46.318000000000005,0.0,63,Late,1:18.637,18.33333333333333,816.3333333333334,5,0.32359121298949073,10.0,63.259547277936946
ALO,Aston Martin,67.0,0 days 00:01:18.126000,MEDIUM,2.0,1,True,78.126,2024,Monaco,R,21.596499999999995,46.318000000000005,0.0,64,Late,1:18.126,16.92307692307692,814.9230769230769,5,0.5188156638013319,10.0,64.430893982808
ALO,Aston Martin,68.0,0 days 00:01:17.939000,MEDIUM,2.0,1,True,77.939,2024,Monaco,R,21.596499999999995,46.318000000000005,0.0,65,Late,1:17.939,15.512820512820511,813.5128205128206,5,0.5902578796561596,10.0,64.85954727793697
ALO,Aston Martin,69.0,0 days 00:01:18.713000,MEDIUM,2.0,1,True,78.713,2024,Monaco,R,21.596499999999995,46.318000000000005,0.0,66,Late,1:18.713,14.102564102564102,812.1025641025641,5,0.294555873925501,10.0,63.08533524355301
ALO,Aston Martin,70.0,0 days 00:01:18.473000,MEDIUM,2.0,1,True,78.473,2024,Monaco,R,21.596499999999995,46.318000000000005,0.0,67,Late,1:18.473,12.69230769230768,810.6923076923076,5,0.38624641833810625,10.0,63.63547851002864
ALO,Aston Martin,71.0,0 days 00:01:18.133000,MEDIUM,2.0,1,True,78.133,2024,Monaco,R,21.596499999999995,46.318000000000005,0.0,68,Late,1:18.133,11.28205128205127,809.2820512820513,5,0.5161413562559678,10.0,64.41484813753581
ALO,Aston Martin,72.0,0 days 00:01:18.081000,MEDIUM,2.0,1,True,78.081,2024,Monaco,R,21.596499999999995,46.318000000000005,0.0,69,Late,1:18.081,9.871794871794862,807.8717948717949,5,0.5360076408786965,10.0,64.53404584527219
ALO,Aston Martin,73.0,0 days 00:01:18.504000,MEDIUM,2.0,1,True,78.504,2024,Monaco,R,21.596499999999995,46.318000000000005,0.0,70,Late,1:18.504,8.461538461538453,806.4615384615385,5,0.3744030563514755,10.0,63.56441833810886
ALO,Aston Martin,74.0,0 days 00:01:20.336000,MEDIUM,2.0,1,True,80.336,2024,Monaco,R,21.596499999999995,46.318000000000005,0.0,71,Late,1:20.336,7.051282051282044,805.051282051282,5,-0.32550143266475706,10.0,59.36499140401146
ALO,Aston Martin,75.0,0 days 00:01:18.663000,MEDIUM,2.0,1,True,78.663,2024,Monaco,R,21.596499999999995,46.318000000000005,0.0,72,Late,1:18.663,5.641025641025635,803.6410256410256,5,0.3136580706781264,10.0,63.199948424068765
ALO,Aston Martin,76.0,0 days 00:01:19.053000,MEDIUM,2.0,1,True,79.053,2024,Monaco,R,21.596499999999995,46.318000000000005,0.0,73,Late,1:19.053,4.230769230769226,802.2307692307693,5,0.16466093600763945,10.0,62.30596561604584
BOT,Kick Sauber,3.0,0 days 00:01:29.743000,MEDIUM,2.0,1,True,89.743,2024,Monaco,R,21.596499999999995,46.318000000000005,0.0,0,Early,1:29.743,107.17948717948718,905.1794871794872,5,-1.0,0.0,45.318000000000005
BOT,Kick Sauber,4.0,0 days 00:01:23.386000,MEDIUM,2.0,1,True,83.386,2024,Monaco,R,21.596499999999995,46.318000000000005,0.0,1,Early,1:23.386,105.76923076923077,903.7692307692307,5,-1.0,0.6,45.918000000000006
BOT,Kick Sauber,5.0,0 days 00:01:23.636000,MEDIUM,2.0,1,True,83.636,2024,Monaco,R,21.596499999999995,46.318000000000005,0.0,2,Early,1:23.636,104.35897435897436,902.3589743589744,5,-1.0,1.2,46.51800000000001
BOT,Kick Sauber,6.0,0 days 00:01:22.868000,MEDIUM,2.0,1,True,82.868,2024,Monaco,R,21.596499999999995,46.318000000000005,0.0,3,Early,1:22.868,102.94871794871794,900.9487179487179,5,-1.0,1.7999999999999998,47.118
BOT,Kick Sauber,7.0,0 days 00:01:22.832000,MEDIUM,2.0,1,True,82.832,2024,Monaco,R,21.596499999999995,46.318000000000005,0.0,4,Early,1:22.832,101.53846153846153,899.5384615384615,5,-1.0,2.4,47.718
BOT,Kick Sauber,8.0,0 days 00:01:22.249000,MEDIUM,2.0,1,True,82.249,2024,Monaco,R,21.596499999999995,46.318000000000005,0.0,5,Early,1:22.249,100.12820512820512,898.1282051282051,5,-1.0,3.0,48.318000000000005
BOT,Kick Sauber,9.0,0 days 00:01:21.715000,MEDIUM,2.0,1,True,81.715,2024,Monaco,R,21.596499999999995,46.318000000000005,0.0,6,Early,1:21.715,98.71794871794872,896.7179487179487,5,-0.8523400191021979,3.5999999999999996,49.80395988538682
BOT,Kick Sauber,10.0,0 days 00:01:21.947000,MEDIUM,2.0,1,True,81.947,2024,Monaco,R,21.596499999999995,46.318000000000005,0.0,7,Early,1:21.947,97.3076923076923,895.3076923076923,5,-0.9409742120343846,4.2,49.8721547277937
BOT,Kick Sauber,11.0,0 days 00:01:21.547000,MEDIUM,2.0,1,True,81.547,2024,Monaco,R,21.596499999999995,46.318000000000005,0.0,8,Early,1:21.547,95.8974358974359,893.8974358974359,5,-0.7881566380133704,4.8,51.38906017191978
BOT,Kick Sauber,12.0,0 days 00:01:21.328000,MEDIUM,2.0,1,True,81.328,2024,Monaco,R,21.596499999999995,46.318000000000005,0.0,9,Early,1:21.328,94.48717948717949,892.4871794871794,5,-0.7044890162368685,5.3999999999999995,52.49106590257879
BOT,Kick Sauber,13.0,0 days 00:01:21.540000,MEDIUM,2.0,1,True,81.54,2024,Monaco,R,21.596499999999995,46.318000000000005,0.0,10,Early,1:21.540,93.07692307692308,891.0769230769231,5,-0.7854823304680062,6.0,52.60510601719197
BOT,Kick Sauber,14.0,0 days 00:01:21.221000,MEDIUM,2.0,1,True,81.221,2024,Monaco,R,21.596499999999995,46.318000000000005,0.0,11,Early,1:21.221,91.66666666666666,889.6666666666666,5,-0.6636103151862481,6.6,53.93633810888252
BOT,Kick Sauber,17.0,0 days 00:01:16.561000,HARD,3.0,1,True,76.561,2024,Monaco,R,21.596499999999995,46.318000000000005,0.0,0,Early,1:16.561,87.43589743589743,885.4358974358975,2,1.0,0.0,54.318000000000005
BOT,Kick Sauber,18.0,0 days 00:01:16.567000,HARD,3.0,1,True,76.567,2024,Monaco,R,21.596499999999995,46.318000000000005,0.0,1,Early,1:16.567,86.02564102564102,884.025641025641,2,1.0,0.6,54.918000000000006
BOT,Kick Sauber,19.0,0 days 00:01:17.829000,HARD,3.0,1,True,77.829,2024,Monaco,R,21.596499999999995,46.318000000000005,0.0,2,Early,1:17.829,84.61538461538461,882.6153846153846,2,0.6322827125119377,1.2,53.31169627507163
BOT,Kick Sauber,20.0,0 days 00:01:19.124000,HARD,3.0,1,True,79.124,2024,Monaco,R,21.596499999999995,46.318000000000005,0.0,3,Early,1:19.124,83.2051282051282,881.2051282051282,2,0.1375358166189106,1.7999999999999998,50.94321489971347
BOT,Kick Sauber,21.0,0 days 00:01:20.462000,HARD,3.0,1,True,80.462,2024,Monaco,R,21.596499999999995,46.318000000000005,0.0,4,Early,1:20.462,81.7948717948718,879.7948717948718,2,-0.3736389684813777,2.4,48.47616618911174
BOT,Kick Sauber,22.0,0 days 00:01:21.022000,HARD,3.0,1,True,81.022,2024,Monaco,R,21.596499999999995,46.318000000000005,0.0,5,Early,1:21.022,80.38461538461539,878.3846153846154,2,-0.5875835721107954,3.0,47.79249856733523
BOT,Kick Sauber,23.0,0 days 00:01:20.750000,HARD,3.0,1,True,80.75,2024,Monaco,R,21.596499999999995,46.318000000000005,0.0,6,Early,1:20.750,78.97435897435898,876.974358974359,2,-0.4836676217765051,3.5999999999999996,49.01599426934098
BOT,Kick Sauber,24.0,0 days 00:01:20.564000,HARD,3.0,1,True,80.564,2024,Monaco,R,21.596499999999995,46.318000000000005,0.0,7,Early,1:20.564,77.56410256410257,875.5641025641025,2,-0.4126074498567318,4.2,50.04235530085962
BOT,Kick Sauber,25.0,0 days 00:01:20.783000,HARD,3.0,1,True,80.783,2024,Monaco,R,21.596499999999995,46.318000000000005,0.0,8,Early,1:20.783,76.15384615384616,874.1538461538462,2,-0.49627507163323903,4.8,50.14034957020057
BOT,Kick Sauber,26.0,0 days 00:01:20.851000,HARD,3.0,1,True,80.851,2024,Monaco,R,21.596499999999995,46.318000000000005,0.0,9,Early,1:20.851,74.74358974358975,872.7435897435897,2,-0.5222540592168102,5.3999999999999995,50.58447564469914
BOT,Kick Sauber,27.0,0 days 00:01:21.370000,HARD,3.0,1,True,81.37,2024,Monaco,R,21.596499999999995,46.318000000000005,0.0,10,Mid,1:21.370,73.33333333333333,871.3333333333334,2,-0.7205348615090754,6.0,49.994790830945554
BOT,Kick Sauber,28.0,0 days 00:01:21.765000,HARD,3.0,1,True,81.765,2024,Monaco,R,21.596499999999995,46.318000000000005,0.0,11,Mid,1:21.765,71.92307692307692,869.9230769230769,2,-0.8714422158548233,6.6,49.68934670487107
BOT,Kick Sauber,29.0,0 days 00:01:20.857000,HARD,3.0,1,True,80.857,2024,Monaco,R,21.596499999999995,46.318000000000005,0.0,12,Mid,1:20.857,70.51282051282051,868.5128205128206,2,-0.5245463228271255,7.199999999999999,52.37072206303725
BOT,Kick Sauber,30.0,0 days 00:01:21.470000,HARD,3.0,1,True,81.47,2024,Monaco,R,21.596499999999995,46.318000000000005,0.0,13,Mid,1:21.470,69.1025641025641,867.1025641025641,2,-0.7587392550143263,7.8,51.565564469914044
BOT,Kick Sauber,31.0,0 days 00:01:20.752000,HARD,3.0,1,True,80.752,2024,Monaco,R,21.596499999999995,46.318000000000005,0.0,14,Mid,1:20.752,67.69230769230768,865.6923076923076,2,-0.48443170964660837,8.4,53.811409742120354
BOT,Kick Sauber,32.0,0 days 00:01:20.658000,HARD,3.0,1,True,80.658,2024,Monaco,R,21.596499999999995,46.318000000000005,0.0,15,Mid,1:20.658,66.28205128205127,864.2820512820513,2,-0.4485195797516728,9.0,54.62688252148997
BOT,Kick Sauber,33.0,0 days 00:01:20.525000,HARD,3.0,1,True,80.525,2024,Monaco,R,21.596499999999995,46.318000000000005,0.0,16,Mid,1:20.525,64.87179487179486,862.8717948717949,2,-0.397707736389688,9.6,55.53175358166188
BOT,Kick Sauber,34.0,0 days 00:01:20.903000,HARD,3.0,1,True,80.903,2024,Monaco,R,21.596499999999995,46.318000000000005,0.0,17,Mid,1:20.903,63.46153846153846,861.4615384615385,2,-0.5421203438395444,10.0,55.06527793696274
BOT,Kick Sauber,35.0,0 days 00:01:20.254000,HARD,3.0,1,True,80.254,2024,Monaco,R,21.596499999999995,46.318000000000005,0.0,18,Mid,1:20.254,62.05128205128205,860.0512820512821,2,-0.29417382999045205,10.0,56.55295702005729
BOT,Kick Sauber,36.0,0 days 00:01:21.196000,HARD,3.0,1,True,81.196,2024,Monaco,R,21.596499999999995,46.318000000000005,0.0,19,Mid,1:21.196,60.641025641025635,858.6410256410256,2,-0.6540592168099327,10.0,54.39364469914041
BOT,Kick Sauber,37.0,0 days 00:01:21.386000,HARD,3.0,1,True,81.386,2024,Monaco,R,21.596499999999995,46.318000000000005,0.0,20,Mid,1:21.386,59.230769230769226,857.2307692307693,2,-0.7266475644699125,10.0,53.95811461318053
BOT,Kick Sauber,38.0,0 days 00:01:20.948000,HARD,3.0,1,True,80.948,2024,Monaco,R,21.596499999999995,46.318000000000005,0.0,21,Mid,1:20.948,57.82051282051282,855.8205128205128,2,-0.5593123209169034,10.0,54.962126074498585
BOT,Kick Sauber,39.0,0 days 00:01:23.172000,HARD,3.0,1,True,83.172,2024,Monaco,R,21.596499999999995,46.318000000000005,0.0,22,Mid,1:23.172,56.41025641025641,854.4102564102564,2,-1.0,10.0,52.318000000000005
BOT,Kick Sauber,40.0,0 days 00:01:23.591000,HARD,3.0,1,True,83.591,2024,Monaco,R,21.596499999999995,46.318000000000005,0.0,23,Mid,1:23.591,54.99999999999999,853.0,2,-1.0,10.0,52.318000000000005
BOT,Kick Sauber,41.0,0 days 00:01:20.230000,HARD,3.0,1,True,80.23,2024,Monaco,R,21.596499999999995,46.318000000000005,0.0,24,Mid,1:20.230,53.589743589743584,851.5897435897435,2,-0.28500477554919096,10.0,56.60797134670486
BOT,Kick Sauber,42.0,0 days 00:01:22.109000,HARD,3.0,1,True,82.109,2024,Monaco,R,21.596499999999995,46.318000000000005,0.0,25,Mid,1:22.109,52.179487179487175,850.1794871794872,2,-1.0,10.0,52.318000000000005
BOT,Kick Sauber,43.0,0 days 00:01:20.912000,HARD,3.0,1,True,80.912,2024,Monaco,R,21.596499999999995,46.318000000000005,0.0,26,Mid,1:20.912,50.76923076923077,848.7692307692307,2,-0.5455587392550173,10.0,55.0446475644699
BOT,Kick Sauber,44.0,0 days 00:01:19.772000,HARD,3.0,1,True,79.772,2024,Monaco,R,21.596499999999995,46.318000000000005,0.0,27,Mid,1:19.772,49.35897435897436,847.3589743589744,2,-0.11002865329513282,10.0,57.65782808022921
BOT,Kick Sauber,45.0,0 days 00:01:20.043000,HARD,3.0,1,True,80.043,2024,Monaco,R,21.596499999999995,46.318000000000005,0.0,28,Mid,1:20.043,47.94871794871794,845.9487179487179,2,-0.21356255969436877,10.0,57.03662464183379
BOT,Kick Sauber,46.0,0 days 00:01:20.417000,HARD,3.0,1,True,80.417,2024,Monaco,R,21.596499999999995,46.318000000000005,0.0,29,Mid,1:20.417,46.53846153846153,844.5384615384615,2,-0.3564469914040132,10.0,56.179318051575926
BOT,Kick Sauber,47.0,0 days 00:01:22.969000,HARD,3.0,1,True,82.969,2024,Monaco,R,21.596499999999995,46.318000000000005,0.0,30,Mid,1:22.969,45.128205128205124,843.1282051282051,2,-1.0,10.0,52.318000000000005
BOT,Kick Sauber,48.0,0 days 00:01:20.562000,HARD,3.0,1,True,80.562,2024,Monaco,R,21.596499999999995,46.318000000000005,0.0,31,Mid,1:20.562,43.717948717948715,841.7179487179487,2,-0.4118433619866285,10.0,55.84693982808023
BOT,Kick Sauber,49.0,0 days 00:01:20.818000,HARD,3.0,1,True,80.818,2024,Monaco,R,21.596499999999995,46.318000000000005,0.0,32,Mid,1:20.818,42.30769230769231,840.3076923076923,2,-0.5096466093600763,10.0,55.260120343839546
BOT,Kick Sauber,50.0,0 days 00:01:20.239000,HARD,3.0,1,True,80.239,2024,Monaco,R,21.596499999999995,46.318000000000005,0.0,33,Mid,1:20.239,40.8974358974359,838.8974358974359,2,-0.2884431709646639,10.0,56.58734097421202
BOT,Kick Sauber,51.0,0 days 00:01:17.205000,HARD,3.0,12,True,77.205,2024,Monaco,R,21.596499999999995,46.318000000000005,0.0,34,Mid,1:17.205,39.48717948717949,837.4871794871794,2,0.8706781279847146,10.0,63.54206876790829
BOT,Kick Sauber,52.0,0 days 00:01:17.202000,HARD,3.0,1,True,77.202,2024,Monaco,R,21.596499999999995,46.318000000000005,0.0,35,Mid,1:17.202,38.076923076923066,836.0769230769231,2,0.8718242597898722,10.0,63.548945558739234
BOT,Kick Sauber,53.0,0 days 00:01:18.456000,HARD,3.0,1,True,78.456,2024,Monaco,R,21.596499999999995,46.318000000000005,0.0,36,Late,1:18.456,36.66666666666666,834.6666666666666,2,0.39274116523399766,10.0,60.67444699140399
BOT,Kick Sauber,54.0,0 days 00:01:19.403000,HARD,3.0,1,True,79.403,2024,Monaco,R,21.596499999999995,46.318000000000005,0.0,37,Late,1:19.403,35.25641025641025,833.2564102564103,2,0.030945558739250676,10.0,58.503673352435506
BOT,Kick Sauber,55.0,0 days 00:01:20.375000,HARD,3.0,1,True,80.375,2024,Monaco,R,21.596499999999995,46.318000000000005,0.0,38,Late,1:20.375,33.84615384615384,831.8461538461538,2,-0.34040114613180633,10.0,56.27559312320917
BOT,Kick Sauber,56.0,0 days 00:01:21.657000,HARD,3.0,1,True,81.657,2024,Monaco,R,21.596499999999995,46.318000000000005,0.0,39,Late,1:21.657,32.43589743589743,830.4358974358975,2,-0.8301814708691485,10.0,53.336911174785115
BOT,Kick Sauber,57.0,0 days 00:01:18.994000,HARD,3.0,1,True,78.994,2024,Monaco,R,21.596499999999995,46.318000000000005,0.0,40,Late,1:18.994,31.025641025641022,829.025641025641,2,0.18720152817573776,10.0,59.44120916905443
BOT,Kick Sauber,58.0,0 days 00:01:19.280000,HARD,3.0,1,True,79.28,2024,Monaco,R,21.596499999999995,46.318000000000005,0.0,41,Late,1:19.280,29.615384615384613,827.6153846153846,2,0.07793696275071366,10.0,58.785621776504286
BOT,Kick Sauber,59.0,0 days 00:01:18.999000,HARD,3.0,1,True,78.999,2024,Monaco,R,21.596499999999995,46.318000000000005,0.0,42,Late,1:18.999,28.205128205128204,826.2051282051282,2,0.18529130850047684,10.0,59.429747851002865
BOT,Kick Sauber,60.0,0 days 00:01:19.069000,HARD,3.0,1,True,79.069,2024,Monaco,R,21.596499999999995,46.318000000000005,0.0,43,Late,1:19.069,26.794871794871796,824.7948717948718,2,0.15854823304679694,10.0,59.26928939828078
BOT,Kick Sauber,61.0,0 days 00:01:18.623000,HARD,3.0,1,True,78.623,2024,Monaco,R,21.596499999999995,46.318000000000005,0.0,44,Late,1:18.623,25.384615384615373,823.3846153846154,2,0.32893982808022454,10.0,60.29163896848135
BOT,Kick Sauber,62.0,0 days 00:01:18.964000,HARD,3.0,1,True,78.964,2024,Monaco,R,21.596499999999995,46.318000000000005,0.0,45,Late,1:18.964,23.974358974358964,821.974358974359,2,0.19866284622731412,10.0,59.50997707736389
BOT,Kick Sauber,63.0,0 days 00:01:19.024000,HARD,3.0,1,True,79.024,2024,Monaco,R,21.596499999999995,46.318000000000005,0.0,46,Late,1:19.024,22.564102564102555,820.5641025641025,2,0.17574021012416144,10.0,59.37244126074497
BOT,Kick Sauber,64.0,0 days 00:01:18.531000,HARD,3.0,1,True,78.531,2024,Monaco,R,21.596499999999995,46.318000000000005,0.0,47,Late,1:18.531,21.153846153846146,819.1538461538462,2,0.36408787010505683,10.0,60.50252722063035
BOT,Kick Sauber,65.0,0 days 00:01:18.642000,HARD,3.0,1,True,78.642,2024,Monaco,R,21.596499999999995,46.318000000000005,0.0,48,Late,1:18.642,19.743589743589737,817.7435897435897,2,0.32168099331422984,10.0,60.24808595988539
BOT,Kick Sauber,66.0,0 days 00:01:18.383000,HARD,3.0,1,True,78.383,2024,Monaco,R,21.596499999999995,46.318000000000005,0.0,49,Late,1:18.383,18.33333333333333,816.3333333333334,2,0.42063037249283525,10.0,60.841782234957016
BOT,Kick Sauber,67.0,0 days 00:01:18.467000,HARD,3.0,1,True,78.467,2024,Monaco,R,21.596499999999995,46.318000000000005,0.0,50,Late,1:18.467,16.92307692307692,814.9230769230769,2,0.3885386819484215,10.0,60.649232091690536
BOT,Kick Sauber,68.0,0 days 00:01:18.052000,HARD,3.0,1,True,78.052,2024,Monaco,R,21.596499999999995,46.318000000000005,0.0,51,Late,1:18.052,15.512820512820511,813.5128205128206,2,0.5470869149952184,10.0,61.600521489971314
BOT,Kick Sauber,69.0,0 days 00:01:18.088000,HARD,3.0,1,True,78.088,2024,Monaco,R,21.596499999999995,46.318000000000005,0.0,52,Late,1:18.088,14.102564102564102,812.1025641025641,2,0.5333333333333322,10.0,61.518
BOT,Kick Sauber,70.0,0 days 00:01:18.778000,HARD,3.0,1,True,78.778,2024,Monaco,R,21.596499999999995,46.318000000000005,0.0,53,Late,1:18.778,12.69230769230768,810.6923076923076,2,0.26972301814708194,10.0,59.936338108882495
BOT,Kick Sauber,71.0,0 days 00:01:18.104000,HARD,3.0,1,True,78.104,2024,Monaco,R,21.596499999999995,46.318000000000005,0.0,54,Late,1:18.104,11.28205128205127,809.2820512820513,2,0.5272206303724897,10.0,61.481323782234945
BOT,Kick Sauber,72.0,0 days 00:01:18.347000,HARD,3.0,1,True,78.347,2024,Monaco,R,21.596499999999995,46.318000000000005,0.0,55,Late,1:18.347,9.871794871794862,807.8717948717949,2,0.43438395415472686,10.0,60.924303724928365
BOT,Kick Sauber,73.0,0 days 00:01:20.068000,HARD,3.0,1,True,80.068,2024,Monaco,R,21.596499999999995,46.318000000000005,0.0,56,Late,1:20.068,8.461538461538453,806.4615384615385,2,-0.22311365807067876,10.0,56.97931805157593
BOT,Kick Sauber,74.0,0 days 00:01:18.318000,HARD,3.0,1,True,78.318,2024,Monaco,R,21.596499999999995,46.318000000000005,0.0,57,Late,1:18.318,7.051282051282044,805.051282051282,2,0.4454632282712488,10.0,60.9907793696275
BOT,Kick Sauber,75.0,0 days 00:01:18.779000,HARD,3.0,1,True,78.779,2024,Monaco,R,21.596499999999995,46.318000000000005,0.0,58,Late,1:18.779,5.641025641025635,803.6410256410256,2,0.269340974212033,10.0,59.9340458452722
BOT,Kick Sauber,76.0,0 days 00:01:18.774000,HARD,3.0,1,True,78.774,2024,Monaco,R,21.596499999999995,46.318000000000005,0.0,59,Late,1:18.774,4.230769230769226,802.2307692307693,2,0.27125119388729396,10.0,59.94550716332377
GAS,Alpine,3.0,0 days 00:01:28.269000,MEDIUM,2.0,1,True,88.269,2024,Monaco,R,21.596499999999995,46.318000000000005,0.0,0,Early,1:28.269,107.17948717948718,905.1794871794872,5,-1.0,0.0,45.318000000000005
GAS,Alpine,4.0,0 days 00:01:23.269000,MEDIUM,2.0,1,True,83.269,2024,Monaco,R,21.596499999999995,46.318000000000005,0.0,1,Early,1:23.269,105.76923076923077,903.7692307692307,5,-1.0,0.6,45.918000000000006
GAS,Alpine,5.0,0 days 00:01:23.428000,MEDIUM,2.0,1,True,83.428,2024,Monaco,R,21.596499999999995,46.318000000000005,0.0,2,Early,1:23.428,104.35897435897436,902.3589743589744,5,-1.0,1.2,46.51800000000001
GAS,Alpine,6.0,0 days 00:01:23.106000,MEDIUM,2.0,1,True,83.106,2024,Monaco,R,21.596499999999995,46.318000000000005,0.0,3,Early,1:23.106,102.94871794871794,900.9487179487179,5,-1.0,1.7999999999999998,47.118
GAS,Alpine,7.0,0 days 00:01:22.233000,MEDIUM,2.0,1,True,82.233,2024,Monaco,R,21.596499999999995,46.318000000000005,0.0,4,Early,1:22.233,101.53846153846153,899.5384615384615,5,-1.0,2.4,47.718
GAS,Alpine,8.0,0 days 00:01:21.600000,MEDIUM,2.0,1,True,81.6,2024,Monaco,R,21.596499999999995,46.318000000000005,0.0,5,Early,1:21.600,100.12820512820512,898.1282051282051,5,-0.8084049665711535,3.0,49.467570200573086
GAS,Alpine,9.0,0 days 00:01:22.071000,MEDIUM,2.0,1,True,82.071,2024,Monaco,R,21.596499999999995,46.318000000000005,0.0,6,Early,1:22.071,98.71794871794872,896.7179487179487,5,-0.9883476599808965,3.5999999999999996,48.98791404011463
GAS,Alpine,10.0,0 days 00:01:21.394000,MEDIUM,2.0,1,True,81.394,2024,Monaco,R,21.596499999999995,46.318000000000005,0.0,7,Early,1:21.394,97.3076923076923,895.3076923076923,5,-0.7297039159503366,4.2,51.13977650429799
GAS,Alpine,11.0,0 days 00:01:21.298000,MEDIUM,2.0,1,True,81.298,2024,Monaco,R,21.596499999999995,46.318000000000005,0.0,8,Early,1:21.298,95.8974358974359,893.8974358974359,5,-0.6930276981852922,4.8,51.95983381088825
GAS,Alpine,12.0,0 days 00:01:21.289000,MEDIUM,2.0,1,True,81.289,2024,Monaco,R,21.596499999999995,46.318000000000005,0.0,9,Early,1:21.289,94.48717948717949,892.4871794871794,5,-0.6895893027698193,5.3999999999999995,52.58046418338109
GAS,Alpine,13.0,0 days 00:01:21.530000,MEDIUM,2.0,1,True,81.53,2024,Monaco,R,21.596499999999995,46.318000000000005,0.0,10,Early,1:21.530,93.07692307692308,891.0769230769231,5,-0.781661891117479,6.0,52.62802865329513
GAS,Alpine,14.0,0 days 00:01:19.920000,MEDIUM,2.0,1,True,79.92,2024,Monaco,R,21.596499999999995,46.318000000000005,0.0,11,Early,1:19.920,91.66666666666666,889.6666666666666,5,-0.16657115568290579,6.6,56.91857306590257
GAS,Alpine,15.0,0 days 00:01:21.066000,MEDIUM,2.0,1,True,81.066,2024,Monaco,R,21.596499999999995,46.318000000000005,0.0,12,Early,1:21.066,90.25641025641025,888.2564102564103,5,-0.6043935052531055,7.199999999999999,54.89163896848137
GAS,Alpine,16.0,0 days 00:01:21.054000,MEDIUM,2.0,1,True,81.054,2024,Monaco,R,21.596499999999995,46.318000000000005,0.0,13,Early,1:21.054,88.84615384615384,886.8461538461538,5,-0.599808978032475,7.8,55.51914613180515
GAS,Alpine,17.0,0 days 00:01:21.961000,MEDIUM,2.0,1,True,81.961,2024,Monaco,R,21.596499999999995,46.318000000000005,0.0,14,Early,1:21.961,87.43589743589743,885.4358974358975,5,-0.9463228271251184,8.4,54.0400630372493
GAS,Alpine,18.0,0 days 00:01:20.797000,MEDIUM,2.0,1,True,80.797,2024,Monaco,R,21.596499999999995,46.318000000000005,0.0,15,Early,1:20.797,86.02564102564102,884.025641025641,5,-0.5016236867239728,9.0,57.30825787965617
GAS,Alpine,19.0,0 days 00:01:19.904000,MEDIUM,2.0,1,True,79.904,2024,Monaco,R,21.596499999999995,46.318000000000005,0.0,16,Early,1:19.904,84.61538461538461,882.6153846153846,5,-0.16045845272206327,9.6,59.95524928366763
GAS,Alpine,20.0,0 days 00:01:20.255000,MEDIUM,2.0,1,True,80.255,2024,Monaco,R,21.596499999999995,46.318000000000005,0.0,17,Early,1:20.255,83.2051282051282,881.2051282051282,5,-0.294555873925501,10.0,59.550664756447
GAS,Alpine,21.0,0 days 00:01:19.876000,MEDIUM,2.0,1,True,79.876,2024,Monaco,R,21.596499999999995,46.318000000000005,0.0,18,Early,1:19.876,81.7948717948718,879.7948717948718,5,-0.14976122254059565,10.0,60.41943266475643
GAS,Alpine,22.0,0 days 00:01:20.554000,MEDIUM,2.0,1,True,80.554,2024,Monaco,R,21.596499999999995,46.318000000000005,0.0,19,Early,1:20.554,80.38461538461539,878.3846153846154,5,-0.40878701050620997,10.0,58.86527793696275
GAS,Alpine,23.0,0 days 00:01:21.306000,MEDIUM,2.0,1,True,81.306,2024,Monaco,R,21.596499999999995,46.318000000000005,0.0,20,Early,1:21.306,78.97435897435898,876.974358974359,5,-0.6960840496657108,10.0,57.14149570200574
GAS,Alpine,24.0,0 days 00:01:20.949000,MEDIUM,2.0,1,True,80.949,2024,Monaco,R,21.596499999999995,46.318000000000005,0.0,21,Early,1:20.949,77.56410256410257,875.5641025641025,5,-0.5596943648519578,10.0,57.959833810888256
GAS,Alpine,25.0,0 days 00:01:20.372000,MEDIUM,2.0,1,True,80.372,2024,Monaco,R,21.596499999999995,46.318000000000005,0.0,22,Early,1:20.372,76.15384615384616,874.1538461538462,5,-0.3392550143266487,10.0,59.282469914040114
GAS,Alpine,26.0,0 days 00:01:20.593000,MEDIUM,2.0,1,True,80.593,2024,Monaco,R,21.596499999999995,46.318000000000005,0.0,23,Early,1:20.593,74.74358974358975,872.7435897435897,5,-0.4236867239732592,10.0,58.77587965616045
GAS,Alpine,27.0,0 days 00:01:20.521000,MEDIUM,2.0,1,True,80.521,2024,Monaco,R,21.596499999999995,46.318000000000005,0.0,24,Mid,1:20.521,73.33333333333333,871.3333333333334,5,-0.396179560649476,10.0,58.940922636103146
GAS,Alpine,28.0,0 days 00:01:20.229000,MEDIUM,2.0,1,True,80.229,2024,Monaco,R,21.596499999999995,46.318000000000005,0.0,25,Mid,1:20.229,71.92307692307692,869.9230769230769,5,-0.28462273161413665,10.0,59.61026361031519
GAS,Alpine,29.0,0 days 00:01:19.376000,MEDIUM,2.0,1,True,79.376,2024,Monaco,R,21.596499999999995,46.318000000000005,0.0,26,Mid,1:19.376,70.51282051282051,868.5128205128206,5,0.04126074498566938,10.0,61.56556446991402
GAS,Alpine,30.0,0 days 00:01:21.764000,MEDIUM,2.0,1,True,81.764,2024,Monaco,R,21.596499999999995,46.318000000000005,0.0,27,Mid,1:21.764,69.1025641025641,867.1025641025641,5,-0.8710601719197689,10.0,56.09163896848139
GAS,Alpine,31.0,0 days 00:01:21.427000,MEDIUM,2.0,1,True,81.427,2024,Monaco,R,21.596499999999995,46.318000000000005,0.0,28,Mid,1:21.427,67.69230769230768,865.6923076923076,5,-0.7423113658070705,10.0,56.864131805157584
GAS,Alpine,32.0,0 days 00:01:21.121000,MEDIUM,2.0,1,True,81.121,2024,Monaco,R,21.596499999999995,46.318000000000005,0.0,29,Mid,1:21.121,66.28205128205127,864.2820512820513,5,-0.6254059216809918,10.0,57.56556446991405
GAS,Alpine,33.0,0 days 00:01:20.965000,MEDIUM,2.0,1,True,80.965,2024,Monaco,R,21.596499999999995,46.318000000000005,0.0,30,Mid,1:20.965,64.87179487179486,862.8717948717949,5,-0.5658070678128003,10.0,57.9231575931232
GAS,Alpine,34.0,0 days 00:01:20.751000,MEDIUM,2.0,1,True,80.751,2024,Monaco,R,21.596499999999995,46.318000000000005,0.0,31,Mid,1:20.751,63.46153846153846,861.4615384615385,5,-0.48404966571155944,10.0,58.41370200573065
GAS,Alpine,35.0,0 days 00:01:19.361000,MEDIUM,2.0,1,True,79.361,2024,Monaco,R,21.596499999999995,46.318000000000005,0.0,32,Mid,1:19.361,62.05128205128205,860.0512820512821,5,0.046991404011457544,10.0,61.59994842406875
GAS,Alpine,36.0,0 days 00:01:19.576000,MEDIUM,2.0,1,True,79.576,2024,Monaco,R,21.596499999999995,46.318000000000005,0.0,33,Mid,1:19.576,60.641025641025635,858.6410256410256,5,-0.035148042024832286,10.0,61.107111747851015
GAS,Alpine,37.0,0 days 00:01:19.975000,MEDIUM,2.0,1,True,79.975,2024,Monaco,R,21.596499999999995,46.318000000000005,0.0,34,Mid,1:19.975,59.230769230769226,857.2307692307693,5,-0.18758357211079213,10.0,60.19249856733525
GAS,Alpine,38.0,0 days 00:01:19.428000,MEDIUM,2.0,1,True,79.428,2024,Monaco,R,21.596499999999995,46.318000000000005,0.0,35,Mid,1:19.428,57.82051282051282,855.8205128205128,5,0.021394460362940685,10.0,61.44636676217765
GAS,Alpine,39.0,0 days 00:01:20.320000,MEDIUM,2.0,1,True,80.32,2024,Monaco,R,21.596499999999995,46.318000000000005,0.0,36,Mid,1:20.320,56.41025641025641,854.4102564102564,5,-0.3193887297039146,10.0,59.40166762177652
GAS,Alpine,40.0,0 days 00:01:20.384000,MEDIUM,2.0,1,True,80.384,2024,Monaco,R,21.596499999999995,46.318000000000005,0.0,37,Mid,1:20.384,54.99999999999999,853.0,5,-0.3438395415472792,10.0,59.25496275071633
GAS,Alpine,41.0,0 days 00:01:20.200000,MEDIUM,2.0,1,True,80.2,2024,Monaco,R,21.596499999999995,46.318000000000005,0.0,38,Mid,1:20.200,53.589743589743584,851.5897435897435,5,-0.27354345749761466,10.0,59.67673925501432
GAS,Alpine,42.0,0 days 00:01:19.977000,MEDIUM,2.0,1,True,79.977,2024,Monaco,R,21.596499999999995,46.318000000000005,0.0,39,Mid,1:19.977,52.179487179487175,850.1794871794872,5,-0.18834765998090083,10.0,60.1879140401146
GAS,Alpine,43.0,0 days 00:01:21.048000,MEDIUM,2.0,1,True,81.048,2024,Monaco,R,21.596499999999995,46.318000000000005,0.0,40,Mid,1:21.048,50.76923076923077,848.7692307692307,5,-0.5975167144221597,10.0,57.73289971346705
GAS,Alpine,44.0,0 days 00:01:20.621000,MEDIUM,2.0,1,True,80.621,2024,Monaco,R,21.596499999999995,46.318000000000005,0.0,41,Mid,1:20.621,49.35897435897436,847.3589743589744,5,-0.43438395415472686,10.0,58.711696275071645
GAS,Alpine,45.0,0 days 00:01:19.382000,MEDIUM,2.0,1,True,79.382,2024,Monaco,R,21.596499999999995,46.318000000000005,0.0,42,Mid,1:19.382,47.94871794871794,845.9487179487179,5,0.038968481375354115,10.0,61.55181088825213
GAS,Alpine,46.0,0 days 00:01:19.970000,MEDIUM,2.0,1,True,79.97,2024,Monaco,R,21.596499999999995,46.318000000000005,0.0,43,Mid,1:19.970,46.53846153846153,844.5384615384615,5,-0.1856733524355312,10.0,60.203959885386816
GAS,Alpine,47.0,0 days 00:01:19.435000,MEDIUM,2.0,1,True,79.435,2024,Monaco,R,21.596499999999995,46.318000000000005,0.0,44,Mid,1:19.435,45.128205128205124,843.1282051282051,5,0.018720152817571063,10.0,61.43032091690543
GAS,Alpine,48.0,0 days 00:01:19.865000,MEDIUM,2.0,1,True,79.865,2024,Monaco,R,21.596499999999995,46.318000000000005,0.0,45,Mid,1:19.865,43.717948717948715,841.7179487179487,5,-0.14555873925501403,10.0,60.44464756446992
GAS,Alpine,49.0,0 days 00:01:20.534000,MEDIUM,2.0,1,True,80.534,2024,Monaco,R,21.596499999999995,46.318000000000005,0.0,46,Mid,1:20.534,42.30769230769231,840.3076923076923,5,-0.4011461318051609,10.0,58.91112320916904
GAS,Alpine,50.0,0 days 00:01:21.023000,MEDIUM,2.0,1,True,81.023,2024,Monaco,R,21.596499999999995,46.318000000000005,0.0,47,Mid,1:21.023,40.8974358974359,838.8974358974359,5,-0.5879656160458443,10.0,57.790206303724936
GAS,Alpine,51.0,0 days 00:01:24.473000,MEDIUM,2.0,1,True,84.473,2024,Monaco,R,21.596499999999995,46.318000000000005,0.0,48,Mid,1:24.473,39.48717948717949,837.4871794871794,5,-1.0,10.0,55.318000000000005
GAS,Alpine,52.0,0 days 00:01:19.743000,MEDIUM,2.0,12,True,79.743,2024,Monaco,R,21.596499999999995,46.318000000000005,0.0,49,Mid,1:19.743,38.076923076923066,836.0769230769231,5,-0.09894937917860541,10.0,60.724303724928376
GAS,Alpine,53.0,0 days 00:01:19.917000,MEDIUM,2.0,1,True,79.917,2024,Monaco,R,21.596499999999995,46.318000000000005,0.0,50,Late,1:19.917,36.66666666666666,834.6666666666666,5,-0.16542502387774816,10.0,60.32544985673351
GAS,Alpine,54.0,0 days 00:01:19.091000,MEDIUM,2.0,1,True,79.091,2024,Monaco,R,21.596499999999995,46.318000000000005,0.0,51,Late,1:19.091,35.25641025641025,833.2564102564103,5,0.15014326647564458,10.0,62.218859598853875
GAS,Alpine,55.0,0 days 00:01:19.407000,MEDIUM,2.0,1,True,79.407,2024,Monaco,R,21.596499999999995,46.318000000000005,0.0,52,Late,1:19.407,33.84615384615384,831.8461538461538,5,0.029417382999044117,10.0,61.49450429799427
GAS,Alpine,56.0,0 days 00:01:19.704000,MEDIUM,2.0,1,True,79.704,2024,Monaco,R,21.596499999999995,46.318000000000005,0.0,53,Late,1:19.704,32.43589743589743,830.4358974358975,5,-0.08404966571155617,10.0,60.81370200573067
GAS,Alpine,57.0,0 days 00:01:19.448000,MEDIUM,2.0,1,True,79.448,2024,Monaco,R,21.596499999999995,46.318000000000005,0.0,54,Late,1:19.448,31.025641025641022,829.025641025641,5,0.013753581661891603,10.0,61.400521489971354
GAS,Alpine,58.0,0 days 00:01:19.097000,MEDIUM,2.0,1,True,79.097,2024,Monaco,R,21.596499999999995,46.318000000000005,0.0,55,Late,1:19.097,29.615384615384613,827.6153846153846,5,0.1478510028653293,10.0,62.20510601719198
GAS,Alpine,59.0,0 days 00:01:21.378000,MEDIUM,2.0,1,True,81.378,2024,Monaco,R,21.596499999999995,46.318000000000005,0.0,56,Late,1:21.378,28.205128205128204,826.2051282051282,5,-0.723591212989494,10.0,56.976452722063044
GAS,Alpine,60.0,0 days 00:01:20.237000,MEDIUM,2.0,1,True,80.237,2024,Monaco,R,21.596499999999995,46.318000000000005,0.0,57,Late,1:20.237,26.794871794871796,824.7948717948718,5,-0.28767908309455514,10.0,59.59192550143268
GAS,Alpine,61.0,0 days 00:01:20.407000,MEDIUM,2.0,1,True,80.407,2024,Monaco,R,21.596499999999995,46.318000000000005,0.0,58,Late,1:20.407,25.384615384615373,823.3846153846154,5,-0.3526265520534859,10.0,59.20224068767909
GAS,Alpine,62.0,0 days 00:01:18.469000,MEDIUM,2.0,1,True,78.469,2024,Monaco,R,21.596499999999995,46.318000000000005,0.0,59,Late,1:18.469,23.974358974358964,821.974358974359,5,0.3877745940783182,10.0,63.64464756446991
GAS,Alpine,63.0,0 days 00:01:19.155000,MEDIUM,2.0,1,True,79.155,2024,Monaco,R,21.596499999999995,46.318000000000005,0.0,60,Late,1:19.155,22.564102564102555,820.5641025641025,5,0.1256924546322799,10.0,62.07215472779369
GAS,Alpine,64.0,0 days 00:01:18.868000,MEDIUM,2.0,1,True,78.868,2024,Monaco,R,21.596499999999995,46.318000000000005,0.0,61,Late,1:18.868,21.153846153846146,819.1538461538462,5,0.23533906399235838,10.0,62.730034383954155
GAS,Alpine,65.0,0 days 00:01:19.220000,MEDIUM,2.0,1,True,79.22,2024,Monaco,R,21.596499999999995,46.318000000000005,0.0,62,Late,1:19.220,19.743589743589737,817.7435897435897,5,0.10085959885386632,10.0,61.9231575931232
GAS,Alpine,66.0,0 days 00:01:18.726000,MEDIUM,2.0,1,True,78.726,2024,Monaco,R,21.596499999999995,46.318000000000005,0.0,63,Late,1:18.726,18.33333333333333,816.3333333333334,5,0.2895893027698161,10.0,63.0555358166189
GAS,Alpine,67.0,0 days 00:01:18.624000,MEDIUM,2.0,1,True,78.624,2024,Monaco,R,21.596499999999995,46.318000000000005,0.0,64,Late,1:18.624,16.92307692307692,814.9230769230769,5,0.3285577841451756,10.0,63.28934670487106
GAS,Alpine,68.0,0 days 00:01:18.545000,MEDIUM,2.0,1,True,78.545,2024,Monaco,R,21.596499999999995,46.318000000000005,0.0,65,Late,1:18.545,15.512820512820511,813.5128205128206,5,0.358739255014323,10.0,63.47043553008594
GAS,Alpine,69.0,0 days 00:01:18.363000,MEDIUM,2.0,1,True,78.363,2024,Monaco,R,21.596499999999995,46.318000000000005,0.0,66,Late,1:18.363,14.102564102564102,812.1025641025641,5,0.4282712511938843,10.0,63.88762750716331
GAS,Alpine,70.0,0 days 00:01:17.799000,MEDIUM,2.0,1,True,77.799,2024,Monaco,R,21.596499999999995,46.318000000000005,0.0,67,Late,1:17.799,12.69230769230768,810.6923076923076,5,0.6437440305635086,10.0,65.18046418338106
GAS,Alpine,71.0,0 days 00:01:18.140000,MEDIUM,2.0,1,True,78.14,2024,Monaco,R,21.596499999999995,46.318000000000005,0.0,68,Late,1:18.140,11.28205128205127,809.2820512820513,5,0.5134670487105981,10.0,64.3988022922636
GAS,Alpine,72.0,0 days 00:01:18.382000,MEDIUM,2.0,1,True,78.382,2024,Monaco,R,21.596499999999995,46.318000000000005,0.0,69,Late,1:18.382,9.871794871794862,807.8717948717949,5,0.4210124164278842,10.0,63.84407449856731
GAS,Alpine,73.0,0 days 00:01:17.992000,MEDIUM,2.0,1,True,77.992,2024,Monaco,R,21.596499999999995,46.318000000000005,0.0,70,Late,1:17.992,8.461538461538453,806.4615384615385,5,0.5700095510983711,10.0,64.73805730659024
GAS,Alpine,74.0,0 days 00:01:16.689000,MEDIUM,2.0,1,True,76.689,2024,Monaco,R,21.596499999999995,46.318000000000005,0.0,71,Late,1:16.689,7.051282051282044,805.051282051282,5,1.0,10.0,67.31800000000001
GAS,Alpine,75.0,0 days 00:01:18.120000,MEDIUM,2.0,1,True,78.12,2024,Monaco,R,21.596499999999995,46.318000000000005,0.0,72,Late,1:18.120,5.641025641025635,803.6410256410256,5,0.5211079274116472,10.0,64.44464756446989
GAS,Alpine,76.0,0 days 00:01:17.516000,MEDIUM,2.0,1,True,77.516,2024,Monaco,R,21.596499999999995,46.318000000000005,0.0,73,Late,1:17.516,4.230769230769226,802.2307692307693,5,0.7518624641833751,10.0,65.82917478510025
GAS,Alpine,77.0,0 days 00:01:15.625000,MEDIUM,2.0,1,True,75.625,2024,Monaco,R,21.596499999999995,46.318000000000005,0.0,74,Late,1:15.625,2.8205128205128176,800.8205128205128,5,1.0,10.0,67.31800000000001
HAM,Mercedes,3.0,0 days 00:01:27.058000,MEDIUM,2.0,1,True,87.058,2024,Monaco,R,21.596499999999995,46.318000000000005,0.0,0,Early,1:27.058,107.17948717948718,905.1794871794872,5,-1.0,0.0,45.318000000000005
HAM,Mercedes,4.0,0 days 00:01:23.376000,MEDIUM,2.0,1,True,83.376,2024,Monaco,R,21.596499999999995,46.318000000000005,0.0,1,Early,1:23.376,105.76923076923077,903.7692307692307,5,-1.0,0.6,45.918000000000006
HAM,Mercedes,5.0,0 days 00:01:23.640000,MEDIUM,2.0,1,True,83.64,2024,Monaco,R,21.596499999999995,46.318000000000005,0.0,2,Early,1:23.640,104.35897435897436,902.3589743589744,5,-1.0,1.2,46.51800000000001
HAM,Mercedes,6.0,0 days 00:01:23.369000,MEDIUM,2.0,1,True,83.369,2024,Monaco,R,21.596499999999995,46.318000000000005,0.0,3,Early,1:23.369,102.94871794871794,900.9487179487179,5,-1.0,1.7999999999999998,47.118
HAM,Mercedes,7.0,0 days 00:01:21.463000,MEDIUM,2.0,1,True,81.463,2024,Monaco,R,21.596499999999995,46.318000000000005,0.0,4,Early,1:21.463,101.53846153846153,899.5384615384615,5,-0.7560649474689567,2.4,49.18161031518626
HAM,Mercedes,8.0,0 days 00:01:21.612000,MEDIUM,2.0,1,True,81.612,2024,Monaco,R,21.596499999999995,46.318000000000005,0.0,5,Early,1:21.612,100.12820512820512,898.1282051282051,5,-0.812989493791784,3.0,49.4400630372493
HAM,Mercedes,9.0,0 days 00:01:21.851000,MEDIUM,2.0,1,True,81.851,2024,Monaco,R,21.596499999999995,46.318000000000005,0.0,6,Early,1:21.851,98.71794871794872,896.7179487179487,5,-0.9042979942693403,3.5999999999999996,49.49221203438397
HAM,Mercedes,10.0,0 days 00:01:21.437000,MEDIUM,2.0,1,True,81.437,2024,Monaco,R,21.596499999999995,46.318000000000005,0.0,7,Early,1:21.437,97.3076923076923,895.3076923076923,5,-0.7461318051575923,4.2,51.041209169054454
HAM,Mercedes,11.0,0 days 00:01:21.325000,MEDIUM,2.0,1,True,81.325,2024,Monaco,R,21.596499999999995,46.318000000000005,0.0,8,Early,1:21.325,95.8974358974359,893.8974358974359,5,-0.7033428844317109,4.8,51.89794269340974
HAM,Mercedes,12.0,0 days 00:01:21.164000,MEDIUM,2.0,1,True,81.164,2024,Monaco,R,21.596499999999995,46.318000000000005,0.0,9,Early,1:21.164,94.48717948717949,892.4871794871794,5,-0.6418338108882531,5.3999999999999995,52.866997134670484
HAM,Mercedes,13.0,0 days 00:01:20.171000,MEDIUM,2.0,1,True,80.171,2024,Monaco,R,21.596499999999995,46.318000000000005,0.0,10,Early,1:20.171,93.07692307692308,891.0769230769231,5,-0.2624641833810927,6.0,55.74321489971345
HAM,Mercedes,14.0,0 days 00:01:20.126000,MEDIUM,2.0,1,True,80.126,2024,Monaco,R,21.596499999999995,46.318000000000005,0.0,11,Early,1:20.126,91.66666666666666,889.6666666666666,5,-0.24527220630372815,6.6,56.44636676217764
HAM,Mercedes,15.0,0 days 00:01:19.971000,MEDIUM,2.0,1,True,79.971,2024,Monaco,R,21.596499999999995,46.318000000000005,0.0,12,Early,1:19.971,90.25641025641025,888.2564102564103,5,-0.18605539637058557,7.199999999999999,57.40166762177649
HAM,Mercedes,16.0,0 days 00:01:20.384000,MEDIUM,2.0,1,True,80.384,2024,Monaco,R,21.596499999999995,46.318000000000005,0.0,13,Early,1:20.384,88.84615384615384,886.8461538461538,5,-0.3438395415472792,7.8,57.05496275071633
HAM,Mercedes,17.0,0 days 00:01:19.738000,MEDIUM,2.0,1,True,79.738,2024,Monaco,R,21.596499999999995,46.318000000000005,0.0,14,Early,1:19.738,87.43589743589743,885.4358974358975,5,-0.0970391595033445,8.4,59.13576504297993
HAM,Mercedes,18.0,0 days 00:01:20.037000,MEDIUM,2.0,1,True,80.037,2024,Monaco,R,21.596499999999995,46.318000000000005,0.0,15,Early,1:20.037,86.02564102564102,884.025641025641,5,-0.2112702960840535,9.0,59.050378223495684
HAM,Mercedes,19.0,0 days 00:01:19.874000,MEDIUM,2.0,1,True,79.874,2024,Monaco,R,21.596499999999995,46.318000000000005,0.0,16,Early,1:19.874,84.61538461538461,882.6153846153846,5,-0.14899713467048695,9.6,60.02401719197709
HAM,Mercedes,20.0,0 days 00:01:20.504000,MEDIUM,2.0,1,True,80.504,2024,Monaco,R,21.596499999999995,46.318000000000005,0.0,17,Early,1:20.504,83.2051282051282,881.2051282051282,5,-0.38968481375358455,10.0,58.979891117478495
HAM,Mercedes,21.0,0 days 00:01:19.760000,MEDIUM,2.0,1,True,79.76,2024,Monaco,R,21.596499999999995,46.318000000000005,0.0,18,Early,1:19.760,81.7948717948718,879.7948717948718,5,-0.10544412607450229,10.0,60.68533524355299
HAM,Mercedes,22.0,0 days 00:01:20.590000,MEDIUM,2.0,1,True,80.59,2024,Monaco,R,21.596499999999995,46.318000000000005,0.0,19,Early,1:20.590,80.38461538461539,878.3846153846154,5,-0.4225405921681016,10.0,58.78275644699139
HAM,Mercedes,23.0,0 days 00:01:19.089000,MEDIUM,2.0,1,True,79.089,2024,Monaco,R,21.596499999999995,46.318000000000005,0.0,20,Early,1:19.089,78.97435897435898,876.974358974359,5,0.15090735434574784,10.0,62.22344412607449
HAM,Mercedes,24.0,0 days 00:01:18.785000,MEDIUM,2.0,1,True,78.785,2024,Monaco,R,21.596499999999995,46.318000000000005,0.0,21,Early,1:18.785,77.56410256410257,875.5641025641025,5,0.26704871060171775,10.0,62.920292263610314
HAM,Mercedes,25.0,0 days 00:01:19.342000,MEDIUM,2.0,1,True,79.342,2024,Monaco,R,21.596499999999995,46.318000000000005,0.0,22,Early,1:19.342,76.15384615384616,874.1538461538462,5,0.0542502387774577,10.0,61.64350143266475
HAM,Mercedes,26.0,0 days 00:01:19.862000,MEDIUM,2.0,1,True,79.862,2024,Monaco,R,21.596499999999995,46.318000000000005,0.0,23,Early,1:19.862,74.74358974358975,872.7435897435897,5,-0.1444126074498564,10.0,60.45152435530087
HAM,Mercedes,27.0,0 days 00:01:18.549000,MEDIUM,2.0,1,True,78.549,2024,Monaco,R,21.596499999999995,46.318000000000005,0.0,24,Mid,1:18.549,73.33333333333333,871.3333333333334,5,0.35721107927411105,10.0,63.46126647564467
HAM,Mercedes,28.0,0 days 00:01:18.587000,MEDIUM,2.0,1,True,78.587,2024,Monaco,R,21.596499999999995,46.318000000000005,0.0,25,Mid,1:18.587,71.92307692307692,869.9230769230769,5,0.34269340974211615,10.0,63.3741604584527
HAM,Mercedes,29.0,0 days 00:01:18.940000,MEDIUM,2.0,1,True,78.94,2024,Monaco,R,21.596499999999995,46.318000000000005,0.0,26,Mid,1:18.940,70.51282051282051,868.5128205128206,5,0.20783190066857518,10.0,62.56499140401146
HAM,Mercedes,30.0,0 days 00:01:18.371000,MEDIUM,2.0,1,True,78.371,2024,Monaco,R,21.596499999999995,46.318000000000005,0.0,27,Mid,1:18.371,69.1025641025641,867.1025641025641,5,0.42521489971346577,10.0,63.8692893982808
HAM,Mercedes,31.0,0 days 00:01:18.471000,MEDIUM,2.0,1,True,78.471,2024,Monaco,R,21.596499999999995,46.318000000000005,0.0,28,Mid,1:18.471,67.69230769230768,865.6923076923076,5,0.3870105062082095,10.0,63.64006303724926
HAM,Mercedes,32.0,0 days 00:01:18.618000,MEDIUM,2.0,1,True,78.618,2024,Monaco,R,21.596499999999995,46.318000000000005,0.0,29,Mid,1:18.618,66.28205128205127,864.2820512820513,5,0.3308500477554909,10.0,63.30310028653295
HAM,Mercedes,33.0,0 days 00:01:18.746000,MEDIUM,2.0,1,True,78.746,2024,Monaco,R,21.596499999999995,46.318000000000005,0.0,30,Mid,1:18.746,64.87179487179486,862.8717948717949,5,0.281948424068767,10.0,63.00969054441261
HAM,Mercedes,34.0,0 days 00:01:18.860000,MEDIUM,2.0,1,True,78.86,2024,Monaco,R,21.596499999999995,46.318000000000005,0.0,31,Mid,1:18.860,63.46153846153846,861.4615384615385,5,0.23839541547277693,10.0,62.748372492836666
HAM,Mercedes,35.0,0 days 00:01:19.518000,MEDIUM,2.0,1,True,79.518,2024,Monaco,R,21.596499999999995,46.318000000000005,0.0,32,Mid,1:19.518,62.05128205128205,860.0512820512821,5,-0.012989493791788324,10.0,61.24006303724928
HAM,Mercedes,36.0,0 days 00:01:20.648000,MEDIUM,2.0,1,True,80.648,2024,Monaco,R,21.596499999999995,46.318000000000005,0.0,33,Mid,1:20.648,60.641025641025635,858.6410256410256,5,-0.44469914040114555,10.0,58.64980515759313
HAM,Mercedes,37.0,0 days 00:01:18.605000,MEDIUM,2.0,1,True,78.605,2024,Monaco,R,21.596499999999995,46.318000000000005,0.0,34,Mid,1:18.605,59.230769230769226,857.2307692307693,5,0.3358166189111704,10.0,63.33289971346703
HAM,Mercedes,38.0,0 days 00:01:20.514000,MEDIUM,2.0,1,True,80.514,2024,Monaco,R,21.596499999999995,46.318000000000005,0.0,35,Mid,1:20.514,57.82051282051282,855.8205128205128,5,-0.3935052531041064,10.0,58.95696848137537
HAM,Mercedes,39.0,0 days 00:01:18.943000,MEDIUM,2.0,1,True,78.943,2024,Monaco,R,21.596499999999995,46.318000000000005,0.0,36,Mid,1:18.943,56.41025641025641,854.4102564102564,5,0.20668576886341755,10.0,62.55811461318051
HAM,Mercedes,40.0,0 days 00:01:18.673000,MEDIUM,2.0,1,True,78.673,2024,Monaco,R,21.596499999999995,46.318000000000005,0.0,37,Mid,1:18.673,54.99999999999999,853.0,5,0.3098376313275991,10.0,63.1770257879656
HAM,Mercedes,41.0,0 days 00:01:18.946000,MEDIUM,2.0,1,True,78.946,2024,Monaco,R,21.596499999999995,46.318000000000005,0.0,38,Mid,1:18.946,53.589743589743584,851.5897435897435,5,0.2055396370582599,10.0,62.55123782234956
HAM,Mercedes,42.0,0 days 00:01:17.542000,MEDIUM,2.0,1,True,77.542,2024,Monaco,R,21.596499999999995,46.318000000000005,0.0,39,Mid,1:17.542,52.179487179487175,850.1794871794872,5,0.7419293218720107,10.0,65.76957593123207
HAM,Mercedes,43.0,0 days 00:01:17.867000,MEDIUM,2.0,1,True,77.867,2024,Monaco,R,21.596499999999995,46.318000000000005,0.0,40,Mid,1:17.867,50.76923076923077,848.7692307692307,5,0.6177650429799374,10.0,65.02459025787962
HAM,Mercedes,44.0,0 days 00:01:18.225000,MEDIUM,2.0,1,True,78.225,2024,Monaco,R,21.596499999999995,46.318000000000005,0.0,41,Mid,1:18.225,49.35897435897436,847.3589743589744,5,0.48099331423113545,10.0,64.20395988538682
HAM,Mercedes,45.0,0 days 00:01:18.156000,MEDIUM,2.0,1,True,78.156,2024,Monaco,R,21.596499999999995,46.318000000000005,0.0,42,Mid,1:18.156,47.94871794871794,845.9487179487179,5,0.5073543457497556,10.0,64.36212607449853
HAM,Mercedes,46.0,0 days 00:01:18.104000,MEDIUM,2.0,1,True,78.104,2024,Monaco,R,21.596499999999995,46.318000000000005,0.0,43,Mid,1:18.104,46.53846153846153,844.5384615384615,5,0.5272206303724897,10.0,64.48132378223494
HAM,Mercedes,47.0,0 days 00:01:18.331000,MEDIUM,2.0,1,True,78.331,2024,Monaco,R,21.596499999999995,46.318000000000005,0.0,44,Mid,1:18.331,45.128205128205124,843.1282051282051,5,0.4404966571155639,10.0,63.960979942693385
HAM,Mercedes,48.0,0 days 00:01:17.831000,MEDIUM,2.0,1,True,77.831,2024,Monaco,R,21.596499999999995,46.318000000000005,0.0,45,Mid,1:17.831,43.717948717948715,841.7179487179487,5,0.631518624641829,10.0,65.10711174785098
HAM,Mercedes,49.0,0 days 00:01:17.398000,MEDIUM,2.0,1,True,77.398,2024,Monaco,R,21.596499999999995,46.318000000000005,0.0,46,Mid,1:17.398,42.30769230769231,840.3076923076923,5,0.7969436485195771,10.0,66.09966189111746
HAM,Mercedes,50.0,0 days 00:01:18.461000,MEDIUM,2.0,1,True,78.461,2024,Monaco,R,21.596499999999995,46.318000000000005,0.0,47,Mid,1:18.461,40.8974358974359,838.8974358974359,5,0.39083094555873676,10.0,63.66298567335242
HAM,Mercedes,53.0,0 days 00:01:16.458000,HARD,3.0,1,True,76.458,2024,Monaco,R,21.596499999999995,46.318000000000005,0.0,0,Late,1:16.458,36.66666666666666,834.6666666666666,2,1.0,0.0,54.318000000000005
HAM,Mercedes,54.0,0 days 00:01:16.388000,HARD,3.0,1,True,76.388,2024,Monaco,R,21.596499999999995,46.318000000000005,0.0,1,Late,1:16.388,35.25641025641025,833.2564102564103,2,1.0,0.6,54.918000000000006
HAM,Mercedes,55.0,0 days 00:01:16.492000,HARD,3.0,1,True,76.492,2024,Monaco,R,21.596499999999995,46.318000000000005,0.0,2,Late,1:16.492,33.84615384615384,831.8461538461538,2,1.0,1.2,55.51800000000001
HAM,Mercedes,56.0,0 days 00:01:14.423000,HARD,3.0,1,True,74.423,2024,Monaco,R,21.596499999999995,46.318000000000005,0.0,3,Late,1:14.423,32.43589743589743,830.4358974358975,2,1.0,1.7999999999999998,56.118
HAM,Mercedes,57.0,0 days 00:01:17.857000,HARD,3.0,1,True,77.857,2024,Monaco,R,21.596499999999995,46.318000000000005,0.0,4,Late,1:17.857,31.025641025641022,829.025641025641,2,0.6215854823304646,2.4,54.44751289398279
HAM,Mercedes,58.0,0 days 00:01:16.855000,HARD,3.0,1,True,76.855,2024,Monaco,R,21.596499999999995,46.318000000000005,0.0,5,Late,1:16.855,29.615384615384613,827.6153846153846,2,1.0,3.0,57.318000000000005
HAM,Mercedes,59.0,0 days 00:01:14.204000,HARD,3.0,1,True,74.204,2024,Monaco,R,21.596499999999995,46.318000000000005,0.0,6,Late,1:14.204,28.205128205128204,826.2051282051282,2,1.0,3.5999999999999996,57.918000000000006
HAM,Mercedes,60.0,0 days 00:01:15.848000,HARD,3.0,1,True,75.848,2024,Monaco,R,21.596499999999995,46.318000000000005,0.0,7,Late,1:15.848,26.794871794871796,824.7948717948718,2,1.0,4.2,58.51800000000001
HAM,Mercedes,61.0,0 days 00:01:15.274000,HARD,3.0,1,True,75.274,2024,Monaco,R,21.596499999999995,46.318000000000005,0.0,8,Late,1:15.274,25.384615384615373,823.3846153846154,2,1.0,4.8,59.118
HAM,Mercedes,62.0,0 days 00:01:15.414000,HARD,3.0,1,True,75.414,2024,Monaco,R,21.596499999999995,46.318000000000005,0.0,9,Late,1:15.414,23.974358974358964,821.974358974359,2,1.0,5.3999999999999995,59.718
HAM,Mercedes,63.0,0 days 00:01:14.165000,HARD,3.0,1,True,74.165,2024,Monaco,R,21.596499999999995,46.318000000000005,0.0,10,Late,1:14.165,22.564102564102555,820.5641025641025,2,1.0,6.0,60.318000000000005
HAM,Mercedes,64.0,0 days 00:01:16.164000,HARD,3.0,1,True,76.164,2024,Monaco,R,21.596499999999995,46.318000000000005,0.0,11,Late,1:16.164,21.153846153846146,819.1538461538462,2,1.0,6.6,60.918000000000006
HAM,Mercedes,65.0,0 days 00:01:15.190000,HARD,3.0,1,True,75.19,2024,Monaco,R,21.596499999999995,46.318000000000005,0.0,12,Late,1:15.190,19.743589743589737,817.7435897435897,2,1.0,7.199999999999999,61.518
HAM,Mercedes,66.0,0 days 00:01:15.342000,HARD,3.0,1,True,75.342,2024,Monaco,R,21.596499999999995,46.318000000000005,0.0,13,Late,1:15.342,18.33333333333333,816.3333333333334,2,1.0,7.8,62.118
HAM,Mercedes,67.0,0 days 00:01:16.117000,HARD,3.0,1,True,76.117,2024,Monaco,R,21.596499999999995,46.318000000000005,0.0,14,Late,1:16.117,16.92307692307692,814.9230769230769,2,1.0,8.4,62.718
HAM,Mercedes,68.0,0 days 00:01:15.836000,HARD,3.0,1,True,75.836,2024,Monaco,R,21.596499999999995,46.318000000000005,0.0,15,Late,1:15.836,15.512820512820511,813.5128205128206,2,1.0,9.0,63.318000000000005
HAM,Mercedes,69.0,0 days 00:01:15.648000,HARD,3.0,1,True,75.648,2024,Monaco,R,21.596499999999995,46.318000000000005,0.0,16,Late,1:15.648,14.102564102564102,812.1025641025641,2,1.0,9.6,63.918000000000006
HAM,Mercedes,70.0,0 days 00:01:15.638000,HARD,3.0,1,True,75.638,2024,Monaco,R,21.596499999999995,46.318000000000005,0.0,17,Late,1:15.638,12.69230769230768,810.6923076923076,2,1.0,10.0,64.31800000000001
HAM,Mercedes,71.0,0 days 00:01:15.643000,HARD,3.0,1,True,75.643,2024,Monaco,R,21.596499999999995,46.318000000000005,0.0,18,Late,1:15.643,11.28205128205127,809.2820512820513,2,1.0,10.0,64.31800000000001
HAM,Mercedes,72.0,0 days 00:01:15.468000,HARD,3.0,1,True,75.468,2024,Monaco,R,21.596499999999995,46.318000000000005,0.0,19,Late,1:15.468,9.871794871794862,807.8717948717949,2,1.0,10.0,64.31800000000001
HAM,Mercedes,73.0,0 days 00:01:15.134000,HARD,3.0,1,True,75.134,2024,Monaco,R,21.596499999999995,46.318000000000005,0.0,20,Late,1:15.134,8.461538461538453,806.4615384615385,2,1.0,10.0,64.31800000000001
HAM,Mercedes,74.0,0 days 00:01:15.324000,HARD,3.0,1,True,75.324,2024,Monaco,R,21.596499999999995,46.318000000000005,0.0,21,Late,1:15.324,7.051282051282044,805.051282051282,2,1.0,10.0,64.31800000000001
HAM,Mercedes,75.0,0 days 00:01:15.324000,HARD,3.0,1,True,75.324,2024,Monaco,R,21.596499999999995,46.318000000000005,0.0,22,Late,1:15.324,5.641025641025635,803.6410256410256,2,1.0,10.0,64.31800000000001
HAM,Mercedes,76.0,0 days 00:01:15.245000,HARD,3.0,1,True,75.245,2024,Monaco,R,21.596499999999995,46.318000000000005,0.0,23,Late,1:15.245,4.230769230769226,802.2307692307693,2,1.0,10.0,64.31800000000001
HAM,Mercedes,77.0,0 days 00:01:15.697000,HARD,3.0,1,True,75.697,2024,Monaco,R,21.596499999999995,46.318000000000005,0.0,24,Late,1:15.697,2.8205128205128176,800.8205128205128,2,1.0,10.0,64.31800000000001
HAM,Mercedes,78.0,0 days 00:01:16.355000,HARD,3.0,1,True,76.355,2024,Monaco,R,21.596499999999995,46.318000000000005,0.0,25,Late,1:16.355,1.4102564102564088,799.4102564102564,2,1.0,10.0,64.31800000000001
LEC,Ferrari,3.0,0 days 00:01:24.624000,HARD,2.0,1,True,84.624,2024,Monaco,R,21.596499999999995,46.318000000000005,0.0,0,Early,1:24.624,107.17948717948718,905.1794871794872,2,-1.0,0.0,42.318000000000005
LEC,Ferrari,4.0,0 days 00:01:22.625000,HARD,2.0,1,True,82.625,2024,Monaco,R,21.596499999999995,46.318000000000005,0.0,1,Early,1:22.625,105.76923076923077,903.7692307692307,2,-1.0,0.6,42.918000000000006
LEC,Ferrari,5.0,0 days 00:01:21.795000,HARD,2.0,1,True,81.795,2024,Monaco,R,21.596499999999995,46.318000000000005,0.0,2,Early,1:21.795,104.35897435897436,902.3589743589744,2,-0.8829035339063996,1.2,44.22057879656161
LEC,Ferrari,6.0,0 days 00:01:21.145000,HARD,2.0,1,True,81.145,2024,Monaco,R,21.596499999999995,46.318000000000005,0.0,3,Early,1:21.145,102.94871794871794,900.9487179487179,2,-0.6345749761222529,1.7999999999999998,46.31055014326648
LEC,Ferrari,7.0,0 days 00:01:20.980000,HARD,2.0,1,True,80.98,2024,Monaco,R,21.596499999999995,46.318000000000005,0.0,4,Early,1:20.980,101.53846153846153,899.5384615384615,2,-0.5715377268385885,2.4,47.28877363896847
LEC,Ferrari,8.0,0 days 00:01:21.030000,HARD,2.0,1,True,81.03,2024,Monaco,R,21.596499999999995,46.318000000000005,0.0,5,Early,1:21.030,100.12820512820512,898.1282051282051,2,-0.590639923591214,3.0,47.77416045845272
LEC,Ferrari,9.0,0 days 00:01:20.114000,HARD,2.0,1,True,80.114,2024,Monaco,R,21.596499999999995,46.318000000000005,0.0,6,Early,1:20.114,98.71794871794872,896.7179487179487,2,-0.24068767908309763,3.5999999999999996,50.47387392550142
LEC,Ferrari,10.0,0 days 00:01:20.775000,HARD,2.0,1,True,80.775,2024,Monaco,R,21.596499999999995,46.318000000000005,0.0,7,Early,1:20.775,97.3076923076923,895.3076923076923,2,-0.4932187201528205,4.2,49.558687679083086
LEC,Ferrari,11.0,0 days 00:01:21.046000,HARD,2.0,1,True,81.046,2024,Monaco,R,21.596499999999995,46.318000000000005,0.0,8,Early,1:21.046,95.8974358974359,893.8974358974359,2,-0.5967526265520564,4.8,49.53748424068766
LEC,Ferrari,12.0,0 days 00:01:20.252000,HARD,2.0,1,True,80.252,2024,Monaco,R,21.596499999999995,46.318000000000005,0.0,9,Early,1:20.252,94.48717948717949,892.4871794871794,2,-0.2934097421203433,5.3999999999999995,51.95754154727794
LEC,Ferrari,13.0,0 days 00:01:19.017000,HARD,2.0,1,True,79.017,2024,Monaco,R,21.596499999999995,46.318000000000005,0.0,10,Early,1:19.017,93.07692307692308,891.0769230769231,2,0.17841451766953106,6.0,55.388487106017195
LEC,Ferrari,14.0,0 days 00:01:19.913000,HARD,2.0,1,True,79.913,2024,Monaco,R,21.596499999999995,46.318000000000005,0.0,11,Early,1:19.913,91.66666666666666,889.6666666666666,2,-0.16389684813753616,6.6,53.93461891117479
LEC,Ferrari,15.0,0 days 00:01:19.838000,HARD,2.0,1,True,79.838,2024,Monaco,R,21.596499999999995,46.318000000000005,0.0,12,Early,1:19.838,90.25641025641025,888.2564102564103,2,-0.13524355300859534,7.199999999999999,54.70653868194843
LEC,Ferrari,16.0,0 days 00:01:20.156000,HARD,2.0,1,True,80.156,2024,Monaco,R,21.596499999999995,46.318000000000005,0.0,13,Early,1:20.156,88.84615384615384,886.8461538461538,2,-0.2567335243553045,7.8,54.577598853868174
LEC,Ferrari,17.0,0 days 00:01:20.279000,HARD,2.0,1,True,80.279,2024,Monaco,R,21.596499999999995,46.318000000000005,0.0,14,Early,1:20.279,87.43589743589743,885.4358974358975,2,-0.303724928366762,8.4,54.89565042979943
LEC,Ferrari,18.0,0 days 00:01:19.580000,HARD,2.0,1,True,79.58,2024,Monaco,R,21.596499999999995,46.318000000000005,0.0,15,Early,1:19.580,86.02564102564102,884.025641025641,2,-0.036676217765044275,9.0,57.09794269340974
LEC,Ferrari,19.0,0 days 00:01:18.842000,HARD,2.0,1,True,78.842,2024,Monaco,R,21.596499999999995,46.318000000000005,0.0,16,Early,1:18.842,84.61538461538461,882.6153846153846,2,0.24527220630372273,9.6,59.389633237822345
LEC,Ferrari,20.0,0 days 00:01:18.724000,HARD,2.0,1,True,78.724,2024,Monaco,R,21.596499999999995,46.318000000000005,0.0,17,Early,1:18.724,83.2051282051282,881.2051282051282,2,0.2903533906399194,10.0,60.06012034383952
LEC,Ferrari,21.0,0 days 00:01:18.472000,HARD,2.0,1,True,78.472,2024,Monaco,R,21.596499999999995,46.318000000000005,0.0,18,Early,1:18.472,81.7948717948718,879.7948717948718,2,0.38662846227316056,10.0,60.63777077363897
LEC,Ferrari,22.0,0 days 00:01:18.620000,HARD,2.0,1,True,78.62,2024,Monaco,R,21.596499999999995,46.318000000000005,0.0,19,Early,1:18.620,80.38461538461539,878.3846153846154,2,0.3300859598853822,10.0,60.298515759312295
LEC,Ferrari,23.0,0 days 00:01:18.458000,HARD,2.0,1,True,78.458,2024,Monaco,R,21.596499999999995,46.318000000000005,0.0,20,Early,1:18.458,78.97435897435898,876.974358974359,2,0.39197707736389437,10.0,60.66986246418337
LEC,Ferrari,24.0,0 days 00:01:18.725000,HARD,2.0,1,True,78.725,2024,Monaco,R,21.596499999999995,46.318000000000005,0.0,21,Early,1:18.725,77.56410256410257,875.5641025641025,2,0.28997134670487046,10.0,60.05782808022923
LEC,Ferrari,25.0,0 days 00:01:18.973000,HARD,2.0,1,True,78.973,2024,Monaco,R,21.596499999999995,46.318000000000005,0.0,22,Early,1:18.973,76.15384615384616,874.1538461538462,2,0.1952244508118412,10.0,59.48934670487105
LEC,Ferrari,26.0,0 days 00:01:18.445000,HARD,2.0,1,True,78.445,2024,Monaco,R,21.596499999999995,46.318000000000005,0.0,23,Early,1:18.445,74.74358974358975,872.7435897435897,2,0.3969436485195793,10.0,60.69966189111748
LEC,Ferrari,27.0,0 days 00:01:18.351000,HARD,2.0,1,True,78.351,2024,Monaco,R,21.596499999999995,46.318000000000005,0.0,24,Mid,1:18.351,73.33333333333333,871.3333333333334,2,0.43285577841451484,10.0,60.91513467048709
LEC,Ferrari,28.0,0 days 00:01:18.710000,HARD,2.0,1,True,78.71,2024,Monaco,R,21.596499999999995,46.318000000000005,0.0,25,Mid,1:18.710,71.92307692307692,869.9230769230769,2,0.2957020057306586,10.0,60.092212034383955
LEC,Ferrari,29.0,0 days 00:01:19.053000,HARD,2.0,1,True,79.053,2024,Monaco,R,21.596499999999995,46.318000000000005,0.0,26,Mid,1:19.053,70.51282051282051,868.5128205128206,2,0.16466093600763945,10.0,59.30596561604584
LEC,Ferrari,30.0,0 days 00:01:19.935000,HARD,2.0,1,True,79.935,2024,Monaco,R,21.596499999999995,46.318000000000005,0.0,27,Mid,1:19.935,69.1025641025641,867.1025641025641,2,-0.17230181470869396,10.0,57.28418911174784
LEC,Ferrari,31.0,0 days 00:01:18.393000,HARD,2.0,1,True,78.393,2024,Monaco,R,21.596499999999995,46.318000000000005,0.0,28,Mid,1:18.393,67.69230769230768,865.6923076923076,2,0.41680993314230796,10.0,60.818859598853855
LEC,Ferrari,32.0,0 days 00:01:19.125000,HARD,2.0,1,True,79.125,2024,Monaco,R,21.596499999999995,46.318000000000005,0.0,29,Mid,1:19.125,66.28205128205127,864.2820512820513,2,0.13715377268385626,10.0,59.14092263610314
LEC,Ferrari,33.0,0 days 00:01:18.494000,HARD,2.0,1,True,78.494,2024,Monaco,R,21.596499999999995,46.318000000000005,0.0,30,Mid,1:18.494,64.87179487179486,862.8717948717949,2,0.3782234957020028,10.0,60.58734097421202
LEC,Ferrari,34.0,0 days 00:01:19.319000,HARD,2.0,1,True,79.319,2024,Monaco,R,21.596499999999995,46.318000000000005,0.0,31,Mid,1:19.319,63.46153846153846,861.4615384615385,2,0.06303724928366441,10.0,58.69622349570199
LEC,Ferrari,35.0,0 days 00:01:18.530000,HARD,2.0,1,True,78.53,2024,Monaco,R,21.596499999999995,46.318000000000005,0.0,32,Mid,1:18.530,62.05128205128205,860.0512820512821,2,0.3644699140401112,10.0,60.50481948424067
LEC,Ferrari,36.0,0 days 00:01:18.689000,HARD,2.0,1,True,78.689,2024,Monaco,R,21.596499999999995,46.318000000000005,0.0,33,Mid,1:18.689,60.641025641025635,858.6410256410256,2,0.303724928366762,10.0,60.14034957020058
LEC,Ferrari,37.0,0 days 00:01:18.925000,HARD,2.0,1,True,78.925,2024,Monaco,R,21.596499999999995,46.318000000000005,0.0,34,Mid,1:18.925,59.230769230769226,857.2307692307693,2,0.21356255969436333,10.0,59.599375358166185
LEC,Ferrari,38.0,0 days 00:01:18.528000,HARD,2.0,1,True,78.528,2024,Monaco,R,21.596499999999995,46.318000000000005,0.0,35,Mid,1:18.528,57.82051282051282,855.8205128205128,2,0.3652340019102145,10.0,60.50940401146129
LEC,Ferrari,39.0,0 days 00:01:18.181000,HARD,2.0,1,True,78.181,2024,Monaco,R,21.596499999999995,46.318000000000005,0.0,36,Mid,1:18.181,56.41025641025641,854.4102564102564,2,0.4978032473734456,10.0,61.30481948424068
LEC,Ferrari,40.0,0 days 00:01:18.733000,HARD,2.0,1,True,78.733,2024,Monaco,R,21.596499999999995,46.318000000000005,0.0,37,Mid,1:18.733,54.99999999999999,853.0,2,0.28691499522444647,10.0,60.03948997134668
LEC,Ferrari,41.0,0 days 00:01:18.694000,HARD,2.0,1,True,78.694,2024,Monaco,R,21.596499999999995,46.318000000000005,0.0,38,Mid,1:18.694,53.589743589743584,851.5897435897435,2,0.3018147086914957,10.0,60.12888825214898
LEC,Ferrari,42.0,0 days 00:01:19.277000,HARD,2.0,1,True,79.277,2024,Monaco,R,21.596499999999995,46.318000000000005,0.0,39,Mid,1:19.277,52.179487179487175,850.1794871794872,2,0.07908309455587129,10.0,58.79249856733523
LEC,Ferrari,43.0,0 days 00:01:17.865000,HARD,2.0,1,True,77.865,2024,Monaco,R,21.596499999999995,46.318000000000005,0.0,40,Mid,1:17.865,50.76923076923077,848.7692307692307,2,0.618529130850046,10.0,62.02917478510028
LEC,Ferrari,44.0,0 days 00:01:18.276000,HARD,2.0,1,True,78.276,2024,Monaco,R,21.596499999999995,46.318000000000005,0.0,41,Mid,1:18.276,49.35897435897436,847.3589743589744,2,0.46150907354345566,10.0,61.08705444126074
LEC,Ferrari,45.0,0 days 00:01:18.541000,HARD,2.0,1,True,78.541,2024,Monaco,R,21.596499999999995,46.318000000000005,0.0,42,Mid,1:18.541,47.94871794871794,845.9487179487179,2,0.360267430754535,10.0,60.479604584527216
LEC,Ferrari,46.0,0 days 00:01:18.567000,HARD,2.0,1,True,78.567,2024,Monaco,R,21.596499999999995,46.318000000000005,0.0,43,Mid,1:18.567,46.53846153846153,844.5384615384615,2,0.35033428844317066,10.0,60.42000573065903
LEC,Ferrari,47.0,0 days 00:01:19.185000,HARD,2.0,1,True,79.185,2024,Monaco,R,21.596499999999995,46.318000000000005,0.0,44,Mid,1:19.185,45.128205128205124,843.1282051282051,2,0.11423113658070358,10.0,59.00338681948423
LEC,Ferrari,48.0,0 days 00:01:17.941000,HARD,2.0,1,True,77.941,2024,Monaco,R,21.596499999999995,46.318000000000005,0.0,45,Mid,1:17.941,43.717948717948715,841.7179487179487,2,0.5894937917860509,10.0,61.85496275071631
LEC,Ferrari,49.0,0 days 00:01:18.506000,HARD,2.0,1,True,78.506,2024,Monaco,R,21.596499999999995,46.318000000000005,0.0,46,Mid,1:18.506,42.30769230769231,840.3076923076923,2,0.37363896848137224,10.0,60.559833810888236
LEC,Ferrari,50.0,0 days 00:01:18.185000,HARD,2.0,1,True,78.185,2024,Monaco,R,21.596499999999995,46.318000000000005,0.0,47,Mid,1:18.185,40.8974358974359,838.8974358974359,2,0.49627507163323364,10.0,61.29565042979941
LEC,Ferrari,51.0,0 days 00:01:17.790000,HARD,2.0,1,True,77.79,2024,Monaco,R,21.596499999999995,46.318000000000005,0.0,48,Mid,1:17.790,39.48717948717949,837.4871794871794,2,0.6471824259789815,10.0,62.201094555873894
LEC,Ferrari,52.0,0 days 00:01:18.311000,HARD,2.0,1,True,78.311,2024,Monaco,R,21.596499999999995,46.318000000000005,0.0,49,Mid,1:18.311,38.076923076923066,836.0769230769231,2,0.44813753581661303,10.0,61.006825214899685
LEC,Ferrari,53.0,0 days 00:01:17.748000,HARD,2.0,12,True,77.748,2024,Monaco,R,21.596499999999995,46.318000000000005,0.0,50,Late,1:17.748,36.66666666666666,834.6666666666666,2,0.6632282712511883,10.0,62.29736962750714
LEC,Ferrari,54.0,0 days 00:01:17.357000,HARD,2.0,1,True,77.357,2024,Monaco,R,21.596499999999995,46.318000000000005,0.0,51,Late,1:17.357,35.25641025641025,833.2564102564103,2,0.8126074498567296,10.0,63.193644699140386
LEC,Ferrari,55.0,0 days 00:01:17.444000,HARD,2.0,1,True,77.444,2024,Monaco,R,21.596499999999995,46.318000000000005,0.0,52,Late,1:17.444,33.84615384615384,831.8461538461538,2,0.7793696275071582,10.0,62.994217765042954
LEC,Ferrari,56.0,0 days 00:01:17.266000,HARD,2.0,1,True,77.266,2024,Monaco,R,21.596499999999995,46.318000000000005,0.0,53,Late,1:17.266,32.43589743589743,830.4358974358975,2,0.8473734479465076,10.0,63.402240687679054
LEC,Ferrari,57.0,0 days 00:01:17.640000,HARD,2.0,1,True,77.64,2024,Monaco,R,21.596499999999995,46.318000000000005,0.0,54,Late,1:17.640,31.025641025641022,829.025641025641,2,0.7044890162368631,10.0,62.544934097421184
LEC,Ferrari,58.0,0 days 00:01:17.028000,HARD,2.0,1,True,77.028,2024,Monaco,R,21.596499999999995,46.318000000000005,0.0,55,Late,1:17.028,29.615384615384613,827.6153846153846,2,0.9382999044890096,10.0,63.94779942693406
LEC,Ferrari,59.0,0 days 00:01:17.034000,HARD,2.0,1,True,77.034,2024,Monaco,R,21.596499999999995,46.318000000000005,0.0,56,Late,1:17.034,28.205128205128204,826.2051282051282,2,0.9360076408786943,10.0,63.93404584527217
LEC,Ferrari,60.0,0 days 00:01:16.414000,HARD,2.0,1,True,76.414,2024,Monaco,R,21.596499999999995,46.318000000000005,0.0,57,Late,1:16.414,26.794871794871796,824.7948717948718,2,1.0,10.0,64.31800000000001
LEC,Ferrari,61.0,0 days 00:01:16.863000,HARD,2.0,1,True,76.863,2024,Monaco,R,21.596499999999995,46.318000000000005,0.0,58,Late,1:16.863,25.384615384615373,823.3846153846154,2,1.0,10.0,64.31800000000001
LEC,Ferrari,62.0,0 days 00:01:17.454000,HARD,2.0,1,True,77.454,2024,Monaco,R,21.596499999999995,46.318000000000005,0.0,59,Late,1:17.454,23.974358974358964,821.974358974359,2,0.7755491881566364,10.0,62.97129512893982
LEC,Ferrari,63.0,0 days 00:01:16.971000,HARD,2.0,1,True,76.971,2024,Monaco,R,21.596499999999995,46.318000000000005,0.0,60,Late,1:16.971,22.564102564102555,820.5641025641025,2,0.9600764087870046,10.0,64.07845845272203
LEC,Ferrari,64.0,0 days 00:01:16.560000,HARD,2.0,1,True,76.56,2024,Monaco,R,21.596499999999995,46.318000000000005,0.0,61,Late,1:16.560,21.153846153846146,819.1538461538462,2,1.0,10.0,64.31800000000001
LEC,Ferrari,65.0,0 days 00:01:16.607000,HARD,2.0,1,True,76.607,2024,Monaco,R,21.596499999999995,46.318000000000005,0.0,62,Late,1:16.607,19.743589743589737,817.7435897435897,2,1.0,10.0,64.31800000000001
LEC,Ferrari,66.0,0 days 00:01:16.489000,HARD,2.0,1,True,76.489,2024,Monaco,R,21.596499999999995,46.318000000000005,0.0,63,Late,1:16.489,18.33333333333333,816.3333333333334,2,1.0,10.0,64.31800000000001
LEC,Ferrari,67.0,0 days 00:01:15.941000,HARD,2.0,1,True,75.941,2024,Monaco,R,21.596499999999995,46.318000000000005,0.0,64,Late,1:15.941,16.92307692307692,814.9230769230769,2,1.0,10.0,64.31800000000001
LEC,Ferrari,68.0,0 days 00:01:16.082000,HARD,2.0,1,True,76.082,2024,Monaco,R,21.596499999999995,46.318000000000005,0.0,65,Late,1:16.082,15.512820512820511,813.5128205128206,2,1.0,10.0,64.31800000000001
LEC,Ferrari,69.0,0 days 00:01:16.373000,HARD,2.0,1,True,76.373,2024,Monaco,R,21.596499999999995,46.318000000000005,0.0,66,Late,1:16.373,14.102564102564102,812.1025641025641,2,1.0,10.0,64.31800000000001
LEC,Ferrari,70.0,0 days 00:01:15.767000,HARD,2.0,1,True,75.767,2024,Monaco,R,21.596499999999995,46.318000000000005,0.0,67,Late,1:15.767,12.69230769230768,810.6923076923076,2,1.0,10.0,64.31800000000001
LEC,Ferrari,71.0,0 days 00:01:15.162000,HARD,2.0,1,True,75.162,2024,Monaco,R,21.596499999999995,46.318000000000005,0.0,68,Late,1:15.162,11.28205128205127,809.2820512820513,2,1.0,10.0,64.31800000000001
LEC,Ferrari,72.0,0 days 00:01:15.547000,HARD,2.0,1,True,75.547,2024,Monaco,R,21.596499999999995,46.318000000000005,0.0,69,Late,1:15.547,9.871794871794862,807.8717948717949,2,1.0,10.0,64.31800000000001
LEC,Ferrari,73.0,0 days 00:01:16.219000,HARD,2.0,1,True,76.219,2024,Monaco,R,21.596499999999995,46.318000000000005,0.0,70,Late,1:16.219,8.461538461538453,806.4615384615385,2,1.0,10.0,64.31800000000001
LEC,Ferrari,74.0,0 days 00:01:16.105000,HARD,2.0,1,True,76.105,2024,Monaco,R,21.596499999999995,46.318000000000005,0.0,71,Late,1:16.105,7.051282051282044,805.051282051282,2,1.0,10.0,64.31800000000001
LEC,Ferrari,75.0,0 days 00:01:16.387000,HARD,2.0,1,True,76.387,2024,Monaco,R,21.596499999999995,46.318000000000005,0.0,72,Late,1:16.387,5.641025641025635,803.6410256410256,2,1.0,10.0,64.31800000000001
LEC,Ferrari,76.0,0 days 00:01:16.808000,HARD,2.0,1,True,76.808,2024,Monaco,R,21.596499999999995,46.318000000000005,0.0,73,Late,1:16.808,4.230769230769226,802.2307692307693,2,1.0,10.0,64.31800000000001
LEC,Ferrari,77.0,0 days 00:01:16.933000,HARD,2.0,1,True,76.933,2024,Monaco,R,21.596499999999995,46.318000000000005,0.0,74,Late,1:16.933,2.8205128205128176,800.8205128205128,2,0.9745940783189995,10.0,64.165564469914
LEC,Ferrari,78.0,0 days 00:01:18.636000,HARD,2.0,1,True,78.636,2024,Monaco,R,21.596499999999995,46.318000000000005,0.0,75,Late,1:18.636,1.4102564102564088,799.4102564102564,2,0.3239732569245451,10.0,60.261839541547275
NOR,McLaren,3.0,0 days 00:01:25.283000,HARD,2.0,1,True,85.283,2024,Monaco,R,21.596499999999995,46.318000000000005,0.0,0,Early,1:25.283,107.17948717948718,905.1794871794872,2,-1.0,0.0,42.318000000000005
NOR,McLaren,4.0,0 days 00:01:22.782000,HARD,2.0,1,True,82.782,2024,Monaco,R,21.596499999999995,46.318000000000005,0.0,1,Early,1:22.782,105.76923076923077,903.7692307692307,2,-1.0,0.6,42.918000000000006
NOR,McLaren,5.0,0 days 00:01:22.147000,HARD,2.0,1,True,82.147,2024,Monaco,R,21.596499999999995,46.318000000000005,0.0,2,Early,1:22.147,104.35897435897436,902.3589743589744,2,-1.0,1.2,43.51800000000001
NOR,McLaren,6.0,0 days 00:01:21.804000,HARD,2.0,1,True,81.804,2024,Monaco,R,21.596499999999995,46.318000000000005,0.0,3,Early,1:21.804,102.94871794871794,900.9487179487179,2,-0.8863419293218725,1.7999999999999998,44.799948424068766
NOR,McLaren,7.0,0 days 00:01:20.828000,HARD,2.0,1,True,80.828,2024,Monaco,R,21.596499999999995,46.318000000000005,0.0,4,Early,1:20.828,101.53846153846153,899.5384615384615,2,-0.5134670487106036,2.4,47.637197707736384
NOR,McLaren,8.0,0 days 00:01:20.820000,HARD,2.0,1,True,80.82,2024,Monaco,R,21.596499999999995,46.318000000000005,0.0,5,Early,1:20.820,100.12820512820512,898.1282051282051,2,-0.5104106972301796,3.0,48.25553581661893
NOR,McLaren,9.0,0 days 00:01:20.397000,HARD,2.0,1,True,80.397,2024,Monaco,R,21.596499999999995,46.318000000000005,0.0,6,Early,1:20.397,98.71794871794872,896.7179487179487,2,-0.3488061127029641,3.5999999999999996,49.82516332378222
NOR,McLaren,10.0,0 days 00:01:20.972000,HARD,2.0,1,True,80.972,2024,Monaco,R,21.596499999999995,46.318000000000005,0.0,7,Early,1:20.972,97.3076923076923,895.3076923076923,2,-0.5684813753581646,4.2,49.10711174785102
NOR,McLaren,11.0,0 days 00:01:20.870000,HARD,2.0,1,True,80.87,2024,Monaco,R,21.596499999999995,46.318000000000005,0.0,8,Early,1:20.870,95.8974358974359,893.8974358974359,2,-0.5295128939828104,4.8,49.94092263610314
NOR,McLaren,12.0,0 days 00:01:19.933000,HARD,2.0,1,True,79.933,2024,Monaco,R,21.596499999999995,46.318000000000005,0.0,9,Early,1:19.933,94.48717948717949,892.4871794871794,2,-0.17153772683859067,5.3999999999999995,52.688773638968456
NOR,McLaren,13.0,0 days 00:01:19.820000,HARD,2.0,1,True,79.82,2024,Monaco,R,21.596499999999995,46.318000000000005,0.0,10,Early,1:19.820,93.07692307692308,891.0769230769231,2,-0.12836676217764953,6.0,53.547799426934105
NOR,McLaren,14.0,0 days 00:01:19.385000,HARD,2.0,1,True,79.385,2024,Monaco,R,21.596499999999995,46.318000000000005,0.0,11,Early,1:19.385,91.66666666666666,889.6666666666666,2,0.03782234957019648,6.6,55.144934097421185
NOR,McLaren,15.0,0 days 00:01:19.775000,HARD,2.0,1,True,79.775,2024,Monaco,R,21.596499999999995,46.318000000000005,0.0,12,Early,1:19.775,90.25641025641025,888.2564102564103,2,-0.11117478510029045,7.199999999999999,54.85095128939826
NOR,McLaren,16.0,0 days 00:01:19.637000,HARD,2.0,1,True,79.637,2024,Monaco,R,21.596499999999995,46.318000000000005,0.0,13,Early,1:19.637,88.84615384615384,886.8461538461538,2,-0.058452722063039315,7.8,55.76728366762177
NOR,McLaren,17.0,0 days 00:01:20.337000,HARD,2.0,1,True,80.337,2024,Monaco,R,21.596499999999995,46.318000000000005,0.0,14,Early,1:20.337,87.43589743589743,885.4358974358975,2,-0.32588347659981143,8.4,54.76269914040113
NOR,McLaren,18.0,0 days 00:01:19.398000,HARD,2.0,1,True,79.398,2024,Monaco,R,21.596499999999995,46.318000000000005,0.0,15,Early,1:19.398,86.02564102564102,884.025641025641,2,0.03285577841451702,9.0,57.51513467048711
NOR,McLaren,19.0,0 days 00:01:19.280000,HARD,2.0,1,True,79.28,2024,Monaco,R,21.596499999999995,46.318000000000005,0.0,16,Early,1:19.280,84.61538461538461,882.6153846153846,2,0.07793696275071366,9.6,58.38562177650429
NOR,McLaren,20.0,0 days 00:01:19.043000,HARD,2.0,1,True,79.043,2024,Monaco,R,21.596499999999995,46.318000000000005,0.0,17,Early,1:19.043,83.2051282051282,881.2051282051282,2,0.16848137535816127,10.0,59.32888825214897
NOR,McLaren,21.0,0 days 00:01:18.983000,HARD,2.0,1,True,78.983,2024,Monaco,R,21.596499999999995,46.318000000000005,0.0,18,Early,1:18.983,81.7948717948718,879.7948717948718,2,0.19140401146131394,10.0,59.466424068767886
NOR,McLaren,22.0,0 days 00:01:18.981000,HARD,2.0,1,True,78.981,2024,Monaco,R,21.596499999999995,46.318000000000005,0.0,19,Early,1:18.981,80.38461538461539,878.3846153846154,2,0.19216809933142265,10.0,59.47100859598854
NOR,McLaren,23.0,0 days 00:01:19.194000,HARD,2.0,1,True,79.194,2024,Monaco,R,21.596499999999995,46.318000000000005,0.0,20,Early,1:19.194,78.97435897435898,876.974358974359,2,0.11079274116523068,10.0,58.98275644699139
NOR,McLaren,24.0,0 days 00:01:18.699000,HARD,2.0,1,True,78.699,2024,Monaco,R,21.596499999999995,46.318000000000005,0.0,21,Early,1:18.699,77.56410256410257,875.5641025641025,2,0.2999044890162348,10.0,60.117426934097416
NOR,McLaren,25.0,0 days 00:01:18.640000,HARD,2.0,1,True,78.64,2024,Monaco,R,21.596499999999995,46.318000000000005,0.0,22,Early,1:18.640,76.15384615384616,874.1538461538462,2,0.3224450811843331,10.0,60.252670487106
NOR,McLaren,26.0,0 days 00:01:18.396000,HARD,2.0,1,True,78.396,2024,Monaco,R,21.596499999999995,46.318000000000005,0.0,23,Early,1:18.396,74.74358974358975,872.7435897435897,2,0.41566380133715036,10.0,60.811982808022904
NOR,McLaren,27.0,0 days 00:01:18.720000,HARD,2.0,1,True,78.72,2024,Monaco,R,21.596499999999995,46.318000000000005,0.0,24,Mid,1:18.720,73.33333333333333,871.3333333333334,2,0.29188156638013135,10.0,60.069289398280795
NOR,McLaren,28.0,0 days 00:01:19.238000,HARD,2.0,1,True,79.238,2024,Monaco,R,21.596499999999995,46.318000000000005,0.0,25,Mid,1:19.238,71.92307692307692,869.9230769230769,2,0.09398280802292053,10.0,58.88189684813753
NOR,McLaren,29.0,0 days 00:01:18.766000,HARD,2.0,1,True,78.766,2024,Monaco,R,21.596499999999995,46.318000000000005,0.0,26,Mid,1:18.766,70.51282051282051,868.5128205128206,2,0.2743075453677125,10.0,59.96384527220628
NOR,McLaren,30.0,0 days 00:01:18.403000,HARD,2.0,1,True,78.403,2024,Monaco,R,21.596499999999995,46.318000000000005,0.0,27,Mid,1:18.403,69.1025641025641,867.1025641025641,2,0.41298949379178074,10.0,60.79593696275069
NOR,McLaren,31.0,0 days 00:01:18.780000,HARD,2.0,1,True,78.78,2024,Monaco,R,21.596499999999995,46.318000000000005,0.0,28,Mid,1:18.780,67.69230769230768,865.6923076923076,2,0.2689589302769787,10.0,59.93175358166188
NOR,McLaren,32.0,0 days 00:01:19.538000,HARD,2.0,1,True,79.538,2024,Monaco,R,21.596499999999995,46.318000000000005,0.0,29,Mid,1:19.538,66.28205128205127,864.2820512820513,2,-0.020630372492837404,10.0,58.19421776504298
NOR,McLaren,33.0,0 days 00:01:19.233000,HARD,2.0,1,True,79.233,2024,Monaco,R,21.596499999999995,46.318000000000005,0.0,30,Mid,1:19.233,64.87179487179486,862.8717948717949,2,0.09589302769818144,10.0,58.893358166189095
NOR,McLaren,34.0,0 days 00:01:19.243000,HARD,2.0,1,True,79.243,2024,Monaco,R,21.596499999999995,46.318000000000005,0.0,31,Mid,1:19.243,63.46153846153846,861.4615384615385,2,0.0920725883476596,10.0,58.87043553008596
NOR,McLaren,35.0,0 days 00:01:18.714000,HARD,2.0,1,True,78.714,2024,Monaco,R,21.596499999999995,46.318000000000005,0.0,32,Mid,1:18.714,62.05128205128205,860.0512820512821,2,0.2941738299904466,10.0,60.08304297994268
NOR,McLaren,36.0,0 days 00:01:18.582000,HARD,2.0,1,True,78.582,2024,Monaco,R,21.596499999999995,46.318000000000005,0.0,33,Mid,1:18.582,60.641025641025635,858.6410256410256,2,0.3446036294173825,10.0,60.3856217765043
NOR,McLaren,37.0,0 days 00:01:17.958000,HARD,2.0,1,True,77.958,2024,Monaco,R,21.596499999999995,46.318000000000005,0.0,34,Mid,1:17.958,59.230769230769226,857.2307692307693,2,0.5829990448901594,10.0,61.81599426934096
NOR,McLaren,38.0,0 days 00:01:17.994000,HARD,2.0,1,True,77.994,2024,Monaco,R,21.596499999999995,46.318000000000005,0.0,35,Mid,1:17.994,57.82051282051282,855.8205128205128,2,0.5692454632282679,10.0,61.73347277936961
NOR,McLaren,39.0,0 days 00:01:18.303000,HARD,2.0,1,True,78.303,2024,Monaco,R,21.596499999999995,46.318000000000005,0.0,36,Mid,1:18.303,56.41025641025641,854.4102564102564,2,0.45119388729703697,10.0,61.02516332378222
NOR,McLaren,40.0,0 days 00:01:18.824000,HARD,2.0,1,True,78.824,2024,Monaco,R,21.596499999999995,46.318000000000005,0.0,37,Mid,1:18.824,54.99999999999999,853.0,2,0.25214899713466854,10.0,59.830893982808014
NOR,McLaren,41.0,0 days 00:01:18.519000,HARD,2.0,1,True,78.519,2024,Monaco,R,21.596499999999995,46.318000000000005,0.0,38,Mid,1:18.519,53.589743589743584,851.5897435897435,2,0.36867239732568735,10.0,60.53003438395413
NOR,McLaren,42.0,0 days 00:01:19.436000,HARD,2.0,1,True,79.436,2024,Monaco,R,21.596499999999995,46.318000000000005,0.0,39,Mid,1:19.436,52.179487179487175,850.1794871794872,2,0.018338108882516708,10.0,58.42802865329511
NOR,McLaren,43.0,0 days 00:01:19.796000,HARD,2.0,1,True,79.796,2024,Monaco,R,21.596499999999995,46.318000000000005,0.0,40,Mid,1:19.796,50.76923076923077,848.7692307692307,2,-0.11919770773639389,10.0,57.60281375358164
NOR,McLaren,44.0,0 days 00:01:18.906000,HARD,2.0,1,True,78.906,2024,Monaco,R,21.596499999999995,46.318000000000005,0.0,41,Mid,1:18.906,49.35897435897436,847.3589743589744,2,0.22082139446035806,10.0,59.642928366762156
NOR,McLaren,45.0,0 days 00:01:17.897000,HARD,2.0,1,True,77.897,2024,Monaco,R,21.596499999999995,46.318000000000005,0.0,42,Mid,1:17.897,47.94871794871794,845.9487179487179,2,0.606303724928361,10.0,61.95582234957017
NOR,McLaren,46.0,0 days 00:01:18.215000,HARD,2.0,1,True,78.215,2024,Monaco,R,21.596499999999995,46.318000000000005,0.0,43,Mid,1:18.215,46.53846153846153,844.5384615384615,2,0.4848137535816573,10.0,61.22688252148995
NOR,McLaren,47.0,0 days 00:01:18.141000,HARD,2.0,1,True,78.141,2024,Monaco,R,21.596499999999995,46.318000000000005,0.0,44,Mid,1:18.141,45.128205128205124,843.1282051282051,2,0.5130850047755438,10.0,61.39651002865327
NOR,McLaren,48.0,0 days 00:01:17.975000,HARD,2.0,1,True,77.975,2024,Monaco,R,21.596499999999995,46.318000000000005,0.0,45,Mid,1:17.975,43.717948717948715,841.7179487179487,2,0.576504297994268,10.0,61.77702578796561
NOR,McLaren,49.0,0 days 00:01:18.177000,HARD,2.0,1,True,78.177,2024,Monaco,R,21.596499999999995,46.318000000000005,0.0,46,Mid,1:18.177,42.30769230769231,840.3076923076923,2,0.49933142311365214,10.0,61.31398853868192
NOR,McLaren,50.0,0 days 00:01:18.218000,HARD,2.0,1,True,78.218,2024,Monaco,R,21.596499999999995,46.318000000000005,0.0,47,Mid,1:18.218,40.8974358974359,838.8974358974359,2,0.48366762177649963,10.0,61.220005730659004
NOR,McLaren,51.0,0 days 00:01:17.772000,HARD,2.0,1,True,77.772,2024,Monaco,R,21.596499999999995,46.318000000000005,0.0,48,Mid,1:17.772,39.48717948717949,837.4871794871794,2,0.6540592168099273,10.0,62.24235530085957
NOR,McLaren,52.0,0 days 00:01:18.223000,HARD,2.0,1,True,78.223,2024,Monaco,R,21.596499999999995,46.318000000000005,0.0,49,Mid,1:18.223,38.076923076923066,836.0769230769231,2,0.48175740210123874,10.0,61.20854441260744
NOR,McLaren,53.0,0 days 00:01:17.570000,HARD,2.0,12,True,77.57,2024,Monaco,R,21.596499999999995,46.318000000000005,0.0,50,Late,1:17.570,36.66666666666666,834.6666666666666,2,0.731232091690543,10.0,62.705392550143266
NOR,McLaren,54.0,0 days 00:01:17.838000,HARD,2.0,1,True,77.838,2024,Monaco,R,21.596499999999995,46.318000000000005,0.0,51,Late,1:17.838,35.25641025641025,833.2564102564103,2,0.6288443170964647,10.0,62.09106590257879
NOR,McLaren,55.0,0 days 00:01:18.382000,HARD,2.0,1,True,78.382,2024,Monaco,R,21.596499999999995,46.318000000000005,0.0,52,Late,1:18.382,33.84615384615384,831.8461538461538,2,0.4210124164278842,10.0,60.84407449856731
NOR,McLaren,56.0,0 days 00:01:18.155000,HARD,2.0,1,True,78.155,2024,Monaco,R,21.596499999999995,46.318000000000005,0.0,53,Late,1:18.155,32.43589743589743,830.4358974358975,2,0.5077363896848099,10.0,61.36441833810886
NOR,McLaren,57.0,0 days 00:01:17.815000,HARD,2.0,1,True,77.815,2024,Monaco,R,21.596499999999995,46.318000000000005,0.0,54,Late,1:17.815,31.025641025641022,829.025641025641,2,0.6376313276026715,10.0,62.143787965616035
NOR,McLaren,58.0,0 days 00:01:17.395000,HARD,2.0,1,True,77.395,2024,Monaco,R,21.596499999999995,46.318000000000005,0.0,55,Late,1:17.395,29.615384615384613,827.6153846153846,2,0.7980897803247348,10.0,63.106538681948415
NOR,McLaren,59.0,0 days 00:01:17.122000,HARD,2.0,1,True,77.122,2024,Monaco,R,21.596499999999995,46.318000000000005,0.0,56,Late,1:17.122,28.205128205128204,826.2051282051282,2,0.9023877745940739,10.0,63.73232664756445
NOR,McLaren,60.0,0 days 00:01:16.695000,HARD,2.0,1,True,76.695,2024,Monaco,R,21.596499999999995,46.318000000000005,0.0,57,Late,1:16.695,26.794871794871796,824.7948717948718,2,1.0,10.0,64.31800000000001
NOR,McLaren,61.0,0 days 00:01:17.614000,HARD,2.0,1,True,77.614,2024,Monaco,R,21.596499999999995,46.318000000000005,0.0,58,Late,1:17.614,25.384615384615373,823.3846153846154,2,0.7144221585482275,10.0,62.60453295128937
NOR,McLaren,62.0,0 days 00:01:16.026000,HARD,2.0,1,True,76.026,2024,Monaco,R,21.596499999999995,46.318000000000005,0.0,59,Late,1:16.026,23.974358974358964,821.974358974359,2,1.0,10.0,64.31800000000001
NOR,McLaren,63.0,0 days 00:01:16.876000,HARD,2.0,1,True,76.876,2024,Monaco,R,21.596499999999995,46.318000000000005,0.0,60,Late,1:16.876,22.564102564102555,820.5641025641025,2,0.9963705826169945,10.0,64.29622349570197
NOR,McLaren,64.0,0 days 00:01:15.742000,HARD,2.0,1,True,75.742,2024,Monaco,R,21.596499999999995,46.318000000000005,0.0,61,Late,1:15.742,21.153846153846146,819.1538461538462,2,1.0,10.0,64.31800000000001
NOR,McLaren,65.0,0 days 00:01:17.143000,HARD,2.0,1,True,77.143,2024,Monaco,R,21.596499999999995,46.318000000000005,0.0,62,Late,1:17.143,19.743589743589737,817.7435897435897,2,0.8943648519579706,10.0,63.68418911174783
NOR,McLaren,66.0,0 days 00:01:16.214000,HARD,2.0,1,True,76.214,2024,Monaco,R,21.596499999999995,46.318000000000005,0.0,63,Late,1:16.214,18.33333333333333,816.3333333333334,2,1.0,10.0,64.31800000000001
NOR,McLaren,67.0,0 days 00:01:16.115000,HARD,2.0,1,True,76.115,2024,Monaco,R,21.596499999999995,46.318000000000005,0.0,64,Late,1:16.115,16.92307692307692,814.9230769230769,2,1.0,10.0,64.31800000000001
NOR,McLaren,68.0,0 days 00:01:16.172000,HARD,2.0,1,True,76.172,2024,Monaco,R,21.596499999999995,46.318000000000005,0.0,65,Late,1:16.172,15.512820512820511,813.5128205128206,2,1.0,10.0,64.31800000000001
NOR,McLaren,69.0,0 days 00:01:16.314000,HARD,2.0,1,True,76.314,2024,Monaco,R,21.596499999999995,46.318000000000005,0.0,66,Late,1:16.314,14.102564102564102,812.1025641025641,2,1.0,10.0,64.31800000000001
NOR,McLaren,70.0,0 days 00:01:17.213000,HARD,2.0,1,True,77.213,2024,Monaco,R,21.596499999999995,46.318000000000005,0.0,67,Late,1:17.213,12.69230769230768,810.6923076923076,2,0.8676217765042961,10.0,63.52373065902578
NOR,McLaren,71.0,0 days 00:01:16.609000,HARD,2.0,1,True,76.609,2024,Monaco,R,21.596499999999995,46.318000000000005,0.0,68,Late,1:16.609,11.28205128205127,809.2820512820513,2,1.0,10.0,64.31800000000001
NOR,McLaren,72.0,0 days 00:01:16.801000,HARD,2.0,1,True,76.801,2024,Monaco,R,21.596499999999995,46.318000000000005,0.0,69,Late,1:16.801,9.871794871794862,807.8717948717949,2,1.0,10.0,64.31800000000001
NOR,McLaren,73.0,0 days 00:01:16.285000,HARD,2.0,1,True,76.285,2024,Monaco,R,21.596499999999995,46.318000000000005,0.0,70,Late,1:16.285,8.461538461538453,806.4615384615385,2,1.0,10.0,64.31800000000001
NOR,McLaren,74.0,0 days 00:01:16.429000,HARD,2.0,1,True,76.429,2024,Monaco,R,21.596499999999995,46.318000000000005,0.0,71,Late,1:16.429,7.051282051282044,805.051282051282,2,1.0,10.0,64.31800000000001
NOR,McLaren,75.0,0 days 00:01:16.517000,HARD,2.0,1,True,76.517,2024,Monaco,R,21.596499999999995,46.318000000000005,0.0,72,Late,1:16.517,5.641025641025635,803.6410256410256,2,1.0,10.0,64.31800000000001
NOR,McLaren,76.0,0 days 00:01:16.671000,HARD,2.0,1,True,76.671,2024,Monaco,R,21.596499999999995,46.318000000000005,0.0,73,Late,1:16.671,4.230769230769226,802.2307692307693,2,1.0,10.0,64.31800000000001
NOR,McLaren,77.0,0 days 00:01:16.512000,HARD,2.0,1,True,76.512,2024,Monaco,R,21.596499999999995,46.318000000000005,0.0,74,Late,1:16.512,2.8205128205128176,800.8205128205128,2,1.0,10.0,64.31800000000001
NOR,McLaren,78.0,0 days 00:01:17.296000,HARD,2.0,1,True,77.296,2024,Monaco,R,21.596499999999995,46.318000000000005,0.0,75,Late,1:17.296,1.4102564102564088,799.4102564102564,2,0.8359121298949312,10.0,63.33347277936959
PIA,McLaren,3.0,0 days 00:01:24.953000,HARD,2.0,1,True,84.953,2024,Monaco,R,21.596499999999995,46.318000000000005,0.0,0,Early,1:24.953,107.17948717948718,905.1794871794872,2,-1.0,0.0,42.318000000000005
PIA,McLaren,4.0,0 days 00:01:22.314000,HARD,2.0,1,True,82.314,2024,Monaco,R,21.596499999999995,46.318000000000005,0.0,1,Early,1:22.314,105.76923076923077,903.7692307692307,2,-1.0,0.6,42.918000000000006
PIA,McLaren,5.0,0 days 00:01:22.019000,HARD,2.0,1,True,82.019,2024,Monaco,R,21.596499999999995,46.318000000000005,0.0,2,Early,1:22.019,104.35897435897436,902.3589743589744,2,-0.9684813753581678,1.2,43.707111747851
PIA,McLaren,6.0,0 days 00:01:21.354000,HARD,2.0,1,True,81.354,2024,Monaco,R,21.596499999999995,46.318000000000005,0.0,3,Early,1:21.354,102.94871794871794,900.9487179487179,2,-0.7144221585482329,1.7999999999999998,45.83146704871061
PIA,McLaren,7.0,0 days 00:01:20.808000,HARD,2.0,1,True,80.808,2024,Monaco,R,21.596499999999995,46.318000000000005,0.0,4,Early,1:20.808,101.53846153846153,899.5384615384615,2,-0.5058261700095544,2.4,47.68304297994268
PIA,McLaren,8.0,0 days 00:01:21.058000,HARD,2.0,1,True,81.058,2024,Monaco,R,21.596499999999995,46.318000000000005,0.0,5,Early,1:21.058,100.12820512820512,898.1282051282051,2,-0.6013371537726869,3.0,47.70997707736388
PIA,McLaren,9.0,0 days 00:01:19.906000,HARD,2.0,1,True,79.906,2024,Monaco,R,21.596499999999995,46.318000000000005,0.0,6,Early,1:19.906,98.71794871794872,896.7179487179487,2,-0.16122254059217198,3.5999999999999996,50.950664756446976
PIA,McLaren,10.0,0 days 00:01:20.890000,HARD,2.0,1,True,80.89,2024,Monaco,R,21.596499999999995,46.318000000000005,0.0,7,Early,1:20.890,97.3076923076923,895.3076923076923,2,-0.5371537726838596,4.2,49.29507736389685
PIA,McLaren,11.0,0 days 00:01:20.898000,HARD,2.0,1,True,80.898,2024,Monaco,R,21.596499999999995,46.318000000000005,0.0,8,Early,1:20.898,95.8974358974359,893.8974358974359,2,-0.540210124164278,4.8,49.876739255014336
PIA,McLaren,12.0,0 days 00:01:20.135000,HARD,2.0,1,True,80.135,2024,Monaco,R,21.596499999999995,46.318000000000005,0.0,9,Early,1:20.135,94.48717948717949,892.4871794871794,2,-0.24871060171920106,5.3999999999999995,52.2257363896848
PIA,McLaren,13.0,0 days 00:01:18.745000,HARD,2.0,1,True,78.745,2024,Monaco,R,21.596499999999995,46.318000000000005,0.0,10,Early,1:18.745,93.07692307692308,891.0769230769231,2,0.28233046800381595,6.0,56.0119828080229
PIA,McLaren,14.0,0 days 00:01:20.014000,HARD,2.0,1,True,80.014,2024,Monaco,R,21.596499999999995,46.318000000000005,0.0,11,Early,1:20.014,91.66666666666666,889.6666666666666,2,-0.20248328557784137,6.6,53.70310028653296
PIA,McLaren,15.0,0 days 00:01:20.264000,HARD,2.0,1,True,80.264,2024,Monaco,R,21.596499999999995,46.318000000000005,0.0,12,Early,1:20.264,90.25641025641025,888.2564102564103,2,-0.2979942693409739,7.199999999999999,53.730034383954155
PIA,McLaren,16.0,0 days 00:01:19.829000,HARD,2.0,1,True,79.829,2024,Monaco,R,21.596499999999995,46.318000000000005,0.0,13,Early,1:19.829,88.84615384615384,886.8461538461538,2,-0.13180515759312242,7.8,55.32716905444127
PIA,McLaren,17.0,0 days 00:01:20.028000,HARD,2.0,1,True,80.028,2024,Monaco,R,21.596499999999995,46.318000000000005,0.0,14,Early,1:20.028,87.43589743589743,885.4358974358975,2,-0.2078319006685806,8.4,55.47100859598852
PIA,McLaren,18.0,0 days 00:01:19.832000,HARD,2.0,1,True,79.832,2024,Monaco,R,21.596499999999995,46.318000000000005,0.0,15,Early,1:19.832,86.02564102564102,884.025641025641,2,-0.13295128939828008,9.0,56.52029226361032
PIA,McLaren,19.0,0 days 00:01:19.179000,HARD,2.0,1,True,79.179,2024,Monaco,R,21.596499999999995,46.318000000000005,0.0,16,Early,1:19.179,84.61538461538461,882.6153846153846,2,0.11652340019101884,9.6,58.617140401146116
PIA,McLaren,20.0,0 days 00:01:19.055000,HARD,2.0,1,True,79.055,2024,Monaco,R,21.596499999999995,46.318000000000005,0.0,17,Early,1:19.055,83.2051282051282,881.2051282051282,2,0.16389684813753075,10.0,59.30138108882519
PIA,McLaren,21.0,0 days 00:01:18.601000,HARD,2.0,1,True,78.601,2024,Monaco,R,21.596499999999995,46.318000000000005,0.0,18,Early,1:18.601,81.7948717948718,879.7948717948718,2,0.33734479465138234,10.0,60.3420687679083
PIA,McLaren,22.0,0 days 00:01:18.585000,HARD,2.0,1,True,78.585,2024,Monaco,R,21.596499999999995,46.318000000000005,0.0,19,Early,1:18.585,80.38461538461539,878.3846153846154,2,0.3434574976122249,10.0,60.37874498567336
PIA,McLaren,23.0,0 days 00:01:18.658000,HARD,2.0,1,True,78.658,2024,Monaco,R,21.596499999999995,46.318000000000005,0.0,20,Early,1:18.658,78.97435897435898,876.974358974359,2,0.3155682903533873,10.0,60.21140974212033
PIA,McLaren,24.0,0 days 00:01:18.636000,HARD,2.0,1,True,78.636,2024,Monaco,R,21.596499999999995,46.318000000000005,0.0,21,Early,1:18.636,77.56410256410257,875.5641025641025,2,0.3239732569245451,10.0,60.261839541547275
PIA,McLaren,25.0,0 days 00:01:18.784000,HARD,2.0,1,True,78.784,2024,Monaco,R,21.596499999999995,46.318000000000005,0.0,22,Early,1:18.784,76.15384615384616,874.1538461538462,2,0.2674307545367667,10.0,59.92258452722061
PIA,McLaren,26.0,0 days 00:01:18.440000,HARD,2.0,1,True,78.44,2024,Monaco,R,21.596499999999995,46.318000000000005,0.0,23,Early,1:18.440,74.74358974358975,872.7435897435897,2,0.3988538681948402,10.0,60.711123209169045
PIA,McLaren,27.0,0 days 00:01:18.523000,HARD,2.0,1,True,78.523,2024,Monaco,R,21.596499999999995,46.318000000000005,0.0,24,Mid,1:18.523,73.33333333333333,871.3333333333334,2,0.3671442215854808,10.0,60.52086532951289
PIA,McLaren,28.0,0 days 00:01:18.791000,HARD,2.0,1,True,78.791,2024,Monaco,R,21.596499999999995,46.318000000000005,0.0,25,Mid,1:18.791,71.92307692307692,869.9230769230769,2,0.2647564469914025,10.0,59.90653868194842
PIA,McLaren,29.0,0 days 00:01:19.010000,HARD,2.0,1,True,79.01,2024,Monaco,R,21.596499999999995,46.318000000000005,0.0,26,Mid,1:19.010,70.51282051282051,868.5128205128206,2,0.18108882521489525,10.0,59.404532951289376
PIA,McLaren,30.0,0 days 00:01:19.396000,HARD,2.0,1,True,79.396,2024,Monaco,R,21.596499999999995,46.318000000000005,0.0,27,Mid,1:19.396,69.1025641025641,867.1025641025641,2,0.0336198662846203,10.0,58.51971919770773
PIA,McLaren,31.0,0 days 00:01:18.449000,HARD,2.0,1,True,78.449,2024,Monaco,R,21.596499999999995,46.318000000000005,0.0,28,Mid,1:18.449,67.69230769230768,865.6923076923076,2,0.3954154727793673,10.0,60.690492836676206
PIA,McLaren,32.0,0 days 00:01:18.969000,HARD,2.0,1,True,78.969,2024,Monaco,R,21.596499999999995,46.318000000000005,0.0,29,Mid,1:18.969,66.28205128205127,864.2820512820513,2,0.1967526265520532,10.0,59.498515759312326
PIA,McLaren,33.0,0 days 00:01:19.060000,HARD,2.0,1,True,79.06,2024,Monaco,R,21.596499999999995,46.318000000000005,0.0,30,Mid,1:19.060,64.87179487179486,862.8717948717949,2,0.16198662846226983,10.0,59.28991977077362
PIA,McLaren,34.0,0 days 00:01:18.978000,HARD,2.0,1,True,78.978,2024,Monaco,R,21.596499999999995,46.318000000000005,0.0,31,Mid,1:18.978,63.46153846153846,861.4615384615385,2,0.19331423113658028,10.0,59.47788538681949
PIA,McLaren,35.0,0 days 00:01:18.605000,HARD,2.0,1,True,78.605,2024,Monaco,R,21.596499999999995,46.318000000000005,0.0,32,Mid,1:18.605,62.05128205128205,860.0512820512821,2,0.3358166189111704,10.0,60.33289971346703
PIA,McLaren,36.0,0 days 00:01:18.882000,HARD,2.0,1,True,78.882,2024,Monaco,R,21.596499999999995,46.318000000000005,0.0,33,Mid,1:18.882,60.641025641025635,858.6410256410256,2,0.22999044890161913,10.0,59.69794269340972
PIA,McLaren,37.0,0 days 00:01:18.612000,HARD,2.0,1,True,78.612,2024,Monaco,R,21.596499999999995,46.318000000000005,0.0,34,Mid,1:18.612,59.230769230769226,857.2307692307693,2,0.33314231136580613,10.0,60.31685386819484
PIA,McLaren,38.0,0 days 00:01:18.731000,HARD,2.0,1,True,78.731,2024,Monaco,R,21.596499999999995,46.318000000000005,0.0,35,Mid,1:18.731,57.82051282051282,855.8205128205128,2,0.28767908309455514,10.0,60.04407449856733
PIA,McLaren,39.0,0 days 00:01:18.362000,HARD,2.0,1,True,78.362,2024,Monaco,R,21.596499999999995,46.318000000000005,0.0,36,Mid,1:18.362,56.41025641025641,854.4102564102564,2,0.4286532951289387,10.0,60.88991977077364
PIA,McLaren,40.0,0 days 00:01:18.951000,HARD,2.0,1,True,78.951,2024,Monaco,R,21.596499999999995,46.318000000000005,0.0,37,Mid,1:18.951,54.99999999999999,853.0,2,0.203629417382999,10.0,59.539776504298
PIA,McLaren,41.0,0 days 00:01:18.846000,HARD,2.0,1,True,78.846,2024,Monaco,R,21.596499999999995,46.318000000000005,0.0,38,Mid,1:18.846,53.589743589743584,851.5897435897435,2,0.24374403056351074,10.0,59.78046418338107
PIA,McLaren,42.0,0 days 00:01:19.795000,HARD,2.0,1,True,79.795,2024,Monaco,R,21.596499999999995,46.318000000000005,0.0,39,Mid,1:19.795,52.179487179487175,850.1794871794872,2,-0.11881566380133954,10.0,57.605106017191964
PIA,McLaren,43.0,0 days 00:01:18.198000,HARD,2.0,1,True,78.198,2024,Monaco,R,21.596499999999995,46.318000000000005,0.0,40,Mid,1:18.198,50.76923076923077,848.7692307692307,2,0.49130850047755414,10.0,61.26585100286533
PIA,McLaren,44.0,0 days 00:01:18.277000,HARD,2.0,1,True,78.277,2024,Monaco,R,21.596499999999995,46.318000000000005,0.0,41,Mid,1:18.277,49.35897435897436,847.3589743589744,2,0.46112702960840135,10.0,61.08476217765041
PIA,McLaren,45.0,0 days 00:01:18.082000,HARD,2.0,1,True,78.082,2024,Monaco,R,21.596499999999995,46.318000000000005,0.0,42,Mid,1:18.082,47.94871794871794,845.9487179487179,2,0.5356255969436475,10.0,61.53175358166189
PIA,McLaren,46.0,0 days 00:01:18.623000,HARD,2.0,1,True,78.623,2024,Monaco,R,21.596499999999995,46.318000000000005,0.0,43,Mid,1:18.623,46.53846153846153,844.5384615384615,2,0.32893982808022454,10.0,60.29163896848135
PIA,McLaren,47.0,0 days 00:01:18.399000,HARD,2.0,1,True,78.399,2024,Monaco,R,21.596499999999995,46.318000000000005,0.0,44,Mid,1:18.399,45.128205128205124,843.1282051282051,2,0.4145176695319927,10.0,60.80510601719196
PIA,McLaren,48.0,0 days 00:01:18.395000,HARD,2.0,1,True,78.395,2024,Monaco,R,21.596499999999995,46.318000000000005,0.0,45,Mid,1:18.395,43.717948717948715,841.7179487179487,2,0.4160458452722047,10.0,60.81427507163323
PIA,McLaren,49.0,0 days 00:01:18.136000,HARD,2.0,1,True,78.136,2024,Monaco,R,21.596499999999995,46.318000000000005,0.0,46,Mid,1:18.136,42.30769230769231,840.3076923076923,2,0.5149952244508101,10.0,61.40797134670487
PIA,McLaren,50.0,0 days 00:01:18.350000,HARD,2.0,1,True,78.35,2024,Monaco,R,21.596499999999995,46.318000000000005,0.0,47,Mid,1:18.350,40.8974358974359,838.8974358974359,2,0.4332378223495692,10.0,60.91742693409742
PIA,McLaren,51.0,0 days 00:01:17.909000,HARD,2.0,1,True,77.909,2024,Monaco,R,21.596499999999995,46.318000000000005,0.0,48,Mid,1:17.909,39.48717948717949,837.4871794871794,2,0.6017191977077305,10.0,61.92831518624639
PIA,McLaren,52.0,0 days 00:01:18.214000,HARD,2.0,1,True,78.214,2024,Monaco,R,21.596499999999995,46.318000000000005,0.0,49,Mid,1:18.214,38.076923076923066,836.0769230769231,2,0.48519579751671166,10.0,61.22917478510028
PIA,McLaren,53.0,0 days 00:01:17.609000,HARD,2.0,12,True,77.609,2024,Monaco,R,21.596499999999995,46.318000000000005,0.0,50,Late,1:17.609,36.66666666666666,834.6666666666666,2,0.7163323782234938,10.0,62.615994269340966
PIA,McLaren,54.0,0 days 00:01:17.362000,HARD,2.0,1,True,77.362,2024,Monaco,R,21.596499999999995,46.318000000000005,0.0,51,Late,1:17.362,35.25641025641025,833.2564102564103,2,0.8106972301814687,10.0,63.18218338108882
PIA,McLaren,55.0,0 days 00:01:17.445000,HARD,2.0,1,True,77.445,2024,Monaco,R,21.596499999999995,46.318000000000005,0.0,52,Late,1:17.445,33.84615384615384,831.8461538461538,2,0.7789875835721093,10.0,62.99192550143266
PIA,McLaren,56.0,0 days 00:01:17.456000,HARD,2.0,1,True,77.456,2024,Monaco,R,21.596499999999995,46.318000000000005,0.0,53,Late,1:17.456,32.43589743589743,830.4358974358975,2,0.7747851002865277,10.0,62.96671060171917
PIA,McLaren,57.0,0 days 00:01:17.300000,HARD,2.0,1,True,77.3,2024,Monaco,R,21.596499999999995,46.318000000000005,0.0,54,Late,1:17.300,31.025641025641022,829.025641025641,2,0.8343839541547247,10.0,63.324303724928356
PIA,McLaren,58.0,0 days 00:01:17.344000,HARD,2.0,1,True,77.344,2024,Monaco,R,21.596499999999995,46.318000000000005,0.0,55,Late,1:17.344,29.615384615384613,827.6153846153846,2,0.8175740210124145,10.0,63.22344412607449
PIA,McLaren,59.0,0 days 00:01:17.042000,HARD,2.0,1,True,77.042,2024,Monaco,R,21.596499999999995,46.318000000000005,0.0,56,Late,1:17.042,28.205128205128204,826.2051282051282,2,0.9329512893982758,10.0,63.91570773638966
PIA,McLaren,60.0,0 days 00:01:16.617000,HARD,2.0,1,True,76.617,2024,Monaco,R,21.596499999999995,46.318000000000005,0.0,57,Late,1:16.617,26.794871794871796,824.7948717948718,2,1.0,10.0,64.31800000000001
PIA,McLaren,61.0,0 days 00:01:16.771000,HARD,2.0,1,True,76.771,2024,Monaco,R,21.596499999999995,46.318000000000005,0.0,58,Late,1:16.771,25.384615384615373,823.3846153846154,2,1.0,10.0,64.31800000000001
PIA,McLaren,62.0,0 days 00:01:17.095000,HARD,2.0,1,True,77.095,2024,Monaco,R,21.596499999999995,46.318000000000005,0.0,59,Late,1:17.095,23.974358974358964,821.974358974359,2,0.9127029608404926,10.0,63.79421776504296
PIA,McLaren,63.0,0 days 00:01:16.921000,HARD,2.0,1,True,76.921,2024,Monaco,R,21.596499999999995,46.318000000000005,0.0,60,Late,1:16.921,22.564102564102555,820.5641025641025,2,0.97917860553963,10.0,64.19307163323778
PIA,McLaren,64.0,0 days 00:01:16.909000,HARD,2.0,1,True,76.909,2024,Monaco,R,21.596499999999995,46.318000000000005,0.0,61,Late,1:16.909,21.153846153846146,819.1538461538462,2,0.9837631327602605,10.0,64.22057879656157
PIA,McLaren,65.0,0 days 00:01:16.391000,HARD,2.0,1,True,76.391,2024,Monaco,R,21.596499999999995,46.318000000000005,0.0,62,Late,1:16.391,19.743589743589737,817.7435897435897,2,1.0,10.0,64.31800000000001
PIA,McLaren,66.0,0 days 00:01:16.640000,HARD,2.0,1,True,76.64,2024,Monaco,R,21.596499999999995,46.318000000000005,0.0,63,Late,1:16.640,18.33333333333333,816.3333333333334,2,1.0,10.0,64.31800000000001
PIA,McLaren,67.0,0 days 00:01:16.596000,HARD,2.0,1,True,76.596,2024,Monaco,R,21.596499999999995,46.318000000000005,0.0,64,Late,1:16.596,16.92307692307692,814.9230769230769,2,1.0,10.0,64.31800000000001
PIA,McLaren,68.0,0 days 00:01:16.601000,HARD,2.0,1,True,76.601,2024,Monaco,R,21.596499999999995,46.318000000000005,0.0,65,Late,1:16.601,15.512820512820511,813.5128205128206,2,1.0,10.0,64.31800000000001
PIA,McLaren,69.0,0 days 00:01:17.371000,HARD,2.0,1,True,77.371,2024,Monaco,R,21.596499999999995,46.318000000000005,0.0,66,Late,1:17.371,14.102564102564102,812.1025641025641,2,0.8072588347659958,10.0,63.16155300859598
PIA,McLaren,70.0,0 days 00:01:17.270000,HARD,2.0,1,True,77.27,2024,Monaco,R,21.596499999999995,46.318000000000005,0.0,67,Late,1:17.270,12.69230769230768,810.6923076923076,2,0.845845272206301,10.0,63.39307163323781
PIA,McLaren,71.0,0 days 00:01:17.184000,HARD,2.0,1,True,77.184,2024,Monaco,R,21.596499999999995,46.318000000000005,0.0,68,Late,1:17.184,11.28205128205127,809.2820512820513,2,0.878701050620818,10.0,63.59020630372491
PIA,McLaren,72.0,0 days 00:01:16.652000,HARD,2.0,1,True,76.652,2024,Monaco,R,21.596499999999995,46.318000000000005,0.0,69,Late,1:16.652,9.871794871794862,807.8717948717949,2,1.0,10.0,64.31800000000001
PIA,McLaren,73.0,0 days 00:01:16.281000,HARD,2.0,1,True,76.281,2024,Monaco,R,21.596499999999995,46.318000000000005,0.0,70,Late,1:16.281,8.461538461538453,806.4615384615385,2,1.0,10.0,64.31800000000001
PIA,McLaren,74.0,0 days 00:01:16.356000,HARD,2.0,1,True,76.356,2024,Monaco,R,21.596499999999995,46.318000000000005,0.0,71,Late,1:16.356,7.051282051282044,805.051282051282,2,1.0,10.0,64.31800000000001
PIA,McLaren,75.0,0 days 00:01:16.644000,HARD,2.0,1,True,76.644,2024,Monaco,R,21.596499999999995,46.318000000000005,0.0,72,Late,1:16.644,5.641025641025635,803.6410256410256,2,1.0,10.0,64.31800000000001
PIA,McLaren,76.0,0 days 00:01:16.590000,HARD,2.0,1,True,76.59,2024,Monaco,R,21.596499999999995,46.318000000000005,0.0,73,Late,1:16.590,4.230769230769226,802.2307692307693,2,1.0,10.0,64.31800000000001
PIA,McLaren,77.0,0 days 00:01:16.734000,HARD,2.0,1,True,76.734,2024,Monaco,R,21.596499999999995,46.318000000000005,0.0,74,Late,1:16.734,2.8205128205128176,800.8205128205128,2,1.0,10.0,64.31800000000001
PIA,McLaren,78.0,0 days 00:01:17.126000,HARD,2.0,1,True,77.126,2024,Monaco,R,21.596499999999995,46.318000000000005,0.0,75,Late,1:17.126,1.4102564102564088,799.4102564102564,2,0.900859598853862,10.0,63.723157593123176
RIC,RB,3.0,0 days 00:01:29.656000,HARD,2.0,1,True,89.656,2024,Monaco,R,21.596499999999995,46.318000000000005,0.0,0,Early,1:29.656,107.17948717948718,905.1794871794872,2,-1.0,0.0,42.318000000000005
RIC,RB,4.0,0 days 00:01:23.524000,HARD,2.0,1,True,83.524,2024,Monaco,R,21.596499999999995,46.318000000000005,0.0,1,Early,1:23.524,105.76923076923077,903.7692307692307,2,-1.0,0.6,42.918000000000006
RIC,RB,5.0,0 days 00:01:23.744000,HARD,2.0,1,True,83.744,2024,Monaco,R,21.596499999999995,46.318000000000005,0.0,2,Early,1:23.744,104.35897435897436,902.3589743589744,2,-1.0,1.2,43.51800000000001
RIC,RB,6.0,0 days 00:01:22.748000,HARD,2.0,1,True,82.748,2024,Monaco,R,21.596499999999995,46.318000000000005,0.0,3,Early,1:22.748,102.94871794871794,900.9487179487179,2,-1.0,1.7999999999999998,44.118
RIC,RB,7.0,0 days 00:01:22.747000,HARD,2.0,1,True,82.747,2024,Monaco,R,21.596499999999995,46.318000000000005,0.0,4,Early,1:22.747,101.53846153846153,899.5384615384615,2,-1.0,2.4,44.718
RIC,RB,8.0,0 days 00:01:22.433000,HARD,2.0,1,True,82.433,2024,Monaco,R,21.596499999999995,46.318000000000005,0.0,5,Early,1:22.433,100.12820512820512,898.1282051282051,2,-1.0,3.0,45.318000000000005
RIC,RB,9.0,0 days 00:01:21.528000,HARD,2.0,1,True,81.528,2024,Monaco,R,21.596499999999995,46.318000000000005,0.0,6,Early,1:21.528,98.71794871794872,896.7179487179487,2,-0.7808978032473757,3.5999999999999996,47.232613180515756
RIC,RB,10.0,0 days 00:01:21.976000,HARD,2.0,1,True,81.976,2024,Monaco,R,21.596499999999995,46.318000000000005,0.0,7,Early,1:21.976,97.3076923076923,895.3076923076923,2,-0.9520534861509066,4.2,46.80567908309457
RIC,RB,11.0,0 days 00:01:21.530000,HARD,2.0,1,True,81.53,2024,Monaco,R,21.596499999999995,46.318000000000005,0.0,8,Early,1:21.530,95.8974358974359,893.8974358974359,2,-0.781661891117479,4.8,48.42802865329513
RIC,RB,12.0,0 days 00:01:21.277000,HARD,2.0,1,True,81.277,2024,Monaco,R,21.596499999999995,46.318000000000005,0.0,9,Early,1:21.277,94.48717948717949,892.4871794871794,2,-0.6850047755491888,5.3999999999999995,49.60797134670487
RIC,RB,13.0,0 days 00:01:21.416000,HARD,2.0,1,True,81.416,2024,Monaco,R,21.596499999999995,46.318000000000005,0.0,10,Early,1:21.416,93.07692307692308,891.0769230769231,2,-0.7381088825214889,6.0,49.88934670487107
RIC,RB,14.0,0 days 00:01:21.391000,HARD,2.0,1,True,81.391,2024,Monaco,R,21.596499999999995,46.318000000000005,0.0,11,Early,1:21.391,91.66666666666666,889.6666666666666,2,-0.7285577841451789,6.6,50.546653295128934
RIC,RB,15.0,0 days 00:01:21.177000,HARD,2.0,1,True,81.177,2024,Monaco,R,21.596499999999995,46.318000000000005,0.0,12,Early,1:21.177,90.25641025641025,888.2564102564103,2,-0.646800382043938,7.199999999999999,51.63719770773638
RIC,RB,16.0,0 days 00:01:21.125000,HARD,2.0,1,True,81.125,2024,Monaco,R,21.596499999999995,46.318000000000005,0.0,13,Early,1:21.125,88.84615384615384,886.8461538461538,2,-0.6269340974212039,7.8,52.356395415472775
RIC,RB,17.0,0 days 00:01:20.862000,HARD,2.0,1,True,80.862,2024,Monaco,R,21.596499999999995,46.318000000000005,0.0,14,Early,1:20.862,87.43589743589743,885.4358974358975,2,-0.5264565425023865,8.4,53.559260744985686
RIC,RB,18.0,0 days 00:01:21.108000,HARD,2.0,1,True,81.108,2024,Monaco,R,21.596499999999995,46.318000000000005,0.0,15,Early,1:21.108,86.02564102564102,884.025641025641,2,-0.6204393505253124,9.0,53.59536389684813
RIC,RB,19.0,0 days 00:01:21.310000,HARD,2.0,1,True,81.31,2024,Monaco,R,21.596499999999995,46.318000000000005,0.0,16,Early,1:21.310,84.61538461538461,882.6153846153846,2,-0.6976122254059228,9.6,53.73232664756447
RIC,RB,20.0,0 days 00:01:20.942000,HARD,2.0,1,True,80.942,2024,Monaco,R,21.596499999999995,46.318000000000005,0.0,17,Early,1:20.942,83.2051282051282,881.2051282051282,2,-0.5570200573065882,10.0,54.97587965616047
RIC,RB,21.0,0 days 00:01:20.817000,HARD,2.0,1,True,80.817,2024,Monaco,R,21.596499999999995,46.318000000000005,0.0,18,Early,1:20.817,81.7948717948718,879.7948717948718,2,-0.509264565425022,10.0,55.262412607449875
RIC,RB,22.0,0 days 00:01:20.849000,HARD,2.0,1,True,80.849,2024,Monaco,R,21.596499999999995,46.318000000000005,0.0,19,Early,1:20.849,80.38461538461539,878.3846153846154,2,-0.5214899713467069,10.0,55.18906017191976
RIC,RB,23.0,0 days 00:01:20.662000,HARD,2.0,1,True,80.662,2024,Monaco,R,21.596499999999995,46.318000000000005,0.0,20,Early,1:20.662,78.97435897435898,876.974358974359,2,-0.4500477554918848,10.0,55.617713467048695
RIC,RB,24.0,0 days 00:01:20.348000,HARD,2.0,1,True,80.348,2024,Monaco,R,21.596499999999995,46.318000000000005,0.0,21,Early,1:20.348,77.56410256410257,875.5641025641025,2,-0.33008595988538764,10.0,56.33748424068768
RIC,RB,25.0,0 days 00:01:21.029000,HARD,2.0,1,True,81.029,2024,Monaco,R,21.596499999999995,46.318000000000005,0.0,22,Early,1:21.029,76.15384615384616,874.1538461538462,2,-0.5902578796561596,10.0,54.77645272206305
RIC,RB,26.0,0 days 00:01:20.691000,HARD,2.0,1,True,80.691,2024,Monaco,R,21.596499999999995,46.318000000000005,0.0,23,Early,1:20.691,74.74358974358975,872.7435897435897,2,-0.46112702960840674,10.0,55.55123782234956
RIC,RB,27.0,0 days 00:01:21.365000,HARD,2.0,1,True,81.365,2024,Monaco,R,21.596499999999995,46.318000000000005,0.0,24,Mid,1:21.365,73.33333333333333,871.3333333333334,2,-0.7186246418338091,10.0,54.00625214899715
RIC,RB,28.0,0 days 00:01:21.566000,HARD,2.0,1,True,81.566,2024,Monaco,R,21.596499999999995,46.318000000000005,0.0,25,Mid,1:21.566,71.92307692307692,869.9230769230769,2,-0.7954154727793705,10.0,53.545507163323784
RIC,RB,29.0,0 days 00:01:21.265000,HARD,2.0,1,True,81.265,2024,Monaco,R,21.596499999999995,46.318000000000005,0.0,26,Mid,1:21.265,70.51282051282051,868.5128205128206,2,-0.6804202483285583,10.0,54.235478510028656
RIC,RB,30.0,0 days 00:01:20.900000,HARD,2.0,1,True,80.9,2024,Monaco,R,21.596499999999995,46.318000000000005,0.0,27,Mid,1:20.900,69.1025641025641,867.1025641025641,2,-0.5409742120343868,10.0,55.07215472779369
RIC,RB,31.0,0 days 00:01:20.703000,HARD,2.0,1,True,80.703,2024,Monaco,R,21.596499999999995,46.318000000000005,0.0,28,Mid,1:20.703,67.69230769230768,865.6923076923076,2,-0.4657115568290373,10.0,55.52373065902578
RIC,RB,32.0,0 days 00:01:20.940000,HARD,2.0,1,True,80.94,2024,Monaco,R,21.596499999999995,46.318000000000005,0.0,29,Mid,1:20.940,66.28205128205127,864.2820512820513,2,-0.5562559694364849,10.0,54.980464183381095
RIC,RB,33.0,0 days 00:01:20.395000,HARD,2.0,1,True,80.395,2024,Monaco,R,21.596499999999995,46.318000000000005,0.0,30,Mid,1:20.395,64.87179487179486,862.8717948717949,2,-0.3480420248328554,10.0,56.22974785100287
RIC,RB,34.0,0 days 00:01:20.840000,HARD,2.0,1,True,80.84,2024,Monaco,R,21.596499999999995,46.318000000000005,0.0,31,Mid,1:20.840,63.46153846153846,861.4615384615385,2,-0.5180515759312341,10.0,55.2096905444126
RIC,RB,35.0,0 days 00:01:20.540000,HARD,2.0,1,True,80.54,2024,Monaco,R,21.596499999999995,46.318000000000005,0.0,32,Mid,1:20.540,62.05128205128205,860.0512820512821,2,-0.40343839541547616,10.0,55.897369627507146
RIC,RB,36.0,0 days 00:01:21.126000,HARD,2.0,1,True,81.126,2024,Monaco,R,21.596499999999995,46.318000000000005,0.0,33,Mid,1:21.126,60.641025641025635,858.6410256410256,2,-0.6273161413562582,10.0,54.554103151862456
RIC,RB,37.0,0 days 00:01:21.358000,HARD,2.0,1,True,81.358,2024,Monaco,R,21.596499999999995,46.318000000000005,0.0,34,Mid,1:21.358,59.230769230769226,857.2307692307693,2,-0.7159503342884449,10.0,54.02229799426934
RIC,RB,38.0,0 days 00:01:21.099000,HARD,2.0,1,True,81.099,2024,Monaco,R,21.596499999999995,46.318000000000005,0.0,35,Mid,1:21.099,57.82051282051282,855.8205128205128,2,-0.6170009551098395,10.0,54.615994269340966
RIC,RB,39.0,0 days 00:01:21.255000,HARD,2.0,1,True,81.255,2024,Monaco,R,21.596499999999995,46.318000000000005,0.0,36,Mid,1:21.255,56.41025641025641,854.4102564102564,2,-0.6765998089780311,10.0,54.25840114613182
RIC,RB,40.0,0 days 00:01:20.870000,HARD,2.0,1,True,80.87,2024,Monaco,R,21.596499999999995,46.318000000000005,0.0,37,Mid,1:20.870,54.99999999999999,853.0,2,-0.5295128939828104,10.0,55.14092263610314
RIC,RB,41.0,0 days 00:01:25.218000,HARD,2.0,1,True,85.218,2024,Monaco,R,21.596499999999995,46.318000000000005,0.0,38,Mid,1:25.218,53.589743589743584,851.5897435897435,2,-1.0,10.0,52.318000000000005
RIC,RB,42.0,0 days 00:01:21.527000,HARD,2.0,1,True,81.527,2024,Monaco,R,21.596499999999995,46.318000000000005,0.0,39,Mid,1:21.527,52.179487179487175,850.1794871794872,2,-0.7805157593123213,10.0,53.634905444126076
RIC,RB,43.0,0 days 00:01:21.053000,HARD,2.0,1,True,81.053,2024,Monaco,R,21.596499999999995,46.318000000000005,0.0,40,Mid,1:21.053,50.76923076923077,848.7692307692307,2,-0.5994269340974206,10.0,54.72143839541548
RIC,RB,44.0,0 days 00:01:18.003000,HARD,2.0,1,True,78.003,2024,Monaco,R,21.596499999999995,46.318000000000005,0.0,41,Mid,1:18.003,49.35897435897436,847.3589743589744,2,0.5658070678127949,10.0,61.712842406876774
RIC,RB,45.0,0 days 00:01:21.761000,HARD,2.0,1,True,81.761,2024,Monaco,R,21.596499999999995,46.318000000000005,0.0,42,Mid,1:21.761,47.94871794871794,845.9487179487179,2,-0.8699140401146113,10.0,53.098515759312335
RIC,RB,46.0,0 days 00:01:17.172000,HARD,2.0,1,True,77.172,2024,Monaco,R,21.596499999999995,46.318000000000005,0.0,43,Mid,1:17.172,46.53846153846153,844.5384615384615,2,0.8832855778414486,10.0,63.617713467048695
RIC,RB,47.0,0 days 00:01:21.071000,HARD,2.0,1,True,81.071,2024,Monaco,R,21.596499999999995,46.318000000000005,0.0,44,Mid,1:21.071,45.128205128205124,843.1282051282051,2,-0.6063037249283665,10.0,54.680177650429805
RIC,RB,48.0,0 days 00:01:18.282000,HARD,2.0,1,True,78.282,2024,Monaco,R,21.596499999999995,46.318000000000005,0.0,45,Mid,1:18.282,43.717948717948715,841.7179487179487,2,0.4592168099331404,10.0,61.073300859598845
RIC,RB,49.0,0 days 00:01:19.837000,HARD,2.0,1,True,79.837,2024,Monaco,R,21.596499999999995,46.318000000000005,0.0,46,Mid,1:19.837,42.30769230769231,840.3076923076923,2,-0.1348615090735464,10.0,57.50883094555873
RIC,RB,50.0,0 days 00:01:19.796000,HARD,2.0,1,True,79.796,2024,Monaco,R,21.596499999999995,46.318000000000005,0.0,47,Mid,1:19.796,40.8974358974359,838.8974358974359,2,-0.11919770773639389,10.0,57.60281375358164
RIC,RB,51.0,0 days 00:01:22.683000,HARD,2.0,12,True,82.683,2024,Monaco,R,21.596499999999995,46.318000000000005,0.0,48,Mid,1:22.683,39.48717948717949,837.4871794871794,2,-1.0,10.0,52.318000000000005
RIC,RB,52.0,0 days 00:01:20.696000,HARD,2.0,21,True,80.696,2024,Monaco,R,21.596499999999995,46.318000000000005,0.0,49,Mid,1:20.696,38.076923076923066,836.0769230769231,2,-0.4630372492836677,10.0,55.539776504298
RIC,RB,53.0,0 days 00:01:20.079000,HARD,2.0,1,True,80.079,2024,Monaco,R,21.596499999999995,46.318000000000005,0.0,50,Late,1:20.079,36.66666666666666,834.6666666666666,2,-0.22731614135625494,10.0,56.954103151862476
RIC,RB,54.0,0 days 00:01:19.176000,HARD,2.0,1,True,79.176,2024,Monaco,R,21.596499999999995,46.318000000000005,0.0,51,Late,1:19.176,35.25641025641025,833.2564102564103,2,0.11766953199617647,10.0,59.024017191977066
RIC,RB,55.0,0 days 00:01:19.457000,HARD,2.0,1,True,79.457,2024,Monaco,R,21.596499999999995,46.318000000000005,0.0,52,Late,1:19.457,33.84615384615384,831.8461538461538,2,0.010315186246418702,10.0,58.379891117478515
RIC,RB,56.0,0 days 00:01:22.007000,HARD,2.0,1,True,82.007,2024,Monaco,R,21.596499999999995,46.318000000000005,0.0,53,Late,1:22.007,32.43589743589743,830.4358974358975,2,-0.9638968481375373,10.0,52.53461891117478
RIC,RB,57.0,0 days 00:01:19.672000,HARD,2.0,1,True,79.672,2024,Monaco,R,21.596499999999995,46.318000000000005,0.0,54,Late,1:19.672,31.025641025641022,829.025641025641,2,-0.07182425978987655,10.0,57.887054441260744
RIC,RB,58.0,0 days 00:01:19.119000,HARD,2.0,1,True,79.119,2024,Monaco,R,21.596499999999995,46.318000000000005,0.0,55,Late,1:19.119,29.615384615384613,827.6153846153846,2,0.13944603629417152,10.0,59.15467621776504
RIC,RB,59.0,0 days 00:01:18.936000,HARD,2.0,1,True,78.936,2024,Monaco,R,21.596499999999995,46.318000000000005,0.0,56,Late,1:18.936,28.205128205128204,826.2051282051282,2,0.20936007640878174,10.0,59.574160458452695
RIC,RB,60.0,0 days 00:01:19.230000,HARD,2.0,1,True,79.23,2024,Monaco,R,21.596499999999995,46.318000000000005,0.0,57,Late,1:19.230,26.794871794871796,824.7948717948718,2,0.09703915950333906,10.0,58.90023495702004
RIC,RB,61.0,0 days 00:01:18.771000,HARD,2.0,1,True,78.771,2024,Monaco,R,21.596499999999995,46.318000000000005,0.0,58,Late,1:18.771,25.384615384615373,823.3846153846154,2,0.27239732569245156,10.0,59.95238395415471
RIC,RB,62.0,0 days 00:01:18.977000,HARD,2.0,1,True,78.977,2024,Monaco,R,21.596499999999995,46.318000000000005,0.0,59,Late,1:18.977,23.974358974358964,821.974358974359,2,0.1936962750716292,10.0,59.48017765042978
RIC,RB,63.0,0 days 00:01:18.805000,HARD,2.0,1,True,78.805,2024,Monaco,R,21.596499999999995,46.318000000000005,0.0,60,Late,1:18.805,22.564102564102555,820.5641025641025,2,0.25940783190066324,10.0,59.874446991403985
RIC,RB,64.0,0 days 00:01:18.637000,HARD,2.0,1,True,78.637,2024,Monaco,R,21.596499999999995,46.318000000000005,0.0,61,Late,1:18.637,21.153846153846146,819.1538461538462,2,0.32359121298949073,10.0,60.259547277936946
RIC,RB,65.0,0 days 00:01:18.730000,HARD,2.0,1,True,78.73,2024,Monaco,R,21.596499999999995,46.318000000000005,0.0,62,Late,1:18.730,19.743589743589737,817.7435897435897,2,0.28806112702960407,10.0,60.04636676217763
RIC,RB,66.0,0 days 00:01:18.248000,HARD,2.0,1,True,78.248,2024,Monaco,R,21.596499999999995,46.318000000000005,0.0,63,Late,1:18.248,18.33333333333333,816.3333333333334,2,0.47220630372492334,10.0,61.15123782234954
RIC,RB,67.0,0 days 00:01:18.219000,HARD,2.0,1,True,78.219,2024,Monaco,R,21.596499999999995,46.318000000000005,0.0,64,Late,1:18.219,16.92307692307692,814.9230769230769,2,0.4832855778414507,10.0,61.21771346704871
RIC,RB,68.0,0 days 00:01:18.116000,HARD,2.0,1,True,78.116,2024,Monaco,R,21.596499999999995,46.318000000000005,0.0,65,Late,1:18.116,15.512820512820511,813.5128205128206,2,0.5226361031518592,10.0,61.45381661891116
RIC,RB,69.0,0 days 00:01:18.386000,HARD,2.0,1,True,78.386,2024,Monaco,R,21.596499999999995,46.318000000000005,0.0,66,Late,1:18.386,14.102564102564102,812.1025641025641,2,0.4194842406876776,10.0,60.83490544412607
RIC,RB,70.0,0 days 00:01:18.706000,HARD,2.0,1,True,78.706,2024,Monaco,R,21.596499999999995,46.318000000000005,0.0,67,Late,1:18.706,12.69230769230768,810.6923076923076,2,0.29723018147086516,10.0,60.10138108882519
RIC,RB,71.0,0 days 00:01:18.108000,HARD,2.0,1,True,78.108,2024,Monaco,R,21.596499999999995,46.318000000000005,0.0,68,Late,1:18.108,11.28205128205127,809.2820512820513,2,0.5256924546322778,10.0,61.47215472779367
RIC,RB,72.0,0 days 00:01:18.068000,HARD,2.0,1,True,78.068,2024,Monaco,R,21.596499999999995,46.318000000000005,0.0,69,Late,1:18.068,9.871794871794862,807.8717948717949,2,0.5409742120343813,10.0,61.563845272206294
RIC,RB,73.0,0 days 00:01:18.512000,HARD,2.0,1,True,78.512,2024,Monaco,R,21.596499999999995,46.318000000000005,0.0,70,Late,1:18.512,8.461538461538453,806.4615384615385,2,0.371346704871057,10.0,60.54608022922635
RIC,RB,74.0,0 days 00:01:20.358000,HARD,2.0,1,True,80.358,2024,Monaco,R,21.596499999999995,46.318000000000005,0.0,71,Late,1:20.358,7.051282051282044,805.051282051282,2,-0.33390639923591486,10.0,56.31456160458452
RIC,RB,75.0,0 days 00:01:18.645000,HARD,2.0,1,True,78.645,2024,Monaco,R,21.596499999999995,46.318000000000005,0.0,72,Late,1:18.645,5.641025641025635,803.6410256410256,2,0.3205348615090722,10.0,60.241209169054436
RIC,RB,76.0,0 days 00:01:18.930000,HARD,2.0,1,True,78.93,2024,Monaco,R,21.596499999999995,46.318000000000005,0.0,73,Late,1:18.930,4.230769230769226,802.2307692307693,2,0.211652340019097,10.0,59.58791404011458
RUS,Mercedes,3.0,0 days 00:01:25.319000,MEDIUM,2.0,1,True,85.319,2024,Monaco,R,21.596499999999995,46.318000000000005,0.0,0,Early,1:25.319,107.17948717948718,905.1794871794872,5,-1.0,0.0,45.318000000000005
RUS,Mercedes,4.0,0 days 00:01:22.868000,MEDIUM,2.0,1,True,82.868,2024,Monaco,R,21.596499999999995,46.318000000000005,0.0,1,Early,1:22.868,105.76923076923077,903.7692307692307,5,-1.0,0.6,45.918000000000006
RUS,Mercedes,5.0,0 days 00:01:23.045000,MEDIUM,2.0,1,True,83.045,2024,Monaco,R,21.596499999999995,46.318000000000005,0.0,2,Early,1:23.045,104.35897435897436,902.3589743589744,5,-1.0,1.2,46.51800000000001
RUS,Mercedes,6.0,0 days 00:01:23.012000,MEDIUM,2.0,1,True,83.012,2024,Monaco,R,21.596499999999995,46.318000000000005,0.0,3,Early,1:23.012,102.94871794871794,900.9487179487179,5,-1.0,1.7999999999999998,47.118
RUS,Mercedes,7.0,0 days 00:01:21.415000,MEDIUM,2.0,1,True,81.415,2024,Monaco,R,21.596499999999995,46.318000000000005,0.0,4,Early,1:21.415,101.53846153846153,899.5384615384615,5,-0.73772683858644,2.4,49.291638968481365
RUS,Mercedes,8.0,0 days 00:01:21.612000,MEDIUM,2.0,1,True,81.612,2024,Monaco,R,21.596499999999995,46.318000000000005,0.0,5,Early,1:21.612,100.12820512820512,898.1282051282051,5,-0.812989493791784,3.0,49.4400630372493
RUS,Mercedes,9.0,0 days 00:01:21.433000,MEDIUM,2.0,1,True,81.433,2024,Monaco,R,21.596499999999995,46.318000000000005,0.0,6,Early,1:21.433,98.71794871794872,896.7179487179487,5,-0.7446036294173858,3.5999999999999996,50.45037822349569
RUS,Mercedes,10.0,0 days 00:01:21.531000,MEDIUM,2.0,1,True,81.531,2024,Monaco,R,21.596499999999995,46.318000000000005,0.0,7,Early,1:21.531,97.3076923076923,895.3076923076923,5,-0.7820439350525333,4.2,50.825736389684806
RUS,Mercedes,11.0,0 days 00:01:21.452000,MEDIUM,2.0,1,True,81.452,2024,Monaco,R,21.596499999999995,46.318000000000005,0.0,8,Early,1:21.452,95.8974358974359,893.8974358974359,5,-0.7518624641833804,4.8,51.60682521489972
RUS,Mercedes,12.0,0 days 00:01:20.316000,MEDIUM,2.0,1,True,80.316,2024,Monaco,R,21.596499999999995,46.318000000000005,0.0,9,Early,1:20.316,94.48717948717949,892.4871794871794,5,-0.317860553963708,5.3999999999999995,54.810836676217754
RUS,Mercedes,13.0,0 days 00:01:20.525000,MEDIUM,2.0,1,True,80.525,2024,Monaco,R,21.596499999999995,46.318000000000005,0.0,10,Early,1:20.525,93.07692307692308,891.0769230769231,5,-0.397707736389688,6.0,54.93175358166188
RUS,Mercedes,14.0,0 days 00:01:20.272000,MEDIUM,2.0,1,True,80.272,2024,Monaco,R,21.596499999999995,46.318000000000005,0.0,11,Early,1:20.272,91.66666666666666,889.6666666666666,5,-0.30105062082139783,6.6,56.11169627507162
RUS,Mercedes,15.0,0 days 00:01:20.202000,MEDIUM,2.0,1,True,80.202,2024,Monaco,R,21.596499999999995,46.318000000000005,0.0,12,Early,1:20.202,90.25641025641025,888.2564102564103,5,-0.2743075453677179,7.199999999999999,56.87215472779369
RUS,Mercedes,16.0,0 days 00:01:19.913000,MEDIUM,2.0,1,True,79.913,2024,Monaco,R,21.596499999999995,46.318000000000005,0.0,13,Early,1:19.913,88.84615384615384,886.8461538461538,5,-0.16389684813753616,7.8,58.13461891117478
RUS,Mercedes,17.0,0 days 00:01:20.150000,MEDIUM,2.0,1,True,80.15,2024,Monaco,R,21.596499999999995,46.318000000000005,0.0,14,Early,1:20.150,87.43589743589743,885.4358974358975,5,-0.25444126074498924,8.4,58.19135243553007
RUS,Mercedes,18.0,0 days 00:01:19.438000,MEDIUM,2.0,1,True,79.438,2024,Monaco,R,21.596499999999995,46.318000000000005,0.0,15,Early,1:19.438,86.02564102564102,884.025641025641,5,0.01757402101241343,9.0,60.423444126074486
RUS,Mercedes,19.0,0 days 00:01:20.157000,MEDIUM,2.0,1,True,80.157,2024,Monaco,R,21.596499999999995,46.318000000000005,0.0,16,Early,1:20.157,84.61538461538461,882.6153846153846,5,-0.2571155682903534,9.6,59.375306590257885
RUS,Mercedes,20.0,0 days 00:01:20.053000,MEDIUM,2.0,1,True,80.053,2024,Monaco,R,21.596499999999995,46.318000000000005,0.0,17,Early,1:20.053,83.2051282051282,881.2051282051282,5,-0.21738299904489058,10.0,60.013702005730664
RUS,Mercedes,21.0,0 days 00:01:19.788000,MEDIUM,2.0,1,True,79.788,2024,Monaco,R,21.596499999999995,46.318000000000005,0.0,18,Early,1:19.788,81.7948717948718,879.7948717948718,5,-0.11614135625596991,10.0,60.62115186246419
RUS,Mercedes,22.0,0 days 00:01:19.691000,MEDIUM,2.0,1,True,79.691,2024,Monaco,R,21.596499999999995,46.318000000000005,0.0,19,Early,1:19.691,80.38461538461539,878.3846153846154,5,-0.07908309455587671,10.0,60.843501432664745
RUS,Mercedes,23.0,0 days 00:01:19.397000,MEDIUM,2.0,1,True,79.397,2024,Monaco,R,21.596499999999995,46.318000000000005,0.0,20,Early,1:19.397,78.97435897435898,876.974358974359,5,0.033237822349565946,10.0,61.5174269340974
RUS,Mercedes,24.0,0 days 00:01:19.484000,MEDIUM,2.0,1,True,79.484,2024,Monaco,R,21.596499999999995,46.318000000000005,0.0,21,Early,1:19.484,77.56410256410257,875.5641025641025,5,0.0,10.0,61.318000000000005
RUS,Mercedes,25.0,0 days 00:01:18.651000,MEDIUM,2.0,1,True,78.651,2024,Monaco,R,21.596499999999995,46.318000000000005,0.0,22,Early,1:18.651,76.15384615384616,874.1538461538462,5,0.3182425978987569,10.0,63.22745558739255
RUS,Mercedes,26.0,0 days 00:01:19.006000,MEDIUM,2.0,1,True,79.006,2024,Monaco,R,21.596499999999995,46.318000000000005,0.0,23,Early,1:19.006,74.74358974358975,872.7435897435897,5,0.18261700095510724,10.0,62.41370200573065
RUS,Mercedes,27.0,0 days 00:01:18.927000,MEDIUM,2.0,1,True,78.927,2024,Monaco,R,21.596499999999995,46.318000000000005,0.0,24,Mid,1:18.927,73.33333333333333,871.3333333333334,5,0.21279847182425463,10.0,62.594790830945534
RUS,Mercedes,28.0,0 days 00:01:18.679000,MEDIUM,2.0,1,True,78.679,2024,Monaco,R,21.596499999999995,46.318000000000005,0.0,25,Mid,1:18.679,71.92307692307692,869.9230769230769,5,0.30754536771728386,10.0,63.16327220630371
RUS,Mercedes,29.0,0 days 00:01:18.624000,MEDIUM,2.0,1,True,78.624,2024,Monaco,R,21.596499999999995,46.318000000000005,0.0,26,Mid,1:18.624,70.51282051282051,868.5128205128206,5,0.3285577841451756,10.0,63.28934670487106
RUS,Mercedes,30.0,0 days 00:01:18.811000,MEDIUM,2.0,1,True,78.811,2024,Monaco,R,21.596499999999995,46.318000000000005,0.0,27,Mid,1:18.811,69.1025641025641,867.1025641025641,5,0.257115568290348,10.0,62.86069340974209
RUS,Mercedes,31.0,0 days 00:01:19.101000,MEDIUM,2.0,1,True,79.101,2024,Monaco,R,21.596499999999995,46.318000000000005,0.0,28,Mid,1:19.101,67.69230769230768,865.6923076923076,5,0.14632282712511732,10.0,62.19593696275071
RUS,Mercedes,32.0,0 days 00:01:19.122000,MEDIUM,2.0,1,True,79.122,2024,Monaco,R,21.596499999999995,46.318000000000005,0.0,29,Mid,1:19.122,66.28205128205127,864.2820512820513,5,0.1382999044890139,10.0,62.147799426934085
RUS,Mercedes,33.0,0 days 00:01:18.910000,MEDIUM,2.0,1,True,78.91,2024,Monaco,R,21.596499999999995,46.318000000000005,0.0,30,Mid,1:18.910,64.87179487179486,862.8717948717949,5,0.2192932187201515,10.0,62.63375931232091
RUS,Mercedes,34.0,0 days 00:01:19.379000,MEDIUM,2.0,1,True,79.379,2024,Monaco,R,21.596499999999995,46.318000000000005,0.0,31,Mid,1:19.379,63.46153846153846,861.4615384615385,5,0.040114613180511745,10.0,61.55868767908308
RUS,Mercedes,35.0,0 days 00:01:20.448000,MEDIUM,2.0,1,True,80.448,2024,Monaco,R,21.596499999999995,46.318000000000005,0.0,32,Mid,1:20.448,62.05128205128205,860.0512820512821,5,-0.3682903533906384,10.0,59.10825787965617
RUS,Mercedes,36.0,0 days 00:01:19.728000,MEDIUM,2.0,1,True,79.728,2024,Monaco,R,21.596499999999995,46.318000000000005,0.0,33,Mid,1:19.728,60.641025641025635,858.6410256410256,5,-0.09321872015281725,10.0,60.7586876790831
RUS,Mercedes,37.0,0 days 00:01:18.757000,MEDIUM,2.0,1,True,78.757,2024,Monaco,R,21.596499999999995,46.318000000000005,0.0,34,Mid,1:18.757,59.230769230769226,857.2307692307693,5,0.2777459407831854,10.0,62.98447564469912
RUS,Mercedes,38.0,0 days 00:01:18.446000,MEDIUM,2.0,1,True,78.446,2024,Monaco,R,21.596499999999995,46.318000000000005,0.0,35,Mid,1:18.446,57.82051282051282,855.8205128205128,5,0.39656160458452494,10.0,63.69736962750716
RUS,Mercedes,39.0,0 days 00:01:18.450000,MEDIUM,2.0,1,True,78.45,2024,Monaco,R,21.596499999999995,46.318000000000005,0.0,36,Mid,1:18.450,56.41025641025641,854.4102564102564,5,0.3950334288443129,10.0,63.688200573065885
RUS,Mercedes,40.0,0 days 00:01:18.139000,MEDIUM,2.0,1,True,78.139,2024,Monaco,R,21.596499999999995,46.318000000000005,0.0,37,Mid,1:18.139,54.99999999999999,853.0,5,0.5138490926456525,10.0,64.40109455587393
RUS,Mercedes,41.0,0 days 00:01:18.308000,MEDIUM,2.0,1,True,78.308,2024,Monaco,R,21.596499999999995,46.318000000000005,0.0,38,Mid,1:18.308,53.589743589743584,851.5897435897435,5,0.44928366762177063,10.0,64.01370200573064
RUS,Mercedes,42.0,0 days 00:01:18.204000,MEDIUM,2.0,1,True,78.204,2024,Monaco,R,21.596499999999995,46.318000000000005,0.0,39,Mid,1:18.204,52.179487179487175,850.1794871794872,5,0.4890162368672389,10.0,64.25209742120344
RUS,Mercedes,43.0,0 days 00:01:18.684000,MEDIUM,2.0,1,True,78.684,2024,Monaco,R,21.596499999999995,46.318000000000005,0.0,40,Mid,1:18.684,50.76923076923077,848.7692307692307,5,0.30563514804202296,10.0,63.15181088825214
RUS,Mercedes,44.0,0 days 00:01:18.177000,MEDIUM,2.0,1,True,78.177,2024,Monaco,R,21.596499999999995,46.318000000000005,0.0,41,Mid,1:18.177,49.35897435897436,847.3589743589744,5,0.49933142311365214,10.0,64.31398853868191
RUS,Mercedes,45.0,0 days 00:01:18.449000,MEDIUM,2.0,1,True,78.449,2024,Monaco,R,21.596499999999995,46.318000000000005,0.0,42,Mid,1:18.449,47.94871794871794,845.9487179487179,5,0.3954154727793673,10.0,63.690492836676206
RUS,Mercedes,46.0,0 days 00:01:18.387000,MEDIUM,2.0,1,True,78.387,2024,Monaco,R,21.596499999999995,46.318000000000005,0.0,43,Mid,1:18.387,46.53846153846153,844.5384615384615,5,0.4191021967526232,10.0,63.83261318051574
RUS,Mercedes,47.0,0 days 00:01:18.314000,MEDIUM,2.0,1,True,78.314,2024,Monaco,R,21.596499999999995,46.318000000000005,0.0,44,Mid,1:18.314,45.128205128205124,843.1282051282051,5,0.4469914040114608,10.0,63.99994842406877
RUS,Mercedes,48.0,0 days 00:01:18.702000,MEDIUM,2.0,1,True,78.702,2024,Monaco,R,21.596499999999995,46.318000000000005,0.0,45,Mid,1:18.702,43.717948717948715,841.7179487179487,5,0.29875835721107713,10.0,63.110550143266465
RUS,Mercedes,49.0,0 days 00:01:18.985000,MEDIUM,2.0,1,True,78.985,2024,Monaco,R,21.596499999999995,46.318000000000005,0.0,46,Mid,1:18.985,42.30769230769231,840.3076923076923,5,0.19063992359121068,10.0,62.46183954154727
RUS,Mercedes,50.0,0 days 00:01:18.447000,MEDIUM,2.0,1,True,78.447,2024,Monaco,R,21.596499999999995,46.318000000000005,0.0,47,Mid,1:18.447,40.8974358974359,838.8974358974359,5,0.3961795606494706,10.0,63.69507736389683
RUS,Mercedes,51.0,0 days 00:01:18.049000,MEDIUM,2.0,1,True,78.049,2024,Monaco,R,21.596499999999995,46.318000000000005,0.0,48,Mid,1:18.049,39.48717948717949,837.4871794871794,5,0.5482330468003761,10.0,64.60739828080226
RUS,Mercedes,52.0,0 days 00:01:18.602000,MEDIUM,2.0,12,True,78.602,2024,Monaco,R,21.596499999999995,46.318000000000005,0.0,49,Mid,1:18.602,38.076923076923066,836.0769230769231,5,0.336962750716328,10.0,63.33977650429797
RUS,Mercedes,53.0,0 days 00:01:20.891000,MEDIUM,2.0,21,True,80.891,2024,Monaco,R,21.596499999999995,46.318000000000005,0.0,50,Late,1:20.891,36.66666666666666,834.6666666666666,5,-0.5375358166189138,10.0,58.09278510028652
RUS,Mercedes,54.0,0 days 00:01:18.201000,MEDIUM,2.0,1,True,78.201,2024,Monaco,R,21.596499999999995,46.318000000000005,0.0,51,Late,1:18.201,35.25641025641025,833.2564102564103,5,0.49016236867239654,10.0,64.25897421203439
RUS,Mercedes,55.0,0 days 00:01:17.305000,MEDIUM,2.0,1,True,77.305,2024,Monaco,R,21.596499999999995,46.318000000000005,0.0,52,Late,1:17.305,33.84615384615384,831.8461538461538,5,0.8324737344794583,10.0,66.31284240687675
RUS,Mercedes,56.0,0 days 00:01:17.071000,MEDIUM,2.0,1,True,77.071,2024,Monaco,R,21.596499999999995,46.318000000000005,0.0,53,Late,1:17.071,32.43589743589743,830.4358974358975,5,0.9218720152817538,10.0,66.84923209169052
RUS,Mercedes,57.0,0 days 00:01:16.910000,MEDIUM,2.0,1,True,76.91,2024,Monaco,R,21.596499999999995,46.318000000000005,0.0,54,Late,1:16.910,31.025641025641022,829.025641025641,5,0.9833810888252116,10.0,67.21828653295127
RUS,Mercedes,58.0,0 days 00:01:17.142000,MEDIUM,2.0,1,True,77.142,2024,Monaco,R,21.596499999999995,46.318000000000005,0.0,55,Late,1:17.142,29.615384615384613,827.6153846153846,5,0.8947468958930249,10.0,66.68648137535816
RUS,Mercedes,59.0,0 days 00:01:16.842000,MEDIUM,2.0,1,True,76.842,2024,Monaco,R,21.596499999999995,46.318000000000005,0.0,56,Late,1:16.842,28.205128205128204,826.2051282051282,5,1.0,10.0,67.31800000000001
RUS,Mercedes,60.0,0 days 00:01:16.604000,MEDIUM,2.0,1,True,76.604,2024,Monaco,R,21.596499999999995,46.318000000000005,0.0,57,Late,1:16.604,26.794871794871796,824.7948717948718,5,1.0,10.0,67.31800000000001
RUS,Mercedes,61.0,0 days 00:01:16.697000,MEDIUM,2.0,1,True,76.697,2024,Monaco,R,21.596499999999995,46.318000000000005,0.0,58,Late,1:16.697,25.384615384615373,823.3846153846154,5,1.0,10.0,67.31800000000001
RUS,Mercedes,62.0,0 days 00:01:16.787000,MEDIUM,2.0,1,True,76.787,2024,Monaco,R,21.596499999999995,46.318000000000005,0.0,59,Late,1:16.787,23.974358974358964,821.974358974359,5,1.0,10.0,67.31800000000001
RUS,Mercedes,63.0,0 days 00:01:16.581000,MEDIUM,2.0,1,True,76.581,2024,Monaco,R,21.596499999999995,46.318000000000005,0.0,60,Late,1:16.581,22.564102564102555,820.5641025641025,5,1.0,10.0,67.31800000000001
RUS,Mercedes,64.0,0 days 00:01:16.133000,MEDIUM,2.0,1,True,76.133,2024,Monaco,R,21.596499999999995,46.318000000000005,0.0,61,Late,1:16.133,21.153846153846146,819.1538461538462,5,1.0,10.0,67.31800000000001
RUS,Mercedes,65.0,0 days 00:01:15.651000,MEDIUM,2.0,1,True,75.651,2024,Monaco,R,21.596499999999995,46.318000000000005,0.0,62,Late,1:15.651,19.743589743589737,817.7435897435897,5,1.0,10.0,67.31800000000001
RUS,Mercedes,66.0,0 days 00:01:15.848000,MEDIUM,2.0,1,True,75.848,2024,Monaco,R,21.596499999999995,46.318000000000005,0.0,63,Late,1:15.848,18.33333333333333,816.3333333333334,5,1.0,10.0,67.31800000000001
RUS,Mercedes,67.0,0 days 00:01:16.157000,MEDIUM,2.0,1,True,76.157,2024,Monaco,R,21.596499999999995,46.318000000000005,0.0,64,Late,1:16.157,16.92307692307692,814.9230769230769,5,1.0,10.0,67.31800000000001
RUS,Mercedes,68.0,0 days 00:01:15.931000,MEDIUM,2.0,1,True,75.931,2024,Monaco,R,21.596499999999995,46.318000000000005,0.0,65,Late,1:15.931,15.512820512820511,813.5128205128206,5,1.0,10.0,67.31800000000001
RUS,Mercedes,69.0,0 days 00:01:15.869000,MEDIUM,2.0,1,True,75.869,2024,Monaco,R,21.596499999999995,46.318000000000005,0.0,66,Late,1:15.869,14.102564102564102,812.1025641025641,5,1.0,10.0,67.31800000000001
RUS,Mercedes,70.0,0 days 00:01:15.251000,MEDIUM,2.0,1,True,75.251,2024,Monaco,R,21.596499999999995,46.318000000000005,0.0,67,Late,1:15.251,12.69230769230768,810.6923076923076,5,1.0,10.0,67.31800000000001
RUS,Mercedes,71.0,0 days 00:01:15.827000,MEDIUM,2.0,1,True,75.827,2024,Monaco,R,21.596499999999995,46.318000000000005,0.0,68,Late,1:15.827,11.28205128205127,809.2820512820513,5,1.0,10.0,67.31800000000001
RUS,Mercedes,72.0,0 days 00:01:15.839000,MEDIUM,2.0,1,True,75.839,2024,Monaco,R,21.596499999999995,46.318000000000005,0.0,69,Late,1:15.839,9.871794871794862,807.8717948717949,5,1.0,10.0,67.31800000000001
RUS,Mercedes,73.0,0 days 00:01:15.228000,MEDIUM,2.0,1,True,75.228,2024,Monaco,R,21.596499999999995,46.318000000000005,0.0,70,Late,1:15.228,8.461538461538453,806.4615384615385,5,1.0,10.0,67.31800000000001
RUS,Mercedes,74.0,0 days 00:01:15.376000,MEDIUM,2.0,1,True,75.376,2024,Monaco,R,21.596499999999995,46.318000000000005,0.0,71,Late,1:15.376,7.051282051282044,805.051282051282,5,1.0,10.0,67.31800000000001
RUS,Mercedes,75.0,0 days 00:01:15.525000,MEDIUM,2.0,1,True,75.525,2024,Monaco,R,21.596499999999995,46.318000000000005,0.0,72,Late,1:15.525,5.641025641025635,803.6410256410256,5,1.0,10.0,67.31800000000001
RUS,Mercedes,76.0,0 days 00:01:15.753000,MEDIUM,2.0,1,True,75.753,2024,Monaco,R,21.596499999999995,46.318000000000005,0.0,73,Late,1:15.753,4.230769230769226,802.2307692307693,5,1.0,10.0,67.31800000000001
RUS,Mercedes,77.0,0 days 00:01:15.532000,MEDIUM,2.0,1,True,75.532,2024,Monaco,R,21.596499999999995,46.318000000000005,0.0,74,Late,1:15.532,2.8205128205128176,800.8205128205128,5,1.0,10.0,67.31800000000001
RUS,Mercedes,78.0,0 days 00:01:16.303000,MEDIUM,2.0,1,True,76.303,2024,Monaco,R,21.596499999999995,46.318000000000005,0.0,75,Late,1:16.303,1.4102564102564088,799.4102564102564,5,1.0,10.0,67.31800000000001
SAI,Ferrari,3.0,0 days 00:01:25.012000,HARD,2.0,1,True,85.012,2024,Monaco,R,21.596499999999995,46.318000000000005,0.0,0,Early,1:25.012,107.17948717948718,905.1794871794872,2,-1.0,0.0,42.318000000000005
SAI,Ferrari,4.0,0 days 00:01:22.358000,HARD,2.0,1,True,82.358,2024,Monaco,R,21.596499999999995,46.318000000000005,0.0,1,Early,1:22.358,105.76923076923077,903.7692307692307,2,-1.0,0.6,42.918000000000006
SAI,Ferrari,5.0,0 days 00:01:21.978000,HARD,2.0,1,True,81.978,2024,Monaco,R,21.596499999999995,46.318000000000005,0.0,2,Early,1:21.978,104.35897435897436,902.3589743589744,2,-0.9528175740210099,1.2,43.801094555873945
SAI,Ferrari,6.0,0 days 00:01:21.163000,HARD,2.0,1,True,81.163,2024,Monaco,R,21.596499999999995,46.318000000000005,0.0,3,Early,1:21.163,102.94871794871794,900.9487179487179,2,-0.6414517669531987,1.7999999999999998,46.26928939828081
SAI,Ferrari,7.0,0 days 00:01:21.466000,HARD,2.0,1,True,81.466,2024,Monaco,R,21.596499999999995,46.318000000000005,0.0,4,Early,1:21.466,101.53846153846153,899.5384615384615,2,-0.7572110792741142,2.4,46.17473352435532
SAI,Ferrari,8.0,0 days 00:01:20.272000,HARD,2.0,1,True,80.272,2024,Monaco,R,21.596499999999995,46.318000000000005,0.0,5,Early,1:20.272,100.12820512820512,898.1282051282051,2,-0.30105062082139783,3.0,49.51169627507162
SAI,Ferrari,9.0,0 days 00:01:20.525000,HARD,2.0,1,True,80.525,2024,Monaco,R,21.596499999999995,46.318000000000005,0.0,6,Early,1:20.525,98.71794871794872,896.7179487179487,2,-0.397707736389688,3.5999999999999996,49.53175358166188
SAI,Ferrari,10.0,0 days 00:01:21.259000,HARD,2.0,1,True,81.259,2024,Monaco,R,21.596499999999995,46.318000000000005,0.0,7,Early,1:21.259,97.3076923076923,895.3076923076923,2,-0.678127984718243,4.2,48.44923209169055
SAI,Ferrari,11.0,0 days 00:01:20.246000,HARD,2.0,1,True,80.246,2024,Monaco,R,21.596499999999995,46.318000000000005,0.0,8,Early,1:20.246,95.8974358974359,893.8974358974359,2,-0.29111747851002806,4.8,51.371295128939835
SAI,Ferrari,12.0,0 days 00:01:19.974000,HARD,2.0,1,True,79.974,2024,Monaco,R,21.596499999999995,46.318000000000005,0.0,9,Early,1:19.974,94.48717948717949,892.4871794871794,2,-0.1872015281757432,5.3999999999999995,52.59479083094554
SAI,Ferrari,13.0,0 days 00:01:20.017000,HARD,2.0,1,True,80.017,2024,Monaco,R,21.596499999999995,46.318000000000005,0.0,10,Early,1:20.017,93.07692307692308,891.0769230769231,2,-0.203629417382999,6.0,53.09622349570201
SAI,Ferrari,14.0,0 days 00:01:19.480000,HARD,2.0,1,True,79.48,2024,Monaco,R,21.596499999999995,46.318000000000005,0.0,11,Early,1:19.480,91.66666666666666,889.6666666666666,2,0.0015281757402065587,6.6,54.927169054441244
SAI,Ferrari,15.0,0 days 00:01:19.543000,HARD,2.0,1,True,79.543,2024,Monaco,R,21.596499999999995,46.318000000000005,0.0,12,Early,1:19.543,90.25641025641025,888.2564102564103,2,-0.022540592168103748,7.199999999999999,55.38275644699138
SAI,Ferrari,16.0,0 days 00:01:20.579000,HARD,2.0,1,True,80.579,2024,Monaco,R,21.596499999999995,46.318000000000005,0.0,13,Early,1:20.579,88.84615384615384,886.8461538461538,2,-0.41833810888252,7.8,53.60797134670488
SAI,Ferrari,17.0,0 days 00:01:20.076000,HARD,2.0,1,True,80.076,2024,Monaco,R,21.596499999999995,46.318000000000005,0.0,14,Early,1:20.076,87.43589743589743,885.4358974358975,2,-0.2261700095510973,8.4,55.36097994269342
SAI,Ferrari,18.0,0 days 00:01:19.177000,HARD,2.0,1,True,79.177,2024,Monaco,R,21.596499999999995,46.318000000000005,0.0,15,Early,1:19.177,86.02564102564102,884.025641025641,2,0.11728748806112212,9.0,58.02172492836674
SAI,Ferrari,19.0,0 days 00:01:19.445000,HARD,2.0,1,True,79.445,2024,Monaco,R,21.596499999999995,46.318000000000005,0.0,16,Early,1:19.445,84.61538461538461,882.6153846153846,2,0.014899713467049236,9.6,58.0073982808023
SAI,Ferrari,20.0,0 days 00:01:19.403000,HARD,2.0,1,True,79.403,2024,Monaco,R,21.596499999999995,46.318000000000005,0.0,17,Early,1:19.403,83.2051282051282,881.2051282051282,2,0.030945558739250676,10.0,58.503673352435506
SAI,Ferrari,21.0,0 days 00:01:18.917000,HARD,2.0,1,True,78.917,2024,Monaco,R,21.596499999999995,46.318000000000005,0.0,18,Early,1:18.917,81.7948717948718,879.7948717948718,2,0.21661891117478188,10.0,59.617713467048695
SAI,Ferrari,22.0,0 days 00:01:18.889000,HARD,2.0,1,True,78.889,2024,Monaco,R,21.596499999999995,46.318000000000005,0.0,19,Early,1:18.889,80.38461538461539,878.3846153846154,2,0.22731614135625494,10.0,59.681896848137534
SAI,Ferrari,23.0,0 days 00:01:18.993000,HARD,2.0,1,True,78.993,2024,Monaco,R,21.596499999999995,46.318000000000005,0.0,20,Early,1:18.993,78.97435897435898,876.974358974359,2,0.18758357211079213,10.0,59.44350143266476
SAI,Ferrari,24.0,0 days 00:01:18.568000,HARD,2.0,1,True,78.568,2024,Monaco,R,21.596499999999995,46.318000000000005,0.0,21,Early,1:18.568,77.56410256410257,875.5641025641025,2,0.3499522445081163,10.0,60.4177134670487
SAI,Ferrari,25.0,0 days 00:01:18.537000,HARD,2.0,1,True,78.537,2024,Monaco,R,21.596499999999995,46.318000000000005,0.0,22,Early,1:18.537,76.15384615384616,874.1538461538462,2,0.3617956064947416,10.0,60.48877363896845
SAI,Ferrari,26.0,0 days 00:01:18.088000,HARD,2.0,1,True,78.088,2024,Monaco,R,21.596499999999995,46.318000000000005,0.0,23,Early,1:18.088,74.74358974358975,872.7435897435897,2,0.5333333333333322,10.0,61.518
SAI,Ferrari,27.0,0 days 00:01:19.490000,HARD,2.0,1,True,79.49,2024,Monaco,R,21.596499999999995,46.318000000000005,0.0,24,Mid,1:19.490,73.33333333333333,871.3333333333334,2,-0.002292263610315267,10.0,58.30424641833811
SAI,Ferrari,28.0,0 days 00:01:19.281000,HARD,2.0,1,True,79.281,2024,Monaco,R,21.596499999999995,46.318000000000005,0.0,25,Mid,1:19.281,71.92307692307692,869.9230769230769,2,0.0775549188156593,10.0,58.783329512893964
SAI,Ferrari,29.0,0 days 00:01:18.697000,HARD,2.0,1,True,78.697,2024,Monaco,R,21.596499999999995,46.318000000000005,0.0,26,Mid,1:18.697,70.51282051282051,868.5128205128206,2,0.3006685768863381,10.0,60.12201146131803
SAI,Ferrari,30.0,0 days 00:01:17.326000,HARD,2.0,1,True,77.326,2024,Monaco,R,21.596499999999995,46.318000000000005,0.0,27,Mid,1:17.326,69.1025641025641,867.1025641025641,2,0.8244508118433603,10.0,63.26470487106017
SAI,Ferrari,31.0,0 days 00:01:19.784000,HARD,2.0,1,True,79.784,2024,Monaco,R,21.596499999999995,46.318000000000005,0.0,28,Mid,1:19.784,67.69230769230768,865.6923076923076,2,-0.11461318051576336,10.0,57.630320916905426
SAI,Ferrari,32.0,0 days 00:01:20.136000,HARD,2.0,1,True,80.136,2024,Monaco,R,21.596499999999995,46.318000000000005,0.0,29,Mid,1:20.136,66.28205128205127,864.2820512820513,2,-0.24909264565425,10.0,56.823444126074506
SAI,Ferrari,33.0,0 days 00:01:18.778000,HARD,2.0,1,True,78.778,2024,Monaco,R,21.596499999999995,46.318000000000005,0.0,30,Mid,1:18.778,64.87179487179486,862.8717948717949,2,0.26972301814708194,10.0,59.936338108882495
SAI,Ferrari,34.0,0 days 00:01:19.013000,HARD,2.0,1,True,79.013,2024,Monaco,R,21.596499999999995,46.318000000000005,0.0,31,Mid,1:19.013,63.46153846153846,861.4615384615385,2,0.17994269340973762,10.0,59.39765616045843
SAI,Ferrari,35.0,0 days 00:01:18.465000,HARD,2.0,1,True,78.465,2024,Monaco,R,21.596499999999995,46.318000000000005,0.0,32,Mid,1:18.465,62.05128205128205,860.0512820512821,2,0.3893027698185248,10.0,60.65381661891115
SAI,Ferrari,36.0,0 days 00:01:19.275000,HARD,2.0,1,True,79.275,2024,Monaco,R,21.596499999999995,46.318000000000005,0.0,33,Mid,1:19.275,60.641025641025635,858.6410256410256,2,0.07984718242597456,10.0,58.79708309455585
SAI,Ferrari,37.0,0 days 00:01:17.577000,HARD,2.0,1,True,77.577,2024,Monaco,R,21.596499999999995,46.318000000000005,0.0,34,Mid,1:17.577,59.230769230769226,857.2307692307693,2,0.7285577841451735,10.0,62.68934670487104
SAI,Ferrari,38.0,0 days 00:01:18.412000,HARD,2.0,1,True,78.412,2024,Monaco,R,21.596499999999995,46.318000000000005,0.0,35,Mid,1:18.412,57.82051282051282,855.8205128205128,2,0.4095510983763078,10.0,60.775306590257856
SAI,Ferrari,39.0,0 days 00:01:18.310000,HARD,2.0,1,True,78.31,2024,Monaco,R,21.596499999999995,46.318000000000005,0.0,36,Mid,1:18.310,56.41025641025641,854.4102564102564,2,0.44851957975166734,10.0,61.00911747851001
SAI,Ferrari,40.0,0 days 00:01:18.653000,HARD,2.0,1,True,78.653,2024,Monaco,R,21.596499999999995,46.318000000000005,0.0,37,Mid,1:18.653,54.99999999999999,853.0,2,0.3174785100286482,10.0,60.2228710601719
SAI,Ferrari,41.0,0 days 00:01:18.714000,HARD,2.0,1,True,78.714,2024,Monaco,R,21.596499999999995,46.318000000000005,0.0,38,Mid,1:18.714,53.589743589743584,851.5897435897435,2,0.2941738299904466,10.0,60.08304297994268
SAI,Ferrari,42.0,0 days 00:01:19.171000,HARD,2.0,1,True,79.171,2024,Monaco,R,21.596499999999995,46.318000000000005,0.0,39,Mid,1:19.171,52.179487179487175,850.1794871794872,2,0.11957975167143739,10.0,59.03547851002863
SAI,Ferrari,43.0,0 days 00:01:19.594000,HARD,2.0,1,True,79.594,2024,Monaco,R,21.596499999999995,46.318000000000005,0.0,40,Mid,1:19.594,50.76923076923077,848.7692307692307,2,-0.042024832855778085,10.0,58.06585100286534
SAI,Ferrari,44.0,0 days 00:01:18.762000,HARD,2.0,1,True,78.762,2024,Monaco,R,21.596499999999995,46.318000000000005,0.0,41,Mid,1:18.762,49.35897435897436,847.3589743589744,2,0.2758357211079245,10.0,59.97301432664755
SAI,Ferrari,45.0,0 days 00:01:17.885000,HARD,2.0,1,True,77.885,2024,Monaco,R,21.596499999999995,46.318000000000005,0.0,42,Mid,1:17.885,47.94871794871794,845.9487179487179,2,0.6108882521489916,10.0,61.98332951289395
SAI,Ferrari,46.0,0 days 00:01:18.731000,HARD,2.0,1,True,78.731,2024,Monaco,R,21.596499999999995,46.318000000000005,0.0,43,Mid,1:18.731,46.53846153846153,844.5384615384615,2,0.28767908309455514,10.0,60.04407449856733
SAI,Ferrari,47.0,0 days 00:01:18.141000,HARD,2.0,1,True,78.141,2024,Monaco,R,21.596499999999995,46.318000000000005,0.0,44,Mid,1:18.141,45.128205128205124,843.1282051282051,2,0.5130850047755438,10.0,61.39651002865327
SAI,Ferrari,48.0,0 days 00:01:17.894000,HARD,2.0,1,True,77.894,2024,Monaco,R,21.596499999999995,46.318000000000005,0.0,45,Mid,1:17.894,43.717948717948715,841.7179487179487,2,0.6074498567335187,10.0,61.962699140401114
SAI,Ferrari,49.0,0 days 00:01:18.259000,HARD,2.0,1,True,78.259,2024,Monaco,R,21.596499999999995,46.318000000000005,0.0,46,Mid,1:18.259,42.30769230769231,840.3076923076923,2,0.46800382043934713,10.0,61.12602292263609
SAI,Ferrari,50.0,0 days 00:01:18.545000,HARD,2.0,1,True,78.545,2024,Monaco,R,21.596499999999995,46.318000000000005,0.0,47,Mid,1:18.545,40.8974358974359,838.8974358974359,2,0.358739255014323,10.0,60.47043553008594
SAI,Ferrari,51.0,0 days 00:01:17.528000,HARD,2.0,1,True,77.528,2024,Monaco,R,21.596499999999995,46.318000000000005,0.0,48,Mid,1:17.528,39.48717948717949,837.4871794871794,2,0.7472779369627445,10.0,62.801667621776474
SAI,Ferrari,52.0,0 days 00:01:18.094000,HARD,2.0,1,True,78.094,2024,Monaco,R,21.596499999999995,46.318000000000005,0.0,49,Mid,1:18.094,38.076923076923066,836.0769230769231,2,0.531041069723017,10.0,61.504246418338106
SAI,Ferrari,53.0,0 days 00:01:17.759000,HARD,2.0,12,True,77.759,2024,Monaco,R,21.596499999999995,46.318000000000005,0.0,50,Late,1:17.759,36.66666666666666,834.6666666666666,2,0.6590257879656122,10.0,62.272154727793676
SAI,Ferrari,54.0,0 days 00:01:17.742000,HARD,2.0,1,True,77.742,2024,Monaco,R,21.596499999999995,46.318000000000005,0.0,51,Late,1:17.742,35.25641025641025,833.2564102564103,2,0.6655205348615036,10.0,62.311123209169025
SAI,Ferrari,55.0,0 days 00:01:18.661000,HARD,2.0,1,True,78.661,2024,Monaco,R,21.596499999999995,46.318000000000005,0.0,52,Late,1:18.661,33.84615384615384,831.8461538461538,2,0.3144221585482297,10.0,60.20453295128938
SAI,Ferrari,56.0,0 days 00:01:18.119000,HARD,2.0,1,True,78.119,2024,Monaco,R,21.596499999999995,46.318000000000005,0.0,53,Late,1:18.119,32.43589743589743,830.4358974358975,2,0.5214899713467016,10.0,61.44693982808022
SAI,Ferrari,57.0,0 days 00:01:17.599000,HARD,2.0,1,True,77.599,2024,Monaco,R,21.596499999999995,46.318000000000005,0.0,54,Late,1:17.599,31.025641025641022,829.025641025641,2,0.7201528175740156,10.0,62.6389169054441
SAI,Ferrari,58.0,0 days 00:01:17.501000,HARD,2.0,1,True,77.501,2024,Monaco,R,21.596499999999995,46.318000000000005,0.0,55,Late,1:17.501,29.615384615384613,827.6153846153846,2,0.7575931232091632,10.0,62.863558739254984
SAI,Ferrari,59.0,0 days 00:01:17.134000,HARD,2.0,1,True,77.134,2024,Monaco,R,21.596499999999995,46.318000000000005,0.0,56,Late,1:17.134,28.205128205128204,826.2051282051282,2,0.8978032473734434,10.0,63.704819484240666
SAI,Ferrari,60.0,0 days 00:01:15.159000,HARD,2.0,1,True,75.159,2024,Monaco,R,21.596499999999995,46.318000000000005,0.0,57,Late,1:15.159,26.794871794871796,824.7948717948718,2,1.0,10.0,64.31800000000001
SAI,Ferrari,61.0,0 days 00:01:19.046000,HARD,2.0,1,True,79.046,2024,Monaco,R,21.596499999999995,46.318000000000005,0.0,58,Late,1:19.046,25.384615384615373,823.3846153846154,2,0.16733524355300364,10.0,59.32201146131803
SAI,Ferrari,62.0,0 days 00:01:14.726000,HARD,2.0,1,True,74.726,2024,Monaco,R,21.596499999999995,46.318000000000005,0.0,59,Late,1:14.726,23.974358974358964,821.974358974359,2,1.0,10.0,64.31800000000001
SAI,Ferrari,63.0,0 days 00:01:18.207000,HARD,2.0,1,True,78.207,2024,Monaco,R,21.596499999999995,46.318000000000005,0.0,60,Late,1:18.207,22.564102564102555,820.5641025641025,2,0.4878701050620813,10.0,61.24522063037249
SAI,Ferrari,64.0,0 days 00:01:14.813000,HARD,2.0,1,True,74.813,2024,Monaco,R,21.596499999999995,46.318000000000005,0.0,61,Late,1:14.813,21.153846153846146,819.1538461538462,2,1.0,10.0,64.31800000000001
SAI,Ferrari,65.0,0 days 00:01:18.137000,HARD,2.0,1,True,78.137,2024,Monaco,R,21.596499999999995,46.318000000000005,0.0,62,Late,1:18.137,19.743589743589737,817.7435897435897,2,0.5146131805157558,10.0,61.40567908309454
SAI,Ferrari,66.0,0 days 00:01:15.409000,HARD,2.0,1,True,75.409,2024,Monaco,R,21.596499999999995,46.318000000000005,0.0,63,Late,1:15.409,18.33333333333333,816.3333333333334,2,1.0,10.0,64.31800000000001
SAI,Ferrari,67.0,0 days 00:01:16.847000,HARD,2.0,1,True,76.847,2024,Monaco,R,21.596499999999995,46.318000000000005,0.0,64,Late,1:16.847,16.92307692307692,814.9230769230769,2,1.0,10.0,64.31800000000001
SAI,Ferrari,68.0,0 days 00:01:15.595000,HARD,2.0,1,True,75.595,2024,Monaco,R,21.596499999999995,46.318000000000005,0.0,65,Late,1:15.595,15.512820512820511,813.5128205128206,2,1.0,10.0,64.31800000000001
SAI,Ferrari,69.0,0 days 00:01:16.218000,HARD,2.0,1,True,76.218,2024,Monaco,R,21.596499999999995,46.318000000000005,0.0,66,Late,1:16.218,14.102564102564102,812.1025641025641,2,1.0,10.0,64.31800000000001
SAI,Ferrari,70.0,0 days 00:01:17.117000,HARD,2.0,1,True,77.117,2024,Monaco,R,21.596499999999995,46.318000000000005,0.0,67,Late,1:17.117,12.69230769230768,810.6923076923076,2,0.9042979942693349,10.0,63.743787965616015
SAI,Ferrari,71.0,0 days 00:01:17.214000,HARD,2.0,1,True,77.214,2024,Monaco,R,21.596499999999995,46.318000000000005,0.0,68,Late,1:17.214,11.28205128205127,809.2820512820513,2,0.8672397325692417,10.0,63.52143839541546
SAI,Ferrari,72.0,0 days 00:01:16.785000,HARD,2.0,1,True,76.785,2024,Monaco,R,21.596499999999995,46.318000000000005,0.0,69,Late,1:16.785,9.871794871794862,807.8717948717949,2,1.0,10.0,64.31800000000001
SAI,Ferrari,73.0,0 days 00:01:16.417000,HARD,2.0,1,True,76.417,2024,Monaco,R,21.596499999999995,46.318000000000005,0.0,70,Late,1:16.417,8.461538461538453,806.4615384615385,2,1.0,10.0,64.31800000000001
SAI,Ferrari,74.0,0 days 00:01:16.063000,HARD,2.0,1,True,76.063,2024,Monaco,R,21.596499999999995,46.318000000000005,0.0,71,Late,1:16.063,7.051282051282044,805.051282051282,2,1.0,10.0,64.31800000000001
SAI,Ferrari,75.0,0 days 00:01:16.905000,HARD,2.0,1,True,76.905,2024,Monaco,R,21.596499999999995,46.318000000000005,0.0,72,Late,1:16.905,5.641025641025635,803.6410256410256,2,0.9852913085004725,10.0,64.22974785100284
SAI,Ferrari,76.0,0 days 00:01:16.328000,HARD,2.0,1,True,76.328,2024,Monaco,R,21.596499999999995,46.318000000000005,0.0,73,Late,1:16.328,4.230769230769226,802.2307692307693,2,1.0,10.0,64.31800000000001
SAI,Ferrari,77.0,0 days 00:01:16.701000,HARD,2.0,1,True,76.701,2024,Monaco,R,21.596499999999995,46.318000000000005,0.0,74,Late,1:16.701,2.8205128205128176,800.8205128205128,2,1.0,10.0,64.31800000000001
SAI,Ferrari,78.0,0 days 00:01:17.072000,HARD,2.0,1,True,77.072,2024,Monaco,R,21.596499999999995,46.318000000000005,0.0,75,Late,1:17.072,1.4102564102564088,799.4102564102564,2,0.9214899713466994,10.0,63.8469398280802
SAR,Williams,3.0,0 days 00:01:30.077000,HARD,2.0,1,True,90.077,2024,Monaco,R,21.596499999999995,46.318000000000005,0.0,0,Early,1:30.077,107.17948717948718,905.1794871794872,2,-1.0,0.0,42.318000000000005
SAR,Williams,4.0,0 days 00:01:23.682000,HARD,2.0,1,True,83.682,2024,Monaco,R,21.596499999999995,46.318000000000005,0.0,1,Early,1:23.682,105.76923076923077,903.7692307692307,2,-1.0,0.6,42.918000000000006
SAR,Williams,5.0,0 days 00:01:23.674000,HARD,2.0,1,True,83.674,2024,Monaco,R,21.596499999999995,46.318000000000005,0.0,2,Early,1:23.674,104.35897435897436,902.3589743589744,2,-1.0,1.2,43.51800000000001
SAR,Williams,6.0,0 days 00:01:22.739000,HARD,2.0,1,True,82.739,2024,Monaco,R,21.596499999999995,46.318000000000005,0.0,3,Early,1:22.739,102.94871794871794,900.9487179487179,2,-1.0,1.7999999999999998,44.118
SAR,Williams,7.0,0 days 00:01:22.899000,HARD,2.0,1,True,82.899,2024,Monaco,R,21.596499999999995,46.318000000000005,0.0,4,Early,1:22.899,101.53846153846153,899.5384615384615,2,-1.0,2.4,44.718
SAR,Williams,8.0,0 days 00:01:22.221000,HARD,2.0,1,True,82.221,2024,Monaco,R,21.596499999999995,46.318000000000005,0.0,5,Early,1:22.221,100.12820512820512,898.1282051282051,2,-1.0,3.0,45.318000000000005
SAR,Williams,9.0,0 days 00:01:21.679000,HARD,2.0,1,True,81.679,2024,Monaco,R,21.596499999999995,46.318000000000005,0.0,6,Early,1:21.679,98.71794871794872,896.7179487179487,2,-0.8385864374403063,3.5999999999999996,46.88648137535817
SAR,Williams,10.0,0 days 00:01:21.944000,HARD,2.0,1,True,81.944,2024,Monaco,R,21.596499999999995,46.318000000000005,0.0,7,Early,1:21.944,97.3076923076923,895.3076923076923,2,-0.9398280802292269,4.2,46.87903151862464
SAR,Williams,11.0,0 days 00:01:21.492000,HARD,2.0,1,True,81.492,2024,Monaco,R,21.596499999999995,46.318000000000005,0.0,8,Early,1:21.492,95.8974358974359,893.8974358974359,2,-0.7671442215854841,4.8,48.5151346704871
SAR,Williams,12.0,0 days 00:01:21.404000,HARD,2.0,1,True,81.404,2024,Monaco,R,21.596499999999995,46.318000000000005,0.0,9,Early,1:21.404,94.48717948717949,892.4871794871794,2,-0.7335243553008584,5.3999999999999995,49.316853868194855
SAR,Williams,13.0,0 days 00:01:21.499000,HARD,2.0,1,True,81.499,2024,Monaco,R,21.596499999999995,46.318000000000005,0.0,10,Early,1:21.499,93.07692307692308,891.0769230769231,2,-0.7698185291308483,6.0,49.699088825214915
SAR,Williams,14.0,0 days 00:01:21.219000,HARD,2.0,1,True,81.219,2024,Monaco,R,21.596499999999995,46.318000000000005,0.0,11,Early,1:21.219,91.66666666666666,889.6666666666666,2,-0.6628462273161394,6.6,50.94092263610317
SAR,Williams,15.0,0 days 00:01:21.340000,HARD,2.0,1,True,81.34,2024,Monaco,R,21.596499999999995,46.318000000000005,0.0,12,Early,1:21.340,90.25641025641025,888.2564102564103,2,-0.7090735434574991,7.199999999999999,51.263558739255004
SAR,Williams,16.0,0 days 00:01:20.646000,HARD,2.0,1,True,80.646,2024,Monaco,R,21.596499999999995,46.318000000000005,0.0,13,Early,1:20.646,88.84615384615384,886.8461538461538,2,-0.44393505253104226,7.8,53.45438968481375
SAR,Williams,17.0,0 days 00:01:21.016000,HARD,2.0,1,True,81.016,2024,Monaco,R,21.596499999999995,46.318000000000005,0.0,14,Early,1:21.016,87.43589743589743,885.4358974358975,2,-0.5852913085004802,8.4,53.20625214899712
SAR,Williams,18.0,0 days 00:01:21.031000,HARD,2.0,1,True,81.031,2024,Monaco,R,21.596499999999995,46.318000000000005,0.0,15,Early,1:21.031,86.02564102564102,884.025641025641,2,-0.5910219675262682,9.0,53.7718681948424
SAR,Williams,19.0,0 days 00:01:21.221000,HARD,2.0,1,True,81.221,2024,Monaco,R,21.596499999999995,46.318000000000005,0.0,16,Early,1:21.221,84.61538461538461,882.6153846153846,2,-0.6636103151862481,9.6,53.93633810888252
SAR,Williams,20.0,0 days 00:01:20.853000,HARD,2.0,1,True,80.853,2024,Monaco,R,21.596499999999995,46.318000000000005,0.0,17,Early,1:20.853,83.2051282051282,881.2051282051282,2,-0.5230181470869135,10.0,55.179891117478526
SAR,Williams,21.0,0 days 00:01:20.849000,HARD,2.0,1,True,80.849,2024,Monaco,R,21.596499999999995,46.318000000000005,0.0,18,Early,1:20.849,81.7948717948718,879.7948717948718,2,-0.5214899713467069,10.0,55.18906017191976
SAR,Williams,22.0,0 days 00:01:20.897000,HARD,2.0,1,True,80.897,2024,Monaco,R,21.596499999999995,46.318000000000005,0.0,19,Early,1:20.897,80.38461538461539,878.3846153846154,2,-0.5398280802292291,10.0,55.07903151862463
SAR,Williams,23.0,0 days 00:01:20.593000,HARD,2.0,1,True,80.593,2024,Monaco,R,21.596499999999995,46.318000000000005,0.0,20,Early,1:20.593,78.97435897435898,876.974358974359,2,-0.4236867239732592,10.0,55.77587965616045
SAR,Williams,24.0,0 days 00:01:20.395000,HARD,2.0,1,True,80.395,2024,Monaco,R,21.596499999999995,46.318000000000005,0.0,21,Early,1:20.395,77.56410256410257,875.5641025641025,2,-0.3480420248328554,10.0,56.22974785100287
SAR,Williams,25.0,0 days 00:01:20.903000,HARD,2.0,1,True,80.903,2024,Monaco,R,21.596499999999995,46.318000000000005,0.0,22,Early,1:20.903,76.15384615384616,874.1538461538462,2,-0.5421203438395444,10.0,55.06527793696274
SAR,Williams,26.0,0 days 00:01:20.929000,HARD,2.0,1,True,80.929,2024,Monaco,R,21.596499999999995,46.318000000000005,0.0,23,Early,1:20.929,74.74358974358975,872.7435897435897,2,-0.5520534861509088,10.0,55.00567908309455
SAR,Williams,27.0,0 days 00:01:21.231000,HARD,2.0,1,True,81.231,2024,Monaco,R,21.596499999999995,46.318000000000005,0.0,24,Mid,1:21.231,73.33333333333333,871.3333333333334,2,-0.6674307545367699,10.0,54.31341547277938
SAR,Williams,28.0,0 days 00:01:21.604000,HARD,2.0,1,True,81.604,2024,Monaco,R,21.596499999999995,46.318000000000005,0.0,25,Mid,1:21.604,71.92307692307692,869.9230769230769,2,-0.8099331423113655,10.0,53.45840114613181
SAR,Williams,29.0,0 days 00:01:21.334000,HARD,2.0,1,True,81.334,2024,Monaco,R,21.596499999999995,46.318000000000005,0.0,26,Mid,1:21.334,70.51282051282051,868.5128205128206,2,-0.7067812798471839,10.0,54.0773123209169
SAR,Williams,30.0,0 days 00:01:20.840000,HARD,2.0,1,True,80.84,2024,Monaco,R,21.596499999999995,46.318000000000005,0.0,27,Mid,1:20.840,69.1025641025641,867.1025641025641,2,-0.5180515759312341,10.0,55.2096905444126
SAR,Williams,31.0,0 days 00:01:20.775000,HARD,2.0,1,True,80.775,2024,Monaco,R,21.596499999999995,46.318000000000005,0.0,28,Mid,1:20.775,67.69230769230768,865.6923076923076,2,-0.4932187201528205,10.0,55.35868767908308
SAR,Williams,32.0,0 days 00:01:20.797000,HARD,2.0,1,True,80.797,2024,Monaco,R,21.596499999999995,46.318000000000005,0.0,29,Mid,1:20.797,66.28205128205127,864.2820512820513,2,-0.5016236867239728,10.0,55.30825787965617
SAR,Williams,33.0,0 days 00:01:20.530000,HARD,2.0,1,True,80.53,2024,Monaco,R,21.596499999999995,46.318000000000005,0.0,30,Mid,1:20.530,64.87179487179486,862.8717948717949,2,-0.3996179560649489,10.0,55.920292263610314
SAR,Williams,34.0,0 days 00:01:20.738000,HARD,2.0,1,True,80.738,2024,Monaco,R,21.596499999999995,46.318000000000005,0.0,31,Mid,1:20.738,63.46153846153846,861.4615384615385,2,-0.47908309455587456,10.0,55.44350143266476
SAR,Williams,35.0,0 days 00:01:20.584000,HARD,2.0,1,True,80.584,2024,Monaco,R,21.596499999999995,46.318000000000005,0.0,32,Mid,1:20.584,62.05128205128205,860.0512820512821,2,-0.4202483285577863,10.0,55.79651002865329
SAR,Williams,36.0,0 days 00:01:21.134000,HARD,2.0,1,True,81.134,2024,Monaco,R,21.596499999999995,46.318000000000005,0.0,33,Mid,1:21.134,60.641025641025635,858.6410256410256,2,-0.6303724928366767,10.0,54.535765042979946
SAR,Williams,37.0,0 days 00:01:21.404000,HARD,2.0,1,True,81.404,2024,Monaco,R,21.596499999999995,46.318000000000005,0.0,34,Mid,1:21.404,59.230769230769226,857.2307692307693,2,-0.7335243553008584,10.0,53.916853868194856
SAR,Williams,38.0,0 days 00:01:21.131000,HARD,2.0,1,True,81.131,2024,Monaco,R,21.596499999999995,46.318000000000005,0.0,35,Mid,1:21.131,57.82051282051282,855.8205128205128,2,-0.6292263610315191,10.0,54.54264183381089
SAR,Williams,39.0,0 days 00:01:21.273000,HARD,2.0,1,True,81.273,2024,Monaco,R,21.596499999999995,46.318000000000005,0.0,36,Mid,1:21.273,56.41025641025641,854.4102564102564,2,-0.6834765998089768,10.0,54.217140401146146
SAR,Williams,40.0,0 days 00:01:21.780000,HARD,2.0,1,True,81.78,2024,Monaco,R,21.596499999999995,46.318000000000005,0.0,37,Mid,1:21.780,54.99999999999999,853.0,2,-0.8771728748806115,10.0,53.054962750716335
SAR,Williams,41.0,0 days 00:01:24.378000,HARD,2.0,1,True,84.378,2024,Monaco,R,21.596499999999995,46.318000000000005,0.0,38,Mid,1:24.378,53.589743589743584,851.5897435897435,2,-1.0,10.0,52.318000000000005
SAR,Williams,42.0,0 days 00:01:21.870000,HARD,2.0,1,True,81.87,2024,Monaco,R,21.596499999999995,46.318000000000005,0.0,39,Mid,1:21.870,52.179487179487175,850.1794871794872,2,-0.9115568290353405,10.0,52.84865902578796
SAR,Williams,43.0,0 days 00:01:20.552000,HARD,2.0,1,True,80.552,2024,Monaco,R,21.596499999999995,46.318000000000005,0.0,40,Mid,1:20.552,50.76923076923077,848.7692307692307,2,-0.4080229226361067,10.0,55.86986246418336
SAR,Williams,44.0,0 days 00:01:19.511000,HARD,2.0,1,True,79.511,2024,Monaco,R,21.596499999999995,46.318000000000005,0.0,41,Mid,1:19.511,49.35897435897436,847.3589743589744,2,-0.010315186246418702,10.0,58.256108882521495
SAR,Williams,45.0,0 days 00:01:20.720000,HARD,2.0,1,True,80.72,2024,Monaco,R,21.596499999999995,46.318000000000005,0.0,42,Mid,1:20.720,47.94871794871794,845.9487179487179,2,-0.4722063037249287,10.0,55.48476217765043
SAR,Williams,46.0,0 days 00:01:20.124000,HARD,2.0,1,True,80.124,2024,Monaco,R,21.596499999999995,46.318000000000005,0.0,43,Mid,1:20.124,46.53846153846153,844.5384615384615,2,-0.24450811843361944,10.0,56.85095128939829
SAR,Williams,47.0,0 days 00:01:19.888000,HARD,2.0,1,True,79.888,2024,Monaco,R,21.596499999999995,46.318000000000005,0.0,44,Mid,1:19.888,45.128205128205124,843.1282051282051,2,-0.15434574976122617,10.0,57.391925501432645
SAR,Williams,48.0,0 days 00:01:20.970000,HARD,2.0,1,True,80.97,2024,Monaco,R,21.596499999999995,46.318000000000005,0.0,45,Mid,1:20.970,43.717948717948715,841.7179487179487,2,-0.5677172874880613,10.0,54.911696275071634
SAR,Williams,49.0,0 days 00:01:23.966000,HARD,2.0,1,True,83.966,2024,Monaco,R,21.596499999999995,46.318000000000005,0.0,46,Mid,1:23.966,42.30769230769231,840.3076923076923,2,-1.0,10.0,52.318000000000005
SAR,Williams,50.0,0 days 00:01:20.292000,HARD,2.0,1,True,80.292,2024,Monaco,R,21.596499999999995,46.318000000000005,0.0,47,Mid,1:20.292,40.8974358974359,838.8974358974359,2,-0.3086914995224469,10.0,56.46585100286532
SAR,Williams,51.0,0 days 00:01:21.817000,HARD,2.0,12,True,81.817,2024,Monaco,R,21.596499999999995,46.318000000000005,0.0,48,Mid,1:21.817,39.48717948717949,837.4871794871794,2,-0.891308500477552,10.0,52.97014899713469
SAR,Williams,52.0,0 days 00:01:20.780000,HARD,2.0,1,True,80.78,2024,Monaco,R,21.596499999999995,46.318000000000005,0.0,49,Mid,1:20.780,38.076923076923066,836.0769230769231,2,-0.4951289398280814,10.0,55.34722636103152
SAR,Williams,53.0,0 days 00:01:21.318000,HARD,2.0,1,True,81.318,2024,Monaco,R,21.596499999999995,46.318000000000005,0.0,50,Late,1:21.318,36.66666666666666,834.6666666666666,2,-0.7006685768863413,10.0,54.11398853868196
SAR,Williams,54.0,0 days 00:01:22.289000,HARD,2.0,1,True,82.289,2024,Monaco,R,21.596499999999995,46.318000000000005,0.0,51,Late,1:22.289,35.25641025641025,833.2564102564103,2,-1.0,10.0,52.318000000000005
SAR,Williams,55.0,0 days 00:01:20.342000,HARD,2.0,1,True,80.342,2024,Monaco,R,21.596499999999995,46.318000000000005,0.0,52,Late,1:20.342,33.84615384615384,831.8461538461538,2,-0.3277936962750723,10.0,56.351237822349574
SAR,Williams,56.0,0 days 00:01:21.474000,HARD,2.0,1,True,81.474,2024,Monaco,R,21.596499999999995,46.318000000000005,0.0,53,Late,1:21.474,32.43589743589743,830.4358974358975,2,-0.7602674307545383,10.0,53.756395415472774
SAR,Williams,59.0,0 days 00:01:15.594000,MEDIUM,3.0,1,True,75.594,2024,Monaco,R,21.596499999999995,46.318000000000005,0.0,0,Late,1:15.594,28.205128205128204,826.2051282051282,5,1.0,0.0,57.318000000000005
SAR,Williams,60.0,0 days 00:01:15.580000,MEDIUM,3.0,1,True,75.58,2024,Monaco,R,21.596499999999995,46.318000000000005,0.0,1,Late,1:15.580,26.794871794871796,824.7948717948718,5,1.0,0.6,57.918000000000006
SAR,Williams,61.0,0 days 00:01:15.558000,MEDIUM,3.0,1,True,75.558,2024,Monaco,R,21.596499999999995,46.318000000000005,0.0,2,Late,1:15.558,25.384615384615373,823.3846153846154,5,1.0,1.2,58.51800000000001
SAR,Williams,62.0,0 days 00:01:15.525000,MEDIUM,3.0,1,True,75.525,2024,Monaco,R,21.596499999999995,46.318000000000005,0.0,3,Late,1:15.525,23.974358974358964,821.974358974359,5,1.0,1.7999999999999998,59.118
SAR,Williams,63.0,0 days 00:01:15.688000,MEDIUM,3.0,1,True,75.688,2024,Monaco,R,21.596499999999995,46.318000000000005,0.0,4,Late,1:15.688,22.564102564102555,820.5641025641025,5,1.0,2.4,59.718
SAR,Williams,64.0,0 days 00:01:16.895000,MEDIUM,3.0,1,True,76.895,2024,Monaco,R,21.596499999999995,46.318000000000005,0.0,5,Late,1:16.895,21.153846153846146,819.1538461538462,5,0.9891117478509998,3.0,60.252670487106
SAR,Williams,65.0,0 days 00:01:19.869000,MEDIUM,3.0,1,True,79.869,2024,Monaco,R,21.596499999999995,46.318000000000005,0.0,6,Late,1:19.869,19.743589743589737,817.7435897435897,5,-0.14708691499522603,3.5999999999999996,54.03547851002865
SAR,Williams,66.0,0 days 00:01:20.799000,MEDIUM,3.0,1,True,80.799,2024,Monaco,R,21.596499999999995,46.318000000000005,0.0,7,Late,1:20.799,18.33333333333333,816.3333333333334,5,-0.5023877745940816,4.2,52.50367335243552
SAR,Williams,67.0,0 days 00:01:20.347000,MEDIUM,3.0,1,True,80.347,2024,Monaco,R,21.596499999999995,46.318000000000005,0.0,8,Late,1:20.347,16.92307692307692,814.9230769230769,5,-0.32970391595033327,4.8,54.139776504298005
SAR,Williams,68.0,0 days 00:01:20.004000,MEDIUM,3.0,1,True,80.004,2024,Monaco,R,21.596499999999995,46.318000000000005,0.0,9,Late,1:20.004,15.512820512820511,813.5128205128206,5,-0.19866284622731953,5.3999999999999995,55.52602292263609
SAR,Williams,69.0,0 days 00:01:16.077000,MEDIUM,3.0,1,True,76.077,2024,Monaco,R,21.596499999999995,46.318000000000005,0.0,10,Late,1:16.077,14.102564102564102,812.1025641025641,5,1.0,6.0,63.318000000000005
SAR,Williams,70.0,0 days 00:01:16.866000,MEDIUM,3.0,1,True,76.866,2024,Monaco,R,21.596499999999995,46.318000000000005,0.0,11,Late,1:16.866,12.69230769230768,810.6923076923076,5,1.0,6.6,63.918000000000006
SAR,Williams,71.0,0 days 00:01:16.326000,MEDIUM,3.0,1,True,76.326,2024,Monaco,R,21.596499999999995,46.318000000000005,0.0,12,Late,1:16.326,11.28205128205127,809.2820512820513,5,1.0,7.199999999999999,64.518
SAR,Williams,72.0,0 days 00:01:16.402000,MEDIUM,3.0,1,True,76.402,2024,Monaco,R,21.596499999999995,46.318000000000005,0.0,13,Late,1:16.402,9.871794871794862,807.8717948717949,5,1.0,7.8,65.118
SAR,Williams,73.0,0 days 00:01:16.370000,MEDIUM,3.0,1,True,76.37,2024,Monaco,R,21.596499999999995,46.318000000000005,0.0,14,Late,1:16.370,8.461538461538453,806.4615384615385,5,1.0,8.4,65.718
SAR,Williams,74.0,0 days 00:01:16.863000,MEDIUM,3.0,1,True,76.863,2024,Monaco,R,21.596499999999995,46.318000000000005,0.0,15,Late,1:16.863,7.051282051282044,805.051282051282,5,1.0,9.0,66.31800000000001
SAR,Williams,75.0,0 days 00:01:16.324000,MEDIUM,3.0,1,True,76.324,2024,Monaco,R,21.596499999999995,46.318000000000005,0.0,16,Late,1:16.324,5.641025641025635,803.6410256410256,5,1.0,9.6,66.918
SAR,Williams,76.0,0 days 00:01:17.197000,MEDIUM,3.0,1,True,77.197,2024,Monaco,R,21.596499999999995,46.318000000000005,0.0,17,Late,1:17.197,4.230769230769226,802.2307692307693,5,0.8737344794651332,10.0,66.56040687679081
STR,Aston Martin,3.0,0 days 00:01:28.303000,MEDIUM,2.0,1,True,88.303,2024,Monaco,R,21.596499999999995,46.318000000000005,0.0,0,Early,1:28.303,107.17948717948718,905.1794871794872,5,-1.0,0.0,45.318000000000005
STR,Aston Martin,4.0,0 days 00:01:23.354000,MEDIUM,2.0,1,True,83.354,2024,Monaco,R,21.596499999999995,46.318000000000005,0.0,1,Early,1:23.354,105.76923076923077,903.7692307692307,5,-1.0,0.6,45.918000000000006
STR,Aston Martin,5.0,0 days 00:01:23.731000,MEDIUM,2.0,1,True,83.731,2024,Monaco,R,21.596499999999995,46.318000000000005,0.0,2,Early,1:23.731,104.35897435897436,902.3589743589744,5,-1.0,1.2,46.51800000000001
STR,Aston Martin,6.0,0 days 00:01:22.977000,MEDIUM,2.0,1,True,82.977,2024,Monaco,R,21.596499999999995,46.318000000000005,0.0,3,Early,1:22.977,102.94871794871794,900.9487179487179,5,-1.0,1.7999999999999998,47.118
STR,Aston Martin,7.0,0 days 00:01:22.634000,MEDIUM,2.0,1,True,82.634,2024,Monaco,R,21.596499999999995,46.318000000000005,0.0,4,Early,1:22.634,101.53846153846153,899.5384615384615,5,-1.0,2.4,47.718
STR,Aston Martin,8.0,0 days 00:01:21.653000,MEDIUM,2.0,1,True,81.653,2024,Monaco,R,21.596499999999995,46.318000000000005,0.0,5,Early,1:21.653,100.12820512820512,898.1282051282051,5,-0.8286532951289419,3.0,49.34608022922635
STR,Aston Martin,9.0,0 days 00:01:22.090000,MEDIUM,2.0,1,True,82.09,2024,Monaco,R,21.596499999999995,46.318000000000005,0.0,6,Early,1:22.090,98.71794871794872,896.7179487179487,5,-0.9956064947468967,3.5999999999999996,48.944361031518625
STR,Aston Martin,10.0,0 days 00:01:21.725000,MEDIUM,2.0,1,True,81.725,2024,Monaco,R,21.596499999999995,46.318000000000005,0.0,7,Early,1:21.725,97.3076923076923,895.3076923076923,5,-0.8561604584527197,4.2,50.38103724928369
STR,Aston Martin,11.0,0 days 00:01:21.517000,MEDIUM,2.0,1,True,81.517,2024,Monaco,R,21.596499999999995,46.318000000000005,0.0,8,Early,1:21.517,95.8974358974359,893.8974358974359,5,-0.7766953199617941,4.8,51.457828080229234
STR,Aston Martin,12.0,0 days 00:01:21.471000,MEDIUM,2.0,1,True,81.471,2024,Monaco,R,21.596499999999995,46.318000000000005,0.0,9,Early,1:21.471,94.48717948717949,892.4871794871794,5,-0.7591212989493806,5.3999999999999995,52.163272206303716
STR,Aston Martin,13.0,0 days 00:01:21.314000,MEDIUM,2.0,1,True,81.314,2024,Monaco,R,21.596499999999995,46.318000000000005,0.0,10,Early,1:21.314,93.07692307692308,891.0769230769231,5,-0.6991404011461293,6.0,53.12315759312323
STR,Aston Martin,14.0,0 days 00:01:20.427000,MEDIUM,2.0,1,True,80.427,2024,Monaco,R,21.596499999999995,46.318000000000005,0.0,11,Early,1:20.427,91.66666666666666,889.6666666666666,5,-0.36026743075454043,6.6,55.75639541547277
STR,Aston Martin,15.0,0 days 00:01:20.781000,MEDIUM,2.0,1,True,80.781,2024,Monaco,R,21.596499999999995,46.318000000000005,0.0,12,Early,1:20.781,90.25641025641025,888.2564102564103,5,-0.4955109837631358,7.199999999999999,55.544934097421184
STR,Aston Martin,16.0,0 days 00:01:21.189000,MEDIUM,2.0,1,True,81.189,2024,Monaco,R,21.596499999999995,46.318000000000005,0.0,13,Early,1:21.189,88.84615384615384,886.8461538461538,5,-0.651384909264563,7.8,55.209690544412624
STR,Aston Martin,17.0,0 days 00:01:21.970000,MEDIUM,2.0,1,True,81.97,2024,Monaco,R,21.596499999999995,46.318000000000005,0.0,14,Early,1:21.970,87.43589743589743,885.4358974358975,5,-0.9497612225405913,8.4,54.01943266475646
STR,Aston Martin,18.0,0 days 00:01:20.698000,MEDIUM,2.0,1,True,80.698,2024,Monaco,R,21.596499999999995,46.318000000000005,0.0,15,Early,1:20.698,86.02564102564102,884.025641025641,5,-0.463801337153771,9.0,57.53519197707738
STR,Aston Martin,19.0,0 days 00:01:20.353000,MEDIUM,2.0,1,True,80.353,2024,Monaco,R,21.596499999999995,46.318000000000005,0.0,16,Early,1:20.353,84.61538461538461,882.6153846153846,5,-0.33199617956064853,9.6,58.926022922636115
STR,Aston Martin,20.0,0 days 00:01:19.398000,MEDIUM,2.0,1,True,79.398,2024,Monaco,R,21.596499999999995,46.318000000000005,0.0,17,Early,1:19.398,83.2051282051282,881.2051282051282,5,0.03285577841451702,10.0,61.51513467048711
STR,Aston Martin,21.0,0 days 00:01:19.016000,MEDIUM,2.0,1,True,79.016,2024,Monaco,R,21.596499999999995,46.318000000000005,0.0,18,Early,1:19.016,81.7948717948718,879.7948717948718,5,0.17879656160458,10.0,62.39077936962749
STR,Aston Martin,22.0,0 days 00:01:21.307000,MEDIUM,2.0,1,True,81.307,2024,Monaco,R,21.596499999999995,46.318000000000005,0.0,19,Early,1:21.307,80.38461538461539,878.3846153846154,5,-0.6964660936007652,10.0,57.13920343839541
STR,Aston Martin,23.0,0 days 00:01:21.188000,MEDIUM,2.0,1,True,81.188,2024,Monaco,R,21.596499999999995,46.318000000000005,0.0,20,Early,1:21.188,78.97435897435898,876.974358974359,5,-0.6510028653295141,10.0,57.41198280802292
STR,Aston Martin,24.0,0 days 00:01:21.621000,MEDIUM,2.0,1,True,81.621,2024,Monaco,R,21.596499999999995,46.318000000000005,0.0,21,Early,1:21.621,77.56410256410257,875.5641025641025,5,-0.8164278892072568,10.0,56.419432664756464
STR,Aston Martin,25.0,0 days 00:01:20.506000,MEDIUM,2.0,1,True,80.506,2024,Monaco,R,21.596499999999995,46.318000000000005,0.0,22,Early,1:20.506,76.15384615384616,874.1538461538462,5,-0.39044890162368784,10.0,58.97530659025788
STR,Aston Martin,26.0,0 days 00:01:20.589000,MEDIUM,2.0,1,True,80.589,2024,Monaco,R,21.596499999999995,46.318000000000005,0.0,23,Early,1:20.589,74.74358974358975,872.7435897435897,5,-0.4221585482330472,10.0,58.78504871060172
STR,Aston Martin,27.0,0 days 00:01:20.307000,MEDIUM,2.0,1,True,80.307,2024,Monaco,R,21.596499999999995,46.318000000000005,0.0,24,Mid,1:20.307,73.33333333333333,871.3333333333334,5,-0.3144221585482351,10.0,59.431467048710594
STR,Aston Martin,28.0,0 days 00:01:20.131000,MEDIUM,2.0,1,True,80.131,2024,Monaco,R,21.596499999999995,46.318000000000005,0.0,25,Mid,1:20.131,71.92307692307692,869.9230769230769,5,-0.24718242597898907,10.0,59.83490544412607
STR,Aston Martin,29.0,0 days 00:01:19.464000,MEDIUM,2.0,1,True,79.464,2024,Monaco,R,21.596499999999995,46.318000000000005,0.0,26,Mid,1:19.464,70.51282051282051,868.5128205128206,5,0.007640878701049081,10.0,61.3638452722063
STR,Aston Martin,30.0,0 days 00:01:21.422000,MEDIUM,2.0,1,True,81.422,2024,Monaco,R,21.596499999999995,46.318000000000005,0.0,27,Mid,1:21.422,69.1025641025641,867.1025641025641,5,-0.7404011461318042,10.0,56.87559312320918
STR,Aston Martin,31.0,0 days 00:01:22.535000,MEDIUM,2.0,1,True,82.535,2024,Monaco,R,21.596499999999995,46.318000000000005,0.0,28,Mid,1:22.535,67.69230769230768,865.6923076923076,5,-1.0,10.0,55.318000000000005
STR,Aston Martin,32.0,0 days 00:01:21.252000,MEDIUM,2.0,1,True,81.252,2024,Monaco,R,21.596499999999995,46.318000000000005,0.0,29,Mid,1:21.252,66.28205128205127,864.2820512820513,5,-0.6754536771728734,10.0,57.26527793696276
STR,Aston Martin,33.0,0 days 00:01:20.536000,MEDIUM,2.0,1,True,80.536,2024,Monaco,R,21.596499999999995,46.318000000000005,0.0,30,Mid,1:20.536,64.87179487179486,862.8717948717949,5,-0.4019102196752642,10.0,58.90653868194842
STR,Aston Martin,34.0,0 days 00:01:19.789000,MEDIUM,2.0,1,True,79.789,2024,Monaco,R,21.596499999999995,46.318000000000005,0.0,31,Mid,1:19.789,63.46153846153846,861.4615384615385,5,-0.11652340019102427,10.0,60.61885959885386
STR,Aston Martin,35.0,0 days 00:01:19.497000,MEDIUM,2.0,1,True,79.497,2024,Monaco,R,21.596499999999995,46.318000000000005,0.0,32,Mid,1:19.497,62.05128205128205,860.0512820512821,5,-0.004966571155684889,10.0,61.28820057306589
STR,Aston Martin,36.0,0 days 00:01:19.297000,MEDIUM,2.0,1,True,79.297,2024,Monaco,R,21.596499999999995,46.318000000000005,0.0,33,Mid,1:19.297,60.641025641025635,858.6410256410256,5,0.0714422158548222,10.0,61.74665329512894
STR,Aston Martin,37.0,0 days 00:01:19.638000,MEDIUM,2.0,1,True,79.638,2024,Monaco,R,21.596499999999995,46.318000000000005,0.0,34,Mid,1:19.638,59.230769230769226,857.2307692307693,5,-0.05883476599809367,10.0,60.96499140401144
STR,Aston Martin,38.0,0 days 00:01:19.706000,MEDIUM,2.0,1,True,79.706,2024,Monaco,R,21.596499999999995,46.318000000000005,0.0,35,Mid,1:19.706,57.82051282051282,855.8205128205128,5,-0.08481375358166489,10.0,60.80911747851002
STR,Aston Martin,39.0,0 days 00:01:19.867000,MEDIUM,2.0,1,True,79.867,2024,Monaco,R,21.596499999999995,46.318000000000005,0.0,36,Mid,1:19.867,56.41025641025641,854.4102564102564,5,-0.14632282712512273,10.0,60.44006303724927
STR,Aston Martin,40.0,0 days 00:01:20.450000,MEDIUM,2.0,1,True,80.45,2024,Monaco,R,21.596499999999995,46.318000000000005,0.0,37,Mid,1:20.450,54.99999999999999,853.0,5,-0.36905444126074716,10.0,59.10367335243552
STR,Aston Martin,41.0,0 days 00:01:20.200000,MEDIUM,2.0,1,True,80.2,2024,Monaco,R,21.596499999999995,46.318000000000005,0.0,38,Mid,1:20.200,53.589743589743584,851.5897435897435,5,-0.27354345749761466,10.0,59.67673925501432
STR,Aston Martin,44.0,0 days 00:01:18.551000,HARD,3.0,1,True,78.551,2024,Monaco,R,21.596499999999995,46.318000000000005,0.0,0,Mid,1:18.551,49.35897435897436,847.3589743589744,2,0.35644699140400776,0.0,50.45668194842405
STR,Aston Martin,45.0,0 days 00:01:18.806000,HARD,3.0,1,True,78.806,2024,Monaco,R,21.596499999999995,46.318000000000005,0.0,1,Mid,1:18.806,47.94871794871794,845.9487179487179,2,0.2590257879656143,0.6,50.47215472779369
STR,Aston Martin,46.0,0 days 00:01:18.296000,HARD,3.0,1,True,78.296,2024,Monaco,R,21.596499999999995,46.318000000000005,0.0,2,Mid,1:18.296,46.53846153846153,844.5384615384615,2,0.45386819484240115,1.2,52.241209169054414
STR,Aston Martin,47.0,0 days 00:01:18.062000,HARD,3.0,1,True,78.062,2024,Monaco,R,21.596499999999995,46.318000000000005,0.0,3,Mid,1:18.062,45.128205128205124,843.1282051282051,2,0.5432664756446965,1.7999999999999998,53.37759885386818
STR,Aston Martin,50.0,0 days 00:01:17.788000,SOFT,4.0,1,True,77.788,2024,Monaco,R,21.596499999999995,46.318000000000005,0.0,0,Mid,1:17.788,40.8974358974359,838.8974358974359,8,0.6479465138490902,0.0,58.205679083094545
STR,Aston Martin,51.0,0 days 00:01:16.982000,SOFT,4.0,12,True,76.982,2024,Monaco,R,21.596499999999995,46.318000000000005,0.0,1,Mid,1:16.982,39.48717948717949,837.4871794871794,8,0.9558739255014284,0.6,60.65324355300858
STR,Aston Martin,52.0,0 days 00:01:17.350000,SOFT,4.0,1,True,77.35,2024,Monaco,R,21.596499999999995,46.318000000000005,0.0,2,Mid,1:17.350,38.076923076923066,836.0769230769231,8,0.8152817574020993,1.2,60.409690544412605
STR,Aston Martin,53.0,0 days 00:01:21.547000,SOFT,4.0,1,True,81.547,2024,Monaco,R,21.596499999999995,46.318000000000005,0.0,3,Late,1:21.547,36.66666666666666,834.6666666666666,8,-0.7881566380133704,1.7999999999999998,51.38906017191978
STR,Aston Martin,54.0,0 days 00:01:20.571000,SOFT,4.0,1,True,80.571,2024,Monaco,R,21.596499999999995,46.318000000000005,0.0,4,Late,1:20.571,35.25641025641025,833.2564102564103,8,-0.41528175740210144,2.4,54.2263094555874
STR,Aston Martin,55.0,0 days 00:01:19.963000,SOFT,4.0,1,True,79.963,2024,Monaco,R,21.596499999999995,46.318000000000005,0.0,5,Late,1:19.963,33.84615384615384,831.8461538461538,8,-0.18299904489016158,3.0,56.22000573065903
STR,Aston Martin,56.0,0 days 00:01:17.279000,SOFT,4.0,1,True,77.279,2024,Monaco,R,21.596499999999995,46.318000000000005,0.0,6,Late,1:17.279,32.43589743589743,830.4358974358975,8,0.8424068767908282,3.5999999999999996,62.97244126074497
STR,Aston Martin,57.0,0 days 00:01:16.914000,SOFT,4.0,1,True,76.914,2024,Monaco,R,21.596499999999995,46.318000000000005,0.0,7,Late,1:16.914,31.025641025641022,829.025641025641,8,0.9818529130849996,4.2,64.40911747851001
STR,Aston Martin,58.0,0 days 00:01:17.156000,SOFT,4.0,1,True,77.156,2024,Monaco,R,21.596499999999995,46.318000000000005,0.0,8,Late,1:17.156,29.615384615384613,827.6153846153846,8,0.8893982808022857,4.8,64.45438968481372
STR,Aston Martin,59.0,0 days 00:01:16.710000,SOFT,4.0,1,True,76.71,2024,Monaco,R,21.596499999999995,46.318000000000005,0.0,9,Late,1:16.710,28.205128205128204,826.2051282051282,8,1.0,5.3999999999999995,65.718
STR,Aston Martin,60.0,0 days 00:01:17.326000,SOFT,4.0,1,True,77.326,2024,Monaco,R,21.596499999999995,46.318000000000005,0.0,10,Late,1:17.326,26.794871794871796,824.7948717948718,8,0.8244508118433603,6.0,65.26470487106016
STR,Aston Martin,61.0,0 days 00:01:18.298000,SOFT,4.0,1,True,78.298,2024,Monaco,R,21.596499999999995,46.318000000000005,0.0,11,Late,1:18.298,25.384615384615373,823.3846153846154,8,0.4531041069722979,6.6,63.63662464183379
STR,Aston Martin,62.0,0 days 00:01:19.070000,SOFT,4.0,1,True,79.07,2024,Monaco,R,21.596499999999995,46.318000000000005,0.0,12,Late,1:19.070,23.974358974358964,821.974358974359,8,0.158166189111748,7.199999999999999,62.466997134670486
STR,Aston Martin,63.0,0 days 00:01:19.100000,SOFT,4.0,1,True,79.1,2024,Monaco,R,21.596499999999995,46.318000000000005,0.0,13,Late,1:19.100,22.564102564102555,820.5641025641025,8,0.14670487106017166,7.8,62.99822922636103
STR,Aston Martin,64.0,0 days 00:01:18.425000,SOFT,4.0,1,True,78.425,2024,Monaco,R,21.596499999999995,46.318000000000005,0.0,14,Late,1:18.425,21.153846153846146,819.1538461538462,8,0.4045845272206284,8.4,65.14550716332377
STR,Aston Martin,65.0,0 days 00:01:18.732000,SOFT,4.0,1,True,78.732,2024,Monaco,R,21.596499999999995,46.318000000000005,0.0,15,Late,1:18.732,19.743589743589737,817.7435897435897,8,0.28729703915950083,9.0,65.04178223495701
STR,Aston Martin,66.0,0 days 00:01:18.748000,SOFT,4.0,1,True,78.748,2024,Monaco,R,21.596499999999995,46.318000000000005,0.0,16,Late,1:18.748,18.33333333333333,816.3333333333334,8,0.2811843361986583,9.6,65.60510601719196
STR,Aston Martin,67.0,0 days 00:01:18.636000,SOFT,4.0,1,True,78.636,2024,Monaco,R,21.596499999999995,46.318000000000005,0.0,17,Late,1:18.636,16.92307692307692,814.9230769230769,8,0.3239732569245451,10.0,66.26183954154729
STR,Aston Martin,68.0,0 days 00:01:18.057000,SOFT,4.0,1,True,78.057,2024,Monaco,R,21.596499999999995,46.318000000000005,0.0,18,Late,1:18.057,15.512820512820511,813.5128205128206,8,0.5451766953199575,10.0,67.58906017191975
STR,Aston Martin,69.0,0 days 00:01:18.275000,SOFT,4.0,1,True,78.275,2024,Monaco,R,21.596499999999995,46.318000000000005,0.0,19,Late,1:18.275,14.102564102564102,812.1025641025641,8,0.4618911174785046,10.0,67.08934670487103
STR,Aston Martin,70.0,0 days 00:01:18.557000,SOFT,4.0,1,True,78.557,2024,Monaco,R,21.596499999999995,46.318000000000005,0.0,20,Late,1:18.557,12.69230769230768,810.6923076923076,8,0.3541547277936925,10.0,66.44292836676216
STR,Aston Martin,71.0,0 days 00:01:18.464000,SOFT,4.0,1,True,78.464,2024,Monaco,R,21.596499999999995,46.318000000000005,0.0,21,Late,1:18.464,11.28205128205127,809.2820512820513,8,0.3896848137535791,10.0,66.6561088825215
STR,Aston Martin,72.0,0 days 00:01:18.332000,SOFT,4.0,1,True,78.332,2024,Monaco,R,21.596499999999995,46.318000000000005,0.0,22,Late,1:18.332,9.871794871794862,807.8717948717949,8,0.440114613180515,10.0,66.9586876790831
STR,Aston Martin,73.0,0 days 00:01:20.709000,SOFT,4.0,1,True,80.709,2024,Monaco,R,21.596499999999995,46.318000000000005,0.0,23,Late,1:20.709,8.461538461538453,806.4615384615385,8,-0.46800382043935257,10.0,61.5099770773639
STR,Aston Martin,74.0,0 days 00:01:18.230000,SOFT,4.0,1,True,78.23,2024,Monaco,R,21.596499999999995,46.318000000000005,0.0,24,Late,1:18.230,7.051282051282044,805.051282051282,8,0.4790830945558691,10.0,67.19249856733522
STR,Aston Martin,75.0,0 days 00:01:18.511000,SOFT,4.0,1,True,78.511,2024,Monaco,R,21.596499999999995,46.318000000000005,0.0,25,Late,1:18.511,5.641025641025635,803.6410256410256,8,0.37172874880611134,10.0,66.54837249283668
STR,Aston Martin,76.0,0 days 00:01:18.623000,SOFT,4.0,1,True,78.623,2024,Monaco,R,21.596499999999995,46.318000000000005,0.0,26,Late,1:18.623,4.230769230769226,802.2307692307693,8,0.32893982808022454,10.0,66.29163896848137
TSU,RB,3.0,0 days 00:01:27.563000,HARD,2.0,1,True,87.563,2024,Monaco,R,21.596499999999995,46.318000000000005,0.0,0,Early,1:27.563,107.17948717948718,905.1794871794872,2,-1.0,0.0,42.318000000000005
TSU,RB,4.0,0 days 00:01:23.327000,HARD,2.0,1,True,83.327,2024,Monaco,R,21.596499999999995,46.318000000000005,0.0,1,Early,1:23.327,105.76923076923077,903.7692307692307,2,-1.0,0.6,42.918000000000006
TSU,RB,5.0,0 days 00:01:23.493000,HARD,2.0,1,True,83.493,2024,Monaco,R,21.596499999999995,46.318000000000005,0.0,2,Early,1:23.493,104.35897435897436,902.3589743589744,2,-1.0,1.2,43.51800000000001
TSU,RB,6.0,0 days 00:01:23.224000,HARD,2.0,1,True,83.224,2024,Monaco,R,21.596499999999995,46.318000000000005,0.0,3,Early,1:23.224,102.94871794871794,900.9487179487179,2,-1.0,1.7999999999999998,44.118
TSU,RB,7.0,0 days 00:01:21.826000,HARD,2.0,1,True,81.826,2024,Monaco,R,21.596499999999995,46.318000000000005,0.0,4,Early,1:21.826,101.53846153846153,899.5384615384615,2,-0.8947468958930249,2.4,45.34951862464185
TSU,RB,8.0,0 days 00:01:21.651000,HARD,2.0,1,True,81.651,2024,Monaco,R,21.596499999999995,46.318000000000005,0.0,5,Early,1:21.651,100.12820512820512,898.1282051282051,2,-0.8278892072588332,3.0,46.350664756447
TSU,RB,9.0,0 days 00:01:21.896000,HARD,2.0,1,True,81.896,2024,Monaco,R,21.596499999999995,46.318000000000005,0.0,6,Early,1:21.896,98.71794871794872,896.7179487179487,2,-0.9214899713467049,3.5999999999999996,46.38906017191978
TSU,RB,10.0,0 days 00:01:21.591000,HARD,2.0,1,True,81.591,2024,Monaco,R,21.596499999999995,46.318000000000005,0.0,7,Early,1:21.591,97.3076923076923,895.3076923076923,2,-0.8049665711556806,4.2,47.68820057306593
TSU,RB,11.0,0 days 00:01:21.289000,HARD,2.0,1,True,81.289,2024,Monaco,R,21.596499999999995,46.318000000000005,0.0,8,Early,1:21.289,95.8974358974359,893.8974358974359,2,-0.6895893027698193,4.8,48.98046418338109
TSU,RB,12.0,0 days 00:01:21.089000,HARD,2.0,1,True,81.089,2024,Monaco,R,21.596499999999995,46.318000000000005,0.0,9,Early,1:21.089,94.48717948717949,892.4871794871794,2,-0.6131805157593122,5.3999999999999995,50.03891690544413
TSU,RB,13.0,0 days 00:01:20.682000,HARD,2.0,1,True,80.682,2024,Monaco,R,21.596499999999995,46.318000000000005,0.0,10,Early,1:20.682,93.07692307692308,891.0769230769231,2,-0.4576886341929339,6.0,51.5718681948424
TSU,RB,14.0,0 days 00:01:21.249000,HARD,2.0,1,True,81.249,2024,Monaco,R,21.596499999999995,46.318000000000005,0.0,11,Early,1:21.249,91.66666666666666,889.6666666666666,2,-0.6743075453677158,6.6,50.87215472779371
TSU,RB,15.0,0 days 00:01:20.099000,HARD,2.0,1,True,80.099,2024,Monaco,R,21.596499999999995,46.318000000000005,0.0,12,Early,1:20.099,90.25641025641025,888.2564102564103,2,-0.23495702005730945,7.199999999999999,54.10825787965614
TSU,RB,16.0,0 days 00:01:20.847000,HARD,2.0,1,True,80.847,2024,Monaco,R,21.596499999999995,46.318000000000005,0.0,13,Early,1:20.847,88.84615384615384,886.8461538461538,2,-0.5207258834765983,7.8,52.99364469914041
TSU,RB,17.0,0 days 00:01:20.335000,HARD,2.0,1,True,80.335,2024,Monaco,R,21.596499999999995,46.318000000000005,0.0,14,Early,1:20.335,87.43589743589743,885.4358974358975,2,-0.3251193887297027,8.4,54.76728366762179
TSU,RB,18.0,0 days 00:01:20.612000,HARD,2.0,1,True,80.612,2024,Monaco,R,21.596499999999995,46.318000000000005,0.0,15,Early,1:20.612,86.02564102564102,884.025641025641,2,-0.43094555873925394,9.0,54.732326647564484
TSU,RB,19.0,0 days 00:01:20.770000,HARD,2.0,1,True,80.77,2024,Monaco,R,21.596499999999995,46.318000000000005,0.0,16,Early,1:20.770,84.61538461538461,882.6153846153846,2,-0.49130850047755414,9.6,54.97014899713468
TSU,RB,20.0,0 days 00:01:19.991000,HARD,2.0,1,True,79.991,2024,Monaco,R,21.596499999999995,46.318000000000005,0.0,17,Early,1:19.991,83.2051282051282,881.2051282051282,2,-0.19369627507163464,10.0,57.155822349570194
TSU,RB,21.0,0 days 00:01:20.557000,HARD,2.0,1,True,80.557,2024,Monaco,R,21.596499999999995,46.318000000000005,0.0,18,Early,1:20.557,81.7948717948718,879.7948717948718,2,-0.4099331423113676,10.0,55.8584011461318
TSU,RB,22.0,0 days 00:01:20.875000,HARD,2.0,1,True,80.875,2024,Monaco,R,21.596499999999995,46.318000000000005,0.0,19,Early,1:20.875,80.38461538461539,878.3846153846154,2,-0.5314231136580714,10.0,55.129461318051575
TSU,RB,23.0,0 days 00:01:20.450000,HARD,2.0,1,True,80.45,2024,Monaco,R,21.596499999999995,46.318000000000005,0.0,20,Early,1:20.450,78.97435897435898,876.974358974359,2,-0.36905444126074716,10.0,56.10367335243552
TSU,RB,24.0,0 days 00:01:20.386000,HARD,2.0,1,True,80.386,2024,Monaco,R,21.596499999999995,46.318000000000005,0.0,21,Early,1:20.386,77.56410256410257,875.5641025641025,2,-0.3446036294173825,10.0,56.25037822349571
TSU,RB,25.0,0 days 00:01:20.329000,HARD,2.0,1,True,80.329,2024,Monaco,R,21.596499999999995,46.318000000000005,0.0,22,Early,1:20.329,76.15384615384616,874.1538461538462,2,-0.32282712511938744,10.0,56.38103724928368
TSU,RB,26.0,0 days 00:01:20.448000,HARD,2.0,1,True,80.448,2024,Monaco,R,21.596499999999995,46.318000000000005,0.0,23,Early,1:20.448,74.74358974358975,872.7435897435897,2,-0.3682903533906384,10.0,56.10825787965617
TSU,RB,27.0,0 days 00:01:20.286000,HARD,2.0,1,True,80.286,2024,Monaco,R,21.596499999999995,46.318000000000005,0.0,24,Mid,1:20.286,73.33333333333333,871.3333333333334,2,-0.30639923591213164,10.0,56.479604584527216
TSU,RB,28.0,0 days 00:01:20.184000,HARD,2.0,1,True,80.184,2024,Monaco,R,21.596499999999995,46.318000000000005,0.0,25,Mid,1:20.184,71.92307692307692,869.9230769230769,2,-0.2674307545367721,10.0,56.713415472779374
TSU,RB,29.0,0 days 00:01:19.837000,HARD,2.0,1,True,79.837,2024,Monaco,R,21.596499999999995,46.318000000000005,0.0,26,Mid,1:19.837,70.51282051282051,868.5128205128206,2,-0.1348615090735464,10.0,57.50883094555873
TSU,RB,30.0,0 days 00:01:20.495000,HARD,2.0,1,True,80.495,2024,Monaco,R,21.596499999999995,46.318000000000005,0.0,27,Mid,1:20.495,69.1025641025641,867.1025641025641,2,-0.38624641833811163,10.0,56.000521489971334
TSU,RB,31.0,0 days 00:01:20.190000,HARD,2.0,1,True,80.19,2024,Monaco,R,21.596499999999995,46.318000000000005,0.0,28,Mid,1:20.190,67.69230769230768,865.6923076923076,2,-0.2697230181470874,10.0,56.69966189111748
TSU,RB,32.0,0 days 00:01:21.023000,HARD,2.0,1,True,81.023,2024,Monaco,R,21.596499999999995,46.318000000000005,0.0,29,Mid,1:21.023,66.28205128205127,864.2820512820513,2,-0.5879656160458443,10.0,54.790206303724936
TSU,RB,33.0,0 days 00:01:20.749000,HARD,2.0,1,True,80.749,2024,Monaco,R,21.596499999999995,46.318000000000005,0.0,30,Mid,1:20.749,64.87179487179486,862.8717948717949,2,-0.4832855778414507,10.0,55.4182865329513
TSU,RB,34.0,0 days 00:01:19.153000,HARD,2.0,1,True,79.153,2024,Monaco,R,21.596499999999995,46.318000000000005,0.0,31,Mid,1:19.153,63.46153846153846,861.4615384615385,2,0.1264565425023832,10.0,59.0767392550143
TSU,RB,35.0,0 days 00:01:18.973000,HARD,2.0,1,True,78.973,2024,Monaco,R,21.596499999999995,46.318000000000005,0.0,32,Mid,1:18.973,62.05128205128205,860.0512820512821,2,0.1952244508118412,10.0,59.48934670487105
TSU,RB,36.0,0 days 00:01:19.472000,HARD,2.0,1,True,79.472,2024,Monaco,R,21.596499999999995,46.318000000000005,0.0,33,Mid,1:19.472,60.641025641025635,858.6410256410256,2,0.004584527220630534,10.0,58.34550716332379
TSU,RB,37.0,0 days 00:01:20.071000,HARD,2.0,1,True,80.071,2024,Monaco,R,21.596499999999995,46.318000000000005,0.0,34,Mid,1:20.071,59.230769230769226,857.2307692307693,2,-0.2242597898758364,10.0,56.972441260744986
TSU,RB,38.0,0 days 00:01:20.117000,HARD,2.0,1,True,80.117,2024,Monaco,R,21.596499999999995,46.318000000000005,0.0,35,Mid,1:20.117,57.82051282051282,855.8205128205128,2,-0.24183381088825526,10.0,56.86699713467047
TSU,RB,39.0,0 days 00:01:19.855000,HARD,2.0,1,True,79.855,2024,Monaco,R,21.596499999999995,46.318000000000005,0.0,36,Mid,1:19.855,56.41025641025641,854.4102564102564,2,-0.14173829990449222,10.0,57.46757020057305
TSU,RB,40.0,0 days 00:01:19.745000,HARD,2.0,1,True,79.745,2024,Monaco,R,21.596499999999995,46.318000000000005,0.0,37,Mid,1:19.745,54.99999999999999,853.0,2,-0.09971346704871412,10.0,57.71971919770772
TSU,RB,41.0,0 days 00:01:20.772000,HARD,2.0,1,True,80.772,2024,Monaco,R,21.596499999999995,46.318000000000005,0.0,38,Mid,1:20.772,53.589743589743584,851.5897435897435,2,-0.4920725883476629,10.0,55.36556446991403
TSU,RB,42.0,0 days 00:01:20.320000,HARD,2.0,1,True,80.32,2024,Monaco,R,21.596499999999995,46.318000000000005,0.0,39,Mid,1:20.320,52.179487179487175,850.1794871794872,2,-0.3193887297039146,10.0,56.40166762177652
TSU,RB,43.0,0 days 00:01:20.135000,HARD,2.0,1,True,80.135,2024,Monaco,R,21.596499999999995,46.318000000000005,0.0,40,Mid,1:20.135,50.76923076923077,848.7692307692307,2,-0.24871060171920106,10.0,56.8257363896848
TSU,RB,44.0,0 days 00:01:20.394000,HARD,2.0,1,True,80.394,2024,Monaco,R,21.596499999999995,46.318000000000005,0.0,41,Mid,1:20.394,49.35897435897436,847.3589743589744,2,-0.3476599808978065,10.0,56.23204011461316
TSU,RB,45.0,0 days 00:01:20.144000,HARD,2.0,1,True,80.144,2024,Monaco,R,21.596499999999995,46.318000000000005,0.0,42,Mid,1:20.144,47.94871794871794,845.9487179487179,2,-0.252148997134674,10.0,56.80510601719196
TSU,RB,46.0,0 days 00:01:20.294000,HARD,2.0,1,True,80.294,2024,Monaco,R,21.596499999999995,46.318000000000005,0.0,43,Mid,1:20.294,46.53846153846153,844.5384615384615,2,-0.3094555873925502,10.0,56.461266475644706
TSU,RB,47.0,0 days 00:01:20.426000,HARD,2.0,1,True,80.426,2024,Monaco,R,21.596499999999995,46.318000000000005,0.0,44,Mid,1:20.426,45.128205128205124,843.1282051282051,2,-0.35988538681948606,10.0,56.15868767908309
TSU,RB,48.0,0 days 00:01:20.543000,HARD,2.0,1,True,80.543,2024,Monaco,R,21.596499999999995,46.318000000000005,0.0,45,Mid,1:20.543,43.717948717948715,841.7179487179487,2,-0.4045845272206338,10.0,55.8904928366762
TSU,RB,49.0,0 days 00:01:20.109000,HARD,2.0,1,True,80.109,2024,Monaco,R,21.596499999999995,46.318000000000005,0.0,46,Mid,1:20.109,42.30769230769231,840.3076923076923,2,-0.23877745940783127,10.0,56.885335243553016
TSU,RB,50.0,0 days 00:01:19.553000,HARD,2.0,1,True,79.553,2024,Monaco,R,21.596499999999995,46.318000000000005,0.0,47,Mid,1:19.553,40.8974358974359,838.8974358974359,2,-0.026361031518625573,10.0,58.15983381088825
TSU,RB,51.0,0 days 00:01:18.640000,HARD,2.0,1,True,78.64,2024,Monaco,R,21.596499999999995,46.318000000000005,0.0,48,Mid,1:18.640,39.48717948717949,837.4871794871794,2,0.3224450811843331,10.0,60.252670487106
TSU,RB,52.0,0 days 00:01:20.114000,HARD,2.0,12,True,80.114,2024,Monaco,R,21.596499999999995,46.318000000000005,0.0,49,Mid,1:20.114,38.076923076923066,836.0769230769231,2,-0.24068767908309763,10.0,56.87387392550142
TSU,RB,53.0,0 days 00:01:19.854000,HARD,2.0,1,True,79.854,2024,Monaco,R,21.596499999999995,46.318000000000005,0.0,50,Late,1:19.854,36.66666666666666,834.6666666666666,2,-0.14135625596943785,10.0,57.46986246418338
TSU,RB,54.0,0 days 00:01:25.770000,HARD,2.0,1,True,85.77,2024,Monaco,R,21.596499999999995,46.318000000000005,0.0,51,Late,1:25.770,35.25641025641025,833.2564102564103,2,-1.0,10.0,52.318000000000005
TSU,RB,55.0,0 days 00:01:19.781000,HARD,2.0,1,True,79.781,2024,Monaco,R,21.596499999999995,46.318000000000005,0.0,52,Late,1:19.781,33.84615384615384,831.8461538461538,2,-0.11346704871060573,10.0,57.63719770773637
TSU,RB,56.0,0 days 00:01:18.502000,HARD,2.0,1,True,78.502,2024,Monaco,R,21.596499999999995,46.318000000000005,0.0,53,Late,1:18.502,32.43589743589743,830.4358974358975,2,0.37516714422158426,10.0,60.56900286532951
TSU,RB,57.0,0 days 00:01:18.499000,HARD,2.0,1,True,78.499,2024,Monaco,R,21.596499999999995,46.318000000000005,0.0,54,Late,1:18.499,31.025641025641022,829.025641025641,2,0.37631327602674186,10.0,60.57587965616045
TSU,RB,58.0,0 days 00:01:18.737000,HARD,2.0,1,True,78.737,2024,Monaco,R,21.596499999999995,46.318000000000005,0.0,55,Late,1:18.737,29.615384615384613,827.6153846153846,2,0.2853868194842399,10.0,60.030320916905445
TSU,RB,59.0,0 days 00:01:18.035000,HARD,2.0,1,True,78.035,2024,Monaco,R,21.596499999999995,46.318000000000005,0.0,56,Late,1:18.035,28.205128205128204,826.2051282051282,2,0.5535816618911154,10.0,61.6394899713467
TSU,RB,60.0,0 days 00:01:19.659000,HARD,2.0,1,True,79.659,2024,Monaco,R,21.596499999999995,46.318000000000005,0.0,57,Late,1:19.659,26.794871794871796,824.7948717948718,2,-0.0668576886341971,10.0,57.91685386819482
TSU,RB,61.0,0 days 00:01:20.298000,HARD,2.0,1,True,80.298,2024,Monaco,R,21.596499999999995,46.318000000000005,0.0,58,Late,1:20.298,25.384615384615373,823.3846153846154,2,-0.3109837631327622,10.0,56.45209742120343
TSU,RB,62.0,0 days 00:01:19.375000,HARD,2.0,1,True,79.375,2024,Monaco,R,21.596499999999995,46.318000000000005,0.0,59,Late,1:19.375,23.974358974358964,821.974358974359,2,0.04164278892072373,10.0,58.567856733524344
TSU,RB,63.0,0 days 00:01:23.218000,HARD,2.0,1,True,83.218,2024,Monaco,R,21.596499999999995,46.318000000000005,0.0,60,Late,1:23.218,22.564102564102555,820.5641025641025,2,-1.0,10.0,52.318000000000005
TSU,RB,64.0,0 days 00:01:17.631000,HARD,2.0,1,True,77.631,2024,Monaco,R,21.596499999999995,46.318000000000005,0.0,61,Late,1:17.631,21.153846153846146,819.1538461538462,2,0.7079274116523361,10.0,62.56556446991402
TSU,RB,65.0,0 days 00:01:17.019000,HARD,2.0,1,True,77.019,2024,Monaco,R,21.596499999999995,46.318000000000005,0.0,62,Late,1:17.019,19.743589743589737,817.7435897435897,2,0.9417382999044824,10.0,63.9684297994269
TSU,RB,66.0,0 days 00:01:18.197000,HARD,2.0,1,True,78.197,2024,Monaco,R,21.596499999999995,46.318000000000005,0.0,63,Late,1:18.197,18.33333333333333,816.3333333333334,2,0.49169054441260307,10.0,61.268143266475626
TSU,RB,67.0,0 days 00:01:18.148000,HARD,2.0,1,True,78.148,2024,Monaco,R,21.596499999999995,46.318000000000005,0.0,64,Late,1:18.148,16.92307692307692,814.9230769230769,2,0.5104106972301796,10.0,61.38046418338108
TSU,RB,68.0,0 days 00:01:18.209000,HARD,2.0,1,True,78.209,2024,Monaco,R,21.596499999999995,46.318000000000005,0.0,65,Late,1:18.209,15.512820512820511,813.5128205128206,2,0.48710601719197255,10.0,61.24063610315184
TSU,RB,69.0,0 days 00:01:20.032000,HARD,2.0,1,True,80.032,2024,Monaco,R,21.596499999999995,46.318000000000005,0.0,66,Late,1:20.032,14.102564102564102,812.1025641025641,2,-0.20936007640878715,10.0,57.06183954154728
TSU,RB,70.0,0 days 00:01:19.347000,HARD,2.0,1,True,79.347,2024,Monaco,R,21.596499999999995,46.318000000000005,0.0,67,Late,1:19.347,12.69230769230768,810.6923076923076,2,0.05234001910219679,10.0,58.63204011461318
TSU,RB,71.0,0 days 00:01:18.258000,HARD,2.0,1,True,78.258,2024,Monaco,R,21.596499999999995,46.318000000000005,0.0,68,Late,1:18.258,11.28205128205127,809.2820512820513,2,0.4683858643744015,10.0,61.12831518624641
TSU,RB,72.0,0 days 00:01:17.079000,HARD,2.0,1,True,77.079,2024,Monaco,R,21.596499999999995,46.318000000000005,0.0,69,Late,1:17.079,9.871794871794862,807.8717948717949,2,0.9188156638013352,10.0,63.830893982808014
TSU,RB,73.0,0 days 00:01:15.955000,HARD,2.0,1,True,75.955,2024,Monaco,R,21.596499999999995,46.318000000000005,0.0,70,Late,1:15.955,8.461538461538453,806.4615384615385,2,1.0,10.0,64.31800000000001
TSU,RB,74.0,0 days 00:01:15.462000,HARD,2.0,1,True,75.462,2024,Monaco,R,21.596499999999995,46.318000000000005,0.0,71,Late,1:15.462,7.051282051282044,805.051282051282,2,1.0,10.0,64.31800000000001
TSU,RB,75.0,0 days 00:01:14.992000,HARD,2.0,1,True,74.992,2024,Monaco,R,21.596499999999995,46.318000000000005,0.0,72,Late,1:14.992,5.641025641025635,803.6410256410256,2,1.0,10.0,64.31800000000001
TSU,RB,76.0,0 days 00:01:15.205000,HARD,2.0,1,True,75.205,2024,Monaco,R,21.596499999999995,46.318000000000005,0.0,73,Late,1:15.205,4.230769230769226,802.2307692307693,2,1.0,10.0,64.31800000000001
TSU,RB,77.0,0 days 00:01:14.720000,HARD,2.0,1,True,74.72,2024,Monaco,R,21.596499999999995,46.318000000000005,0.0,74,Late,1:14.720,2.8205128205128176,800.8205128205128,2,1.0,10.0,64.31800000000001
VER,Red Bull Racing,3.0,0 days 00:01:25.744000,MEDIUM,2.0,1,True,85.744,2024,Monaco,R,21.596499999999995,46.318000000000005,0.0,0,Early,1:25.744,107.17948717948718,905.1794871794872,5,-1.0,0.0,45.318000000000005
VER,Red Bull Racing,4.0,0 days 00:01:23.275000,MEDIUM,2.0,1,True,83.275,2024,Monaco,R,21.596499999999995,46.318000000000005,0.0,1,Early,1:23.275,105.76923076923077,903.7692307692307,5,-1.0,0.6,45.918000000000006
VER,Red Bull Racing,5.0,0 days 00:01:23.400000,MEDIUM,2.0,1,True,83.4,2024,Monaco,R,21.596499999999995,46.318000000000005,0.0,2,Early,1:23.400,104.35897435897436,902.3589743589744,5,-1.0,1.2,46.51800000000001
VER,Red Bull Racing,6.0,0 days 00:01:23.787000,MEDIUM,2.0,1,True,83.787,2024,Monaco,R,21.596499999999995,46.318000000000005,0.0,3,Early,1:23.787,102.94871794871794,900.9487179487179,5,-1.0,1.7999999999999998,47.118
VER,Red Bull Racing,7.0,0 days 00:01:21.283000,MEDIUM,2.0,1,True,81.283,2024,Monaco,R,21.596499999999995,46.318000000000005,0.0,4,Early,1:21.283,101.53846153846153,899.5384615384615,5,-0.687297039159504,2.4,49.59421776504298
VER,Red Bull Racing,8.0,0 days 00:01:21.657000,MEDIUM,2.0,1,True,81.657,2024,Monaco,R,21.596499999999995,46.318000000000005,0.0,5,Early,1:21.657,100.12820512820512,898.1282051282051,5,-0.8301814708691485,3.0,49.336911174785115
VER,Red Bull Racing,9.0,0 days 00:01:21.740000,MEDIUM,2.0,1,True,81.74,2024,Monaco,R,21.596499999999995,46.318000000000005,0.0,6,Early,1:21.740,98.71794871794872,896.7179487179487,5,-0.8618911174785079,3.5999999999999996,49.74665329512896
VER,Red Bull Racing,10.0,0 days 00:01:21.244000,MEDIUM,2.0,1,True,81.244,2024,Monaco,R,21.596499999999995,46.318000000000005,0.0,7,Early,1:21.244,97.3076923076923,895.3076923076923,5,-0.6723973256924548,4.2,51.48361604584528
VER,Red Bull Racing,11.0,0 days 00:01:21.492000,MEDIUM,2.0,1,True,81.492,2024,Monaco,R,21.596499999999995,46.318000000000005,0.0,8,Early,1:21.492,95.8974358974359,893.8974358974359,5,-0.7671442215854841,4.8,51.5151346704871
VER,Red Bull Racing,12.0,0 days 00:01:20.659000,MEDIUM,2.0,1,True,80.659,2024,Monaco,R,21.596499999999995,46.318000000000005,0.0,9,Early,1:20.659,94.48717948717949,892.4871794871794,5,-0.44890162368672715,5.3999999999999995,54.02459025787964
VER,Red Bull Racing,13.0,0 days 00:01:19.904000,MEDIUM,2.0,1,True,79.904,2024,Monaco,R,21.596499999999995,46.318000000000005,0.0,10,Early,1:19.904,93.07692307692308,891.0769230769231,5,-0.16045845272206327,6.0,56.355249283667625
VER,Red Bull Racing,14.0,0 days 00:01:19.723000,MEDIUM,2.0,1,True,79.723,2024,Monaco,R,21.596499999999995,46.318000000000005,0.0,11,Early,1:19.723,91.66666666666666,889.6666666666666,5,-0.09130850047755633,6.6,57.37014899713467
VER,Red Bull Racing,15.0,0 days 00:01:20.370000,MEDIUM,2.0,1,True,80.37,2024,Monaco,R,21.596499999999995,46.318000000000005,0.0,12,Early,1:20.370,90.25641025641025,888.2564102564103,5,-0.3384909264565454,7.199999999999999,56.48705444126073
VER,Red Bull Racing,16.0,0 days 00:01:20.287000,MEDIUM,2.0,1,True,80.287,2024,Monaco,R,21.596499999999995,46.318000000000005,0.0,13,Early,1:20.287,88.84615384615384,886.8461538461538,5,-0.306781279847186,7.8,57.277312320916884
VER,Red Bull Racing,17.0,0 days 00:01:19.898000,MEDIUM,2.0,1,True,79.898,2024,Monaco,R,21.596499999999995,46.318000000000005,0.0,14,Early,1:19.898,87.43589743589743,885.4358974358975,5,-0.158166189111748,8.4,58.76900286532952
VER,Red Bull Racing,18.0,0 days 00:01:19.580000,MEDIUM,2.0,1,True,79.58,2024,Monaco,R,21.596499999999995,46.318000000000005,0.0,15,Early,1:19.580,86.02564102564102,884.025641025641,5,-0.036676217765044275,9.0,60.09794269340974
VER,Red Bull Racing,19.0,0 days 00:01:20.171000,MEDIUM,2.0,1,True,80.171,2024,Monaco,R,21.596499999999995,46.318000000000005,0.0,16,Early,1:20.171,84.61538461538461,882.6153846153846,5,-0.2624641833810927,9.6,59.34321489971345
VER,Red Bull Racing,20.0,0 days 00:01:19.886000,MEDIUM,2.0,1,True,79.886,2024,Monaco,R,21.596499999999995,46.318000000000005,0.0,17,Early,1:19.886,83.2051282051282,881.2051282051282,5,-0.15358166189111747,10.0,60.3965100286533
VER,Red Bull Racing,21.0,0 days 00:01:20.255000,MEDIUM,2.0,1,True,80.255,2024,Monaco,R,21.596499999999995,46.318000000000005,0.0,18,Early,1:20.255,81.7948717948718,879.7948717948718,5,-0.294555873925501,10.0,59.550664756447
VER,Red Bull Racing,22.0,0 days 00:01:19.813000,MEDIUM,2.0,1,True,79.813,2024,Monaco,R,21.596499999999995,46.318000000000005,0.0,19,Early,1:19.813,80.38461538461539,878.3846153846154,5,-0.12569245463228534,10.0,60.563845272206294
VER,Red Bull Racing,23.0,0 days 00:01:18.979000,MEDIUM,2.0,1,True,78.979,2024,Monaco,R,21.596499999999995,46.318000000000005,0.0,20,Early,1:18.979,78.97435897435898,876.974358974359,5,0.19293218720152594,10.0,62.47559312320916
VER,Red Bull Racing,24.0,0 days 00:01:19.364000,MEDIUM,2.0,1,True,79.364,2024,Monaco,R,21.596499999999995,46.318000000000005,0.0,21,Early,1:19.364,77.56410256410257,875.5641025641025,5,0.045845272206299914,10.0,61.593071633237805
VER,Red Bull Racing,25.0,0 days 00:01:19.380000,MEDIUM,2.0,1,True,79.38,2024,Monaco,R,21.596499999999995,46.318000000000005,0.0,22,Early,1:19.380,76.15384615384616,874.1538461538462,5,0.03973256924546282,10.0,61.556395415472785
VER,Red Bull Racing,26.0,0 days 00:01:18.818000,MEDIUM,2.0,1,True,78.818,2024,Monaco,R,21.596499999999995,46.318000000000005,0.0,23,Early,1:18.818,74.74358974358975,872.7435897435897,5,0.2544412607449838,10.0,62.84464756446991
VER,Red Bull Racing,27.0,0 days 00:01:18.797000,MEDIUM,2.0,1,True,78.797,2024,Monaco,R,21.596499999999995,46.318000000000005,0.0,24,Mid,1:18.797,73.33333333333333,871.3333333333334,5,0.26246418338108723,10.0,62.89278510028653
VER,Red Bull Racing,28.0,0 days 00:01:18.682000,MEDIUM,2.0,1,True,78.682,2024,Monaco,R,21.596499999999995,46.318000000000005,0.0,25,Mid,1:18.682,71.92307692307692,869.9230769230769,5,0.30639923591212626,10.0,63.156395415472765
VER,Red Bull Racing,29.0,0 days 00:01:18.795000,MEDIUM,2.0,1,True,78.795,2024,Monaco,R,21.596499999999995,46.318000000000005,0.0,26,Mid,1:18.795,70.51282051282051,868.5128205128206,5,0.2632282712511905,10.0,62.897369627507146
VER,Red Bull Racing,30.0,0 days 00:01:18.574000,MEDIUM,2.0,1,True,78.574,2024,Monaco,R,21.596499999999995,46.318000000000005,0.0,27,Mid,1:18.574,69.1025641025641,867.1025641025641,5,0.34765998089780104,10.0,63.40395988538681
VER,Red Bull Racing,31.0,0 days 00:01:18.564000,MEDIUM,2.0,1,True,78.564,2024,Monaco,R,21.596499999999995,46.318000000000005,0.0,28,Mid,1:18.564,67.69230769230768,865.6923076923076,5,0.3514804202483283,10.0,63.42688252148997
VER,Red Bull Racing,32.0,0 days 00:01:18.983000,MEDIUM,2.0,1,True,78.983,2024,Monaco,R,21.596499999999995,46.318000000000005,0.0,29,Mid,1:18.983,66.28205128205127,864.2820512820513,5,0.19140401146131394,10.0,62.466424068767886
VER,Red Bull Racing,33.0,0 days 00:01:19.005000,MEDIUM,2.0,1,True,79.005,2024,Monaco,R,21.596499999999995,46.318000000000005,0.0,30,Mid,1:19.005,64.87179487179486,862.8717948717949,5,0.18299904489016158,10.0,62.41599426934098
VER,Red Bull Racing,34.0,0 days 00:01:19.594000,MEDIUM,2.0,1,True,79.594,2024,Monaco,R,21.596499999999995,46.318000000000005,0.0,31,Mid,1:19.594,63.46153846153846,861.4615384615385,5,-0.042024832855778085,10.0,61.06585100286534
VER,Red Bull Racing,35.0,0 days 00:01:20.207000,MEDIUM,2.0,1,True,80.207,2024,Monaco,R,21.596499999999995,46.318000000000005,0.0,32,Mid,1:20.207,62.05128205128205,860.0512820512821,5,-0.27621776504297885,10.0,59.66069340974213
VER,Red Bull Racing,36.0,0 days 00:01:19.634000,MEDIUM,2.0,1,True,79.634,2024,Monaco,R,21.596499999999995,46.318000000000005,0.0,33,Mid,1:19.634,60.641025641025635,858.6410256410256,5,-0.05730659025788168,10.0,60.974160458452715
VER,Red Bull Racing,37.0,0 days 00:01:19.429000,MEDIUM,2.0,1,True,79.429,2024,Monaco,R,21.596499999999995,46.318000000000005,0.0,34,Mid,1:19.429,59.230769230769226,857.2307692307693,5,0.02101241642788633,10.0,61.444074498567325
VER,Red Bull Racing,38.0,0 days 00:01:18.844000,MEDIUM,2.0,1,True,78.844,2024,Monaco,R,21.596499999999995,46.318000000000005,0.0,35,Mid,1:18.844,57.82051282051282,855.8205128205128,5,0.24450811843361944,10.0,62.78504871060172
VER,Red Bull Racing,39.0,0 days 00:01:18.326000,MEDIUM,2.0,1,True,78.326,2024,Monaco,R,21.596499999999995,46.318000000000005,0.0,36,Mid,1:18.326,56.41025641025641,854.4102564102564,5,0.4424068767908303,10.0,63.972441260744986
VER,Red Bull Racing,40.0,0 days 00:01:18.409000,MEDIUM,2.0,1,True,78.409,2024,Monaco,R,21.596499999999995,46.318000000000005,0.0,37,Mid,1:18.409,54.99999999999999,853.0,5,0.4106972301814655,10.0,63.7821833810888
VER,Red Bull Racing,41.0,0 days 00:01:18.083000,MEDIUM,2.0,1,True,78.083,2024,Monaco,R,21.596499999999995,46.318000000000005,0.0,38,Mid,1:18.083,53.589743589743584,851.5897435897435,5,0.5352435530085932,10.0,64.52946131805156
VER,Red Bull Racing,42.0,0 days 00:01:18.074000,MEDIUM,2.0,1,True,78.074,2024,Monaco,R,21.596499999999995,46.318000000000005,0.0,39,Mid,1:18.074,52.179487179487175,850.1794871794872,5,0.538681948424066,10.0,64.5500916905444
VER,Red Bull Racing,43.0,0 days 00:01:18.358000,MEDIUM,2.0,1,True,78.358,2024,Monaco,R,21.596499999999995,46.318000000000005,0.0,40,Mid,1:18.358,50.76923076923077,848.7692307692307,5,0.4301814708691452,10.0,63.899088825214875
VER,Red Bull Racing,44.0,0 days 00:01:18.405000,MEDIUM,2.0,1,True,78.405,2024,Monaco,R,21.596499999999995,46.318000000000005,0.0,41,Mid,1:18.405,49.35897435897436,847.3589743589744,5,0.41222540592167745,10.0,63.79135243553007
VER,Red Bull Racing,45.0,0 days 00:01:18.313000,MEDIUM,2.0,1,True,78.313,2024,Monaco,R,21.596499999999995,46.318000000000005,0.0,42,Mid,1:18.313,47.94871794871794,845.9487179487179,5,0.44737344794650974,10.0,64.00224068767906
VER,Red Bull Racing,46.0,0 days 00:01:18.203000,MEDIUM,2.0,1,True,78.203,2024,Monaco,R,21.596499999999995,46.318000000000005,0.0,43,Mid,1:18.203,46.53846153846153,844.5384615384615,5,0.4893982808022878,10.0,64.25438968481373
VER,Red Bull Racing,47.0,0 days 00:01:18.537000,MEDIUM,2.0,1,True,78.537,2024,Monaco,R,21.596499999999995,46.318000000000005,0.0,44,Mid,1:18.537,45.128205128205124,843.1282051282051,5,0.3617956064947416,10.0,63.48877363896845
VER,Red Bull Racing,48.0,0 days 00:01:18.337000,MEDIUM,2.0,1,True,78.337,2024,Monaco,R,21.596499999999995,46.318000000000005,0.0,45,Mid,1:18.337,43.717948717948715,841.7179487179487,5,0.43820439350524865,10.0,63.9472263610315
VER,Red Bull Racing,49.0,0 days 00:01:18.477000,MEDIUM,2.0,1,True,78.477,2024,Monaco,R,21.596499999999995,46.318000000000005,0.0,46,Mid,1:18.477,42.30769230769231,840.3076923076923,5,0.3847182425978942,10.0,63.62630945558737
VER,Red Bull Racing,50.0,0 days 00:01:18.880000,MEDIUM,2.0,1,True,78.88,2024,Monaco,R,21.596499999999995,46.318000000000005,0.0,47,Mid,1:18.880,40.8974358974359,838.8974358974359,5,0.23075453677172783,10.0,62.70252722063037
VER,Red Bull Racing,51.0,0 days 00:01:18.142000,MEDIUM,2.0,1,True,78.142,2024,Monaco,R,21.596499999999995,46.318000000000005,0.0,48,Mid,1:18.142,39.48717948717949,837.4871794871794,5,0.5127029608404948,10.0,64.39421776504298
VER,Red Bull Racing,54.0,0 days 00:01:15.815000,HARD,3.0,1,True,75.815,2024,Monaco,R,21.596499999999995,46.318000000000005,0.0,0,Late,1:15.815,35.25641025641025,833.2564102564103,2,1.0,0.0,54.318000000000005
VER,Red Bull Racing,55.0,0 days 00:01:15.398000,HARD,3.0,1,True,75.398,2024,Monaco,R,21.596499999999995,46.318000000000005,0.0,1,Late,1:15.398,33.84615384615384,831.8461538461538,2,1.0,0.6,54.918000000000006
VER,Red Bull Racing,56.0,0 days 00:01:15.466000,HARD,3.0,1,True,75.466,2024,Monaco,R,21.596499999999995,46.318000000000005,0.0,2,Late,1:15.466,32.43589743589743,830.4358974358975,2,1.0,1.2,55.51800000000001
VER,Red Bull Racing,57.0,0 days 00:01:16.181000,HARD,3.0,1,True,76.181,2024,Monaco,R,21.596499999999995,46.318000000000005,0.0,3,Late,1:16.181,31.025641025641022,829.025641025641,2,1.0,1.7999999999999998,56.118
VER,Red Bull Racing,58.0,0 days 00:01:14.569000,HARD,3.0,1,True,74.569,2024,Monaco,R,21.596499999999995,46.318000000000005,0.0,4,Late,1:14.569,29.615384615384613,827.6153846153846,2,1.0,2.4,56.718
VER,Red Bull Racing,59.0,0 days 00:01:14.748000,HARD,3.0,1,True,74.748,2024,Monaco,R,21.596499999999995,46.318000000000005,0.0,5,Late,1:14.748,28.205128205128204,826.2051282051282,2,1.0,3.0,57.318000000000005
VER,Red Bull Racing,60.0,0 days 00:01:15.238000,HARD,3.0,1,True,75.238,2024,Monaco,R,21.596499999999995,46.318000000000005,0.0,6,Late,1:15.238,26.794871794871796,824.7948717948718,2,1.0,3.5999999999999996,57.918000000000006
VER,Red Bull Racing,61.0,0 days 00:01:15.121000,HARD,3.0,1,True,75.121,2024,Monaco,R,21.596499999999995,46.318000000000005,0.0,7,Late,1:15.121,25.384615384615373,823.3846153846154,2,1.0,4.2,58.51800000000001
VER,Red Bull Racing,62.0,0 days 00:01:16.561000,HARD,3.0,1,True,76.561,2024,Monaco,R,21.596499999999995,46.318000000000005,0.0,8,Late,1:16.561,23.974358974358964,821.974358974359,2,1.0,4.8,59.118
VER,Red Bull Racing,63.0,0 days 00:01:16.547000,HARD,3.0,1,True,76.547,2024,Monaco,R,21.596499999999995,46.318000000000005,0.0,9,Late,1:16.547,22.564102564102555,820.5641025641025,2,1.0,5.3999999999999995,59.718
VER,Red Bull Racing,64.0,0 days 00:01:16.619000,HARD,3.0,1,True,76.619,2024,Monaco,R,21.596499999999995,46.318000000000005,0.0,10,Late,1:16.619,21.153846153846146,819.1538461538462,2,1.0,6.0,60.318000000000005
VER,Red Bull Racing,65.0,0 days 00:01:15.468000,HARD,3.0,1,True,75.468,2024,Monaco,R,21.596499999999995,46.318000000000005,0.0,11,Late,1:15.468,19.743589743589737,817.7435897435897,2,1.0,6.6,60.918000000000006
VER,Red Bull Racing,66.0,0 days 00:01:16.121000,HARD,3.0,1,True,76.121,2024,Monaco,R,21.596499999999995,46.318000000000005,0.0,12,Late,1:16.121,18.33333333333333,816.3333333333334,2,1.0,7.199999999999999,61.518
VER,Red Bull Racing,67.0,0 days 00:01:16.276000,HARD,3.0,1,True,76.276,2024,Monaco,R,21.596499999999995,46.318000000000005,0.0,13,Late,1:16.276,16.92307692307692,814.9230769230769,2,1.0,7.8,62.118
VER,Red Bull Racing,68.0,0 days 00:01:15.954000,HARD,3.0,1,True,75.954,2024,Monaco,R,21.596499999999995,46.318000000000005,0.0,14,Late,1:15.954,15.512820512820511,813.5128205128206,2,1.0,8.4,62.718
VER,Red Bull Racing,69.0,0 days 00:01:15.463000,HARD,3.0,1,True,75.463,2024,Monaco,R,21.596499999999995,46.318000000000005,0.0,15,Late,1:15.463,14.102564102564102,812.1025641025641,2,1.0,9.0,63.318000000000005
VER,Red Bull Racing,70.0,0 days 00:01:15.449000,HARD,3.0,1,True,75.449,2024,Monaco,R,21.596499999999995,46.318000000000005,0.0,16,Late,1:15.449,12.69230769230768,810.6923076923076,2,1.0,9.6,63.918000000000006
VER,Red Bull Racing,71.0,0 days 00:01:15.659000,HARD,3.0,1,True,75.659,2024,Monaco,R,21.596499999999995,46.318000000000005,0.0,17,Late,1:15.659,11.28205128205127,809.2820512820513,2,1.0,10.0,64.31800000000001
VER,Red Bull Racing,72.0,0 days 00:01:15.733000,HARD,3.0,1,True,75.733,2024,Monaco,R,21.596499999999995,46.318000000000005,0.0,18,Late,1:15.733,9.871794871794862,807.8717948717949,2,1.0,10.0,64.31800000000001
VER,Red Bull Racing,73.0,0 days 00:01:15.436000,HARD,3.0,1,True,75.436,2024,Monaco,R,21.596499999999995,46.318000000000005,0.0,19,Late,1:15.436,8.461538461538453,806.4615384615385,2,1.0,10.0,64.31800000000001
VER,Red Bull Racing,74.0,0 days 00:01:15.380000,HARD,3.0,1,True,75.38,2024,Monaco,R,21.596499999999995,46.318000000000005,0.0,20,Late,1:15.380,7.051282051282044,805.051282051282,2,1.0,10.0,64.31800000000001
VER,Red Bull Racing,75.0,0 days 00:01:15.396000,HARD,3.0,1,True,75.396,2024,Monaco,R,21.596499999999995,46.318000000000005,0.0,21,Late,1:15.396,5.641025641025635,803.6410256410256,2,1.0,10.0,64.31800000000001
VER,Red Bull Racing,76.0,0 days 00:01:15.641000,HARD,3.0,1,True,75.641,2024,Monaco,R,21.596499999999995,46.318000000000005,0.0,22,Late,1:15.641,4.230769230769226,802.2307692307693,2,1.0,10.0,64.31800000000001
VER,Red Bull Racing,77.0,0 days 00:01:15.543000,HARD,3.0,1,True,75.543,2024,Monaco,R,21.596499999999995,46.318000000000005,0.0,23,Late,1:15.543,2.8205128205128176,800.8205128205128,2,1.0,10.0,64.31800000000001
VER,Red Bull Racing,78.0,0 days 00:01:16.248000,HARD,3.0,1,True,76.248,2024,Monaco,R,21.596499999999995,46.318000000000005,0.0,24,Late,1:16.248,1.4102564102564088,799.4102564102564,2,1.0,10.0,64.31800000000001
ZHO,Kick Sauber,3.0,0 days 00:01:30.396000,HARD,2.0,1,True,90.396,2024,Monaco,R,21.596499999999995,46.318000000000005,0.0,0,Early,1:30.396,107.17948717948718,905.1794871794872,2,-1.0,0.0,42.318000000000005
ZHO,Kick Sauber,4.0,0 days 00:01:23.698000,HARD,2.0,1,True,83.698,2024,Monaco,R,21.596499999999995,46.318000000000005,0.0,1,Early,1:23.698,105.76923076923077,903.7692307692307,2,-1.0,0.6,42.918000000000006
ZHO,Kick Sauber,5.0,0 days 00:01:23.494000,HARD,2.0,1,True,83.494,2024,Monaco,R,21.596499999999995,46.318000000000005,0.0,2,Early,1:23.494,104.35897435897436,902.3589743589744,2,-1.0,1.2,43.51800000000001
ZHO,Kick Sauber,6.0,0 days 00:01:22.649000,HARD,2.0,1,True,82.649,2024,Monaco,R,21.596499999999995,46.318000000000005,0.0,3,Early,1:22.649,102.94871794871794,900.9487179487179,2,-1.0,1.7999999999999998,44.118
ZHO,Kick Sauber,7.0,0 days 00:01:22.934000,HARD,2.0,1,True,82.934,2024,Monaco,R,21.596499999999995,46.318000000000005,0.0,4,Early,1:22.934,101.53846153846153,899.5384615384615,2,-1.0,2.4,44.718
ZHO,Kick Sauber,8.0,0 days 00:01:22.182000,HARD,2.0,1,True,82.182,2024,Monaco,R,21.596499999999995,46.318000000000005,0.0,5,Early,1:22.182,100.12820512820512,898.1282051282051,2,-1.0,3.0,45.318000000000005
ZHO,Kick Sauber,9.0,0 days 00:01:21.810000,HARD,2.0,1,True,81.81,2024,Monaco,R,21.596499999999995,46.318000000000005,0.0,6,Early,1:21.810,98.71794871794872,896.7179487179487,2,-0.8886341929321878,3.5999999999999996,46.58619484240688
ZHO,Kick Sauber,10.0,0 days 00:01:21.944000,HARD,2.0,1,True,81.944,2024,Monaco,R,21.596499999999995,46.318000000000005,0.0,7,Early,1:21.944,97.3076923076923,895.3076923076923,2,-0.9398280802292269,4.2,46.87903151862464
ZHO,Kick Sauber,11.0,0 days 00:01:21.563000,HARD,2.0,1,True,81.563,2024,Monaco,R,21.596499999999995,46.318000000000005,0.0,8,Early,1:21.563,95.8974358974359,893.8974358974359,2,-0.7942693409742129,4.8,48.352383954154725
ZHO,Kick Sauber,12.0,0 days 00:01:21.193000,HARD,2.0,1,True,81.193,2024,Monaco,R,21.596499999999995,46.318000000000005,0.0,9,Early,1:21.193,94.48717948717949,892.4871794871794,2,-0.6529130850047751,5.3999999999999995,49.80052148997135
ZHO,Kick Sauber,13.0,0 days 00:01:21.529000,HARD,2.0,1,True,81.529,2024,Monaco,R,21.596499999999995,46.318000000000005,0.0,10,Early,1:21.529,93.07692307692308,891.0769230769231,2,-0.7812798471824246,6.0,49.63032091690546
ZHO,Kick Sauber,14.0,0 days 00:01:21.264000,HARD,2.0,1,True,81.264,2024,Monaco,R,21.596499999999995,46.318000000000005,0.0,11,Early,1:21.264,91.66666666666666,889.6666666666666,2,-0.6800382043935039,6.6,50.83777077363898
ZHO,Kick Sauber,15.0,0 days 00:01:21.447000,HARD,2.0,1,True,81.447,2024,Monaco,R,21.596499999999995,46.318000000000005,0.0,12,Early,1:21.447,90.25641025641025,888.2564102564103,2,-0.7499522445081196,7.199999999999999,51.01828653295128
ZHO,Kick Sauber,16.0,0 days 00:01:20.481000,HARD,2.0,1,True,80.481,2024,Monaco,R,21.596499999999995,46.318000000000005,0.0,13,Early,1:20.481,88.84615384615384,886.8461538461538,2,-0.38089780324737244,7.8,53.832613180515764
ZHO,Kick Sauber,17.0,0 days 00:01:20.979000,HARD,2.0,1,True,80.979,2024,Monaco,R,21.596499999999995,46.318000000000005,0.0,14,Early,1:20.979,87.43589743589743,885.4358974358975,2,-0.5711556829035341,8.4,53.2910659025788
ZHO,Kick Sauber,18.0,0 days 00:01:20.911000,HARD,2.0,1,True,80.911,2024,Monaco,R,21.596499999999995,46.318000000000005,0.0,15,Early,1:20.911,86.02564102564102,884.025641025641,2,-0.5451766953199629,9.0,54.04693982808023
ZHO,Kick Sauber,19.0,0 days 00:01:21.420000,HARD,2.0,1,True,81.42,2024,Monaco,R,21.596499999999995,46.318000000000005,0.0,16,Early,1:21.420,84.61538461538461,882.6153846153846,2,-0.7396370582617009,9.6,53.4801776504298
ZHO,Kick Sauber,20.0,0 days 00:01:20.904000,HARD,2.0,1,True,80.904,2024,Monaco,R,21.596499999999995,46.318000000000005,0.0,17,Early,1:20.904,83.2051282051282,881.2051282051282,2,-0.5425023877745934,10.0,55.06298567335244
ZHO,Kick Sauber,21.0,0 days 00:01:20.669000,HARD,2.0,1,True,80.669,2024,Monaco,R,21.596499999999995,46.318000000000005,0.0,18,Early,1:20.669,81.7948717948718,879.7948717948718,2,-0.452722063037249,10.0,55.601667621776514
ZHO,Kick Sauber,22.0,0 days 00:01:21.083000,HARD,2.0,1,True,81.083,2024,Monaco,R,21.596499999999995,46.318000000000005,0.0,19,Early,1:21.083,80.38461538461539,878.3846153846154,2,-0.610888252148997,10.0,54.65267048710602
ZHO,Kick Sauber,23.0,0 days 00:01:20.792000,HARD,2.0,1,True,80.792,2024,Monaco,R,21.596499999999995,46.318000000000005,0.0,20,Early,1:20.792,78.97435897435898,876.974358974359,2,-0.49971346704871195,10.0,55.319719197707734
ZHO,Kick Sauber,24.0,0 days 00:01:20.347000,HARD,2.0,1,True,80.347,2024,Monaco,R,21.596499999999995,46.318000000000005,0.0,21,Early,1:20.347,77.56410256410257,875.5641025641025,2,-0.32970391595033327,10.0,56.33977650429801
ZHO,Kick Sauber,25.0,0 days 00:01:20.763000,HARD,2.0,1,True,80.763,2024,Monaco,R,21.596499999999995,46.318000000000005,0.0,22,Early,1:20.763,76.15384615384616,874.1538461538462,2,-0.48863419293218996,10.0,55.386194842406866
ZHO,Kick Sauber,26.0,0 days 00:01:20.869000,HARD,2.0,1,True,80.869,2024,Monaco,R,21.596499999999995,46.318000000000005,0.0,23,Early,1:20.869,74.74358974358975,872.7435897435897,2,-0.5291308500477561,10.0,55.14321489971347
ZHO,Kick Sauber,27.0,0 days 00:01:21.293000,HARD,2.0,1,True,81.293,2024,Monaco,R,21.596499999999995,46.318000000000005,0.0,24,Mid,1:21.293,73.33333333333333,871.3333333333334,2,-0.6911174785100314,10.0,54.17129512893982
ZHO,Kick Sauber,28.0,0 days 00:01:21.516000,HARD,2.0,1,True,81.516,2024,Monaco,R,21.596499999999995,46.318000000000005,0.0,25,Mid,1:21.516,71.92307692307692,869.9230769230769,2,-0.7763132760267452,10.0,53.66012034383954
ZHO,Kick Sauber,29.0,0 days 00:01:21.338000,HARD,2.0,1,True,81.338,2024,Monaco,R,21.596499999999995,46.318000000000005,0.0,26,Mid,1:21.338,70.51282051282051,868.5128205128206,2,-0.7083094555873904,10.0,54.06814326647566
ZHO,Kick Sauber,30.0,0 days 00:01:21.044000,HARD,2.0,1,True,81.044,2024,Monaco,R,21.596499999999995,46.318000000000005,0.0,27,Mid,1:21.044,69.1025641025641,867.1025641025641,2,-0.5959885386819478,10.0,54.74206876790832
ZHO,Kick Sauber,31.0,0 days 00:01:20.806000,HARD,2.0,1,True,80.806,2024,Monaco,R,21.596499999999995,46.318000000000005,0.0,28,Mid,1:20.806,67.69230769230768,865.6923076923076,2,-0.5050620821394458,10.0,55.28762750716333
ZHO,Kick Sauber,32.0,0 days 00:01:20.782000,HARD,2.0,1,True,80.782,2024,Monaco,R,21.596499999999995,46.318000000000005,0.0,29,Mid,1:20.782,66.28205128205127,864.2820512820513,2,-0.4958930276981847,10.0,55.342641833810895
ZHO,Kick Sauber,33.0,0 days 00:01:20.677000,HARD,2.0,1,True,80.677,2024,Monaco,R,21.596499999999995,46.318000000000005,0.0,30,Mid,1:20.677,64.87179487179486,862.8717948717949,2,-0.4557784145176729,10.0,55.58332951289397
ZHO,Kick Sauber,34.0,0 days 00:01:20.736000,HARD,2.0,1,True,80.736,2024,Monaco,R,21.596499999999995,46.318000000000005,0.0,31,Mid,1:20.736,63.46153846153846,861.4615384615385,2,-0.47831900668577126,10.0,55.448085959885375
ZHO,Kick Sauber,35.0,0 days 00:01:20.372000,HARD,2.0,1,True,80.372,2024,Monaco,R,21.596499999999995,46.318000000000005,0.0,32,Mid,1:20.372,62.05128205128205,860.0512820512821,2,-0.3392550143266487,10.0,56.282469914040114
ZHO,Kick Sauber,36.0,0 days 00:01:20.986000,HARD,2.0,1,True,80.986,2024,Monaco,R,21.596499999999995,46.318000000000005,0.0,33,Mid,1:20.986,60.641025641025635,858.6410256410256,2,-0.5738299904489038,10.0,54.875020057306585
ZHO,Kick Sauber,37.0,0 days 00:01:21.449000,HARD,2.0,1,True,81.449,2024,Monaco,R,21.596499999999995,46.318000000000005,0.0,34,Mid,1:21.449,59.230769230769226,857.2307692307693,2,-0.7507163323782229,10.0,53.81370200573067
ZHO,Kick Sauber,38.0,0 days 00:01:21.090000,HARD,2.0,1,True,81.09,2024,Monaco,R,21.596499999999995,46.318000000000005,0.0,35,Mid,1:21.090,57.82051282051282,855.8205128205128,2,-0.6135625596943666,10.0,54.636624641833805
ZHO,Kick Sauber,39.0,0 days 00:01:21.233000,HARD,2.0,1,True,81.233,2024,Monaco,R,21.596499999999995,46.318000000000005,0.0,36,Mid,1:21.233,56.41025641025641,854.4102564102564,2,-0.6681948424068787,10.0,54.30883094555873
ZHO,Kick Sauber,40.0,0 days 00:01:24.969000,HARD,2.0,1,True,84.969,2024,Monaco,R,21.596499999999995,46.318000000000005,0.0,37,Mid,1:24.969,54.99999999999999,853.0,2,-1.0,10.0,52.318000000000005
ZHO,Kick Sauber,41.0,0 days 00:01:21.127000,HARD,2.0,1,True,81.127,2024,Monaco,R,21.596499999999995,46.318000000000005,0.0,38,Mid,1:21.127,53.589743589743584,851.5897435897435,2,-0.6276981852913072,10.0,54.55181088825216
ZHO,Kick Sauber,42.0,0 days 00:01:21.957000,HARD,2.0,1,True,81.957,2024,Monaco,R,21.596499999999995,46.318000000000005,0.0,39,Mid,1:21.957,52.179487179487175,850.1794871794872,2,-0.9447946513849064,10.0,52.649232091690564
ZHO,Kick Sauber,43.0,0 days 00:01:20.578000,HARD,2.0,1,True,80.578,2024,Monaco,R,21.596499999999995,46.318000000000005,0.0,40,Mid,1:20.578,50.76923076923077,848.7692307692307,2,-0.41795606494747106,10.0,55.810263610315175
ZHO,Kick Sauber,44.0,0 days 00:01:19.610000,HARD,2.0,1,True,79.61,2024,Monaco,R,21.596499999999995,46.318000000000005,0.0,41,Mid,1:19.610,49.35897435897436,847.3589743589744,2,-0.04813753581662061,10.0,58.02917478510028
ZHO,Kick Sauber,45.0,0 days 00:01:20.686000,HARD,2.0,1,True,80.686,2024,Monaco,R,21.596499999999995,46.318000000000005,0.0,42,Mid,1:20.686,47.94871794871794,845.9487179487179,2,-0.45921680993314584,10.0,55.56269914040113
ZHO,Kick Sauber,46.0,0 days 00:01:20.146000,HARD,2.0,1,True,80.146,2024,Monaco,R,21.596499999999995,46.318000000000005,0.0,43,Mid,1:20.146,46.53846153846153,844.5384615384615,2,-0.2529130850047772,10.0,56.800521489971345
ZHO,Kick Sauber,47.0,0 days 00:01:20.075000,HARD,2.0,1,True,80.075,2024,Monaco,R,21.596499999999995,46.318000000000005,0.0,44,Mid,1:20.075,45.128205128205124,843.1282051282051,2,-0.22578796561604839,10.0,56.963272206303714
ZHO,Kick Sauber,48.0,0 days 00:01:22.481000,HARD,2.0,1,True,82.481,2024,Monaco,R,21.596499999999995,46.318000000000005,0.0,45,Mid,1:22.481,43.717948717948715,841.7179487179487,2,-1.0,10.0,52.318000000000005
ZHO,Kick Sauber,49.0,0 days 00:01:22.134000,HARD,2.0,1,True,82.134,2024,Monaco,R,21.596499999999995,46.318000000000005,0.0,46,Mid,1:22.134,42.30769230769231,840.3076923076923,2,-1.0,10.0,52.318000000000005
ZHO,Kick Sauber,50.0,0 days 00:01:20.946000,HARD,2.0,1,True,80.946,2024,Monaco,R,21.596499999999995,46.318000000000005,0.0,47,Mid,1:20.946,40.8974358974359,838.8974358974359,2,-0.5585482330468002,10.0,54.9667106017192
ZHO,Kick Sauber,51.0,0 days 00:01:20.962000,HARD,2.0,12,True,80.962,2024,Monaco,R,21.596499999999995,46.318000000000005,0.0,48,Mid,1:20.962,39.48717948717949,837.4871794871794,2,-0.5646609360076427,10.0,54.93003438395415
ZHO,Kick Sauber,52.0,0 days 00:01:20.970000,HARD,2.0,1,True,80.97,2024,Monaco,R,21.596499999999995,46.318000000000005,0.0,49,Mid,1:20.970,38.076923076923066,836.0769230769231,2,-0.5677172874880613,10.0,54.911696275071634
ZHO,Kick Sauber,53.0,0 days 00:01:21.375000,HARD,2.0,1,True,81.375,2024,Monaco,R,21.596499999999995,46.318000000000005,0.0,50,Late,1:21.375,36.66666666666666,834.6666666666666,2,-0.7224450811843364,10.0,53.98332951289399
ZHO,Kick Sauber,54.0,0 days 00:01:22.153000,HARD,2.0,1,True,82.153,2024,Monaco,R,21.596499999999995,46.318000000000005,0.0,51,Late,1:22.153,35.25641025641025,833.2564102564103,2,-1.0,10.0,52.318000000000005
ZHO,Kick Sauber,55.0,0 days 00:01:21.399000,HARD,2.0,1,True,81.399,2024,Monaco,R,21.596499999999995,46.318000000000005,0.0,52,Late,1:21.399,33.84615384615384,831.8461538461538,2,-0.7316141356255974,10.0,53.92831518624642
ZHO,Kick Sauber,56.0,0 days 00:01:20.315000,HARD,2.0,1,True,80.315,2024,Monaco,R,21.596499999999995,46.318000000000005,0.0,53,Late,1:20.315,32.43589743589743,830.4358974358975,2,-0.3174785100286536,10.0,56.413128939828084
ZHO,Kick Sauber,57.0,0 days 00:01:21.119000,HARD,2.0,1,True,81.119,2024,Monaco,R,21.596499999999995,46.318000000000005,0.0,54,Late,1:21.119,31.025641025641022,829.025641025641,2,-0.6246418338108886,10.0,54.57014899713467
ZHO,Kick Sauber,58.0,0 days 00:01:18.795000,HARD,2.0,1,True,78.795,2024,Monaco,R,21.596499999999995,46.318000000000005,0.0,55,Late,1:18.795,29.615384615384613,827.6153846153846,2,0.2632282712511905,10.0,59.897369627507146
ZHO,Kick Sauber,59.0,0 days 00:01:17.936000,HARD,2.0,1,True,77.936,2024,Monaco,R,21.596499999999995,46.318000000000005,0.0,56,Late,1:17.936,28.205128205128204,826.2051282051282,2,0.5914040114613118,10.0,61.86642406876788
ZHO,Kick Sauber,60.0,0 days 00:01:18.545000,HARD,2.0,1,True,78.545,2024,Monaco,R,21.596499999999995,46.318000000000005,0.0,57,Late,1:18.545,26.794871794871796,824.7948717948718,2,0.358739255014323,10.0,60.47043553008594
ZHO,Kick Sauber,61.0,0 days 00:01:18.707000,HARD,2.0,1,True,78.707,2024,Monaco,R,21.596499999999995,46.318000000000005,0.0,58,Late,1:18.707,25.384615384615373,823.3846153846154,2,0.29684813753581624,10.0,60.0990888252149
ZHO,Kick Sauber,62.0,0 days 00:01:18.817000,HARD,2.0,1,True,78.817,2024,Monaco,R,21.596499999999995,46.318000000000005,0.0,59,Late,1:18.817,23.974358974358964,821.974358974359,2,0.25482330468003817,10.0,59.84693982808023
ZHO,Kick Sauber,63.0,0 days 00:01:18.789000,HARD,2.0,1,True,78.789,2024,Monaco,R,21.596499999999995,46.318000000000005,0.0,60,Late,1:18.789,22.564102564102555,820.5641025641025,2,0.2655205348615058,10.0,59.91112320916904
ZHO,Kick Sauber,64.0,0 days 00:01:19.295000,HARD,2.0,1,True,79.295,2024,Monaco,R,21.596499999999995,46.318000000000005,0.0,61,Late,1:19.295,21.153846153846146,819.1538461538462,2,0.07220630372492548,10.0,58.75123782234956
ZHO,Kick Sauber,65.0,0 days 00:01:19.719000,HARD,2.0,1,True,79.719,2024,Monaco,R,21.596499999999995,46.318000000000005,0.0,62,Late,1:19.719,19.743589743589737,817.7435897435897,2,-0.08978032473734435,10.0,57.77931805157594
ZHO,Kick Sauber,66.0,0 days 00:01:19.749000,HARD,2.0,1,True,79.749,2024,Monaco,R,21.596499999999995,46.318000000000005,0.0,63,Late,1:19.749,18.33333333333333,816.3333333333334,2,-0.10124164278892069,10.0,57.71055014326648
ZHO,Kick Sauber,67.0,0 days 00:01:20.357000,HARD,2.0,1,True,80.357,2024,Monaco,R,21.596499999999995,46.318000000000005,0.0,64,Late,1:20.357,16.92307692307692,814.9230769230769,2,-0.3335243553008605,10.0,56.31685386819484
ZHO,Kick Sauber,68.0,0 days 00:01:25.217000,HARD,2.0,1,True,85.217,2024,Monaco,R,21.596499999999995,46.318000000000005,0.0,65,Late,1:25.217,15.512820512820511,813.5128205128206,2,-1.0,10.0,52.318000000000005
ZHO,Kick Sauber,69.0,0 days 00:01:20.484000,HARD,2.0,1,True,80.484,2024,Monaco,R,21.596499999999995,46.318000000000005,0.0,66,Late,1:20.484,14.102564102564102,812.1025641025641,2,-0.38204393505253004,10.0,56.02573638968482
ZHO,Kick Sauber,72.0,0 days 00:01:20.585000,SOFT,3.0,1,True,80.585,2024,Monaco,R,21.596499999999995,46.318000000000005,0.0,0,Late,1:20.585,9.871794871794862,807.8717948717949,8,-0.42063037249283525,0.0,51.794217765042994
ZHO,Kick Sauber,73.0,0 days 00:01:15.233000,SOFT,3.0,1,True,75.233,2024,Monaco,R,21.596499999999995,46.318000000000005,0.0,1,Late,1:15.233,8.461538461538453,806.4615384615385,8,1.0,0.6,60.918000000000006
ZHO,Kick Sauber,74.0,0 days 00:01:20.473000,SOFT,3.0,1,True,80.473,2024,Monaco,R,21.596499999999995,46.318000000000005,0.0,2,Late,1:20.473,7.051282051282044,805.051282051282,8,-0.3778414517669539,1.2,53.25095128939829
ZHO,Kick Sauber,75.0,0 days 00:01:14.718000,SOFT,3.0,1,True,74.718,2024,Monaco,R,21.596499999999995,46.318000000000005,0.0,3,Late,1:14.718,5.641025641025635,803.6410256410256,8,1.0,1.7999999999999998,62.118
ZHO,Kick Sauber,76.0,0 days 00:01:17.173000,SOFT,3.0,1,True,77.173,2024,Monaco,R,21.596499999999995,46.318000000000005,0.0,4,Late,1:17.173,4.230769230769226,802.2307692307693,8,0.8829035339063942,2.4,62.015421203438365
ALB,Williams,2.0,0 days 00:01:38.048000,INTERMEDIATE,1.0,1,True,98.048,2024,Silverstone,Q,13.69764705882353,21.21529411764706,0.07058823529411765,0,Early,1:38.048,10.0,808.0,3,-0.34179528838342876,0.0,21.599816504993544
ALB,Williams,3.0,0 days 00:02:03.892000,INTERMEDIATE,1.0,1,True,123.892,2024,Silverstone,Q,13.69764705882353,21.21529411764706,0.07058823529411765,1,Early,2:03.892,10.0,808.0,3,-1.0,0.6,18.250588235294117
ALB,Williams,7.0,0 days 00:01:42.051000,SOFT,3.0,1,True,102.051,2024,Silverstone,Q,13.69764705882353,21.21529411764706,0.07058823529411765,0,Early,1:42.051,10.0,808.0,8,-0.612780936907664,0.0,24.973902613848132
ALB,Williams,8.0,0 days 00:01:31.135000,SOFT,3.0,1,True,91.135,2024,Silverstone,Q,13.69764705882353,21.21529411764706,0.07058823529411765,1,Early,1:31.135,10.0,808.0,8,0.12618467370701267,0.6,30.007696277536194
ALB,Williams,11.0,0 days 00:01:27.983000,SOFT,4.0,1,True,87.983,2024,Silverstone,Q,13.69764705882353,21.21529411764706,0.07058823529411765,0,Mid,1:27.983,10.0,808.0,8,0.3395613322502027,0.0,30.687956228795333
ALB,Williams,12.0,0 days 00:01:59.279000,SOFT,4.0,1,True,119.279,2024,Silverstone,Q,13.69764705882353,21.21529411764706,0.07058823529411765,1,Mid,1:59.279,10.0,808.0,8,-1.0,0.6,23.250588235294117
ALB,Williams,13.0,0 days 00:01:27.553000,SOFT,4.0,1,True,87.553,2024,Silverstone,Q,13.69764705882353,21.21529411764706,0.07058823529411765,2,Mid,1:27.553,10.0,808.0,8,0.3686704576225292,1.2,32.062610981029295
ALB,Williams,16.0,0 days 00:01:26.933000,SOFT,5.0,1,True,86.933,2024,Silverstone,Q,13.69764705882353,21.21529411764706,0.07058823529411765,0,Mid,1:26.933,10.0,808.0,8,0.4106417546709986,0.0,31.114438763320106
ALB,Williams,19.0,0 days 00:01:27.008000,SOFT,6.0,1,True,87.008,2024,Silverstone,Q,13.69764705882353,21.21529411764706,0.07058823529411765,0,Late,1:27.008,10.0,808.0,8,0.40556458164094256,0.0,31.08397572513977
ALB,Williams,22.0,0 days 00:01:26.640000,SOFT,7.0,1,True,86.64,2024,Silverstone,Q,13.69764705882353,21.21529411764706,0.07058823529411765,0,Late,1:26.640,10.0,808.0,8,0.4304765773084212,0.0,31.233447699144644
ALO,Aston Martin,2.0,0 days 00:01:39.686000,INTERMEDIATE,1.0,1,True,99.686,2024,Silverstone,Q,13.69764705882353,21.21529411764706,0.07058823529411765,0,Early,1:39.686,10.0,808.0,3,-0.45268074735987107,0.0,20.93450375113489
ALO,Aston Martin,3.0,0 days 00:02:07.212000,INTERMEDIATE,1.0,1,True,127.212,2024,Silverstone,Q,13.69764705882353,21.21529411764706,0.07058823529411765,1,Early,2:07.212,10.0,808.0,3,-1.0,0.6,18.250588235294117
ALO,Aston Martin,4.0,0 days 00:01:38.356000,INTERMEDIATE,1.0,1,True,98.356,2024,Silverstone,Q,13.69764705882353,21.21529411764706,0.07058823529411765,2,Early,1:38.356,10.0,808.0,3,-0.3626455456268618,1.2,22.674714961532946
ALO,Aston Martin,8.0,0 days 00:01:32.352000,SOFT,3.0,1,True,92.352,2024,Silverstone,Q,13.69764705882353,21.21529411764706,0.07058823529411765,0,Early,1:32.352,10.0,808.0,8,0.04379907933928999,0.0,28.913382711329856
ALO,Aston Martin,9.0,0 days 00:02:08.082000,SOFT,3.0,1,True,128.082,2024,Silverstone,Q,13.69764705882353,21.21529411764706,0.07058823529411765,1,Mid,2:08.082,10.0,808.0,8,-1.0,0.6,23.250588235294117
ALO,Aston Martin,10.0,0 days 00:01:31.264000,SOFT,3.0,1,True,91.264,2024,Silverstone,Q,13.69764705882353,21.21529411764706,0.07058823529411765,2,Mid,1:31.264,10.0,808.0,8,0.1174519360953155,1.2,30.555299851866007
ALO,Aston Martin,13.0,0 days 00:01:27.652000,SOFT,4.0,1,True,87.652,2024,Silverstone,Q,13.69764705882353,21.21529411764706,0.07058823529411765,0,Mid,1:27.652,10.0,808.0,8,0.36196858922285385,0.0,30.82239977063124
ALO,Aston Martin,14.0,0 days 00:02:03.619000,SOFT,4.0,1,True,123.619,2024,Silverstone,Q,13.69764705882353,21.21529411764706,0.07058823529411765,1,Mid,2:03.619,10.0,808.0,8,-1.0,0.6,23.250588235294117
ALO,Aston Martin,15.0,0 days 00:01:27.279000,SOFT,4.0,1,True,87.279,2024,Silverstone,Q,13.69764705882353,21.21529411764706,0.07058823529411765,2,Mid,1:27.279,10.0,808.0,8,0.387219063092337,1.2,32.17390261384814
ALO,Aston Martin,18.0,0 days 00:01:26.730000,SOFT,5.0,1,True,86.73,2024,Silverstone,Q,13.69764705882353,21.21529411764706,0.07058823529411765,0,Late,1:26.730,10.0,808.0,8,0.42438396967235276,0.0,31.19689205332823
ALO,Aston Martin,21.0,0 days 00:01:26.917000,SOFT,6.0,1,True,86.917,2024,Silverstone,Q,13.69764705882353,21.21529411764706,0.07058823529411765,0,Late,1:26.917,10.0,808.0,8,0.4117248849174111,0.0,31.120937544798583
BOT,Kick Sauber,2.0,0 days 00:01:39.718000,INTERMEDIATE,1.0,1,True,99.718,2024,Silverstone,Q,13.69764705882353,21.21529411764706,0.07058823529411765,0,Early,1:39.718,10.0,808.0,3,-0.4548470078526951,0.0,20.921506188177947
BOT,Kick Sauber,3.0,0 days 00:02:04.999000,INTERMEDIATE,1.0,1,True,124.999,2024,Silverstone,Q,13.69764705882353,21.21529411764706,0.07058823529411765,1,Early,2:04.999,10.0,808.0,3,-1.0,0.6,18.250588235294117
BOT,Kick Sauber,8.0,0 days 00:01:32.431000,SOFT,3.0,1,True,92.431,2024,Silverstone,Q,13.69764705882353,21.21529411764706,0.07058823529411765,0,Early,1:32.431,10.0,808.0,8,0.03845112374763053,0.0,28.8812949777799
BOT,Kick Sauber,9.0,0 days 00:01:39.799000,SOFT,3.0,1,True,99.799,2024,Silverstone,Q,13.69764705882353,21.21529411764706,0.07058823529411765,1,Mid,1:39.799,10.0,808.0,8,-0.46033035472515677,0.6,26.488606106943177
BOT,Kick Sauber,10.0,0 days 00:01:50.296000,SOFT,3.0,1,True,110.296,2024,Silverstone,Q,13.69764705882353,21.21529411764706,0.07058823529411765,2,Mid,1:50.296,10.0,808.0,8,-1.0,1.2,23.850588235294115
GAS,Alpine,2.0,0 days 00:01:39.804000,INTERMEDIATE,1.0,1,True,99.804,2024,Silverstone,Q,13.69764705882353,21.21529411764706,0.07058823529411765,0,Early,1:39.804,10.0,808.0,3,-0.4606688329271602,0.0,20.886575237731154
GAS,Alpine,3.0,0 days 00:02:10.632000,INTERMEDIATE,1.0,1,True,130.632,2024,Silverstone,Q,13.69764705882353,21.21529411764706,0.07058823529411765,1,Early,2:10.632,10.0,808.0,3,-1.0,0.6,18.250588235294117
GAS,Alpine,4.0,0 days 00:01:40.529000,INTERMEDIATE,1.0,1,True,100.529,2024,Silverstone,Q,13.69764705882353,21.21529411764706,0.07058823529411765,2,Early,1:40.529,10.0,808.0,3,-0.5097481722177095,1.2,21.792099201987856
HAM,Mercedes,2.0,0 days 00:01:37.759000,INTERMEDIATE,1.0,1,True,97.759,2024,Silverstone,Q,13.69764705882353,21.21529411764706,0.07058823529411765,0,Early,1:37.759,10.0,808.0,3,-0.3222312483076095,0.0,21.71720074544846
HAM,Mercedes,3.0,0 days 00:02:02.763000,INTERMEDIATE,1.0,1,True,122.763,2024,Silverstone,Q,13.69764705882353,21.21529411764706,0.07058823529411765,1,Early,2:02.763,10.0,808.0,3,-1.0,0.6,18.250588235294117
HAM,Mercedes,4.0,0 days 00:01:37.134000,INTERMEDIATE,1.0,1,True,97.134,2024,Silverstone,Q,13.69764705882353,21.21529411764706,0.07058823529411765,2,Early,1:37.134,10.0,808.0,3,-0.2799214730571356,1.2,23.1710593969513
HAM,Mercedes,8.0,0 days 00:01:32.198000,SOFT,3.0,1,True,92.198,2024,Silverstone,Q,13.69764705882353,21.21529411764706,0.07058823529411765,0,Early,1:32.198,10.0,808.0,8,0.05422420796100747,0.0,28.97593348306016
HAM,Mercedes,9.0,0 days 00:01:42.439000,SOFT,3.0,1,True,102.439,2024,Silverstone,Q,13.69764705882353,21.21529411764706,0.07058823529411765,1,Mid,1:42.439,10.0,808.0,8,-0.6390468453831576,0.6,25.41630716299517
HAM,Mercedes,10.0,0 days 00:01:29.547000,SOFT,3.0,1,True,89.547,2024,Silverstone,Q,13.69764705882353,21.21529411764706,0.07058823529411765,2,Mid,1:29.547,10.0,808.0,8,0.23368535066341728,1.2,31.252700339274618
HAM,Mercedes,13.0,0 days 00:01:28.285000,SOFT,4.0,1,True,88.285,2024,Silverstone,Q,13.69764705882353,21.21529411764706,0.07058823529411765,0,Mid,1:28.285,10.0,808.0,8,0.3191172488491742,0.0,30.56529172838916
HAM,Mercedes,14.0,0 days 00:01:27.549000,SOFT,4.0,1,True,87.549,2024,Silverstone,Q,13.69764705882353,21.21529411764706,0.07058823529411765,1,Mid,1:27.549,10.0,808.0,8,0.3689412401841316,0.6,31.464235676398904
HAM,Mercedes,17.0,0 days 00:01:26.770000,SOFT,5.0,1,True,86.77,2024,Silverstone,Q,13.69764705882353,21.21529411764706,0.07058823529411765,0,Late,1:26.770,10.0,808.0,8,0.421676144056323,0.0,31.180645099632052
HAM,Mercedes,18.0,0 days 00:02:07.294000,SOFT,5.0,1,True,127.294,2024,Silverstone,Q,13.69764705882353,21.21529411764706,0.07058823529411765,1,Late,2:07.294,10.0,808.0,8,-1.0,0.6,23.250588235294117
HAM,Mercedes,21.0,0 days 00:01:26.196000,SOFT,6.0,1,True,86.196,2024,Silverstone,Q,13.69764705882353,21.21529411764706,0.07058823529411765,0,Late,1:26.196,10.0,808.0,8,0.46053344164635807,0.0,31.413788885172263
HAM,Mercedes,24.0,0 days 00:01:25.990000,SOFT,7.0,1,True,85.99,2024,Silverstone,Q,13.69764705882353,21.21529411764706,0.07058823529411765,0,Late,1:25.990,10.0,808.0,8,0.47447874356891445,0.0,31.497460696707602
HUL,Haas F1 Team,2.0,0 days 00:01:31.929000,SOFT,1.0,1,True,91.929,2024,Silverstone,Q,13.69764705882353,21.21529411764706,0.07058823529411765,0,Early,1:31.929,10.0,808.0,8,0.07243433522881085,0.0,29.08519424666698
HUL,Haas F1 Team,5.0,0 days 00:01:27.718000,SOFT,2.0,1,True,87.718,2024,Silverstone,Q,13.69764705882353,21.21529411764706,0.07058823529411765,0,Early,1:27.718,10.0,808.0,8,0.35750067695640364,0.0,30.795592297032538
HUL,Haas F1 Team,8.0,0 days 00:01:26.847000,SOFT,3.0,1,True,86.847,2024,Silverstone,Q,13.69764705882353,21.21529411764706,0.07058823529411765,0,Early,1:26.847,10.0,808.0,8,0.4164635797454647,0.0,31.149369713766905
HUL,Haas F1 Team,9.0,0 days 00:01:54.433000,SOFT,3.0,1,True,114.433,2024,Silverstone,Q,13.69764705882353,21.21529411764706,0.07058823529411765,1,Mid,1:54.433,10.0,808.0,8,-1.0,0.6,23.250588235294117
HUL,Haas F1 Team,10.0,0 days 00:01:27.073000,SOFT,3.0,1,True,87.073,2024,Silverstone,Q,13.69764705882353,21.21529411764706,0.07058823529411765,2,Mid,1:27.073,10.0,808.0,8,0.4011643650148934,1.2,32.25757442538348
HUL,Haas F1 Team,13.0,0 days 00:01:26.401000,SOFT,4.0,1,True,86.401,2024,Silverstone,Q,13.69764705882353,21.21529411764706,0.07058823529411765,0,Mid,1:26.401,10.0,808.0,8,0.4466558353642027,0.0,31.33052324747933
HUL,Haas F1 Team,16.0,0 days 00:01:26.338000,SOFT,5.0,1,True,86.338,2024,Silverstone,Q,13.69764705882353,21.21529411764706,0.07058823529411765,0,Mid,1:26.338,10.0,808.0,8,0.4509206607094507,0.0,31.356112199550818
LEC,Ferrari,2.0,0 days 00:01:38.039000,INTERMEDIATE,1.0,1,True,98.039,2024,Silverstone,Q,13.69764705882353,21.21529411764706,0.07058823529411765,0,Early,1:38.039,10.0,808.0,3,-0.3411860276198219,0.0,21.603472069575183
LEC,Ferrari,7.0,0 days 00:01:36.176000,SOFT,3.0,1,True,96.176,2024,Silverstone,Q,13.69764705882353,21.21529411764706,0.07058823529411765,0,Early,1:36.176,10.0,808.0,8,-0.21506904955320935,0.0,27.36017393797486
LEC,Ferrari,8.0,0 days 00:01:32.593000,SOFT,3.0,1,True,92.593,2024,Silverstone,Q,13.69764705882353,21.21529411764706,0.07058823529411765,1,Early,1:32.593,10.0,808.0,8,0.02748443000270728,0.6,29.41549481531036
LEC,Ferrari,9.0,0 days 00:01:30.496000,SOFT,3.0,1,True,90.496,2024,Silverstone,Q,13.69764705882353,21.21529411764706,0.07058823529411765,2,Mid,1:30.496,10.0,808.0,8,0.16944218792309787,1.2,30.8672413628327
LEC,Ferrari,12.0,0 days 00:01:28.579000,SOFT,4.0,1,True,88.579,2024,Silverstone,Q,13.69764705882353,21.21529411764706,0.07058823529411765,0,Mid,1:28.579,10.0,808.0,8,0.2992147305713515,0.0,30.445876618722224
LEC,Ferrari,13.0,0 days 00:01:49.863000,SOFT,4.0,1,True,109.863,2024,Silverstone,Q,13.69764705882353,21.21529411764706,0.07058823529411765,1,Mid,1:49.863,10.0,808.0,8,-1.0,0.6,23.250588235294117
LEC,Ferrari,14.0,0 days 00:01:27.667000,SOFT,4.0,1,True,87.667,2024,Silverstone,Q,13.69764705882353,21.21529411764706,0.07058823529411765,2,Mid,1:27.667,10.0,808.0,8,0.36095315461684246,1.2,32.016307162995176
LEC,Ferrari,17.0,0 days 00:01:27.097000,SOFT,5.0,1,True,87.097,2024,Silverstone,Q,13.69764705882353,21.21529411764706,0.07058823529411765,0,Late,1:27.097,10.0,808.0,8,0.39953966964527515,0.0,31.047826253165766
MAG,Haas F1 Team,2.0,0 days 00:01:37.805000,INTERMEDIATE,1.0,1,True,97.805,2024,Silverstone,Q,13.69764705882353,21.21529411764706,0.07058823529411765,0,Early,1:37.805,10.0,808.0,3,-0.32534524776604484,0.0,21.698516748697845
MAG,Haas F1 Team,5.0,0 days 00:01:32.905000,SOFT,2.0,1,True,92.905,2024,Silverstone,Q,13.69764705882353,21.21529411764706,0.07058823529411765,0,Early,1:32.905,10.0,808.0,8,0.006363390197670874,0.0,28.68876857648014
NOR,McLaren,2.0,0 days 00:01:37.607000,INTERMEDIATE,1.0,1,True,97.607,2024,Silverstone,Q,13.69764705882353,21.21529411764706,0.07058823529411765,0,Early,1:37.607,10.0,808.0,3,-0.3119415109666942,0.0,21.77893916949395
NOR,McLaren,3.0,0 days 00:02:01.943000,INTERMEDIATE,1.0,1,True,121.943,2024,Silverstone,Q,13.69764705882353,21.21529411764706,0.07058823529411765,1,Early,2:01.943,10.0,808.0,3,-1.0,0.6,18.250588235294117
NOR,McLaren,4.0,0 days 00:01:55.370000,INTERMEDIATE,1.0,1,True,115.37,2024,Silverstone,Q,13.69764705882353,21.21529411764706,0.07058823529411765,2,Early,1:55.370,10.0,808.0,3,-1.0,1.2,18.850588235294115
NOR,McLaren,7.0,0 days 00:01:31.596000,SOFT,2.0,1,True,91.596,2024,Silverstone,Q,13.69764705882353,21.21529411764706,0.07058823529411765,0,Early,1:31.596,10.0,808.0,8,0.09497698348226323,0.0,29.220450136187694
NOR,McLaren,8.0,0 days 00:01:47.232000,SOFT,2.0,1,True,107.232,2024,Silverstone,Q,13.69764705882353,21.21529411764706,0.07058823529411765,1,Early,1:47.232,10.0,808.0,8,-0.9635120498239922,0.6,23.469515936350163
NOR,McLaren,11.0,0 days 00:01:27.432000,SOFT,3.0,1,True,87.432,2024,Silverstone,Q,13.69764705882353,21.21529411764706,0.07058823529411765,0,Mid,1:27.432,10.0,808.0,8,0.3768616301110206,0.0,30.91175801596024
NOR,McLaren,14.0,0 days 00:01:49.056000,SOFT,4.0,1,True,109.056,2024,Silverstone,Q,13.69764705882353,21.21529411764706,0.07058823529411765,0,Mid,1:49.056,10.0,808.0,8,-1.0,0.0,22.650588235294116
NOR,McLaren,15.0,0 days 00:01:26.559000,SOFT,4.0,1,True,86.559,2024,Silverstone,Q,13.69764705882353,21.21529411764706,0.07058823529411765,1,Mid,1:26.559,10.0,808.0,8,0.43595992418088286,0.6,31.866347780379417
NOR,McLaren,16.0,0 days 00:02:01.740000,SOFT,4.0,1,True,121.74,2024,Silverstone,Q,13.69764705882353,21.21529411764706,0.07058823529411765,2,Mid,2:01.740,10.0,808.0,8,-1.0,1.2,23.850588235294115
NOR,McLaren,19.0,0 days 00:01:26.030000,SOFT,5.0,1,True,86.03,2024,Silverstone,Q,13.69764705882353,21.21529411764706,0.07058823529411765,0,Late,1:26.030,10.0,808.0,8,0.47177091795288373,0.0,31.48121374301142
OCO,Alpine,2.0,0 days 00:01:39.078000,INTERMEDIATE,1.0,1,True,99.078,2024,Silverstone,Q,13.69764705882353,21.21529411764706,0.07058823529411765,0,Early,1:39.078,10.0,808.0,3,-0.4115217979962098,0.0,21.181457447316856
OCO,Alpine,3.0,0 days 00:01:57.222000,INTERMEDIATE,1.0,1,True,117.222,2024,Silverstone,Q,13.69764705882353,21.21529411764706,0.07058823529411765,1,Early,1:57.222,10.0,808.0,3,-1.0,0.6,18.250588235294117
OCO,Alpine,4.0,0 days 00:01:39.910000,INTERMEDIATE,1.0,1,True,99.91,2024,Silverstone,Q,13.69764705882353,21.21529411764706,0.07058823529411765,2,Early,1:39.910,10.0,808.0,3,-0.4678445708096402,1.2,22.043520810436274
OCO,Alpine,8.0,0 days 00:01:36.414000,SOFT,3.0,1,True,96.414,2024,Silverstone,Q,13.69764705882353,21.21529411764706,0.07058823529411765,0,Early,1:36.414,10.0,808.0,8,-0.23118061196858977,0.0,27.263504563482577
OCO,Alpine,9.0,0 days 00:01:34.557000,SOFT,3.0,1,True,94.557,2024,Silverstone,Q,13.69764705882353,21.21529411764706,0.07058823529411765,1,Mid,1:34.557,10.0,808.0,8,-0.10546980774438179,0.6,28.617769388827828
OCO,Alpine,10.0,0 days 00:01:36.198000,SOFT,3.0,1,True,96.198,2024,Silverstone,Q,13.69764705882353,21.21529411764706,0.07058823529411765,2,Mid,1:36.198,10.0,808.0,8,-0.21655835364202544,1.2,28.55123811344196
PER,Red Bull Racing,2.0,0 days 00:01:38.348000,INTERMEDIATE,1.0,1,True,98.348,2024,Silverstone,Q,13.69764705882353,21.21529411764706,0.07058823529411765,0,Early,1:38.348,10.0,808.0,3,-0.36210398050365605,0.0,21.477964352272178
PER,Red Bull Racing,3.0,0 days 00:02:06.177000,INTERMEDIATE,1.0,1,True,126.177,2024,Silverstone,Q,13.69764705882353,21.21529411764706,0.07058823529411765,1,Early,2:06.177,10.0,808.0,3,-1.0,0.6,18.250588235294117
PIA,McLaren,2.0,0 days 00:01:38.284000,INTERMEDIATE,1.0,1,True,98.284,2024,Silverstone,Q,13.69764705882353,21.21529411764706,0.07058823529411765,0,Early,1:38.284,10.0,808.0,3,-0.357771459518008,0.0,21.50395947818607
PIA,McLaren,3.0,0 days 00:02:04.359000,INTERMEDIATE,1.0,1,True,124.359,2024,Silverstone,Q,13.69764705882353,21.21529411764706,0.07058823529411765,1,Early,2:04.359,10.0,808.0,3,-1.0,0.6,18.250588235294117
PIA,McLaren,4.0,0 days 00:01:37.372000,INTERMEDIATE,1.0,1,True,97.372,2024,Silverstone,Q,13.69764705882353,21.21529411764706,0.07058823529411765,2,Early,1:37.372,10.0,808.0,3,-0.2960330354725161,1.2,23.074390022459017
PIA,McLaren,7.0,0 days 00:01:30.895000,SOFT,2.0,1,True,90.895,2024,Silverstone,Q,13.69764705882353,21.21529411764706,0.07058823529411765,0,Early,1:30.895,10.0,808.0,8,0.14243162740319526,0.0,29.505177999713286
PIA,McLaren,8.0,0 days 00:01:37.055000,SOFT,2.0,1,True,97.055,2024,Silverstone,Q,13.69764705882353,21.21529411764706,0.07058823529411765,1,Early,1:37.055,10.0,808.0,8,-0.27457351746547615,0.6,27.60314713050126
PIA,McLaren,11.0,0 days 00:01:27.631000,SOFT,3.0,1,True,87.631,2024,Silverstone,Q,13.69764705882353,21.21529411764706,0.07058823529411765,0,Mid,1:27.631,10.0,808.0,8,0.36339019767126984,0.0,30.830929421321734
PIA,McLaren,14.0,0 days 00:01:26.945000,SOFT,4.0,1,True,86.945,2024,Silverstone,Q,13.69764705882353,21.21529411764706,0.07058823529411765,0,Mid,1:26.945,10.0,808.0,8,0.40982940698619047,0.0,31.109564677211257
PIA,McLaren,15.0,0 days 00:01:58.849000,SOFT,4.0,1,True,118.849,2024,Silverstone,Q,13.69764705882353,21.21529411764706,0.07058823529411765,1,Mid,1:58.849,10.0,808.0,8,-1.0,0.6,23.250588235294117
PIA,McLaren,16.0,0 days 00:01:58.801000,SOFT,4.0,1,True,118.801,2024,Silverstone,Q,13.69764705882353,21.21529411764706,0.07058823529411765,2,Mid,1:58.801,10.0,808.0,8,-1.0,1.2,23.850588235294115
PIA,McLaren,17.0,0 days 00:01:26.733000,SOFT,4.0,1,True,86.733,2024,Silverstone,Q,13.69764705882353,21.21529411764706,0.07058823529411765,3,Late,1:26.733,10.0,808.0,8,0.42418088275115046,1.7999999999999998,32.995673531801025
PIA,McLaren,20.0,0 days 00:01:26.237000,SOFT,5.0,1,True,86.237,2024,Silverstone,Q,13.69764705882353,21.21529411764706,0.07058823529411765,0,Late,1:26.237,10.0,808.0,8,0.4577579203899272,0.0,31.39713575763368
PIA,McLaren,23.0,0 days 00:01:27.043000,SOFT,6.0,1,True,87.043,2024,Silverstone,Q,13.69764705882353,21.21529411764706,0.07058823529411765,0,Late,1:27.043,10.0,808.0,8,0.4031952342269153,0.0,31.069759640655608
RIC,RB,2.0,0 days 00:01:40.599000,INTERMEDIATE,1.0,1,True,100.599,2024,Silverstone,Q,13.69764705882353,21.21529411764706,0.07058823529411765,0,Early,1:40.599,10.0,808.0,3,-0.5144868670457632,0.0,20.563667033019538
RIC,RB,3.0,0 days 00:02:04.316000,INTERMEDIATE,1.0,1,True,124.316,2024,Silverstone,Q,13.69764705882353,21.21529411764706,0.07058823529411765,1,Early,2:04.316,10.0,808.0,3,-1.0,0.6,18.250588235294117
RIC,RB,7.0,0 days 00:01:36.233000,SOFT,3.0,1,True,96.233,2024,Silverstone,Q,13.69764705882353,21.21529411764706,0.07058823529411765,0,Early,1:36.233,10.0,808.0,8,-0.21892770105605272,0.0,27.3370220289578
RIC,RB,8.0,0 days 00:01:35.045000,SOFT,3.0,1,True,95.045,2024,Silverstone,Q,13.69764705882353,21.21529411764706,0.07058823529411765,1,Early,1:35.045,10.0,808.0,8,-0.1385052802599518,0.6,28.419556553734406
RIC,RB,9.0,0 days 00:01:31.291000,SOFT,3.0,1,True,91.291,2024,Silverstone,Q,13.69764705882353,21.21529411764706,0.07058823529411765,2,Mid,1:31.291,10.0,808.0,8,0.11562415380449495,1.2,30.544333158121084
RIC,RB,12.0,0 days 00:01:29.015000,SOFT,4.0,1,True,89.015,2024,Silverstone,Q,13.69764705882353,21.21529411764706,0.07058823529411765,0,Mid,1:29.015,10.0,808.0,8,0.26969943135662044,0.0,30.268784823433837
RIC,RB,13.0,0 days 00:01:28.596000,SOFT,4.0,1,True,88.596,2024,Silverstone,Q,13.69764705882353,21.21529411764706,0.07058823529411765,1,Mid,1:28.596,10.0,808.0,8,0.2980639046845379,0.6,31.038971663401345
RIC,RB,16.0,0 days 00:01:53.054000,SOFT,5.0,1,True,113.054,2024,Silverstone,Q,13.69764705882353,21.21529411764706,0.07058823529411765,0,Mid,1:53.054,10.0,808.0,8,-1.0,0.0,22.650588235294116
RIC,RB,17.0,0 days 00:01:27.949000,SOFT,5.0,1,True,87.949,2024,Silverstone,Q,13.69764705882353,21.21529411764706,0.07058823529411765,1,Late,1:27.949,10.0,808.0,8,0.34186298402382886,0.6,31.30176613943709
RUS,Mercedes,2.0,0 days 00:01:37.800000,INTERMEDIATE,1.0,1,True,97.8,2024,Silverstone,Q,13.69764705882353,21.21529411764706,0.07058823529411765,0,Early,1:37.800,10.0,808.0,3,-0.3250067695640404,0.0,21.700547617909873
RUS,Mercedes,3.0,0 days 00:02:07.395000,INTERMEDIATE,1.0,1,True,127.395,2024,Silverstone,Q,13.69764705882353,21.21529411764706,0.07058823529411765,1,Early,2:07.395,10.0,808.0,3,-1.0,0.6,18.250588235294117
RUS,Mercedes,4.0,0 days 00:01:37.215000,INTERMEDIATE,1.0,1,True,97.215,2024,Silverstone,Q,13.69764705882353,21.21529411764706,0.07058823529411765,2,Early,1:37.215,10.0,808.0,3,-0.28540481992959726,1.2,23.138159315716532
RUS,Mercedes,8.0,0 days 00:01:36.993000,SOFT,3.0,1,True,96.993,2024,Silverstone,Q,13.69764705882353,21.21529411764706,0.07058823529411765,0,Early,1:36.993,10.0,808.0,8,-0.27037638776062833,0.0,27.028329908730345
RUS,Mercedes,9.0,0 days 00:01:32.640000,SOFT,3.0,1,True,92.64,2024,Silverstone,Q,13.69764705882353,21.21529411764706,0.07058823529411765,1,Mid,1:32.640,10.0,808.0,8,0.02430273490387184,0.6,29.396404644717347
RUS,Mercedes,10.0,0 days 00:01:30.106000,SOFT,3.0,1,True,90.106,2024,Silverstone,Q,13.69764705882353,21.21529411764706,0.07058823529411765,2,Mid,1:30.106,10.0,808.0,8,0.1958434876793936,1.2,31.025649161370477
RUS,Mercedes,13.0,0 days 00:01:29.771000,SOFT,4.0,1,True,89.771,2024,Silverstone,Q,13.69764705882353,21.21529411764706,0.07058823529411765,0,Mid,1:29.771,10.0,808.0,8,0.2185215272136472,0.0,29.961717398576
RUS,Mercedes,14.0,0 days 00:01:28.105000,SOFT,4.0,1,True,88.105,2024,Silverstone,Q,13.69764705882353,21.21529411764706,0.07058823529411765,1,Mid,1:28.105,10.0,808.0,8,0.3313024641213102,0.6,31.238403020021977
RUS,Mercedes,17.0,0 days 00:01:26.766000,SOFT,5.0,1,True,86.766,2024,Silverstone,Q,13.69764705882353,21.21529411764706,0.07058823529411765,0,Late,1:26.766,10.0,808.0,8,0.4219469266179254,0.0,31.18226979500167
RUS,Mercedes,18.0,0 days 00:02:06.611000,SOFT,5.0,1,True,126.611,2024,Silverstone,Q,13.69764705882353,21.21529411764706,0.07058823529411765,1,Late,2:06.611,10.0,808.0,8,-1.0,0.6,23.250588235294117
RUS,Mercedes,19.0,0 days 00:01:26.723000,SOFT,5.0,1,True,86.723,2024,Silverstone,Q,13.69764705882353,21.21529411764706,0.07058823529411765,2,Late,1:26.723,10.0,808.0,8,0.4248578391551584,1.2,32.399735270225065
RUS,Mercedes,22.0,0 days 00:01:26.024000,SOFT,6.0,1,True,86.024,2024,Silverstone,Q,13.69764705882353,21.21529411764706,0.07058823529411765,0,Late,1:26.024,10.0,808.0,8,0.4721770917952883,0.0,31.483650786065848
RUS,Mercedes,25.0,0 days 00:01:25.819000,SOFT,7.0,1,True,85.819,2024,Silverstone,Q,13.69764705882353,21.21529411764706,0.07058823529411765,0,Late,1:25.819,10.0,808.0,8,0.4860546980774436,0.0,31.56691642375878
SAI,Ferrari,2.0,0 days 00:01:43.234000,INTERMEDIATE,1.0,1,True,103.234,2024,Silverstone,Q,13.69764705882353,21.21529411764706,0.07058823529411765,0,Early,1:43.234,10.0,808.0,3,-0.6928648795017605,0.0,19.493398958283553
SAI,Ferrari,3.0,0 days 00:01:38.511000,INTERMEDIATE,1.0,1,True,98.511,2024,Silverstone,Q,13.69764705882353,21.21529411764706,0.07058823529411765,1,Early,1:38.511,10.0,808.0,3,-0.3731383698889794,0.6,22.01175801596024
SAI,Ferrari,7.0,0 days 00:01:35.902000,SOFT,3.0,1,True,95.902,2024,Silverstone,Q,13.69764705882353,21.21529411764706,0.07058823529411765,0,Early,1:35.902,10.0,808.0,8,-0.19652044408340152,0.0,27.471465570793708
SAI,Ferrari,8.0,0 days 00:01:31.497000,SOFT,3.0,1,True,91.497,2024,Silverstone,Q,13.69764705882353,21.21529411764706,0.07058823529411765,1,Early,1:31.497,10.0,808.0,8,0.10167885188193855,0.6,29.860661346585747
SAI,Ferrari,9.0,0 days 00:01:30.557000,SOFT,3.0,1,True,90.557,2024,Silverstone,Q,13.69764705882353,21.21529411764706,0.07058823529411765,2,Mid,1:30.557,10.0,808.0,8,0.16531275385865113,1.2,30.84246475844602
SAI,Ferrari,12.0,0 days 00:01:27.540000,SOFT,4.0,1,True,87.54,2024,Silverstone,Q,13.69764705882353,21.21529411764706,0.07058823529411765,0,Mid,1:27.540,10.0,808.0,8,0.36955050094773845,0.0,30.867891240980548
SAI,Ferrari,13.0,0 days 00:01:57.986000,SOFT,4.0,1,True,117.986,2024,Silverstone,Q,13.69764705882353,21.21529411764706,0.07058823529411765,1,Mid,1:57.986,10.0,808.0,8,-1.0,0.6,23.250588235294117
SAI,Ferrari,14.0,0 days 00:01:27.149000,SOFT,4.0,1,True,87.149,2024,Silverstone,Q,13.69764705882353,21.21529411764706,0.07058823529411765,2,Mid,1:27.149,10.0,808.0,8,0.3960194963444353,1.2,32.22670521336073
SAI,Ferrari,17.0,0 days 00:01:26.843000,SOFT,5.0,1,True,86.843,2024,Silverstone,Q,13.69764705882353,21.21529411764706,0.07058823529411765,0,Late,1:26.843,10.0,808.0,8,0.4167343623070671,0.0,31.15099440913652
SAI,Ferrari,20.0,0 days 00:01:26.509000,SOFT,6.0,1,True,86.509,2024,Silverstone,Q,13.69764705882353,21.21529411764706,0.07058823529411765,0,Late,1:26.509,10.0,808.0,8,0.4393447062009206,0.0,31.28665647249964
SAI,Ferrari,23.0,0 days 00:01:26.749000,SOFT,7.0,1,True,86.749,2024,Silverstone,Q,13.69764705882353,21.21529411764706,0.07058823529411765,0,Late,1:26.749,10.0,808.0,8,0.42309775250473897,0.0,31.18917475032255
SAR,Williams,2.0,0 days 00:01:40.215000,INTERMEDIATE,1.0,1,True,100.215,2024,Silverstone,Q,13.69764705882353,21.21529411764706,0.07058823529411765,0,Early,1:40.215,10.0,808.0,3,-0.48849174113187194,0.0,20.719637788502883
SAR,Williams,3.0,0 days 00:02:06.748000,INTERMEDIATE,1.0,1,True,126.748,2024,Silverstone,Q,13.69764705882353,21.21529411764706,0.07058823529411765,1,Early,2:06.748,10.0,808.0,3,-1.0,0.6,18.250588235294117
SAR,Williams,4.0,0 days 00:01:39.866000,INTERMEDIATE,1.0,1,True,99.866,2024,Silverstone,Q,13.69764705882353,21.21529411764706,0.07058823529411765,2,Early,1:39.866,10.0,808.0,3,-0.4648659626320071,1.2,22.061392459502073
SAR,Williams,8.0,0 days 00:01:45.131000,SOFT,3.0,1,True,105.131,2024,Silverstone,Q,13.69764705882353,21.21529411764706,0.07058823529411765,0,Early,1:45.131,10.0,808.0,8,-0.8212835093419992,0.0,23.722887179242118
SAR,Williams,9.0,0 days 00:01:31.608000,SOFT,3.0,1,True,91.608,2024,Silverstone,Q,13.69764705882353,21.21529411764706,0.07058823529411765,1,Mid,1:31.608,10.0,808.0,8,0.0941646357974541,0.6,29.815576050078842
SAR,Williams,12.0,0 days 00:01:29.431000,SOFT,4.0,1,True,89.431,2024,Silverstone,Q,13.69764705882353,21.21529411764706,0.07058823529411765,0,Mid,1:29.431,10.0,808.0,8,0.24153804494990522,0.0,30.099816504993548
SAR,Williams,13.0,0 days 00:01:56.444000,SOFT,4.0,1,True,116.444,2024,Silverstone,Q,13.69764705882353,21.21529411764706,0.07058823529411765,1,Mid,1:56.444,10.0,808.0,8,-1.0,0.6,23.250588235294117
SAR,Williams,14.0,0 days 00:01:27.962000,SOFT,4.0,1,True,87.962,2024,Silverstone,Q,13.69764705882353,21.21529411764706,0.07058823529411765,2,Mid,1:27.962,10.0,808.0,8,0.3409829406986187,1.2,31.896485879485827
SAR,Williams,17.0,0 days 00:01:27.175000,SOFT,5.0,1,True,87.175,2024,Silverstone,Q,13.69764705882353,21.21529411764706,0.07058823529411765,0,Late,1:27.175,10.0,808.0,8,0.3942594096940158,0.0,31.016144693458212
SAR,Williams,18.0,0 days 00:01:58.894000,SOFT,5.0,1,True,118.894,2024,Silverstone,Q,13.69764705882353,21.21529411764706,0.07058823529411765,1,Late,1:58.894,10.0,808.0,8,-1.0,0.6,23.250588235294117
SAR,Williams,19.0,0 days 00:01:28.086000,SOFT,5.0,1,True,88.086,2024,Silverstone,Q,13.69764705882353,21.21529411764706,0.07058823529411765,2,Late,1:28.086,10.0,808.0,8,0.332588681288925,1.2,31.846120323027666
STR,Aston Martin,2.0,0 days 00:01:39.627000,SOFT,1.0,1,True,99.627,2024,Silverstone,Q,13.69764705882353,21.21529411764706,0.07058823529411765,0,Early,1:39.627,10.0,808.0,8,-0.44868670457622556,0.0,25.95846800783676
STR,Aston Martin,3.0,0 days 00:02:11.284000,SOFT,1.0,1,True,131.284,2024,Silverstone,Q,13.69764705882353,21.21529411764706,0.07058823529411765,1,Early,2:11.284,10.0,808.0,8,-1.0,0.6,23.250588235294117
STR,Aston Martin,4.0,0 days 00:01:38.282000,SOFT,1.0,1,True,98.282,2024,Silverstone,Q,13.69764705882353,21.21529411764706,0.07058823529411765,2,Early,1:38.282,10.0,808.0,8,-0.35763606823720584,1.2,27.704771825870882
STR,Aston Martin,7.0,0 days 00:01:37.763000,SOFT,2.0,1,True,97.763,2024,Silverstone,Q,13.69764705882353,21.21529411764706,0.07058823529411765,0,Early,1:37.763,10.0,808.0,8,-0.32250203086921286,0.0,26.715576050078838
STR,Aston Martin,8.0,0 days 00:01:37.381000,SOFT,2.0,1,True,97.381,2024,Silverstone,Q,13.69764705882353,21.21529411764706,0.07058823529411765,1,Early,1:37.381,10.0,808.0,8,-0.2966422962361229,0.6,27.47073445787738
STR,Aston Martin,9.0,0 days 00:01:31.410000,SOFT,2.0,1,True,91.41,2024,Silverstone,Q,13.69764705882353,21.21529411764706,0.07058823529411765,2,Mid,1:31.410,10.0,808.0,8,0.10756837259680474,1.2,30.495998470874945
STR,Aston Martin,12.0,0 days 00:01:28.160000,SOFT,3.0,1,True,88.16,2024,Silverstone,Q,13.69764705882353,21.21529411764706,0.07058823529411765,0,Mid,1:28.160,10.0,808.0,8,0.327579203899269,0.0,30.61606345868973
STR,Aston Martin,13.0,0 days 00:02:02.826000,SOFT,3.0,1,True,122.826,2024,Silverstone,Q,13.69764705882353,21.21529411764706,0.07058823529411765,1,Mid,2:02.826,10.0,808.0,8,-1.0,0.6,23.250588235294117
STR,Aston Martin,14.0,0 days 00:01:27.556000,SOFT,3.0,1,True,87.556,2024,Silverstone,Q,13.69764705882353,21.21529411764706,0.07058823529411765,2,Mid,1:27.556,10.0,808.0,8,0.3684673707013269,1.2,32.06139245950208
STR,Aston Martin,17.0,0 days 00:01:26.938000,SOFT,4.0,1,True,86.938,2024,Silverstone,Q,13.69764705882353,21.21529411764706,0.07058823529411765,0,Late,1:26.938,10.0,808.0,8,0.41030327646899517,0.0,31.112407894108088
STR,Aston Martin,20.0,0 days 00:01:26.798000,SOFT,5.0,1,True,86.798,2024,Silverstone,Q,13.69764705882353,21.21529411764706,0.07058823529411765,0,Late,1:26.798,10.0,808.0,8,0.41978066612510134,0.0,31.169272232044722
STR,Aston Martin,23.0,0 days 00:01:26.585000,SOFT,6.0,1,True,86.585,2024,Silverstone,Q,13.69764705882353,21.21529411764706,0.07058823529411765,0,Late,1:26.585,10.0,808.0,8,0.4341998375304634,0.0,31.255787260476897
TSU,RB,2.0,0 days 00:01:38.613000,INTERMEDIATE,1.0,1,True,98.613,2024,Silverstone,Q,13.69764705882353,21.21529411764706,0.07058823529411765,0,Early,1:38.613,10.0,808.0,3,-0.380043325209857,0.0,21.370328284034972
TSU,RB,3.0,0 days 00:02:05.637000,INTERMEDIATE,1.0,1,True,125.637,2024,Silverstone,Q,13.69764705882353,21.21529411764706,0.07058823529411765,1,Early,2:05.637,10.0,808.0,3,-1.0,0.6,18.250588235294117
TSU,RB,7.0,0 days 00:01:42.586000,SOFT,3.0,1,True,102.586,2024,Silverstone,Q,13.69764705882353,21.21529411764706,0.07058823529411765,0,Early,1:42.586,10.0,808.0,8,-0.6489981045220694,0.0,24.7565996081617
TSU,RB,8.0,0 days 00:01:33.213000,SOFT,3.0,1,True,93.213,2024,Silverstone,Q,13.69764705882353,21.21529411764706,0.07058823529411765,1,Early,1:33.213,10.0,808.0,8,-0.014486867045762169,0.6,29.163667033019543
TSU,RB,9.0,0 days 00:01:30.994000,SOFT,3.0,1,True,90.994,2024,Silverstone,Q,13.69764705882353,21.21529411764706,0.07058823529411765,2,Mid,1:30.994,10.0,808.0,8,0.13572975900351994,1.2,30.664966789315233
TSU,RB,12.0,0 days 00:01:28.840000,SOFT,4.0,1,True,88.84,2024,Silverstone,Q,13.69764705882353,21.21529411764706,0.07058823529411765,0,Mid,1:28.840,10.0,808.0,8,0.28154616842675295,0.0,30.339865245854632
TSU,RB,13.0,0 days 00:01:28.341000,SOFT,4.0,1,True,88.341,2024,Silverstone,Q,13.69764705882353,21.21529411764706,0.07058823529411765,1,Mid,1:28.341,10.0,808.0,8,0.3153262929867319,0.6,31.142545993214508
TSU,RB,16.0,0 days 00:01:27.269000,SOFT,5.0,1,True,87.269,2024,Silverstone,Q,13.69764705882353,21.21529411764706,0.07058823529411765,0,Mid,1:27.269,10.0,808.0,8,0.38789601949634395,0.0,30.977964352272178
VER,Red Bull Racing,2.0,0 days 00:01:37.518000,INTERMEDIATE,1.0,1,True,97.518,2024,Silverstone,Q,13.69764705882353,21.21529411764706,0.07058823529411765,0,Early,1:37.518,10.0,808.0,3,-0.3059165989710268,0.0,21.815088641467955
VER,Red Bull Racing,3.0,0 days 00:02:07.966000,INTERMEDIATE,1.0,1,True,127.966,2024,Silverstone,Q,13.69764705882353,21.21529411764706,0.07058823529411765,1,Early,2:07.966,10.0,808.0,3,-1.0,0.6,18.250588235294117
VER,Red Bull Racing,4.0,0 days 00:01:37.420000,INTERMEDIATE,1.0,1,True,97.42,2024,Silverstone,Q,13.69764705882353,21.21529411764706,0.07058823529411765,2,Early,1:37.420,10.0,808.0,3,-0.29928242621175255,1.2,23.0548936780236
VER,Red Bull Racing,7.0,0 days 00:01:49.924000,SOFT,2.0,1,True,109.924,2024,Silverstone,Q,13.69764705882353,21.21529411764706,0.07058823529411765,0,Early,1:49.924,10.0,808.0,8,-1.0,0.0,22.650588235294116
VER,Red Bull Racing,8.0,0 days 00:01:31.832000,SOFT,2.0,1,True,91.832,2024,Silverstone,Q,13.69764705882353,21.21529411764706,0.07058823529411765,1,Early,1:31.832,10.0,808.0,8,0.07900081234768497,0.6,29.724593109380226
VER,Red Bull Racing,9.0,0 days 00:01:31.342000,SOFT,2.0,1,True,91.342,2024,Silverstone,Q,13.69764705882353,21.21529411764706,0.07058823529411765,2,Mid,1:31.342,10.0,808.0,8,0.11217167614405615,1.2,30.523618292158453
VER,Red Bull Racing,12.0,0 days 00:01:27.799000,SOFT,3.0,1,True,87.799,2024,Silverstone,Q,13.69764705882353,21.21529411764706,0.07058823529411765,0,Mid,1:27.799,10.0,808.0,8,0.35201733008394204,0.0,30.762692215797767
VER,Red Bull Racing,13.0,0 days 00:01:55.491000,SOFT,3.0,1,True,115.491,2024,Silverstone,Q,13.69764705882353,21.21529411764706,0.07058823529411765,1,Mid,1:55.491,10.0,808.0,8,-1.0,0.6,23.250588235294117
VER,Red Bull Racing,14.0,0 days 00:01:27.366000,SOFT,3.0,1,True,87.366,2024,Silverstone,Q,13.69764705882353,21.21529411764706,0.07058823529411765,2,Mid,1:27.366,10.0,808.0,8,0.3813295423774708,1.2,32.13856548955894
VER,Red Bull Racing,17.0,0 days 00:01:26.796000,SOFT,4.0,1,True,86.796,2024,Silverstone,Q,13.69764705882353,21.21529411764706,0.07058823529411765,0,Late,1:26.796,10.0,808.0,8,0.41991605740590254,0.0,31.17008457972953
VER,Red Bull Racing,20.0,0 days 00:01:26.350000,SOFT,5.0,1,True,86.35,2024,Silverstone,Q,13.69764705882353,21.21529411764706,0.07058823529411765,0,Late,1:26.350,10.0,808.0,8,0.45010831302464155,0.0,31.351238113441966
VER,Red Bull Racing,23.0,0 days 00:01:26.203000,SOFT,6.0,1,True,86.203,2024,Silverstone,Q,13.69764705882353,21.21529411764706,0.07058823529411765,0,Late,1:26.203,10.0,808.0,8,0.4600595721635524,0.0,31.41094566827543
ZHO,Kick Sauber,2.0,0 days 00:01:39.368000,INTERMEDIATE,1.0,1,True,99.368,2024,Silverstone,Q,13.69764705882353,21.21529411764706,0.07058823529411765,0,Early,1:39.368,10.0,808.0,3,-0.43115353371242915,0.0,21.06366703301954
ZHO,Kick Sauber,3.0,0 days 00:02:14.138000,INTERMEDIATE,1.0,1,True,134.138,2024,Silverstone,Q,13.69764705882353,21.21529411764706,0.07058823529411765,1,Early,2:14.138,10.0,808.0,3,-1.0,0.6,18.250588235294117
ZHO,Kick Sauber,4.0,0 days 00:01:38.838000,INTERMEDIATE,1.0,1,True,98.838,2024,Silverstone,Q,13.69764705882353,21.21529411764706,0.07058823529411765,2,Early,1:38.838,10.0,808.0,3,-0.39527484430002724,1.2,22.47893916949395
ZHO,Kick Sauber,8.0,0 days 00:01:32.999000,SOFT,3.0,1,True,92.999,2024,Silverstone,Q,13.69764705882353,21.21529411764706,0.07058823529411765,0,Early,1:32.999,10.0,808.0,8,0.0,0.0,28.650588235294116
ZHO,Kick Sauber,9.0,0 days 00:01:44.377000,SOFT,3.0,1,True,104.377,2024,Silverstone,Q,13.69764705882353,21.21529411764706,0.07058823529411765,1,Mid,1:44.377,10.0,808.0,8,-0.7702409964798271,0.6,24.629142256415154
ZHO,Kick Sauber,10.0,0 days 00:01:47.217000,SOFT,3.0,1,True,107.217,2024,Silverstone,Q,13.69764705882353,21.21529411764706,0.07058823529411765,2,Mid,1:47.217,10.0,808.0,8,-0.9624966152179808,1.2,24.07560854398623
ZHO,Kick Sauber,11.0,0 days 00:01:31.190000,SOFT,3.0,1,True,91.19,2024,Silverstone,Q,13.69764705882353,21.21529411764706,0.07058823529411765,3,Mid,1:31.190,10.0,808.0,8,0.12246141348497147,1.7999999999999998,31.185356716203945
ZHO,Kick Sauber,14.0,0 days 00:01:29.010000,SOFT,4.0,1,True,89.01,2024,Silverstone,Q,13.69764705882353,21.21529411764706,0.07058823529411765,0,Mid,1:29.010,10.0,808.0,8,0.2700379095586239,0.0,30.270815692645858
ZHO,Kick Sauber,15.0,0 days 00:01:56.131000,SOFT,4.0,1,True,116.131,2024,Silverstone,Q,13.69764705882353,21.21529411764706,0.07058823529411765,1,Mid,1:56.131,10.0,808.0,8,-1.0,0.6,23.250588235294117
ZHO,Kick Sauber,16.0,0 days 00:01:28.431000,SOFT,4.0,1,True,88.431,2024,Silverstone,Q,13.69764705882353,21.21529411764706,0.07058823529411765,2,Mid,1:28.431,10.0,808.0,8,0.3092336853506635,1.2,31.705990347398096
ZHO,Kick Sauber,19.0,0 days 00:01:27.867000,SOFT,5.0,1,True,87.867,2024,Silverstone,Q,13.69764705882353,21.21529411764706,0.07058823529411765,0,Late,1:27.867,10.0,808.0,8,0.3474140265366906,0.0,30.73507239451426
ZHO,Kick Sauber,20.0,0 days 00:02:09.875000,SOFT,5.0,1,True,129.875,2024,Silverstone,Q,13.69764705882353,21.21529411764706,0.07058823529411765,1,Late,2:09.875,10.0,808.0,8,-1.0,0.6,23.250588235294117
ZHO,Kick Sauber,21.0,0 days 00:01:27.921000,SOFT,5.0,1,True,87.921,2024,Silverstone,Q,13.69764705882353,21.21529411764706,0.07058823529411765,2,Late,1:27.921,10.0,808.0,8,0.34375846195504955,1.2,31.91313900702441
ALB,Williams,2.0,0 days 00:01:33.158000,MEDIUM,1.0,1,True,93.158,2024,Silverstone,R,15.77074829931973,27.670068027210885,0.3469387755102041,0,Early,1:33.158,107.88461538461539,905.8846153846154,5,-0.033160621761657474,0.0,29.69559409255931
ALB,Williams,3.0,0 days 00:01:33.373000,MEDIUM,1.0,1,True,93.373,2024,Silverstone,R,15.77074829931973,27.670068027210885,0.3469387755102041,1,Early,1:33.373,105.76923076923077,903.7692307692307,5,-0.060166431150886955,0.6,30.13355923622393
ALB,Williams,4.0,0 days 00:01:33.059000,MEDIUM,1.0,1,True,93.059,2024,Silverstone,R,15.77074829931973,27.670068027210885,0.3469387755102041,2,Early,1:33.059,103.65384615384616,901.6538461538462,5,-0.020725388601035254,1.2,30.970205491523046
ALB,Williams,5.0,0 days 00:01:32.846000,MEDIUM,1.0,1,True,92.846,2024,Silverstone,R,15.77074829931973,27.670068027210885,0.3469387755102041,3,Early,1:32.846,101.53846153846153,899.5384615384615,5,0.00602920395666532,1.7999999999999998,31.73073304686924
ALB,Williams,6.0,0 days 00:01:33.014000,MEDIUM,1.0,1,True,93.014,2024,Silverstone,R,15.77074829931973,27.670068027210885,0.3469387755102041,4,Early,1:33.014,99.42307692307692,897.4230769230769,5,-0.015073009891661516,2.4,32.20411976377928
ALB,Williams,7.0,0 days 00:01:32.939000,MEDIUM,1.0,1,True,92.939,2024,Silverstone,R,15.77074829931973,27.670068027210885,0.3469387755102041,5,Early,1:32.939,97.3076923076923,895.3076923076923,5,-0.005652378709371952,3.0,32.86064355087302
ALB,Williams,8.0,0 days 00:01:32.798000,MEDIUM,1.0,1,True,92.798,2024,Silverstone,R,15.77074829931973,27.670068027210885,0.3469387755102041,6,Early,1:32.798,95.1923076923077,893.1923076923077,5,0.01205840791333064,3.5999999999999996,33.56690827060924
ALB,Williams,9.0,0 days 00:01:32.933000,MEDIUM,1.0,1,True,92.933,2024,Silverstone,R,15.77074829931973,27.670068027210885,0.3469387755102041,7,Early,1:32.933,93.07692307692308,891.0769230769231,5,-0.004898728214790572,4.2,34.065165453840514
ALB,Williams,10.0,0 days 00:01:33.073000,MEDIUM,1.0,1,True,93.073,2024,Silverstone,R,15.77074829931973,27.670068027210885,0.3469387755102041,8,Early,1:33.073,90.96153846153845,888.9615384615385,5,-0.02248390642172871,4.8,34.55965438459888
ALB,Williams,11.0,0 days 00:01:32.981000,MEDIUM,1.0,1,True,92.981,2024,Silverstone,R,15.77074829931973,27.670068027210885,0.3469387755102041,9,Early,1:32.981,88.84615384615384,886.8461538461538,5,-0.010927932171454107,5.3999999999999995,35.22899023010053
ALB,Williams,12.0,0 days 00:01:32.567000,MEDIUM,1.0,1,True,92.567,2024,Silverstone,R,15.77074829931973,27.670068027210885,0.3469387755102041,10,Early,1:32.567,86.73076923076923,884.7307692307693,5,0.041073951954782494,6.0,36.14100153485795
ALB,Williams,13.0,0 days 00:01:32.769000,MEDIUM,1.0,1,True,92.769,2024,Silverstone,R,15.77074829931973,27.670068027210885,0.3469387755102041,11,Early,1:32.769,84.61538461538461,882.6153846153846,5,0.015701051970482008,6.6,36.58876413495215
ALB,Williams,14.0,0 days 00:01:32.538000,MEDIUM,1.0,1,True,92.538,2024,Silverstone,R,15.77074829931973,27.670068027210885,0.3469387755102041,12,Early,1:32.538,82.5,880.5,5,0.04471659601193386,7.199999999999999,37.36285739920086
ALB,Williams,15.0,0 days 00:01:32.265000,MEDIUM,1.0,1,True,92.265,2024,Silverstone,R,15.77074829931973,27.670068027210885,0.3469387755102041,13,Early,1:32.265,80.38461538461539,878.3846153846154,5,0.07900769351546608,7.8,38.168603984222045
ALB,Williams,16.0,0 days 00:01:33.178000,MEDIUM,1.0,1,True,93.178,2024,Silverstone,R,15.77074829931973,27.670068027210885,0.3469387755102041,14,Early,1:33.178,78.26923076923077,876.2692307692307,5,-0.035672790076934094,8.4,38.08052108266765
ALB,Williams,17.0,0 days 00:01:34.873000,MEDIUM,1.0,1,True,94.873,2024,Silverstone,R,15.77074829931973,27.670068027210885,0.3469387755102041,15,Early,1:34.873,76.15384615384616,874.1538461538462,5,-0.24857905479667106,9.0,37.403083494349225
ALB,Williams,18.0,0 days 00:01:35.323000,MEDIUM,1.0,1,True,95.323,2024,Silverstone,R,15.77074829931973,27.670068027210885,0.3469387755102041,16,Mid,1:35.323,74.03846153846155,872.0384615384615,5,-0.3051028418904049,9.6,37.66394077178683
ALB,Williams,19.0,0 days 00:01:44.619000,MEDIUM,1.0,1,True,104.619,2024,Silverstone,R,15.77074829931973,27.670068027210885,0.3469387755102041,17,Mid,1:44.619,71.92307692307692,869.9230769230769,5,-1.0,10.0,33.894557823129254
ALB,Williams,20.0,0 days 00:01:36.530000,MEDIUM,1.0,1,True,96.53,2024,Silverstone,R,15.77074829931973,27.670068027210885,0.3469387755102041,18,Mid,1:36.530,69.8076923076923,867.8076923076923,5,-0.45671219971738014,10.0,37.154284624824975
ALB,Williams,21.0,0 days 00:01:33.646000,MEDIUM,1.0,1,True,93.646,2024,Silverstone,R,15.77074829931973,27.670068027210885,0.3469387755102041,19,Mid,1:33.646,67.6923076923077,865.6923076923077,5,-0.09445752865441918,10.0,39.32781265120274
ALB,Williams,22.0,0 days 00:01:33.086000,MEDIUM,1.0,1,True,93.086,2024,Silverstone,R,15.77074829931973,27.670068027210885,0.3469387755102041,20,Mid,1:33.086,65.57692307692307,863.5769230769231,5,-0.024116815826659494,10.0,39.7498569281693
ALB,Williams,23.0,0 days 00:01:32.891000,MEDIUM,1.0,1,True,92.891,2024,Silverstone,R,15.77074829931973,27.670068027210885,0.3469387755102041,21,Mid,1:32.891,63.46153846153846,861.4615384615385,5,0.0003768252472915825,10.0,39.896818774613
ALB,Williams,24.0,0 days 00:01:33.960000,MEDIUM,1.0,1,True,93.96,2024,Silverstone,R,15.77074829931973,27.670068027210885,0.3469387755102041,22,Mid,1:33.960,61.34615384615385,859.3461538461538,5,-0.1338985712042691,10.0,39.09116639590364
ALB,Williams,25.0,0 days 00:01:35.612000,MEDIUM,1.0,1,True,95.612,2024,Silverstone,R,15.77074829931973,27.670068027210885,0.3469387755102041,23,Mid,1:35.612,59.230769230769226,857.2307692307693,5,-0.34140367404615946,10.0,37.8461357788523
ALB,Williams,26.0,0 days 00:01:43.771000,MEDIUM,1.0,1,True,103.771,2024,Silverstone,R,15.77074829931973,27.670068027210885,0.3469387755102041,24,Mid,1:43.771,57.11538461538461,855.1153846153846,5,-1.0,10.0,33.894557823129254
ALB,Williams,29.0,0 days 00:01:41.726000,INTERMEDIATE,2.0,1,True,101.726,2024,Silverstone,R,15.77074829931973,27.670068027210885,0.3469387755102041,0,Mid,1:41.726,50.76923076923077,848.7692307692307,3,-1.0,0.0,21.89455782312925
ALB,Williams,30.0,0 days 00:01:43.271000,INTERMEDIATE,2.0,1,True,103.271,2024,Silverstone,R,15.77074829931973,27.670068027210885,0.3469387755102041,1,Mid,1:43.271,48.65384615384615,846.6538461538462,3,-1.0,0.6,22.494557823129252
ALB,Williams,31.0,0 days 00:01:43.229000,INTERMEDIATE,2.0,1,True,103.229,2024,Silverstone,R,15.77074829931973,27.670068027210885,0.3469387755102041,2,Mid,1:43.229,46.53846153846154,844.5384615384615,3,-1.0,1.2,23.09455782312925
ALB,Williams,32.0,0 days 00:01:44.304000,INTERMEDIATE,2.0,1,True,104.304,2024,Silverstone,R,15.77074829931973,27.670068027210885,0.3469387755102041,3,Mid,1:44.304,44.42307692307692,842.4230769230769,3,-1.0,1.7999999999999998,23.69455782312925
ALB,Williams,33.0,0 days 00:01:44.820000,INTERMEDIATE,2.0,1,True,104.82,2024,Silverstone,R,15.77074829931973,27.670068027210885,0.3469387755102041,4,Mid,1:44.820,42.30769230769231,840.3076923076923,3,-1.0,2.4,24.294557823129253
ALB,Williams,34.0,0 days 00:01:45.216000,INTERMEDIATE,2.0,1,True,105.216,2024,Silverstone,R,15.77074829931973,27.670068027210885,0.3469387755102041,5,Mid,1:45.216,40.19230769230769,838.1923076923077,3,-1.0,3.0,24.894557823129254
ALB,Williams,35.0,0 days 00:01:45.202000,INTERMEDIATE,2.0,1,True,105.202,2024,Silverstone,R,15.77074829931973,27.670068027210885,0.3469387755102041,6,Late,1:45.202,38.07692307692308,836.0769230769231,3,-1.0,3.5999999999999996,25.49455782312925
ALB,Williams,36.0,0 days 00:01:43.075000,INTERMEDIATE,2.0,1,True,103.075,2024,Silverstone,R,15.77074829931973,27.670068027210885,0.3469387755102041,7,Late,1:43.075,35.96153846153847,833.9615384615385,3,-1.0,4.2,26.09455782312925
ALB,Williams,37.0,0 days 00:01:40.273000,INTERMEDIATE,2.0,1,True,100.273,2024,Silverstone,R,15.77074829931973,27.670068027210885,0.3469387755102041,8,Late,1:40.273,33.84615384615384,831.8461538461538,3,-0.9268644999214928,4.8,27.133370823600295
ALB,Williams,40.0,0 days 00:01:30.889000,MEDIUM,3.0,1,True,90.889,2024,Silverstone,R,15.77074829931973,27.670068027210885,0.3469387755102041,0,Late,1:30.889,27.5,825.5,5,0.2518448736065326,0.0,31.405627064768453
ALB,Williams,41.0,0 days 00:01:30.715000,MEDIUM,3.0,1,True,90.715,2024,Silverstone,R,15.77074829931973,27.670068027210885,0.3469387755102041,1,Late,1:30.715,25.384615384615387,823.3846153846154,5,0.27370073794944266,0.6,32.13676225082591
ALB,Williams,42.0,0 days 00:01:30.458000,MEDIUM,3.0,1,True,90.458,2024,Silverstone,R,15.77074829931973,27.670068027210885,0.3469387755102041,2,Late,1:30.458,23.269230769230774,821.2692307692307,5,0.3059821008007543,1.2,32.930450427933785
ALB,Williams,43.0,0 days 00:01:30.126000,MEDIUM,3.0,1,True,90.126,2024,Silverstone,R,15.77074829931973,27.670068027210885,0.3469387755102041,3,Late,1:30.126,21.153846153846146,819.1538461538462,5,0.3476840948343537,1.7999999999999998,33.780662392135376
ALB,Williams,44.0,0 days 00:01:30.740000,MEDIUM,3.0,1,True,90.74,2024,Silverstone,R,15.77074829931973,27.670068027210885,0.3469387755102041,4,Late,1:30.740,19.038461538461533,817.0384615384615,5,0.2705605275553473,2.4,33.91792098846134
ALB,Williams,45.0,0 days 00:01:30.406000,MEDIUM,3.0,1,True,90.406,2024,Silverstone,R,15.77074829931973,27.670068027210885,0.3469387755102041,5,Late,1:30.406,16.92307692307692,814.9230769230769,5,0.31251373842047386,3.0,34.7696402536521
ALB,Williams,46.0,0 days 00:01:30.234000,MEDIUM,3.0,1,True,90.234,2024,Silverstone,R,15.77074829931973,27.670068027210885,0.3469387755102041,6,Late,1:30.234,14.807692307692307,812.8076923076923,5,0.3341183859318585,3.5999999999999996,35.4992681387204
ALB,Williams,47.0,0 days 00:01:30.148000,MEDIUM,3.0,1,True,90.148,2024,Silverstone,R,15.77074829931973,27.670068027210885,0.3469387755102041,7,Late,1:30.148,12.692307692307693,810.6923076923077,5,0.34492070968754995,4.2,36.164082081254556
ALB,Williams,48.0,0 days 00:01:30.068000,MEDIUM,3.0,1,True,90.068,2024,Silverstone,R,15.77074829931973,27.670068027210885,0.3469387755102041,8,Late,1:30.068,10.57692307692308,808.5769230769231,5,0.3549693829486582,4.8,36.8243741208212
ALB,Williams,49.0,0 days 00:01:29.960000,MEDIUM,3.0,1,True,89.96,2024,Silverstone,R,15.77074829931973,27.670068027210885,0.3469387755102041,9,Late,1:29.960,8.461538461538453,806.4615384615385,5,0.3685350918511552,5.3999999999999995,37.50576837423618
ALB,Williams,50.0,0 days 00:01:29.828000,MEDIUM,3.0,1,True,89.828,2024,Silverstone,R,15.77074829931973,27.670068027210885,0.3469387755102041,10,Late,1:29.828,6.34615384615384,804.3461538461538,5,0.385115402731983,6.0,38.205250239521156
ALB,Williams,51.0,0 days 00:01:29.916000,MEDIUM,3.0,1,True,89.916,2024,Silverstone,R,15.77074829931973,27.670068027210885,0.3469387755102041,11,Late,1:29.916,4.230769230769226,802.2307692307693,5,0.37406186214476445,6.6,38.738928995997846
ALB,Williams,52.0,0 days 00:01:29.718000,MEDIUM,3.0,1,True,89.718,2024,Silverstone,R,15.77074829931973,27.670068027210885,0.3469387755102041,12,Late,1:29.718,2.115384615384613,800.1153846153846,5,0.3989323284660071,7.199999999999999,39.4881517939253
ALO,Aston Martin,2.0,0 days 00:01:33.202000,MEDIUM,1.0,1,True,93.202,2024,Silverstone,R,15.77074829931973,27.670068027210885,0.3469387755102041,0,Early,1:33.202,107.88461538461539,905.8846153846154,5,-0.03868739205526676,0.0,29.66243347079765
ALO,Aston Martin,3.0,0 days 00:01:32.951000,MEDIUM,1.0,1,True,92.951,2024,Silverstone,R,15.77074829931973,27.670068027210885,0.3469387755102041,1,Early,1:32.951,105.76923076923077,903.7692307692307,5,-0.007159679698538282,0.6,30.45159974493803
ALO,Aston Martin,4.0,0 days 00:01:33.192000,MEDIUM,1.0,1,True,93.192,2024,Silverstone,R,15.77074829931973,27.670068027210885,0.3469387755102041,2,Early,1:33.192,103.65384615384616,901.6538461538462,5,-0.03743130789762755,1.2,30.869969975743494
ALO,Aston Martin,5.0,0 days 00:01:32.617000,MEDIUM,1.0,1,True,92.617,2024,Silverstone,R,15.77074829931973,27.670068027210885,0.3469387755102041,3,Early,1:32.617,101.53846153846153,899.5384615384615,5,0.03479353116658826,1.7999999999999998,31.903319010128783
ALO,Aston Martin,6.0,0 days 00:01:32.673000,MEDIUM,1.0,1,True,92.673,2024,Silverstone,R,15.77074829931973,27.670068027210885,0.3469387755102041,4,Early,1:32.673,99.42307692307692,897.4230769230769,5,0.02775945988381265,2.4,32.46111458243213
ALO,Aston Martin,7.0,0 days 00:01:32.712000,MEDIUM,1.0,1,True,92.712,2024,Silverstone,R,15.77074829931973,27.670068027210885,0.3469387755102041,5,Early,1:32.712,97.3076923076923,895.3076923076923,5,0.022860731669022076,3.0,33.03172221314339
ALO,Aston Martin,8.0,0 days 00:01:32.496000,MEDIUM,1.0,1,True,92.496,2024,Silverstone,R,15.77074829931973,27.670068027210885,0.3469387755102041,6,Early,1:32.496,95.1923076923077,893.1923076923077,5,0.049992149474016014,3.5999999999999996,33.79451071997335
ALO,Aston Martin,9.0,0 days 00:01:32.579000,MEDIUM,1.0,1,True,92.579,2024,Silverstone,R,15.77074829931973,27.670068027210885,0.3469387755102041,7,Early,1:32.579,93.07692307692308,891.0769230769231,5,0.03956665096561616,4.2,34.33195772892295
ALO,Aston Martin,10.0,0 days 00:01:32.741000,MEDIUM,1.0,1,True,92.741,2024,Silverstone,R,15.77074829931973,27.670068027210885,0.3469387755102041,8,Early,1:32.741,90.96153846153845,888.9615384615385,5,0.01921808761187071,4.8,34.809866348800476
ALO,Aston Martin,11.0,0 days 00:01:32.548000,MEDIUM,1.0,1,True,92.548,2024,Silverstone,R,15.77074829931973,27.670068027210885,0.3469387755102041,9,Early,1:32.548,88.84615384615384,886.8461538461538,5,0.043460511854294656,5.3999999999999995,35.55532089425502
ALO,Aston Martin,12.0,0 days 00:01:32.427000,MEDIUM,1.0,1,True,92.427,2024,Silverstone,R,15.77074829931973,27.670068027210885,0.3469387755102041,10,Early,1:32.427,86.73076923076923,884.7307692307693,5,0.05865913016172063,6.0,36.24651260409958
ALO,Aston Martin,13.0,0 days 00:01:32.517000,MEDIUM,1.0,1,True,92.517,2024,Silverstone,R,15.77074829931973,27.670068027210885,0.3469387755102041,11,Early,1:32.517,84.61538461538461,882.6153846153846,5,0.04735437274297494,6.6,36.77868405958711
ALO,Aston Martin,14.0,0 days 00:01:32.383000,MEDIUM,1.0,1,True,92.383,2024,Silverstone,R,15.77074829931973,27.670068027210885,0.3469387755102041,12,Early,1:32.383,82.5,880.5,5,0.0641859004553317,7.199999999999999,37.47967322586125
ALO,Aston Martin,15.0,0 days 00:01:32.259000,MEDIUM,1.0,1,True,92.259,2024,Silverstone,R,15.77074829931973,27.670068027210885,0.3469387755102041,13,Early,1:32.259,80.38461538461539,878.3846153846154,5,0.07976134401004925,7.8,38.17312588718955
ALO,Aston Martin,16.0,0 days 00:01:32.590000,MEDIUM,1.0,1,True,92.59,2024,Silverstone,R,15.77074829931973,27.670068027210885,0.3469387755102041,14,Early,1:32.590,78.26923076923077,876.2692307692307,5,0.038184958392212504,8.4,38.52366757348253
ALO,Aston Martin,17.0,0 days 00:01:35.014000,MEDIUM,1.0,1,True,95.014,2024,Silverstone,R,15.77074829931973,27.670068027210885,0.3469387755102041,15,Early,1:35.014,76.15384615384616,874.1538461538462,5,-0.2662898414193737,9.0,37.296818774613016
ALO,Aston Martin,18.0,0 days 00:01:35.880000,MEDIUM,1.0,1,True,95.88,2024,Silverstone,R,15.77074829931973,27.670068027210885,0.3469387755102041,16,Mid,1:35.880,74.03846153846155,872.0384615384615,5,-0.375066729470873,9.6,37.244157446304015
ALO,Aston Martin,19.0,0 days 00:01:47.270000,MEDIUM,1.0,1,True,107.27,2024,Silverstone,R,15.77074829931973,27.670068027210885,0.3469387755102041,17,Mid,1:47.270,71.92307692307692,869.9230769230769,5,-1.0,10.0,33.894557823129254
ALO,Aston Martin,20.0,0 days 00:01:36.480000,MEDIUM,1.0,1,True,96.48,2024,Silverstone,R,15.77074829931973,27.670068027210885,0.3469387755102041,18,Mid,1:36.480,69.8076923076923,867.8076923076923,5,-0.4504317789291877,10.0,37.19196714955413
ALO,Aston Martin,21.0,0 days 00:01:32.999000,MEDIUM,1.0,1,True,92.999,2024,Silverstone,R,15.77074829931973,27.670068027210885,0.3469387755102041,19,Mid,1:32.999,67.6923076923077,865.6923076923077,5,-0.013188883655203602,10.0,39.81542452119803
ALO,Aston Martin,22.0,0 days 00:01:32.673000,MEDIUM,1.0,1,True,92.673,2024,Silverstone,R,15.77074829931973,27.670068027210885,0.3469387755102041,20,Mid,1:32.673,65.57692307692307,863.5769230769231,5,0.02775945988381265,10.0,40.06111458243213
ALO,Aston Martin,23.0,0 days 00:01:32.593000,MEDIUM,1.0,1,True,92.593,2024,Silverstone,R,15.77074829931973,27.670068027210885,0.3469387755102041,21,Mid,1:32.593,63.46153846153846,861.4615384615385,5,0.03780813314492092,10.0,40.12140662199878
ALO,Aston Martin,24.0,0 days 00:01:34.088000,MEDIUM,1.0,1,True,94.088,2024,Silverstone,R,15.77074829931973,27.670068027210885,0.3469387755102041,22,Mid,1:34.088,61.34615384615385,859.3461538461538,5,-0.1499764484220427,10.0,38.994699132597
ALO,Aston Martin,25.0,0 days 00:01:35.687000,MEDIUM,1.0,1,True,95.687,2024,Silverstone,R,15.77074829931973,27.670068027210885,0.3469387755102041,23,Mid,1:35.687,59.230769230769226,857.2307692307693,5,-0.35082430522844904,10.0,37.78961199175856
ALO,Aston Martin,26.0,0 days 00:01:43.618000,MEDIUM,1.0,1,True,103.618,2024,Silverstone,R,15.77074829931973,27.670068027210885,0.3469387755102041,24,Mid,1:43.618,57.11538461538461,855.1153846153846,5,-1.0,10.0,33.894557823129254
ALO,Aston Martin,29.0,0 days 00:01:43.072000,INTERMEDIATE,2.0,1,True,103.072,2024,Silverstone,R,15.77074829931973,27.670068027210885,0.3469387755102041,0,Mid,1:43.072,50.76923076923077,848.7692307692307,3,-1.0,0.0,21.89455782312925
ALO,Aston Martin,30.0,0 days 00:01:42.577000,INTERMEDIATE,2.0,1,True,102.577,2024,Silverstone,R,15.77074829931973,27.670068027210885,0.3469387755102041,1,Mid,1:42.577,48.65384615384615,846.6538461538462,3,-1.0,0.6,22.494557823129252
ALO,Aston Martin,31.0,0 days 00:01:42.796000,INTERMEDIATE,2.0,1,True,102.796,2024,Silverstone,R,15.77074829931973,27.670068027210885,0.3469387755102041,2,Mid,1:42.796,46.53846153846154,844.5384615384615,3,-1.0,1.2,23.09455782312925
ALO,Aston Martin,32.0,0 days 00:01:43.690000,INTERMEDIATE,2.0,1,True,103.69,2024,Silverstone,R,15.77074829931973,27.670068027210885,0.3469387755102041,3,Mid,1:43.690,44.42307692307692,842.4230769230769,3,-1.0,1.7999999999999998,23.69455782312925
ALO,Aston Martin,33.0,0 days 00:01:44.262000,INTERMEDIATE,2.0,1,True,104.262,2024,Silverstone,R,15.77074829931973,27.670068027210885,0.3469387755102041,4,Mid,1:44.262,42.30769230769231,840.3076923076923,3,-1.0,2.4,24.294557823129253
ALO,Aston Martin,34.0,0 days 00:01:44.375000,INTERMEDIATE,2.0,1,True,104.375,2024,Silverstone,R,15.77074829931973,27.670068027210885,0.3469387755102041,5,Mid,1:44.375,40.19230769230769,838.1923076923077,3,-1.0,3.0,24.894557823129254
ALO,Aston Martin,35.0,0 days 00:01:44.251000,INTERMEDIATE,2.0,1,True,104.251,2024,Silverstone,R,15.77074829931973,27.670068027210885,0.3469387755102041,6,Late,1:44.251,38.07692307692308,836.0769230769231,3,-1.0,3.5999999999999996,25.49455782312925
ALO,Aston Martin,36.0,0 days 00:01:42.513000,INTERMEDIATE,2.0,1,True,102.513,2024,Silverstone,R,15.77074829931973,27.670068027210885,0.3469387755102041,7,Late,1:42.513,35.96153846153847,833.9615384615385,3,-1.0,4.2,26.09455782312925
ALO,Aston Martin,37.0,0 days 00:01:40.747000,INTERMEDIATE,2.0,1,True,100.747,2024,Silverstone,R,15.77074829931973,27.670068027210885,0.3469387755102041,8,Late,1:40.747,33.84615384615384,831.8461538461538,3,-0.986402888993561,4.8,26.776140489167886
ALO,Aston Martin,40.0,0 days 00:01:31.146000,MEDIUM,3.0,1,True,91.146,2024,Silverstone,R,15.77074829931973,27.670068027210885,0.3469387755102041,0,Late,1:31.146,27.5,825.5,5,0.219563510755221,0.0,31.21193888766058
ALO,Aston Martin,41.0,0 days 00:01:30.594000,MEDIUM,3.0,1,True,90.594,2024,Silverstone,R,15.77074829931973,27.670068027210885,0.3469387755102041,1,Late,1:30.594,25.384615384615387,823.3846153846154,5,0.2888993562568704,0.6,32.227953960670476
ALO,Aston Martin,42.0,0 days 00:01:30.167000,MEDIUM,3.0,1,True,90.167,2024,Silverstone,R,15.77074829931973,27.670068027210885,0.3469387755102041,2,Late,1:30.167,23.269230769230774,821.2692307692307,5,0.342534149788036,1.2,33.14976272185747
ALO,Aston Martin,43.0,0 days 00:01:30.098000,MEDIUM,3.0,1,True,90.098,2024,Silverstone,R,15.77074829931973,27.670068027210885,0.3469387755102041,3,Late,1:30.098,21.153846153846146,819.1538461538462,5,0.35120113047574236,1.7999999999999998,33.801764605983706
ALO,Aston Martin,44.0,0 days 00:01:29.930000,MEDIUM,3.0,1,True,89.93,2024,Silverstone,R,15.77074829931973,27.670068027210885,0.3469387755102041,4,Late,1:29.930,19.038461538461533,817.0384615384615,5,0.3723033443240692,2.4,34.52837788907367
ALO,Aston Martin,45.0,0 days 00:01:29.871000,MEDIUM,3.0,1,True,89.871,2024,Silverstone,R,15.77074829931973,27.670068027210885,0.3469387755102041,5,Late,1:29.871,16.92307692307692,814.9230769230769,5,0.3797142408541382,3.0,35.172843268254084
ALO,Aston Martin,46.0,0 days 00:01:29.753000,MEDIUM,3.0,1,True,89.753,2024,Silverstone,R,15.77074829931973,27.670068027210885,0.3469387755102041,6,Late,1:29.753,14.807692307692307,812.8076923076923,5,0.3945360339142726,3.5999999999999996,35.86177402661489
ALO,Aston Martin,47.0,0 days 00:01:29.710000,MEDIUM,3.0,1,True,89.71,2024,Silverstone,R,15.77074829931973,27.670068027210885,0.3469387755102041,7,Late,1:29.710,12.692307692307693,810.6923076923077,5,0.3999371957921192,4.2,36.494180997881976
ALO,Aston Martin,48.0,0 days 00:01:30.114000,MEDIUM,3.0,1,True,90.114,2024,Silverstone,R,15.77074829931973,27.670068027210885,0.3469387755102041,8,Late,1:30.114,10.57692307692308,808.5769230769231,5,0.34919139582352005,4.8,36.78970619807037
ALO,Aston Martin,49.0,0 days 00:01:30.700000,MEDIUM,3.0,1,True,90.7,2024,Silverstone,R,15.77074829931973,27.670068027210885,0.3469387755102041,9,Late,1:30.700,8.461538461538453,806.4615384615385,5,0.27558486418590056,5.3999999999999995,36.94806700824466
ALO,Aston Martin,50.0,0 days 00:01:30.727000,MEDIUM,3.0,1,True,90.727,2024,Silverstone,R,15.77074829931973,27.670068027210885,0.3469387755102041,10,Late,1:30.727,6.34615384615384,804.3461538461538,5,0.2721934369602763,6.0,37.527718444890915
ALO,Aston Martin,51.0,0 days 00:01:30.592000,MEDIUM,3.0,1,True,90.592,2024,Silverstone,R,15.77074829931973,27.670068027210885,0.3469387755102041,11,Late,1:30.592,4.230769230769226,802.2307692307693,5,0.28915057308839753,6.6,38.229461261659644
ALO,Aston Martin,52.0,0 days 00:01:31.430000,MEDIUM,3.0,1,True,91.43,2024,Silverstone,R,15.77074829931973,27.670068027210885,0.3469387755102041,12,Late,1:31.430,2.115384615384613,800.1153846153846,5,0.18389072067828513,7.199999999999999,38.19790214719897
BOT,Kick Sauber,2.0,0 days 00:01:35.368000,MEDIUM,1.0,1,True,95.368,2024,Silverstone,R,15.77074829931973,27.670068027210885,0.3469387755102041,0,Early,1:35.368,107.88461538461539,905.8846153846154,5,-0.3107552205997786,0.0,28.03002649953058
BOT,Kick Sauber,3.0,0 days 00:01:34.447000,MEDIUM,1.0,1,True,94.447,2024,Silverstone,R,15.77074829931973,27.670068027210885,0.3469387755102041,1,Early,1:34.447,105.76923076923077,903.7692307692307,5,-0.19506986968126813,0.6,29.324138605041647
BOT,Kick Sauber,4.0,0 days 00:01:34.322000,MEDIUM,1.0,1,True,94.322,2024,Silverstone,R,15.77074829931973,27.670068027210885,0.3469387755102041,2,Early,1:34.322,103.65384615384616,901.6538461538462,5,-0.17936881771078614,1.2,30.018344916864542
BOT,Kick Sauber,5.0,0 days 00:01:33.768000,MEDIUM,1.0,1,True,93.768,2024,Silverstone,R,15.77074829931973,27.670068027210885,0.3469387755102041,3,Early,1:33.768,101.53846153846153,899.5384615384615,5,-0.1097817553776096,1.7999999999999998,31.035867290863592
BOT,Kick Sauber,6.0,0 days 00:01:33.460000,MEDIUM,1.0,1,True,93.46,2024,Silverstone,R,15.77074829931973,27.670068027210885,0.3469387755102041,4,Early,1:33.460,99.42307692307692,897.4230769230769,5,-0.07109436332234106,2.4,31.867991643195204
BOT,Kick Sauber,7.0,0 days 00:01:33.648000,MEDIUM,1.0,1,True,93.648,2024,Silverstone,R,15.77074829931973,27.670068027210885,0.3469387755102041,5,Early,1:33.648,97.3076923076923,895.3076923076923,5,-0.09470874548594631,3.0,32.32630535021357
BOT,Kick Sauber,8.0,0 days 00:01:33.561000,MEDIUM,1.0,1,True,93.561,2024,Silverstone,R,15.77074829931973,27.670068027210885,0.3469387755102041,6,Early,1:33.561,95.1923076923077,893.1923076923077,5,-0.0837808133144922,3.5999999999999996,32.9918729432423
BOT,Kick Sauber,9.0,0 days 00:01:33.645000,MEDIUM,1.0,1,True,93.645,2024,Silverstone,R,15.77074829931973,27.670068027210885,0.3469387755102041,7,Early,1:33.645,93.07692307692308,891.0769230769231,5,-0.09433192023865472,4.2,33.52856630169733
BOT,Kick Sauber,10.0,0 days 00:01:33.787000,MEDIUM,1.0,1,True,93.787,2024,Silverstone,R,15.77074829931973,27.670068027210885,0.3469387755102041,8,Early,1:33.787,90.96153846153845,888.9615384615385,5,-0.11216831527712355,4.8,34.02154793146651
BOT,Kick Sauber,11.0,0 days 00:01:33.561000,MEDIUM,1.0,1,True,93.561,2024,Silverstone,R,15.77074829931973,27.670068027210885,0.3469387755102041,9,Early,1:33.561,88.84615384615384,886.8461538461538,5,-0.0837808133144922,5.3999999999999995,34.791872943242296
BOT,Kick Sauber,12.0,0 days 00:01:33.269000,MEDIUM,1.0,1,True,93.269,2024,Silverstone,R,15.77074829931973,27.670068027210885,0.3469387755102041,10,Early,1:33.269,86.73076923076923,884.7307692307693,5,-0.047103155911446024,6.0,35.61193888766058
BOT,Kick Sauber,13.0,0 days 00:01:33.650000,MEDIUM,1.0,1,True,93.65,2024,Silverstone,R,15.77074829931973,27.670068027210885,0.3469387755102041,11,Early,1:33.650,84.61538461538461,882.6153846153846,5,-0.09495996231747522,6.6,35.92479804922441
BOT,Kick Sauber,14.0,0 days 00:01:33.156000,MEDIUM,1.0,1,True,93.156,2024,Silverstone,R,15.77074829931973,27.670068027210885,0.3469387755102041,12,Early,1:33.156,82.5,880.5,5,-0.03290940493013035,7.199999999999999,36.897101393548475
BOT,Kick Sauber,15.0,0 days 00:01:33.228000,MEDIUM,1.0,1,True,93.228,2024,Silverstone,R,15.77074829931973,27.670068027210885,0.3469387755102041,13,Early,1:33.228,80.38461538461539,878.3846153846154,5,-0.041953210865126545,7.8,37.442838557938494
BOT,Kick Sauber,16.0,0 days 00:01:33.967000,MEDIUM,1.0,1,True,93.967,2024,Silverstone,R,15.77074829931973,27.670068027210885,0.3469387755102041,14,Early,1:33.967,78.26923076923077,876.2692307692307,5,-0.13477783011461672,8.4,37.485890842441556
BOT,Kick Sauber,17.0,0 days 00:01:35.498000,MEDIUM,1.0,1,True,95.498,2024,Silverstone,R,15.77074829931973,27.670068027210885,0.3469387755102041,15,Early,1:35.498,76.15384615384616,874.1538461538462,5,-0.3270843146490811,9.0,36.93205193523477
BOT,Kick Sauber,18.0,0 days 00:01:36.075000,MEDIUM,1.0,1,True,96.075,2024,Silverstone,R,15.77074829931973,27.670068027210885,0.3469387755102041,16,Mid,1:36.075,74.03846153846155,872.0384615384615,5,-0.39956037054482585,9.6,37.0971955998603
BOT,Kick Sauber,19.0,0 days 00:01:44.426000,MEDIUM,1.0,1,True,104.426,2024,Silverstone,R,15.77074829931973,27.670068027210885,0.3469387755102041,17,Mid,1:44.426,71.92307692307692,869.9230769230769,5,-1.0,10.0,33.894557823129254
BOT,Kick Sauber,20.0,0 days 00:01:38.542000,MEDIUM,1.0,1,True,98.542,2024,Silverstone,R,15.77074829931973,27.670068027210885,0.3469387755102041,18,Mid,1:38.542,69.8076923076923,867.8076923076923,5,-0.7094363322342586,10.0,35.6379398297237
BOT,Kick Sauber,21.0,0 days 00:01:35.235000,MEDIUM,1.0,1,True,95.235,2024,Silverstone,R,15.77074829931973,27.670068027210885,0.3469387755102041,19,Mid,1:35.235,67.6923076923077,865.6923076923077,5,-0.2940493013031863,10.0,38.13026201531014
BOT,Kick Sauber,22.0,0 days 00:01:34.030000,MEDIUM,1.0,1,True,94.03,2024,Silverstone,R,15.77074829931973,27.670068027210885,0.3469387755102041,20,Mid,1:34.030,65.57692307692307,863.5769230769231,5,-0.14269116030773996,10.0,39.03841086128281
BOT,Kick Sauber,23.0,0 days 00:01:34.076000,MEDIUM,1.0,1,True,94.076,2024,Silverstone,R,15.77074829931973,27.670068027210885,0.3469387755102041,21,Mid,1:34.076,63.46153846153846,861.4615384615385,5,-0.14846914743287637,10.0,39.003742938532
BOT,Kick Sauber,24.0,0 days 00:01:37.350000,MEDIUM,1.0,1,True,97.35,2024,Silverstone,R,15.77074829931973,27.670068027210885,0.3469387755102041,22,Mid,1:37.350,61.34615384615385,859.3461538461538,5,-0.5597111006437413,10.0,36.53629121926681
BOT,Kick Sauber,25.0,0 days 00:01:39.761000,MEDIUM,1.0,1,True,99.761,2024,Silverstone,R,15.77074829931973,27.670068027210885,0.3469387755102041,23,Mid,1:39.761,59.230769230769226,857.2307692307693,5,-0.8625529910503984,10.0,34.71923987682686
BOT,Kick Sauber,28.0,0 days 00:01:42.562000,INTERMEDIATE,2.0,1,True,102.562,2024,Silverstone,R,15.77074829931973,27.670068027210885,0.3469387755102041,0,Mid,1:42.562,52.88461538461539,850.8846153846154,3,-1.0,0.0,21.89455782312925
BOT,Kick Sauber,29.0,0 days 00:01:43.302000,INTERMEDIATE,2.0,1,True,103.302,2024,Silverstone,R,15.77074829931973,27.670068027210885,0.3469387755102041,1,Mid,1:43.302,50.76923076923077,848.7692307692307,3,-1.0,0.6,22.494557823129252
BOT,Kick Sauber,30.0,0 days 00:01:43.472000,INTERMEDIATE,2.0,1,True,103.472,2024,Silverstone,R,15.77074829931973,27.670068027210885,0.3469387755102041,2,Mid,1:43.472,48.65384615384615,846.6538461538462,3,-1.0,1.2,23.09455782312925
BOT,Kick Sauber,31.0,0 days 00:01:44.510000,INTERMEDIATE,2.0,1,True,104.51,2024,Silverstone,R,15.77074829931973,27.670068027210885,0.3469387755102041,3,Mid,1:44.510,46.53846153846154,844.5384615384615,3,-1.0,1.7999999999999998,23.69455782312925
BOT,Kick Sauber,32.0,0 days 00:01:45.199000,INTERMEDIATE,2.0,1,True,105.199,2024,Silverstone,R,15.77074829931973,27.670068027210885,0.3469387755102041,4,Mid,1:45.199,44.42307692307692,842.4230769230769,3,-1.0,2.4,24.294557823129253
BOT,Kick Sauber,33.0,0 days 00:01:45.552000,INTERMEDIATE,2.0,1,True,105.552,2024,Silverstone,R,15.77074829931973,27.670068027210885,0.3469387755102041,5,Mid,1:45.552,42.30769230769231,840.3076923076923,3,-1.0,3.0,24.894557823129254
BOT,Kick Sauber,34.0,0 days 00:01:45.199000,INTERMEDIATE,2.0,1,True,105.199,2024,Silverstone,R,15.77074829931973,27.670068027210885,0.3469387755102041,6,Mid,1:45.199,40.19230769230769,838.1923076923077,3,-1.0,3.5999999999999996,25.49455782312925
BOT,Kick Sauber,35.0,0 days 00:01:45.476000,INTERMEDIATE,2.0,1,True,105.476,2024,Silverstone,R,15.77074829931973,27.670068027210885,0.3469387755102041,7,Late,1:45.476,38.07692307692308,836.0769230769231,3,-1.0,4.2,26.09455782312925
BOT,Kick Sauber,36.0,0 days 00:01:42.968000,INTERMEDIATE,2.0,1,True,102.968,2024,Silverstone,R,15.77074829931973,27.670068027210885,0.3469387755102041,8,Late,1:42.968,35.96153846153847,833.9615384615385,3,-1.0,4.8,26.69455782312925
BOT,Kick Sauber,39.0,0 days 00:01:37.114000,SOFT,3.0,1,True,97.114,2024,Silverstone,R,15.77074829931973,27.670068027210885,0.3469387755102041,0,Late,1:37.114,29.615384615384613,827.6153846153846,8,-0.5300675145234724,0.0,29.71415273598842
BOT,Kick Sauber,40.0,0 days 00:01:32.973000,SOFT,3.0,1,True,92.973,2024,Silverstone,R,15.77074829931973,27.670068027210885,0.3469387755102041,1,Late,1:32.973,27.5,825.5,8,-0.009923064845343816,0.6,33.435019434057196
BOT,Kick Sauber,41.0,0 days 00:01:33.344000,SOFT,3.0,1,True,93.344,2024,Silverstone,R,15.77074829931973,27.670068027210885,0.3469387755102041,2,Late,1:33.344,25.384615384615387,823.3846153846154,8,-0.056523787093733804,1.2,33.75541510056686
BOT,Kick Sauber,42.0,0 days 00:01:32.348000,SOFT,3.0,1,True,92.348,2024,Silverstone,R,15.77074829931973,27.670068027210885,0.3469387755102041,3,Late,1:32.348,23.269230769230774,821.2692307692307,8,0.06858219500706624,1.7999999999999998,35.10605099317165
BOT,Kick Sauber,43.0,0 days 00:01:31.732000,SOFT,3.0,1,True,91.732,2024,Silverstone,R,15.77074829931973,27.670068027210885,0.3469387755102041,4,Late,1:31.732,21.153846153846146,819.1538461538462,8,0.14595697911760153,2.4,36.170299697834864
BOT,Kick Sauber,44.0,0 days 00:01:31.277000,SOFT,3.0,1,True,91.277,2024,Silverstone,R,15.77074829931973,27.670068027210885,0.3469387755102041,5,Late,1:31.277,19.038461538461533,817.0384615384615,8,0.20310880829015582,3.0,37.11321067287019
BOT,Kick Sauber,45.0,0 days 00:01:33.159000,SOFT,3.0,1,True,93.159,2024,Silverstone,R,15.77074829931973,27.670068027210885,0.3469387755102041,6,Late,1:33.159,16.92307692307692,814.9230769230769,8,-0.03328623017742193,3.5999999999999996,36.294840442064725
BOT,Kick Sauber,46.0,0 days 00:01:31.396000,SOFT,3.0,1,True,91.396,2024,Silverstone,R,15.77074829931973,27.670068027210885,0.3469387755102041,7,Late,1:31.396,14.807692307692307,812.8076923076923,8,0.18816140681425697,4.2,38.2235262640148
BOT,Kick Sauber,47.0,0 days 00:01:31.431000,SOFT,3.0,1,True,91.431,2024,Silverstone,R,15.77074829931973,27.670068027210885,0.3469387755102041,8,Late,1:31.431,12.692307692307693,810.6923076923077,8,0.18376511226252246,4.8,38.79714849670439
BOT,Kick Sauber,48.0,0 days 00:01:32.006000,SOFT,3.0,1,True,92.006,2024,Silverstone,R,15.77074829931973,27.670068027210885,0.3469387755102041,9,Late,1:32.006,10.57692307692308,808.5769230769231,8,0.11154027319830485,5.3999999999999995,38.96379946231908
BOT,Kick Sauber,49.0,0 days 00:01:31.688000,SOFT,3.0,1,True,91.688,2024,Silverstone,R,15.77074829931973,27.670068027210885,0.3469387755102041,10,Late,1:31.688,8.461538461538453,806.4615384615385,8,0.15148374941121082,6.0,39.80346031959652
BOT,Kick Sauber,50.0,0 days 00:01:32.320000,SOFT,3.0,1,True,92.32,2024,Silverstone,R,15.77074829931973,27.670068027210885,0.3469387755102041,11,Late,1:32.320,6.34615384615384,804.3461538461538,8,0.07209923064845493,6.6,39.927153207019984
BOT,Kick Sauber,51.0,0 days 00:01:32.217000,SOFT,3.0,1,True,92.217,2024,Silverstone,R,15.77074829931973,27.670068027210885,0.3469387755102041,12,Late,1:32.217,4.230769230769226,802.2307692307693,8,0.0850368974721314,7.199999999999999,40.604779207962046
HAM,Mercedes,2.0,0 days 00:01:31.420000,MEDIUM,1.0,1,True,91.42,2024,Silverstone,R,15.77074829931973,27.670068027210885,0.3469387755102041,0,Early,1:31.420,107.88461538461539,905.8846153846154,5,0.18514680483592433,0.0,31.005438652144797
HAM,Mercedes,3.0,0 days 00:01:31.716000,MEDIUM,1.0,1,True,91.716,2024,Silverstone,R,15.77074829931973,27.670068027210885,0.3469387755102041,1,Early,1:31.716,105.76923076923077,903.7692307692307,5,0.1479667137698239,0.6,31.382358105748196
HAM,Mercedes,4.0,0 days 00:01:31.988000,MEDIUM,1.0,1,True,91.988,2024,Silverstone,R,15.77074829931973,27.670068027210885,0.3469387755102041,2,Early,1:31.988,103.65384615384616,901.6538461538462,5,0.11380122468205434,1.2,31.777365171221582
HAM,Mercedes,5.0,0 days 00:01:31.677000,MEDIUM,1.0,1,True,91.677,2024,Silverstone,R,15.77074829931973,27.670068027210885,0.3469387755102041,3,Early,1:31.677,101.53846153846153,899.5384615384615,5,0.1528654419846127,1.7999999999999998,32.61175047503693
HAM,Mercedes,6.0,0 days 00:01:31.746000,MEDIUM,1.0,1,True,91.746,2024,Silverstone,R,15.77074829931973,27.670068027210885,0.3469387755102041,4,Early,1:31.746,99.42307692307692,897.4230769230769,5,0.14419846129690808,2.4,33.1597485909107
HAM,Mercedes,7.0,0 days 00:01:31.675000,MEDIUM,1.0,1,True,91.675,2024,Silverstone,R,15.77074829931973,27.670068027210885,0.3469387755102041,5,Early,1:31.675,97.3076923076923,895.3076923076923,5,0.1531166588161416,3.0,33.813257776026106
HAM,Mercedes,8.0,0 days 00:01:31.760000,MEDIUM,1.0,1,True,91.76,2024,Silverstone,R,15.77074829931973,27.670068027210885,0.3469387755102041,6,Early,1:31.760,95.1923076923077,893.1923076923077,5,0.14243994347621283,3.5999999999999996,34.349197483986536
HAM,Mercedes,9.0,0 days 00:01:31.564000,MEDIUM,1.0,1,True,91.564,2024,Silverstone,R,15.77074829931973,27.670068027210885,0.3469387755102041,7,Early,1:31.564,93.07692307692308,891.0769230769231,5,0.16705919296593014,4.2,35.096912980924834
HAM,Mercedes,10.0,0 days 00:01:31.515000,MEDIUM,1.0,1,True,91.515,2024,Silverstone,R,15.77074829931973,27.670068027210885,0.3469387755102041,8,Early,1:31.515,90.96153846153845,888.9615384615385,5,0.17321400533835812,4.8,35.7338418551594
HAM,Mercedes,11.0,0 days 00:01:31.487000,MEDIUM,1.0,1,True,91.487,2024,Silverstone,R,15.77074829931973,27.670068027210885,0.3469387755102041,9,Early,1:31.487,88.84615384615384,886.8461538461538,5,0.17673104097974685,5.3999999999999995,36.354944069007736
HAM,Mercedes,12.0,0 days 00:01:31.563000,MEDIUM,1.0,1,True,91.563,2024,Silverstone,R,15.77074829931973,27.670068027210885,0.3469387755102041,10,Early,1:31.563,86.73076923076923,884.7307692307693,5,0.1671848013816928,6.0,36.89766663141941
HAM,Mercedes,13.0,0 days 00:01:31.881000,MEDIUM,1.0,1,True,91.881,2024,Silverstone,R,15.77074829931973,27.670068027210885,0.3469387755102041,11,Early,1:31.881,84.61538461538461,882.6153846153846,5,0.12724132516878686,6.6,37.25800577414198
HAM,Mercedes,14.0,0 days 00:01:31.609000,MEDIUM,1.0,1,True,91.609,2024,Silverstone,R,15.77074829931973,27.670068027210885,0.3469387755102041,12,Early,1:31.609,82.5,880.5,5,0.1614068142565564,7.199999999999999,38.062998708668594
HAM,Mercedes,15.0,0 days 00:01:31.563000,MEDIUM,1.0,1,True,91.563,2024,Silverstone,R,15.77074829931973,27.670068027210885,0.3469387755102041,13,Early,1:31.563,80.38461538461539,878.3846153846154,5,0.1671848013816928,7.8,38.69766663141941
HAM,Mercedes,16.0,0 days 00:01:31.931000,MEDIUM,1.0,1,True,91.931,2024,Silverstone,R,15.77074829931973,27.670068027210885,0.3469387755102041,14,Early,1:31.931,78.26923076923077,876.2692307692307,5,0.12096090438059441,8.4,39.02032324941282
HAM,Mercedes,17.0,0 days 00:01:33.721000,MEDIUM,1.0,1,True,93.721,2024,Silverstone,R,15.77074829931973,27.670068027210885,0.3469387755102041,15,Early,1:33.721,76.15384615384616,874.1538461538462,5,-0.10387815983670874,9.0,38.271288864109
HAM,Mercedes,18.0,0 days 00:01:35.071000,MEDIUM,1.0,1,True,95.071,2024,Silverstone,R,15.77074829931973,27.670068027210885,0.3469387755102041,16,Mid,1:35.071,74.03846153846155,872.0384615384615,5,-0.2734495211179137,9.6,37.853860696421776
HAM,Mercedes,19.0,0 days 00:01:43.711000,MEDIUM,1.0,1,True,103.711,2024,Silverstone,R,15.77074829931973,27.670068027210885,0.3469387755102041,17,Mid,1:43.711,71.92307692307692,869.9230769230769,5,-1.0,10.0,33.894557823129254
HAM,Mercedes,20.0,0 days 00:01:40.021000,MEDIUM,1.0,1,True,100.021,2024,Silverstone,R,15.77074829931973,27.670068027210885,0.3469387755102041,18,Mid,1:40.021,69.8076923076923,867.8076923076923,5,-0.8952111791490016,10.0,34.52329074823525
HAM,Mercedes,21.0,0 days 00:01:32.156000,MEDIUM,1.0,1,True,92.156,2024,Silverstone,R,15.77074829931973,27.670068027210885,0.3469387755102041,19,Mid,1:32.156,67.6923076923077,865.6923076923077,5,0.09269901083372573,10.0,40.450751888131606
HAM,Mercedes,22.0,0 days 00:01:31.095000,MEDIUM,1.0,1,True,91.095,2024,Silverstone,R,15.77074829931973,27.670068027210885,0.3469387755102041,20,Mid,1:31.095,65.57692307692307,863.5769230769231,5,0.2259695399591779,10.0,41.25037506288432
HAM,Mercedes,23.0,0 days 00:01:31.107000,MEDIUM,1.0,1,True,91.107,2024,Silverstone,R,15.77074829931973,27.670068027210885,0.3469387755102041,21,Mid,1:31.107,63.46153846153846,861.4615384615385,5,0.22446223897001158,10.0,41.24133125694932
HAM,Mercedes,24.0,0 days 00:01:31.635000,MEDIUM,1.0,1,True,91.635,2024,Silverstone,R,15.77074829931973,27.670068027210885,0.3469387755102041,22,Mid,1:31.635,61.34615384615385,859.3461538461538,5,0.15814099544669483,10.0,40.84340379580942
HAM,Mercedes,25.0,0 days 00:01:34.988000,MEDIUM,1.0,1,True,94.988,2024,Silverstone,R,15.77074829931973,27.670068027210885,0.3469387755102041,23,Mid,1:34.988,59.230769230769226,857.2307692307693,5,-0.26302402260951385,10.0,38.31641368747217
HAM,Mercedes,26.0,0 days 00:01:40.792000,MEDIUM,1.0,1,True,100.792,2024,Silverstone,R,15.77074829931973,27.670068027210885,0.3469387755102041,24,Mid,1:40.792,57.11538461538461,855.1153846153846,5,-0.9920552677029347,10.0,33.94222621691164
HAM,Mercedes,29.0,0 days 00:01:40.420000,INTERMEDIATE,2.0,1,True,100.42,2024,Silverstone,R,15.77074829931973,27.670068027210885,0.3469387755102041,0,Mid,1:40.420,50.76923076923077,848.7692307692307,3,-0.9453289370387803,0.0,22.22258420089657
HAM,Mercedes,30.0,0 days 00:01:40.467000,INTERMEDIATE,2.0,1,True,100.467,2024,Silverstone,R,15.77074829931973,27.670068027210885,0.3469387755102041,1,Mid,1:40.467,48.65384615384615,846.6538461538462,3,-0.9512325325796812,0.6,22.787162627651163
HAM,Mercedes,31.0,0 days 00:01:41.538000,INTERMEDIATE,2.0,1,True,101.538,2024,Silverstone,R,15.77074829931973,27.670068027210885,0.3469387755102041,2,Mid,1:41.538,46.53846153846154,844.5384615384615,3,-1.0,1.2,23.09455782312925
HAM,Mercedes,32.0,0 days 00:01:42.475000,INTERMEDIATE,2.0,1,True,102.475,2024,Silverstone,R,15.77074829931973,27.670068027210885,0.3469387755102041,3,Mid,1:42.475,44.42307692307692,842.4230769230769,3,-1.0,1.7999999999999998,23.69455782312925
HAM,Mercedes,33.0,0 days 00:01:42.435000,INTERMEDIATE,2.0,1,True,102.435,2024,Silverstone,R,15.77074829931973,27.670068027210885,0.3469387755102041,4,Mid,1:42.435,42.30769230769231,840.3076923076923,3,-1.0,2.4,24.294557823129253
HAM,Mercedes,34.0,0 days 00:01:42.757000,INTERMEDIATE,2.0,1,True,102.757,2024,Silverstone,R,15.77074829931973,27.670068027210885,0.3469387755102041,5,Mid,1:42.757,40.19230769230769,838.1923076923077,3,-1.0,3.0,24.894557823129254
HAM,Mercedes,35.0,0 days 00:01:42.271000,INTERMEDIATE,2.0,1,True,102.271,2024,Silverstone,R,15.77074829931973,27.670068027210885,0.3469387755102041,6,Late,1:42.271,38.07692307692308,836.0769230769231,3,-1.0,3.5999999999999996,25.49455782312925
HAM,Mercedes,36.0,0 days 00:01:41.924000,INTERMEDIATE,2.0,1,True,101.924,2024,Silverstone,R,15.77074829931973,27.670068027210885,0.3469387755102041,7,Late,1:41.924,35.96153846153847,833.9615384615385,3,-1.0,4.2,26.09455782312925
HAM,Mercedes,37.0,0 days 00:01:39.711000,INTERMEDIATE,2.0,1,True,99.711,2024,Silverstone,R,15.77074829931973,27.670068027210885,0.3469387755102041,8,Late,1:39.711,33.84615384615384,831.8461538461538,3,-0.8562725702622059,4.8,27.556922401556015
HAM,Mercedes,40.0,0 days 00:01:30.318000,SOFT,3.0,1,True,90.318,2024,Silverstone,R,15.77074829931973,27.670068027210885,0.3469387755102041,0,Late,1:30.318,27.5,825.5,8,0.3235672790076942,0.0,34.83596149717542
HAM,Mercedes,41.0,0 days 00:01:30.118000,SOFT,3.0,1,True,90.118,2024,Silverstone,R,15.77074829931973,27.670068027210885,0.3469387755102041,1,Late,1:30.118,25.384615384615387,823.3846153846154,8,0.34868896216046574,0.6,35.58669159609205
HAM,Mercedes,42.0,0 days 00:01:29.617000,SOFT,3.0,1,True,89.617,2024,Silverstone,R,15.77074829931973,27.670068027210885,0.3469387755102041,2,Late,1:29.617,23.269230769230774,821.2692307692307,8,0.4116187784581565,1.2,36.5642704938782
HAM,Mercedes,43.0,0 days 00:01:29.793000,SOFT,3.0,1,True,89.793,2024,Silverstone,R,15.77074829931973,27.670068027210885,0.3469387755102041,3,Late,1:29.793,21.153846153846146,819.1538461538462,8,0.38951169728371754,1.7999999999999998,37.03162800683155
HAM,Mercedes,44.0,0 days 00:01:29.697000,SOFT,3.0,1,True,89.697,2024,Silverstone,R,15.77074829931973,27.670068027210885,0.3469387755102041,4,Late,1:29.697,19.038461538461533,817.0384615384615,8,0.4015701051970482,2.4,37.703978454311546
HAM,Mercedes,45.0,0 days 00:01:29.438000,SOFT,3.0,1,True,89.438,2024,Silverstone,R,15.77074829931973,27.670068027210885,0.3469387755102041,5,Late,1:29.438,16.92307692307692,814.9230769230769,8,0.43410268487988696,3.0,38.499173932408574
HAM,Mercedes,46.0,0 days 00:01:29.641000,SOFT,3.0,1,True,89.641,2024,Silverstone,R,15.77074829931973,27.670068027210885,0.3469387755102041,6,Late,1:29.641,14.807692307692307,812.8076923076923,8,0.40860417647982383,3.5999999999999996,38.9461828820082
HAM,Mercedes,47.0,0 days 00:01:29.538000,SOFT,3.0,1,True,89.538,2024,Silverstone,R,15.77074829931973,27.670068027210885,0.3469387755102041,7,Late,1:29.538,12.692307692307693,810.6923076923077,8,0.4215418433035021,4.2,39.62380888295027
HAM,Mercedes,48.0,0 days 00:01:29.579000,SOFT,3.0,1,True,89.579,2024,Silverstone,R,15.77074829931973,27.670068027210885,0.3469387755102041,8,Late,1:29.579,10.57692307692308,808.5769230769231,8,0.41639189825718437,4.8,40.192909212672355
HAM,Mercedes,49.0,0 days 00:01:29.667000,SOFT,3.0,1,True,89.667,2024,Silverstone,R,15.77074829931973,27.670068027210885,0.3469387755102041,9,Late,1:29.667,8.461538461538453,806.4615384615385,8,0.405338357669964,5.3999999999999995,40.72658796914904
HAM,Mercedes,50.0,0 days 00:01:29.682000,SOFT,3.0,1,True,89.682,2024,Silverstone,R,15.77074829931973,27.670068027210885,0.3469387755102041,10,Late,1:29.682,6.34615384615384,804.3461538461538,8,0.4034542314335061,6.0,41.31528321173029
HAM,Mercedes,51.0,0 days 00:01:29.743000,SOFT,3.0,1,True,89.743,2024,Silverstone,R,15.77074829931973,27.670068027210885,0.3469387755102041,11,Late,1:29.743,4.230769230769226,802.2307692307693,8,0.3957921180719118,6.6,41.86931053156073
HAM,Mercedes,52.0,0 days 00:01:30.146000,SOFT,3.0,1,True,90.146,2024,Silverstone,R,15.77074829931973,27.670068027210885,0.3469387755102041,12,Late,1:30.146,2.115384615384613,800.1153846153846,8,0.3451719265190771,7.199999999999999,42.165589382243716
HUL,Haas F1 Team,2.0,0 days 00:01:32.844000,MEDIUM,1.0,1,True,92.844,2024,Silverstone,R,15.77074829931973,27.670068027210885,0.3469387755102041,0,Early,1:32.844,107.88461538461539,905.8846153846154,5,0.006280420788194231,0.0,29.932240347858418
HUL,Haas F1 Team,3.0,0 days 00:01:32.605000,MEDIUM,1.0,1,True,92.605,2024,Silverstone,R,15.77074829931973,27.670068027210885,0.3469387755102041,1,Early,1:32.605,105.76923076923077,903.7692307692307,5,0.03630083215575459,0.6,30.71236281606378
HUL,Haas F1 Team,4.0,0 days 00:01:32.563000,MEDIUM,1.0,1,True,92.563,2024,Silverstone,R,15.77074829931973,27.670068027210885,0.3469387755102041,2,Early,1:32.563,103.65384615384616,901.6538461538462,5,0.04157638561783675,1.2,31.34401613683628
HUL,Haas F1 Team,5.0,0 days 00:01:32.768000,MEDIUM,1.0,1,True,92.768,2024,Silverstone,R,15.77074829931973,27.670068027210885,0.3469387755102041,3,Early,1:32.768,101.53846153846153,899.5384615384615,5,0.015826660386246465,1.7999999999999998,31.789517785446733
HUL,Haas F1 Team,6.0,0 days 00:01:32.697000,MEDIUM,1.0,1,True,92.697,2024,Silverstone,R,15.77074829931973,27.670068027210885,0.3469387755102041,4,Early,1:32.697,99.42307692307692,897.4230769230769,5,0.024744857905479988,2.4,32.44302697056213
HUL,Haas F1 Team,7.0,0 days 00:01:32.733000,MEDIUM,1.0,1,True,92.733,2024,Silverstone,R,15.77074829931973,27.670068027210885,0.3469387755102041,5,Early,1:32.733,97.3076923076923,895.3076923076923,5,0.020222954937981,3.0,33.015895552757144
HUL,Haas F1 Team,8.0,0 days 00:01:32.802000,MEDIUM,1.0,1,True,92.802,2024,Silverstone,R,15.77074829931973,27.670068027210885,0.3469387755102041,6,Early,1:32.802,95.1923076923077,893.1923076923077,5,0.011555974250274601,3.5999999999999996,33.563893668630904
HUL,Haas F1 Team,9.0,0 days 00:01:32.396000,MEDIUM,1.0,1,True,92.396,2024,Silverstone,R,15.77074829931973,27.670068027210885,0.3469387755102041,7,Early,1:32.396,93.07692307692308,891.0769230769231,5,0.06255299105040091,4.2,34.46987576943166
HUL,Haas F1 Team,10.0,0 days 00:01:32.439000,MEDIUM,1.0,1,True,92.439,2024,Silverstone,R,15.77074829931973,27.670068027210885,0.3469387755102041,8,Early,1:32.439,90.96153846153845,888.9615384615385,5,0.05715182917255608,4.8,35.03746879816459
HUL,Haas F1 Team,11.0,0 days 00:01:32.428000,MEDIUM,1.0,1,True,92.428,2024,Silverstone,R,15.77074829931973,27.670068027210885,0.3469387755102041,9,Early,1:32.428,88.84615384615384,886.8461538461538,5,0.05853352174595796,5.3999999999999995,35.645758953605004
HUL,Haas F1 Team,12.0,0 days 00:01:32.401000,MEDIUM,1.0,1,True,92.401,2024,Silverstone,R,15.77074829931973,27.670068027210885,0.3469387755102041,10,Early,1:32.401,86.73076923076923,884.7307692307693,5,0.0619249489715822,6.0,36.26610751695875
HUL,Haas F1 Team,13.0,0 days 00:01:32.468000,MEDIUM,1.0,1,True,92.468,2024,Silverstone,R,15.77074829931973,27.670068027210885,0.3469387755102041,11,Early,1:32.468,84.61538461538461,882.6153846153846,5,0.05350918511540293,6.6,36.815612933821676
HUL,Haas F1 Team,14.0,0 days 00:01:32.621000,MEDIUM,1.0,1,True,92.621,2024,Silverstone,R,15.77074829931973,27.670068027210885,0.3469387755102041,12,Early,1:32.621,82.5,880.5,5,0.034291097503534006,7.199999999999999,37.30030440815046
HUL,Haas F1 Team,15.0,0 days 00:01:32.672000,MEDIUM,1.0,1,True,92.672,2024,Silverstone,R,15.77074829931973,27.670068027210885,0.3469387755102041,13,Early,1:32.672,80.38461538461539,878.3846153846154,5,0.027885068299577105,7.8,37.86186823292672
HUL,Haas F1 Team,16.0,0 days 00:01:33.194000,MEDIUM,1.0,1,True,93.194,2024,Silverstone,R,15.77074829931973,27.670068027210885,0.3469387755102041,14,Early,1:33.194,78.26923076923077,876.2692307692307,5,-0.037682524729156466,8.4,38.068462674754315
HUL,Haas F1 Team,17.0,0 days 00:01:35.447000,MEDIUM,1.0,1,True,95.447,2024,Silverstone,R,15.77074829931973,27.670068027210885,0.3469387755102041,15,Early,1:35.447,76.15384615384616,874.1538461538462,5,-0.3206782854451242,9.0,36.97048811045851
HUL,Haas F1 Team,18.0,0 days 00:01:35.834000,MEDIUM,1.0,1,True,95.834,2024,Silverstone,R,15.77074829931973,27.670068027210885,0.3469387755102041,16,Mid,1:35.834,74.03846153846155,872.0384615384615,5,-0.36928874234573655,9.6,37.278825369054836
HUL,Haas F1 Team,19.0,0 days 00:01:45.752000,MEDIUM,1.0,1,True,105.752,2024,Silverstone,R,15.77074829931973,27.670068027210885,0.3469387755102041,17,Mid,1:45.752,71.92307692307692,869.9230769230769,5,-1.0,10.0,33.894557823129254
HUL,Haas F1 Team,20.0,0 days 00:01:37.529000,MEDIUM,1.0,1,True,97.529,2024,Silverstone,R,15.77074829931973,27.670068027210885,0.3469387755102041,18,Mid,1:37.529,69.8076923076923,867.8076923076923,5,-0.5821950070654718,10.0,36.40138778073642
HUL,Haas F1 Team,21.0,0 days 00:01:32.649000,MEDIUM,1.0,1,True,92.649,2024,Silverstone,R,15.77074829931973,27.670068027210885,0.3469387755102041,19,Mid,1:32.649,67.6923076923077,865.6923076923077,5,0.03077406186214531,10.0,40.07920219430213
HUL,Haas F1 Team,22.0,0 days 00:01:32.233000,MEDIUM,1.0,1,True,92.233,2024,Silverstone,R,15.77074829931973,27.670068027210885,0.3469387755102041,20,Mid,1:32.233,65.57692307692307,863.5769230769231,5,0.08302716281990903,10.0,40.39272080004871
HUL,Haas F1 Team,23.0,0 days 00:01:32.612000,MEDIUM,1.0,1,True,92.612,2024,Silverstone,R,15.77074829931973,27.670068027210885,0.3469387755102041,21,Mid,1:32.612,63.46153846153846,861.4615384615385,5,0.035421573245408754,10.0,40.10708726260171
HUL,Haas F1 Team,24.0,0 days 00:01:33.352000,MEDIUM,1.0,1,True,93.352,2024,Silverstone,R,15.77074829931973,27.670068027210885,0.3469387755102041,22,Mid,1:33.352,61.34615384615385,859.3461538461538,5,-0.05752865441984588,10.0,39.54938589661018
HUL,Haas F1 Team,25.0,0 days 00:01:35.918000,MEDIUM,1.0,1,True,95.918,2024,Silverstone,R,15.77074829931973,27.670068027210885,0.3469387755102041,23,Mid,1:35.918,59.230769230769226,857.2307692307693,5,-0.3798398492699009,10.0,37.61551872750985
HUL,Haas F1 Team,28.0,0 days 00:01:41.897000,INTERMEDIATE,2.0,1,True,101.897,2024,Silverstone,R,15.77074829931973,27.670068027210885,0.3469387755102041,0,Mid,1:41.897,52.88461538461539,850.8846153846154,3,-1.0,0.0,21.89455782312925
HUL,Haas F1 Team,29.0,0 days 00:01:42.641000,INTERMEDIATE,2.0,1,True,102.641,2024,Silverstone,R,15.77074829931973,27.670068027210885,0.3469387755102041,1,Mid,1:42.641,50.76923076923077,848.7692307692307,3,-1.0,0.6,22.494557823129252
HUL,Haas F1 Team,30.0,0 days 00:01:42.811000,INTERMEDIATE,2.0,1,True,102.811,2024,Silverstone,R,15.77074829931973,27.670068027210885,0.3469387755102041,2,Mid,1:42.811,48.65384615384615,846.6538461538462,3,-1.0,1.2,23.09455782312925
HUL,Haas F1 Team,31.0,0 days 00:01:43.274000,INTERMEDIATE,2.0,1,True,103.274,2024,Silverstone,R,15.77074829931973,27.670068027210885,0.3469387755102041,3,Mid,1:43.274,46.53846153846154,844.5384615384615,3,-1.0,1.7999999999999998,23.69455782312925
HUL,Haas F1 Team,32.0,0 days 00:01:44.134000,INTERMEDIATE,2.0,1,True,104.134,2024,Silverstone,R,15.77074829931973,27.670068027210885,0.3469387755102041,4,Mid,1:44.134,44.42307692307692,842.4230769230769,3,-1.0,2.4,24.294557823129253
HUL,Haas F1 Team,33.0,0 days 00:01:43.685000,INTERMEDIATE,2.0,1,True,103.685,2024,Silverstone,R,15.77074829931973,27.670068027210885,0.3469387755102041,5,Mid,1:43.685,42.30769230769231,840.3076923076923,3,-1.0,3.0,24.894557823129254
HUL,Haas F1 Team,34.0,0 days 00:01:44.263000,INTERMEDIATE,2.0,1,True,104.263,2024,Silverstone,R,15.77074829931973,27.670068027210885,0.3469387755102041,6,Mid,1:44.263,40.19230769230769,838.1923076923077,3,-1.0,3.5999999999999996,25.49455782312925
HUL,Haas F1 Team,35.0,0 days 00:01:44.042000,INTERMEDIATE,2.0,1,True,104.042,2024,Silverstone,R,15.77074829931973,27.670068027210885,0.3469387755102041,7,Late,1:44.042,38.07692307692308,836.0769230769231,3,-1.0,4.2,26.09455782312925
HUL,Haas F1 Team,36.0,0 days 00:01:43.044000,INTERMEDIATE,2.0,1,True,103.044,2024,Silverstone,R,15.77074829931973,27.670068027210885,0.3469387755102041,8,Late,1:43.044,35.96153846153847,833.9615384615385,3,-1.0,4.8,26.69455782312925
HUL,Haas F1 Team,37.0,0 days 00:01:40.657000,INTERMEDIATE,2.0,1,True,100.657,2024,Silverstone,R,15.77074829931973,27.670068027210885,0.3469387755102041,9,Late,1:40.657,33.84615384615384,831.8461538461538,3,-0.9750981315748135,5.3999999999999995,27.44396903368037
HUL,Haas F1 Team,38.0,0 days 00:01:38.854000,INTERMEDIATE,2.0,1,True,98.854,2024,Silverstone,R,15.77074829931973,27.670068027210885,0.3469387755102041,10,Late,1:38.854,31.730769230769226,829.7307692307693,3,-0.7486261579525814,6.0,29.402800875413767
HUL,Haas F1 Team,41.0,0 days 00:01:31.097000,SOFT,3.0,1,True,91.097,2024,Silverstone,R,15.77074829931973,27.670068027210885,0.3469387755102041,0,Late,1:31.097,25.384615384615387,823.3846153846154,8,0.22571832312765078,0.0,34.24886776189516
HUL,Haas F1 Team,42.0,0 days 00:01:30.701000,SOFT,3.0,1,True,90.701,2024,Silverstone,R,15.77074829931973,27.670068027210885,0.3469387755102041,1,Late,1:30.701,23.269230769230774,821.2692307692307,8,0.27545925577013786,0.6,35.147313357750086
HUL,Haas F1 Team,43.0,0 days 00:01:29.836000,SOFT,3.0,1,True,89.836,2024,Silverstone,R,15.77074829931973,27.670068027210885,0.3469387755102041,2,Late,1:29.836,21.153846153846146,819.1538461538462,8,0.38411053540587276,1.2,36.399221035564494
HUL,Haas F1 Team,44.0,0 days 00:01:30.392000,SOFT,3.0,1,True,90.392,2024,Silverstone,R,15.77074829931973,27.670068027210885,0.3469387755102041,3,Late,1:30.392,19.038461538461533,817.0384615384615,8,0.3142722562411691,1.7999999999999998,36.580191360576265
HUL,Haas F1 Team,45.0,0 days 00:01:30.048000,SOFT,3.0,1,True,90.048,2024,Silverstone,R,15.77074829931973,27.670068027210885,0.3469387755102041,4,Late,1:30.048,16.92307692307692,814.9230769230769,8,0.3574815512639348,2.4,37.439447130712864
HUL,Haas F1 Team,46.0,0 days 00:01:30.185000,SOFT,3.0,1,True,90.185,2024,Silverstone,R,15.77074829931973,27.670068027210885,0.3469387755102041,5,Late,1:30.185,14.807692307692307,812.8076923076923,8,0.3402731983042865,3.0,37.93619701295497
HUL,Haas F1 Team,47.0,0 days 00:01:29.864000,SOFT,3.0,1,True,89.864,2024,Silverstone,R,15.77074829931973,27.670068027210885,0.3469387755102041,6,Late,1:29.864,12.692307692307693,810.6923076923077,8,0.38059349976448403,3.5999999999999996,38.77811882171616
HUL,Haas F1 Team,48.0,0 days 00:01:30.365000,SOFT,3.0,1,True,90.365,2024,Silverstone,R,15.77074829931973,27.670068027210885,0.3469387755102041,7,Late,1:30.365,10.57692307692308,808.5769230769231,8,0.31766368346679336,4.2,39.00053992393002
HUL,Haas F1 Team,49.0,0 days 00:01:30.371000,SOFT,3.0,1,True,90.371,2024,Silverstone,R,15.77074829931973,27.670068027210885,0.3469387755102041,8,Late,1:30.371,8.461538461538453,806.4615384615385,8,0.31691003297221015,4.8,39.59601802096251
HUL,Haas F1 Team,50.0,0 days 00:01:30.470000,SOFT,3.0,1,True,90.47,2024,Silverstone,R,15.77074829931973,27.670068027210885,0.3469387755102041,9,Late,1:30.470,6.34615384615384,804.3461538461538,8,0.3044747998115879,5.3999999999999995,40.12140662199878
HUL,Haas F1 Team,51.0,0 days 00:01:30.696000,SOFT,3.0,1,True,90.696,2024,Silverstone,R,15.77074829931973,27.670068027210885,0.3469387755102041,10,Late,1:30.696,4.230769230769226,802.2307692307693,8,0.2760872978489566,6.0,40.551081610222994
HUL,Haas F1 Team,52.0,0 days 00:01:30.847000,SOFT,3.0,1,True,90.847,2024,Silverstone,R,15.77074829931973,27.670068027210885,0.3469387755102041,11,Late,1:30.847,2.115384615384613,800.1153846153846,8,0.25712042706861477,6.6,41.037280385540946
LEC,Ferrari,2.0,0 days 00:01:32.858000,MEDIUM,1.0,1,True,92.858,2024,Silverstone,R,15.77074829931973,27.670068027210885,0.3469387755102041,0,Early,1:32.858,107.88461538461539,905.8846153846154,5,0.00452190296749899,0.0,29.92168924093425
LEC,Ferrari,3.0,0 days 00:01:32.369000,MEDIUM,1.0,1,True,92.369,2024,Silverstone,R,15.77074829931973,27.670068027210885,0.3469387755102041,1,Early,1:32.369,105.76923076923077,903.7692307692307,5,0.06594441827602515,0.6,30.890224332785408
LEC,Ferrari,4.0,0 days 00:01:32.705000,MEDIUM,1.0,1,True,92.705,2024,Silverstone,R,15.77074829931973,27.670068027210885,0.3469387755102041,2,Early,1:32.705,103.65384615384616,901.6538461538462,5,0.023739990579369697,1.2,31.236997766605477
LEC,Ferrari,5.0,0 days 00:01:32.697000,MEDIUM,1.0,1,True,92.697,2024,Silverstone,R,15.77074829931973,27.670068027210885,0.3469387755102041,3,Early,1:32.697,101.53846153846153,899.5384615384615,5,0.024744857905479988,1.7999999999999998,31.84302697056213
LEC,Ferrari,6.0,0 days 00:01:32.758000,MEDIUM,1.0,1,True,92.758,2024,Silverstone,R,15.77074829931973,27.670068027210885,0.3469387755102041,4,Early,1:32.758,99.42307692307692,897.4230769230769,5,0.01708274454388567,2.4,32.39705429039257
LEC,Ferrari,7.0,0 days 00:01:32.662000,MEDIUM,1.0,1,True,92.662,2024,Silverstone,R,15.77074829931973,27.670068027210885,0.3469387755102041,5,Early,1:32.662,97.3076923076923,895.3076923076923,5,0.029141152457214523,3.0,33.06940473787254
LEC,Ferrari,8.0,0 days 00:01:32.860000,MEDIUM,1.0,1,True,92.86,2024,Silverstone,R,15.77074829931973,27.670068027210885,0.3469387755102041,6,Early,1:32.860,95.1923076923077,893.1923076923077,5,0.004270686135971863,3.5999999999999996,33.52018193994509
LEC,Ferrari,9.0,0 days 00:01:32.326000,MEDIUM,1.0,1,True,92.326,2024,Silverstone,R,15.77074829931973,27.670068027210885,0.3469387755102041,7,Early,1:32.326,93.07692307692308,891.0769230769231,5,0.07134558015387177,4.2,34.52263130405249
LEC,Ferrari,10.0,0 days 00:01:32.496000,MEDIUM,1.0,1,True,92.496,2024,Silverstone,R,15.77074829931973,27.670068027210885,0.3469387755102041,8,Early,1:32.496,90.96153846153845,888.9615384615385,5,0.049992149474016014,4.8,34.99451071997335
LEC,Ferrari,11.0,0 days 00:01:32.348000,MEDIUM,1.0,1,True,92.348,2024,Silverstone,R,15.77074829931973,27.670068027210885,0.3469387755102041,9,Early,1:32.348,88.84615384615384,886.8461538461538,5,0.06858219500706624,5.3999999999999995,35.70605099317165
LEC,Ferrari,12.0,0 days 00:01:32.236000,MEDIUM,1.0,1,True,92.236,2024,Silverstone,R,15.77074829931973,27.670068027210885,0.3469387755102041,10,Early,1:32.236,86.73076923076923,884.7307692307693,5,0.08265033757261746,6.0,36.39045984856496
LEC,Ferrari,13.0,0 days 00:01:31.989000,MEDIUM,1.0,1,True,91.989,2024,Silverstone,R,15.77074829931973,27.670068027210885,0.3469387755102041,11,Early,1:31.989,84.61538461538461,882.6153846153846,5,0.11367561626628989,6.6,37.17661152072699
LEC,Ferrari,14.0,0 days 00:01:32.396000,MEDIUM,1.0,1,True,92.396,2024,Silverstone,R,15.77074829931973,27.670068027210885,0.3469387755102041,12,Early,1:32.396,82.5,880.5,5,0.06255299105040091,7.199999999999999,37.46987576943166
LEC,Ferrari,15.0,0 days 00:01:32.755000,MEDIUM,1.0,1,True,92.755,2024,Silverstone,R,15.77074829931973,27.670068027210885,0.3469387755102041,13,Early,1:32.755,80.38461538461539,878.3846153846154,5,0.01745956979117725,7.8,37.799315241876315
LEC,Ferrari,16.0,0 days 00:01:32.923000,MEDIUM,1.0,1,True,92.923,2024,Silverstone,R,15.77074829931973,27.670068027210885,0.3469387755102041,14,Early,1:32.923,78.26923076923077,876.2692307692307,5,-0.003642644057151369,8.4,38.27270195878634
LEC,Ferrari,17.0,0 days 00:01:35.280000,MEDIUM,1.0,1,True,95.28,2024,Silverstone,R,15.77074829931973,27.670068027210885,0.3469387755102041,15,Early,1:35.280,76.15384615384616,874.1538461538462,5,-0.29970168001256003,9.0,37.0963477430539
LEC,Ferrari,18.0,0 days 00:01:35.951000,MEDIUM,1.0,1,True,95.951,2024,Silverstone,R,15.77074829931973,27.670068027210885,0.3469387755102041,16,Mid,1:35.951,74.03846153846155,872.0384615384615,5,-0.3839849269901065,9.6,37.19064826118862
LEC,Ferrari,21.0,0 days 00:01:42.846000,INTERMEDIATE,2.0,1,True,102.846,2024,Silverstone,R,15.77074829931973,27.670068027210885,0.3469387755102041,0,Mid,1:42.846,67.6923076923077,865.6923076923077,3,-1.0,0.0,21.89455782312925
LEC,Ferrari,22.0,0 days 00:01:44.352000,INTERMEDIATE,2.0,1,True,104.352,2024,Silverstone,R,15.77074829931973,27.670068027210885,0.3469387755102041,1,Mid,1:44.352,65.57692307692307,863.5769230769231,3,-1.0,0.6,22.494557823129252
LEC,Ferrari,23.0,0 days 00:01:46.593000,INTERMEDIATE,2.0,1,True,106.593,2024,Silverstone,R,15.77074829931973,27.670068027210885,0.3469387755102041,2,Mid,1:46.593,63.46153846153846,861.4615384615385,3,-1.0,1.2,23.09455782312925
LEC,Ferrari,24.0,0 days 00:01:51.732000,INTERMEDIATE,2.0,1,True,111.732,2024,Silverstone,R,15.77074829931973,27.670068027210885,0.3469387755102041,3,Mid,1:51.732,61.34615384615385,859.3461538461538,3,-1.0,1.7999999999999998,23.69455782312925
LEC,Ferrari,25.0,0 days 00:01:49.301000,INTERMEDIATE,2.0,1,True,109.301,2024,Silverstone,R,15.77074829931973,27.670068027210885,0.3469387755102041,4,Mid,1:49.301,59.230769230769226,857.2307692307693,3,-1.0,2.4,24.294557823129253
LEC,Ferrari,26.0,0 days 00:01:45.655000,INTERMEDIATE,2.0,1,True,105.655,2024,Silverstone,R,15.77074829931973,27.670068027210885,0.3469387755102041,5,Mid,1:45.655,57.11538461538461,855.1153846153846,3,-1.0,3.0,24.894557823129254
LEC,Ferrari,29.0,0 days 00:01:41.602000,INTERMEDIATE,3.0,1,True,101.602,2024,Silverstone,R,15.77074829931973,27.670068027210885,0.3469387755102041,0,Mid,1:41.602,50.76923076923077,848.7692307692307,3,-1.0,0.0,21.89455782312925
LEC,Ferrari,30.0,0 days 00:01:42.299000,INTERMEDIATE,3.0,1,True,102.299,2024,Silverstone,R,15.77074829931973,27.670068027210885,0.3469387755102041,1,Mid,1:42.299,48.65384615384615,846.6538461538462,3,-1.0,0.6,22.494557823129252
LEC,Ferrari,31.0,0 days 00:01:43.950000,INTERMEDIATE,3.0,1,True,103.95,2024,Silverstone,R,15.77074829931973,27.670068027210885,0.3469387755102041,2,Mid,1:43.950,46.53846153846154,844.5384615384615,3,-1.0,1.2,23.09455782312925
LEC,Ferrari,32.0,0 days 00:01:43.795000,INTERMEDIATE,3.0,1,True,103.795,2024,Silverstone,R,15.77074829931973,27.670068027210885,0.3469387755102041,3,Mid,1:43.795,44.42307692307692,842.4230769230769,3,-1.0,1.7999999999999998,23.69455782312925
LEC,Ferrari,33.0,0 days 00:01:43.217000,INTERMEDIATE,3.0,1,True,103.217,2024,Silverstone,R,15.77074829931973,27.670068027210885,0.3469387755102041,4,Mid,1:43.217,42.30769230769231,840.3076923076923,3,-1.0,2.4,24.294557823129253
LEC,Ferrari,34.0,0 days 00:01:43.604000,INTERMEDIATE,3.0,1,True,103.604,2024,Silverstone,R,15.77074829931973,27.670068027210885,0.3469387755102041,5,Mid,1:43.604,40.19230769230769,838.1923076923077,3,-1.0,3.0,24.894557823129254
LEC,Ferrari,35.0,0 days 00:01:42.415000,INTERMEDIATE,3.0,1,True,102.415,2024,Silverstone,R,15.77074829931973,27.670068027210885,0.3469387755102041,6,Late,1:42.415,38.07692307692308,836.0769230769231,3,-1.0,3.5999999999999996,25.49455782312925
LEC,Ferrari,36.0,0 days 00:01:40.091000,INTERMEDIATE,3.0,1,True,100.091,2024,Silverstone,R,15.77074829931973,27.670068027210885,0.3469387755102041,7,Late,1:40.091,35.96153846153847,833.9615384615385,3,-0.9040037682524708,4.2,26.670535213614425
LEC,Ferrari,39.0,0 days 00:01:31.481000,SOFT,4.0,1,True,91.481,2024,Silverstone,R,15.77074829931973,27.670068027210885,0.3469387755102041,0,Late,1:31.481,29.615384615384613,827.6153846153846,8,0.17748469147433,0.0,33.959465971975234
LEC,Ferrari,40.0,0 days 00:01:30.878000,SOFT,4.0,1,True,90.878,2024,Silverstone,R,15.77074829931973,27.670068027210885,0.3469387755102041,1,Late,1:30.878,27.5,825.5,8,0.2532265661799345,0.6,35.01391722020886
LEC,Ferrari,41.0,0 days 00:01:30.035000,SOFT,4.0,1,True,90.035,2024,Silverstone,R,15.77074829931973,27.670068027210885,0.3469387755102041,2,Late,1:30.035,25.384615384615387,823.3846153846154,8,0.3591144606688656,1.2,36.24924458714245
LEC,Ferrari,42.0,0 days 00:01:29.832000,SOFT,4.0,1,True,89.832,2024,Silverstone,R,15.77074829931973,27.670068027210885,0.3469387755102041,3,Late,1:29.832,23.269230769230774,821.2692307692307,8,0.3846129690689288,1.7999999999999998,37.002235637542825
LEC,Ferrari,43.0,0 days 00:01:29.748000,SOFT,4.0,1,True,89.748,2024,Silverstone,R,15.77074829931973,27.670068027210885,0.3469387755102041,4,Late,1:29.748,21.153846153846146,819.1538461538462,8,0.3951640759930913,2.4,37.6655422790878
LEC,Ferrari,44.0,0 days 00:01:29.933000,SOFT,4.0,1,True,89.933,2024,Silverstone,R,15.77074829931973,27.670068027210885,0.3469387755102041,5,Late,1:29.933,19.038461538461533,817.0384615384615,8,0.37192651907677765,3.0,38.12611693758992
LEC,Ferrari,45.0,0 days 00:01:29.911000,SOFT,4.0,1,True,89.911,2024,Silverstone,R,15.77074829931973,27.670068027210885,0.3469387755102041,6,Late,1:29.911,16.92307692307692,814.9230769230769,8,0.37468990422358317,3.5999999999999996,38.742697248470755
LEC,Ferrari,46.0,0 days 00:01:30.051000,SOFT,4.0,1,True,90.051,2024,Silverstone,R,15.77074829931973,27.670068027210885,0.3469387755102041,7,Late,1:30.051,14.807692307692307,812.8076923076923,8,0.3571047260166432,4.2,39.23718617922912
LEC,Ferrari,47.0,0 days 00:01:30.289000,SOFT,4.0,1,True,90.289,2024,Silverstone,R,15.77074829931973,27.670068027210885,0.3469387755102041,8,Late,1:30.289,12.692307692307693,810.6923076923077,8,0.3272099230648456,4.8,39.657817361518326
LEC,Ferrari,48.0,0 days 00:01:30.204000,SOFT,4.0,1,True,90.204,2024,Silverstone,R,15.77074829931973,27.670068027210885,0.3469387755102041,9,Late,1:30.204,10.57692307692308,808.5769230769231,8,0.33788663840477434,5.3999999999999995,40.3218776535579
LEC,Ferrari,49.0,0 days 00:01:30.929000,SOFT,4.0,1,True,90.929,2024,Silverstone,R,15.77074829931973,27.670068027210885,0.3469387755102041,10,Late,1:30.929,8.461538461538453,806.4615384615385,8,0.2468205369759776,6.0,40.37548104498512
LEC,Ferrari,50.0,0 days 00:01:30.488000,SOFT,4.0,1,True,90.488,2024,Silverstone,R,15.77074829931973,27.670068027210885,0.3469387755102041,11,Late,1:30.488,6.34615384615384,804.3461538461538,8,0.30221384832783843,6.6,41.307840913096285
LEC,Ferrari,51.0,0 days 00:01:31.674000,SOFT,4.0,1,True,91.674,2024,Silverstone,R,15.77074829931973,27.670068027210885,0.3469387755102041,12,Late,1:31.674,4.230769230769226,802.2307692307693,8,0.15324226723190426,7.199999999999999,41.01401142652068
MAG,Haas F1 Team,2.0,0 days 00:01:34.216000,MEDIUM,1.0,1,True,94.216,2024,Silverstone,R,15.77074829931973,27.670068027210885,0.3469387755102041,0,Early,1:34.216,107.88461538461539,905.8846153846154,5,-0.16605432563981629,0.0,28.898231869290356
MAG,Haas F1 Team,3.0,0 days 00:01:33.259000,MEDIUM,1.0,1,True,93.259,2024,Silverstone,R,15.77074829931973,27.670068027210885,0.3469387755102041,1,Early,1:33.259,105.76923076923077,903.7692307692307,5,-0.045847071753806826,0.6,30.219475392606412
MAG,Haas F1 Team,4.0,0 days 00:01:33.110000,MEDIUM,1.0,1,True,93.11,2024,Silverstone,R,15.77074829931973,27.670068027210885,0.3469387755102041,2,Early,1:33.110,103.65384615384616,901.6538461538462,5,-0.027131417804992154,1.2,30.931769316299302
MAG,Haas F1 Team,5.0,0 days 00:01:32.999000,MEDIUM,1.0,1,True,92.999,2024,Silverstone,R,15.77074829931973,27.670068027210885,0.3469387755102041,3,Early,1:32.999,101.53846153846153,899.5384615384615,5,-0.013188883655203602,1.7999999999999998,31.61542452119803
MAG,Haas F1 Team,6.0,0 days 00:01:33.544000,MEDIUM,1.0,1,True,93.544,2024,Silverstone,R,15.77074829931973,27.670068027210885,0.3469387755102041,4,Early,1:33.544,99.42307692307692,897.4230769230769,5,-0.08164547024650537,2.4,31.80468500165022
MAG,Haas F1 Team,7.0,0 days 00:01:33.734000,MEDIUM,1.0,1,True,93.734,2024,Silverstone,R,15.77074829931973,27.670068027210885,0.3469387755102041,5,Early,1:33.734,97.3076923076923,895.3076923076923,5,-0.10551106924163774,3.0,32.26149140767943
MAG,Haas F1 Team,8.0,0 days 00:01:33.204000,MEDIUM,1.0,1,True,93.204,2024,Silverstone,R,15.77074829931973,27.670068027210885,0.3469387755102041,6,Early,1:33.204,95.1923076923077,893.1923076923077,5,-0.03893860888679388,3.5999999999999996,33.26092616980849
MAG,Haas F1 Team,9.0,0 days 00:01:32.783000,MEDIUM,1.0,1,True,92.783,2024,Silverstone,R,15.77074829931973,27.670068027210885,0.3469387755102041,7,Early,1:32.783,93.07692307692308,891.0769230769231,5,0.013942534149788553,4.2,34.17821302802799
MAG,Haas F1 Team,10.0,0 days 00:01:32.647000,MEDIUM,1.0,1,True,92.647,2024,Silverstone,R,15.77074829931973,27.670068027210885,0.3469387755102041,8,Early,1:32.647,90.96153846153845,888.9615384615385,5,0.031025278693672435,4.8,34.880709495291285
MAG,Haas F1 Team,11.0,0 days 00:01:32.671000,MEDIUM,1.0,1,True,92.671,2024,Silverstone,R,15.77074829931973,27.670068027210885,0.3469387755102041,9,Early,1:32.671,88.84615384615384,886.8461538461538,5,0.028010676715339775,5.3999999999999995,35.46262188342129
MAG,Haas F1 Team,12.0,0 days 00:01:32.531000,MEDIUM,1.0,1,True,92.531,2024,Silverstone,R,15.77074829931973,27.670068027210885,0.3469387755102041,10,Early,1:32.531,86.73076923076923,884.7307692307693,5,0.045595854922279695,6.0,36.16813295266293
MAG,Haas F1 Team,13.0,0 days 00:01:32.740000,MEDIUM,1.0,1,True,92.74,2024,Silverstone,R,15.77074829931973,27.670068027210885,0.3469387755102041,11,Early,1:32.740,84.61538461538461,882.6153846153846,5,0.019343696027635162,6.6,36.61061999929507
MAG,Haas F1 Team,14.0,0 days 00:01:32.506000,MEDIUM,1.0,1,True,92.506,2024,Silverstone,R,15.77074829931973,27.670068027210885,0.3469387755102041,12,Early,1:32.506,82.5,880.5,5,0.048736065316376816,7.199999999999999,37.38697421502752
MAG,Haas F1 Team,15.0,0 days 00:01:32.953000,MEDIUM,1.0,1,True,92.953,2024,Silverstone,R,15.77074829931973,27.670068027210885,0.3469387755102041,13,Early,1:32.953,80.38461538461539,878.3846153846154,5,-0.007410896530067194,7.8,37.65009244394885
MAG,Haas F1 Team,16.0,0 days 00:01:33.486000,MEDIUM,1.0,1,True,93.486,2024,Silverstone,R,15.77074829931973,27.670068027210885,0.3469387755102041,14,Early,1:33.486,78.26923076923077,876.2692307692307,5,-0.07436018213220263,8.4,37.848396730336034
MAG,Haas F1 Team,17.0,0 days 00:01:34.661000,MEDIUM,1.0,1,True,94.661,2024,Silverstone,R,15.77074829931973,27.670068027210885,0.3469387755102041,15,Early,1:34.661,76.15384615384616,874.1538461538462,5,-0.22195007065473316,9.0,37.56285739920086
MAG,Haas F1 Team,18.0,0 days 00:01:34.730000,MEDIUM,1.0,1,True,94.73,2024,Silverstone,R,15.77074829931973,27.670068027210885,0.3469387755102041,16,Mid,1:34.730,74.03846153846155,872.0384615384615,5,-0.23061705134243957,9.6,38.11085551507462
MAG,Haas F1 Team,19.0,0 days 00:01:43.505000,MEDIUM,1.0,1,True,103.505,2024,Silverstone,R,15.77074829931973,27.670068027210885,0.3469387755102041,17,Mid,1:43.505,71.92307692307692,869.9230769230769,5,-1.0,10.0,33.894557823129254
MAG,Haas F1 Team,20.0,0 days 00:01:35.181000,MEDIUM,1.0,1,True,95.181,2024,Silverstone,R,15.77074829931973,27.670068027210885,0.3469387755102041,18,Mid,1:35.181,69.8076923076923,867.8076923076923,5,-0.2872664468519378,10.0,38.17095914201763
MAG,Haas F1 Team,21.0,0 days 00:01:33.484000,MEDIUM,1.0,1,True,93.484,2024,Silverstone,R,15.77074829931973,27.670068027210885,0.3469387755102041,19,Mid,1:33.484,67.6923076923077,865.6923076923077,5,-0.07410896530067372,10.0,39.44990403132521
MAG,Haas F1 Team,22.0,0 days 00:01:32.766000,MEDIUM,1.0,1,True,92.766,2024,Silverstone,R,15.77074829931973,27.670068027210885,0.3469387755102041,20,Mid,1:32.766,65.57692307692307,863.5769230769231,5,0.01607787721777359,10.0,39.9910250864359
MAG,Haas F1 Team,23.0,0 days 00:01:33.278000,MEDIUM,1.0,1,True,93.278,2024,Silverstone,R,15.77074829931973,27.670068027210885,0.3469387755102041,21,Mid,1:33.278,63.46153846153846,861.4615384615385,5,-0.04823363165332077,10.0,39.60515603320933
MAG,Haas F1 Team,24.0,0 days 00:01:33.625000,MEDIUM,1.0,1,True,93.625,2024,Silverstone,R,15.77074829931973,27.670068027210885,0.3469387755102041,22,Mid,1:33.625,61.34615384615385,859.3461538461538,5,-0.0918197519233781,10.0,39.34363931158899
MAG,Haas F1 Team,25.0,0 days 00:01:35.150000,MEDIUM,1.0,1,True,95.15,2024,Silverstone,R,15.77074829931973,27.670068027210885,0.3469387755102041,23,Mid,1:35.150,59.230769230769226,857.2307692307693,5,-0.2833725859632593,10.0,38.1943223073497
MAG,Haas F1 Team,26.0,0 days 00:01:45.466000,MEDIUM,1.0,1,True,105.466,2024,Silverstone,R,15.77074829931973,27.670068027210885,0.3469387755102041,24,Mid,1:45.466,57.11538461538461,855.1153846153846,5,-1.0,10.0,33.894557823129254
MAG,Haas F1 Team,29.0,0 days 00:01:42.842000,INTERMEDIATE,2.0,1,True,102.842,2024,Silverstone,R,15.77074829931973,27.670068027210885,0.3469387755102041,0,Mid,1:42.842,50.76923076923077,848.7692307692307,3,-1.0,0.0,21.89455782312925
MAG,Haas F1 Team,30.0,0 days 00:01:42.133000,INTERMEDIATE,2.0,1,True,102.133,2024,Silverstone,R,15.77074829931973,27.670068027210885,0.3469387755102041,1,Mid,1:42.133,48.65384615384615,846.6538461538462,3,-1.0,0.6,22.494557823129252
MAG,Haas F1 Team,31.0,0 days 00:01:44.060000,INTERMEDIATE,2.0,1,True,104.06,2024,Silverstone,R,15.77074829931973,27.670068027210885,0.3469387755102041,2,Mid,1:44.060,46.53846153846154,844.5384615384615,3,-1.0,1.2,23.09455782312925
MAG,Haas F1 Team,32.0,0 days 00:01:45.084000,INTERMEDIATE,2.0,1,True,105.084,2024,Silverstone,R,15.77074829931973,27.670068027210885,0.3469387755102041,3,Mid,1:45.084,44.42307692307692,842.4230769230769,3,-1.0,1.7999999999999998,23.69455782312925
MAG,Haas F1 Team,33.0,0 days 00:01:45.266000,INTERMEDIATE,2.0,1,True,105.266,2024,Silverstone,R,15.77074829931973,27.670068027210885,0.3469387755102041,4,Mid,1:45.266,42.30769230769231,840.3076923076923,3,-1.0,2.4,24.294557823129253
MAG,Haas F1 Team,34.0,0 days 00:01:46.135000,INTERMEDIATE,2.0,1,True,106.135,2024,Silverstone,R,15.77074829931973,27.670068027210885,0.3469387755102041,5,Mid,1:46.135,40.19230769230769,838.1923076923077,3,-1.0,3.0,24.894557823129254
MAG,Haas F1 Team,35.0,0 days 00:01:45.557000,INTERMEDIATE,2.0,1,True,105.557,2024,Silverstone,R,15.77074829931973,27.670068027210885,0.3469387755102041,6,Late,1:45.557,38.07692307692308,836.0769230769231,3,-1.0,3.5999999999999996,25.49455782312925
MAG,Haas F1 Team,36.0,0 days 00:01:43.611000,INTERMEDIATE,2.0,1,True,103.611,2024,Silverstone,R,15.77074829931973,27.670068027210885,0.3469387755102041,7,Late,1:43.611,35.96153846153847,833.9615384615385,3,-1.0,4.2,26.09455782312925
MAG,Haas F1 Team,39.0,0 days 00:01:33.212000,SOFT,3.0,1,True,93.212,2024,Silverstone,R,15.77074829931973,27.670068027210885,0.3469387755102041,0,Late,1:33.212,29.615384615384613,827.6153846153846,8,-0.03994347621290596,0.0,32.65489696585182
MAG,Haas F1 Team,40.0,0 days 00:01:32.071000,SOFT,3.0,1,True,92.071,2024,Silverstone,R,15.77074829931973,27.670068027210885,0.3469387755102041,1,Late,1:32.071,27.5,825.5,8,0.1033757261736545,0.6,34.114812180171185
MAG,Haas F1 Team,41.0,0 days 00:01:30.610000,SOFT,3.0,1,True,90.61,2024,Silverstone,R,15.77074829931973,27.670068027210885,0.3469387755102041,2,Late,1:30.610,25.384615384615387,823.3846153846154,8,0.28688962160464804,1.2,35.81589555275715
MAG,Haas F1 Team,42.0,0 days 00:01:30.093000,SOFT,3.0,1,True,90.093,2024,Silverstone,R,15.77074829931973,27.670068027210885,0.3469387755102041,3,Late,1:30.093,23.269230769230774,821.2692307692307,8,0.3518291725545611,1.7999999999999998,36.805532858456615
MAG,Haas F1 Team,43.0,0 days 00:01:30.454000,SOFT,3.0,1,True,90.454,2024,Silverstone,R,15.77074829931973,27.670068027210885,0.3469387755102041,4,Late,1:30.454,21.153846153846146,819.1538461538462,8,0.3064845344638103,2.4,37.13346502991212
MAG,Haas F1 Team,44.0,0 days 00:01:31.342000,SOFT,3.0,1,True,91.342,2024,Silverstone,R,15.77074829931973,27.670068027210885,0.3469387755102041,5,Late,1:31.342,19.038461538461533,817.0384615384615,8,0.19494426126550546,3.0,37.06422339072229
MAG,Haas F1 Team,45.0,0 days 00:01:31.722000,SOFT,3.0,1,True,91.722,2024,Silverstone,R,15.77074829931973,27.670068027210885,0.3469387755102041,6,Late,1:31.722,16.92307692307692,814.9230769230769,8,0.14721306327524072,3.5999999999999996,37.3778362027807
MAG,Haas F1 Team,46.0,0 days 00:01:31.131000,SOFT,3.0,1,True,91.131,2024,Silverstone,R,15.77074829931973,27.670068027210885,0.3469387755102041,7,Late,1:31.131,14.807692307692307,812.8076923076923,8,0.2214476369916789,4.2,38.42324364507933
MAG,Haas F1 Team,47.0,0 days 00:01:31.036000,SOFT,3.0,1,True,91.036,2024,Silverstone,R,15.77074829931973,27.670068027210885,0.3469387755102041,8,Late,1:31.036,12.692307692307693,810.6923076923077,8,0.23338043648924509,4.8,39.09484044206472
MAG,Haas F1 Team,48.0,0 days 00:01:30.953000,SOFT,3.0,1,True,90.953,2024,Silverstone,R,15.77074829931973,27.670068027210885,0.3469387755102041,9,Late,1:30.953,10.57692307692308,808.5769230769231,8,0.24380593499764494,5.3999999999999995,39.75739343311512
MAG,Haas F1 Team,49.0,0 days 00:01:30.803000,SOFT,3.0,1,True,90.803,2024,Silverstone,R,15.77074829931973,27.670068027210885,0.3469387755102041,10,Late,1:30.803,8.461538461538453,806.4615384615385,8,0.2626471973622241,6.0,40.4704410073026
MAG,Haas F1 Team,50.0,0 days 00:01:31.143000,SOFT,3.0,1,True,91.143,2024,Silverstone,R,15.77074829931973,27.670068027210885,0.3469387755102041,11,Late,1:31.143,6.34615384615384,804.3461538461538,8,0.2199403360025126,6.6,40.81419983914433
MAG,Haas F1 Team,51.0,0 days 00:01:31.469000,SOFT,3.0,1,True,91.469,2024,Silverstone,R,15.77074829931973,27.670068027210885,0.3469387755102041,12,Late,1:31.469,4.230769230769226,802.2307692307693,8,0.17899199246349634,7.199999999999999,41.16850977791024
MAG,Haas F1 Team,52.0,0 days 00:01:31.982000,SOFT,3.0,1,True,91.982,2024,Silverstone,R,15.77074829931973,27.670068027210885,0.3469387755102041,13,Late,1:31.982,2.115384615384613,800.1153846153846,8,0.11455487517663751,7.8,41.38188707418907
NOR,McLaren,2.0,0 days 00:01:32.188000,MEDIUM,1.0,1,True,92.188,2024,Silverstone,R,15.77074829931973,27.670068027210885,0.3469387755102041,0,Early,1:32.188,107.88461538461539,905.8846153846154,5,0.08867954152928277,0.0,30.426635072304954
NOR,McLaren,3.0,0 days 00:01:31.991000,MEDIUM,1.0,1,True,91.991,2024,Silverstone,R,15.77074829931973,27.670068027210885,0.3469387755102041,1,Early,1:31.991,105.76923076923077,903.7692307692307,5,0.11342439943476276,0.6,31.175104219737833
NOR,McLaren,4.0,0 days 00:01:31.976000,MEDIUM,1.0,1,True,91.976,2024,Silverstone,R,15.77074829931973,27.670068027210885,0.3469387755102041,2,Early,1:31.976,103.65384615384616,901.6538461538462,5,0.11530852567122067,1.2,31.786408977156583
NOR,McLaren,5.0,0 days 00:01:31.716000,MEDIUM,1.0,1,True,91.716,2024,Silverstone,R,15.77074829931973,27.670068027210885,0.3469387755102041,3,Early,1:31.716,101.53846153846153,899.5384615384615,5,0.1479667137698239,1.7999999999999998,32.58235810574819
NOR,McLaren,6.0,0 days 00:01:31.896000,MEDIUM,1.0,1,True,91.896,2024,Silverstone,R,15.77074829931973,27.670068027210885,0.3469387755102041,4,Early,1:31.896,99.42307692307692,897.4230769230769,5,0.12535719893232894,2.4,33.046701016723226
NOR,McLaren,7.0,0 days 00:01:32.071000,MEDIUM,1.0,1,True,92.071,2024,Silverstone,R,15.77074829931973,27.670068027210885,0.3469387755102041,5,Early,1:32.071,97.3076923076923,895.3076923076923,5,0.1033757261736545,3.0,33.514812180171184
NOR,McLaren,8.0,0 days 00:01:32.018000,MEDIUM,1.0,1,True,92.018,2024,Silverstone,R,15.77074829931973,27.670068027210885,0.3469387755102041,6,Early,1:32.018,95.1923076923077,893.1923076923077,5,0.11003297220913852,3.5999999999999996,34.15475565638409
NOR,McLaren,9.0,0 days 00:01:31.976000,MEDIUM,1.0,1,True,91.976,2024,Silverstone,R,15.77074829931973,27.670068027210885,0.3469387755102041,7,Early,1:31.976,93.07692307692308,891.0769230769231,5,0.11530852567122067,4.2,34.78640897715658
NOR,McLaren,10.0,0 days 00:01:31.830000,MEDIUM,1.0,1,True,91.83,2024,Silverstone,R,15.77074829931973,27.670068027210885,0.3469387755102041,8,Early,1:31.830,90.96153846153845,888.9615384615385,5,0.13364735437274375,4.8,35.49644194936571
NOR,McLaren,11.0,0 days 00:01:31.748000,MEDIUM,1.0,1,True,91.748,2024,Silverstone,R,15.77074829931973,27.670068027210885,0.3469387755102041,9,Early,1:31.748,88.84615384615384,886.8461538461538,5,0.14394724446537915,5.3999999999999995,36.15824128992153
NOR,McLaren,12.0,0 days 00:01:31.718000,MEDIUM,1.0,1,True,91.718,2024,Silverstone,R,15.77074829931973,27.670068027210885,0.3469387755102041,10,Early,1:31.718,86.73076923076923,884.7307692307693,5,0.14771549693829497,6.0,36.78085080475903
NOR,McLaren,13.0,0 days 00:01:31.472000,MEDIUM,1.0,1,True,91.472,2024,Silverstone,R,15.77074829931973,27.670068027210885,0.3469387755102041,11,Early,1:31.472,84.61538461538461,882.6153846153846,5,0.17861516721620474,6.6,37.56624882642648
NOR,McLaren,14.0,0 days 00:01:31.407000,MEDIUM,1.0,1,True,91.407,2024,Silverstone,R,15.77074829931973,27.670068027210885,0.3469387755102041,12,Early,1:31.407,82.5,880.5,5,0.1867797142408551,7.199999999999999,38.21523610857439
NOR,McLaren,15.0,0 days 00:01:30.946000,MEDIUM,1.0,1,True,90.946,2024,Silverstone,R,15.77074829931973,27.670068027210885,0.3469387755102041,13,Early,1:30.946,80.38461538461539,878.3846153846154,5,0.24468519390799257,7.8,39.16266898657721
NOR,McLaren,16.0,0 days 00:01:31.690000,MEDIUM,1.0,1,True,91.69,2024,Silverstone,R,15.77074829931973,27.670068027210885,0.3469387755102041,14,Early,1:31.690,78.26923076923077,876.2692307692307,5,0.1512325325796837,8.4,39.201953018607355
NOR,McLaren,17.0,0 days 00:01:34.304000,MEDIUM,1.0,1,True,94.304,2024,Silverstone,R,15.77074829931973,27.670068027210885,0.3469387755102041,15,Early,1:34.304,76.15384615384616,874.1538461538462,5,-0.17710786622703664,9.0,37.83191062576704
NOR,McLaren,18.0,0 days 00:01:34.125000,MEDIUM,1.0,1,True,94.125,2024,Silverstone,R,15.77074829931973,27.670068027210885,0.3469387755102041,16,Mid,1:34.125,74.03846153846155,872.0384615384615,5,-0.15462395980530613,9.6,38.56681406429742
NOR,McLaren,19.0,0 days 00:01:41.436000,MEDIUM,1.0,1,True,101.436,2024,Silverstone,R,15.77074829931973,27.670068027210885,0.3469387755102041,17,Mid,1:41.436,71.92307692307692,869.9230769230769,5,-1.0,10.0,33.894557823129254
NOR,McLaren,20.0,0 days 00:01:37.704000,MEDIUM,1.0,1,True,97.704,2024,Silverstone,R,15.77074829931973,27.670068027210885,0.3469387755102041,18,Mid,1:37.704,69.8076923076923,867.8076923076923,5,-0.6041764798241462,10.0,36.26949894418438
NOR,McLaren,21.0,0 days 00:01:31.513000,MEDIUM,1.0,1,True,91.513,2024,Silverstone,R,15.77074829931973,27.670068027210885,0.3469387755102041,19,Mid,1:31.513,67.6923076923077,865.6923076923077,5,0.17346522216988527,10.0,40.93534915614857
NOR,McLaren,22.0,0 days 00:01:30.860000,MEDIUM,1.0,1,True,90.86,2024,Silverstone,R,15.77074829931973,27.670068027210885,0.3469387755102041,20,Mid,1:30.860,65.57692307692307,863.5769230769231,5,0.255487517663684,10.0,41.427482929111356
NOR,McLaren,23.0,0 days 00:01:31.176000,MEDIUM,1.0,1,True,91.176,2024,Silverstone,R,15.77074829931973,27.670068027210885,0.3469387755102041,21,Mid,1:31.176,63.46153846153846,861.4615384615385,5,0.21579525828230517,10.0,41.18932937282309
NOR,McLaren,24.0,0 days 00:01:31.629000,MEDIUM,1.0,1,True,91.629,2024,Silverstone,R,15.77074829931973,27.670068027210885,0.3469387755102041,22,Mid,1:31.629,61.34615384615385,859.3461538461538,5,0.158894645941278,10.0,40.84792569877692
NOR,McLaren,25.0,0 days 00:01:34.307000,MEDIUM,1.0,1,True,94.307,2024,Silverstone,R,15.77074829931973,27.670068027210885,0.3469387755102041,23,Mid,1:34.307,59.230769230769226,857.2307692307693,5,-0.17748469147432822,10.0,38.82964967428328
NOR,McLaren,26.0,0 days 00:01:41.515000,MEDIUM,1.0,1,True,101.515,2024,Silverstone,R,15.77074829931973,27.670068027210885,0.3469387755102041,24,Mid,1:41.515,57.11538461538461,855.1153846153846,5,-1.0,10.0,33.894557823129254
NOR,McLaren,29.0,0 days 00:01:40.266000,INTERMEDIATE,2.0,1,True,100.266,2024,Silverstone,R,15.77074829931973,27.670068027210885,0.3469387755102041,0,Mid,1:40.266,50.76923076923077,848.7692307692307,3,-0.925985241011147,0.0,22.338646377062368
NOR,McLaren,30.0,0 days 00:01:40.717000,INTERMEDIATE,2.0,1,True,100.717,2024,Silverstone,R,15.77074829931973,27.670068027210885,0.3469387755102041,1,Mid,1:40.717,48.65384615384615,846.6538461538462,3,-0.9826346365206452,0.6,22.59875000400538
NOR,McLaren,31.0,0 days 00:01:41.313000,INTERMEDIATE,2.0,1,True,101.313,2024,Silverstone,R,15.77074829931973,27.670068027210885,0.3469387755102041,2,Mid,1:41.313,46.53846153846154,844.5384615384615,3,-1.0,1.2,23.09455782312925
NOR,McLaren,32.0,0 days 00:01:42.216000,INTERMEDIATE,2.0,1,True,102.216,2024,Silverstone,R,15.77074829931973,27.670068027210885,0.3469387755102041,3,Mid,1:42.216,44.42307692307692,842.4230769230769,3,-1.0,1.7999999999999998,23.69455782312925
NOR,McLaren,33.0,0 days 00:01:42.607000,INTERMEDIATE,2.0,1,True,102.607,2024,Silverstone,R,15.77074829931973,27.670068027210885,0.3469387755102041,4,Mid,1:42.607,42.30769230769231,840.3076923076923,3,-1.0,2.4,24.294557823129253
NOR,McLaren,34.0,0 days 00:01:43.078000,INTERMEDIATE,2.0,1,True,103.078,2024,Silverstone,R,15.77074829931973,27.670068027210885,0.3469387755102041,5,Mid,1:43.078,40.19230769230769,838.1923076923077,3,-1.0,3.0,24.894557823129254
NOR,McLaren,35.0,0 days 00:01:42.935000,INTERMEDIATE,2.0,1,True,102.935,2024,Silverstone,R,15.77074829931973,27.670068027210885,0.3469387755102041,6,Late,1:42.935,38.07692307692308,836.0769230769231,3,-1.0,3.5999999999999996,25.49455782312925
NOR,McLaren,36.0,0 days 00:01:42.340000,INTERMEDIATE,2.0,1,True,102.34,2024,Silverstone,R,15.77074829931973,27.670068027210885,0.3469387755102041,7,Late,1:42.340,35.96153846153847,833.9615384615385,3,-1.0,4.2,26.09455782312925
NOR,McLaren,37.0,0 days 00:01:39.786000,INTERMEDIATE,2.0,1,True,99.786,2024,Silverstone,R,15.77074829931973,27.670068027210885,0.3469387755102041,8,Late,1:39.786,33.84615384615384,831.8461538461538,3,-0.8656932014444956,4.8,27.500398614462277
NOR,McLaren,38.0,0 days 00:01:37.999000,INTERMEDIATE,2.0,1,True,97.999,2024,Silverstone,R,15.77074829931973,27.670068027210885,0.3469387755102041,9,Late,1:37.999,31.730769230769226,829.7307692307693,3,-0.641230962474484,5.3999999999999995,29.447172048282347
NOR,McLaren,41.0,0 days 00:01:29.733000,SOFT,3.0,1,True,89.733,2024,Silverstone,R,15.77074829931973,27.670068027210885,0.3469387755102041,0,Late,1:29.733,25.384615384615387,823.3846153846154,8,0.39704820222954923,0.0,35.27684703650655
NOR,McLaren,42.0,0 days 00:01:30.006000,SOFT,3.0,1,True,90.006,2024,Silverstone,R,15.77074829931973,27.670068027210885,0.3469387755102041,1,Late,1:30.006,23.269230769230774,821.2692307692307,8,0.36275710472601697,0.6,35.67110045148536
NOR,McLaren,43.0,0 days 00:01:29.262000,SOFT,3.0,1,True,89.262,2024,Silverstone,R,15.77074829931973,27.670068027210885,0.3469387755102041,2,Late,1:29.262,21.153846153846146,819.1538461538462,8,0.4562097660543259,1.2,36.831816419455215
NOR,McLaren,44.0,0 days 00:01:29.752000,SOFT,3.0,1,True,89.752,2024,Silverstone,R,15.77074829931973,27.670068027210885,0.3469387755102041,3,Late,1:29.752,19.038461538461533,817.0384615384615,8,0.39466164233003703,1.7999999999999998,37.06252767710947
NOR,McLaren,45.0,0 days 00:01:29.635000,SOFT,3.0,1,True,89.635,2024,Silverstone,R,15.77074829931973,27.670068027210885,0.3469387755102041,4,Late,1:29.635,16.92307692307692,814.9230769230769,8,0.409357826974407,2.4,37.750704784975696
NOR,McLaren,46.0,0 days 00:01:29.960000,SOFT,3.0,1,True,89.96,2024,Silverstone,R,15.77074829931973,27.670068027210885,0.3469387755102041,5,Late,1:29.960,14.807692307692307,812.8076923076923,8,0.3685350918511552,3.0,38.105768374236185
NOR,McLaren,47.0,0 days 00:01:29.838000,SOFT,3.0,1,True,89.838,2024,Silverstone,R,15.77074829931973,27.670068027210885,0.3469387755102041,6,Late,1:29.838,12.692307692307693,810.6923076923077,8,0.38385931857434563,3.5999999999999996,38.79771373457533
NOR,McLaren,48.0,0 days 00:01:30.556000,SOFT,3.0,1,True,90.556,2024,Silverstone,R,15.77074829931973,27.670068027210885,0.3469387755102041,7,Late,1:30.556,10.57692307692308,808.5769230769231,8,0.2936724760558965,4.2,38.85659267946463
NOR,McLaren,49.0,0 days 00:01:30.515000,SOFT,3.0,1,True,90.515,2024,Silverstone,R,15.77074829931973,27.670068027210885,0.3469387755102041,8,Late,1:30.515,8.461538461538453,806.4615384615385,8,0.2988224211022142,4.8,39.48749234974254
NOR,McLaren,50.0,0 days 00:01:30.544000,SOFT,3.0,1,True,90.544,2024,Silverstone,R,15.77074829931973,27.670068027210885,0.3469387755102041,9,Late,1:30.544,6.34615384615384,804.3461538461538,8,0.2951797770450628,5.3999999999999995,40.06563648539963
NOR,McLaren,51.0,0 days 00:01:30.769000,SOFT,3.0,1,True,90.769,2024,Silverstone,R,15.77074829931973,27.670068027210885,0.3469387755102041,10,Late,1:30.769,4.230769230769226,802.2307692307693,8,0.2669178834981942,6.0,40.49606512411842
NOR,McLaren,52.0,0 days 00:01:30.913000,SOFT,3.0,1,True,90.913,2024,Silverstone,R,15.77074829931973,27.670068027210885,0.3469387755102041,11,Late,1:30.913,2.115384615384613,800.1153846153846,8,0.24883027162819998,6.6,40.98753945289845
OCO,Alpine,2.0,0 days 00:01:33.846000,SOFT,1.0,1,True,93.846,2024,Silverstone,R,15.77074829931973,27.670068027210885,0.3469387755102041,0,Early,1:33.846,107.88461538461539,905.8846153846154,8,-0.11957921180719075,0.0,32.17708255228611
OCO,Alpine,3.0,0 days 00:01:33.479000,SOFT,1.0,1,True,93.479,2024,Silverstone,R,15.77074829931973,27.670068027210885,0.3469387755102041,1,Early,1:33.479,105.76923076923077,903.7692307692307,8,-0.07348092322185501,0.6,33.05367228379813
OCO,Alpine,4.0,0 days 00:01:33.316000,SOFT,1.0,1,True,93.316,2024,Silverstone,R,15.77074829931973,27.670068027210885,0.3469387755102041,2,Early,1:33.316,103.65384615384616,901.6538461538462,8,-0.053006751452346894,1.2,33.77651731441517
OCO,Alpine,5.0,0 days 00:01:33.210000,SOFT,1.0,1,True,93.21,2024,Silverstone,R,15.77074829931973,27.670068027210885,0.3469387755102041,3,Early,1:33.210,101.53846153846153,899.5384615384615,8,-0.03969225938137705,1.7999999999999998,34.45640426684099
OCO,Alpine,6.0,0 days 00:01:33.616000,SOFT,1.0,1,True,93.616,2024,Silverstone,R,15.77074829931973,27.670068027210885,0.3469387755102041,4,Early,1:33.616,99.42307692307692,897.4230769230769,8,-0.09068927618150335,2.4,34.75042216604023
OCO,Alpine,7.0,0 days 00:01:35.183000,SOFT,1.0,1,True,95.183,2024,Silverstone,R,15.77074829931973,27.670068027210885,0.3469387755102041,5,Early,1:35.183,97.3076923076923,895.3076923076923,8,-0.2875176636834667,3.0,34.169451841028454
OCO,Alpine,8.0,0 days 00:01:33.790000,SOFT,1.0,1,True,93.79,2024,Silverstone,R,15.77074829931973,27.670068027210885,0.3469387755102041,6,Early,1:33.790,95.1923076923077,893.1923076923077,8,-0.11254514052441514,3.5999999999999996,35.81928697998276
OCO,Alpine,9.0,0 days 00:01:33.898000,SOFT,1.0,1,True,93.898,2024,Silverstone,R,15.77074829931973,27.670068027210885,0.3469387755102041,7,Early,1:33.898,93.07692307692308,891.0769230769231,8,-0.12611084942691034,4.2,36.337892726567794
OCO,Alpine,10.0,0 days 00:01:33.843000,SOFT,1.0,1,True,93.843,2024,Silverstone,R,15.77074829931973,27.670068027210885,0.3469387755102041,8,Early,1:33.843,90.96153846153845,888.9615384615385,8,-0.11920238655989916,4.8,36.979343503769854
OCO,Alpine,11.0,0 days 00:01:33.846000,SOFT,1.0,1,True,93.846,2024,Silverstone,R,15.77074829931973,27.670068027210885,0.3469387755102041,9,Early,1:33.846,88.84615384615384,886.8461538461538,8,-0.11957921180719075,5.3999999999999995,37.57708255228611
OCO,Alpine,12.0,0 days 00:01:34.071000,SOFT,1.0,1,True,94.071,2024,Silverstone,R,15.77074829931973,27.670068027210885,0.3469387755102041,10,Early,1:34.071,86.73076923076923,884.7307692307693,8,-0.14784110535405764,6.0,38.00751119100491
OCO,Alpine,13.0,0 days 00:01:34.491000,SOFT,1.0,1,True,94.491,2024,Silverstone,R,15.77074829931973,27.670068027210885,0.3469387755102041,11,Early,1:34.491,84.61538461538461,882.6153846153846,8,-0.20059663997487742,6.6,38.290977983279994
OCO,Alpine,14.0,0 days 00:01:35.293000,SOFT,1.0,1,True,95.293,2024,Silverstone,R,15.77074829931973,27.670068027210885,0.3469387755102041,12,Early,1:35.293,82.5,880.5,8,-0.3013345894174908,7.199999999999999,38.28655028662431
OCO,Alpine,15.0,0 days 00:01:34.884000,SOFT,1.0,1,True,94.884,2024,Silverstone,R,15.77074829931973,27.670068027210885,0.3469387755102041,13,Early,1:34.884,80.38461538461539,878.3846153846154,8,-0.24996074737007293,7.8,39.194793338908816
OCO,Alpine,16.0,0 days 00:01:36.522000,SOFT,1.0,1,True,96.522,2024,Silverstone,R,15.77074829931973,27.670068027210885,0.3469387755102041,14,Early,1:36.522,78.26923076923077,876.2692307692307,8,-0.4557073323912698,8.4,38.56031382878164
OCO,Alpine,17.0,0 days 00:01:38.735000,SOFT,1.0,1,True,98.735,2024,Silverstone,R,15.77074829931973,27.670068027210885,0.3469387755102041,15,Early,1:38.735,76.15384615384616,874.1538461538462,8,-0.7336787564766826,9.0,37.49248528426916
OCO,Alpine,18.0,0 days 00:01:38.497000,SOFT,1.0,1,True,98.497,2024,Silverstone,R,15.77074829931973,27.670068027210885,0.3469387755102041,16,Mid,1:38.497,74.03846153846155,872.0384615384615,8,-0.7037839535248849,9.6,38.27185410197995
OCO,Alpine,23.0,0 days 00:01:35.488000,MEDIUM,3.0,1,True,95.488,2024,Silverstone,R,15.77074829931973,27.670068027210885,0.3469387755102041,0,Mid,1:35.488,63.46153846153846,861.4615384615385,5,-0.3258282304914419,0.0,27.939588440180604
OCO,Alpine,24.0,0 days 00:01:38.005000,MEDIUM,3.0,1,True,98.005,2024,Silverstone,R,15.77074829931973,27.670068027210885,0.3469387755102041,1,Mid,1:38.005,61.34615384615385,859.3461538461538,5,-0.6419846129690672,0.6,26.642650145314853
OCO,Alpine,25.0,0 days 00:01:47.432000,MEDIUM,3.0,1,True,107.432,2024,Silverstone,R,15.77074829931973,27.670068027210885,0.3469387755102041,2,Mid,1:47.432,59.230769230769226,857.2307692307693,5,-1.0,1.2,25.094557823129257
OCO,Alpine,28.0,0 days 00:01:41.716000,INTERMEDIATE,4.0,1,True,101.716,2024,Silverstone,R,15.77074829931973,27.670068027210885,0.3469387755102041,0,Mid,1:41.716,52.88461538461539,850.8846153846154,3,-1.0,0.0,21.89455782312925
OCO,Alpine,29.0,0 days 00:01:42.362000,INTERMEDIATE,4.0,1,True,102.362,2024,Silverstone,R,15.77074829931973,27.670068027210885,0.3469387755102041,1,Mid,1:42.362,50.76923076923077,848.7692307692307,3,-1.0,0.6,22.494557823129252
OCO,Alpine,30.0,0 days 00:01:43.336000,INTERMEDIATE,4.0,1,True,103.336,2024,Silverstone,R,15.77074829931973,27.670068027210885,0.3469387755102041,2,Mid,1:43.336,48.65384615384615,846.6538461538462,3,-1.0,1.2,23.09455782312925
OCO,Alpine,31.0,0 days 00:01:44.019000,INTERMEDIATE,4.0,1,True,104.019,2024,Silverstone,R,15.77074829931973,27.670068027210885,0.3469387755102041,3,Mid,1:44.019,46.53846153846154,844.5384615384615,3,-1.0,1.7999999999999998,23.69455782312925
OCO,Alpine,32.0,0 days 00:01:44.673000,INTERMEDIATE,4.0,1,True,104.673,2024,Silverstone,R,15.77074829931973,27.670068027210885,0.3469387755102041,4,Mid,1:44.673,44.42307692307692,842.4230769230769,3,-1.0,2.4,24.294557823129253
OCO,Alpine,33.0,0 days 00:01:45.290000,INTERMEDIATE,4.0,1,True,105.29,2024,Silverstone,R,15.77074829931973,27.670068027210885,0.3469387755102041,5,Mid,1:45.290,42.30769230769231,840.3076923076923,3,-1.0,3.0,24.894557823129254
OCO,Alpine,34.0,0 days 00:01:45.511000,INTERMEDIATE,4.0,1,True,105.511,2024,Silverstone,R,15.77074829931973,27.670068027210885,0.3469387755102041,6,Mid,1:45.511,40.19230769230769,838.1923076923077,3,-1.0,3.5999999999999996,25.49455782312925
OCO,Alpine,35.0,0 days 00:01:42.995000,INTERMEDIATE,4.0,1,True,102.995,2024,Silverstone,R,15.77074829931973,27.670068027210885,0.3469387755102041,7,Late,1:42.995,38.07692307692308,836.0769230769231,3,-1.0,4.2,26.09455782312925
OCO,Alpine,36.0,0 days 00:01:41.215000,INTERMEDIATE,4.0,1,True,101.215,2024,Silverstone,R,15.77074829931973,27.670068027210885,0.3469387755102041,8,Late,1:41.215,35.96153846153847,833.9615384615385,3,-1.0,4.8,26.69455782312925
OCO,Alpine,37.0,0 days 00:01:42.235000,INTERMEDIATE,4.0,1,True,102.235,2024,Silverstone,R,15.77074829931973,27.670068027210885,0.3469387755102041,9,Late,1:42.235,33.84615384615384,831.8461538461538,3,-1.0,5.3999999999999995,27.294557823129253
OCO,Alpine,40.0,0 days 00:01:32.838000,MEDIUM,5.0,1,True,92.838,2024,Silverstone,R,15.77074829931973,27.670068027210885,0.3469387755102041,0,Late,1:32.838,27.5,825.5,5,0.007034071282777396,0.0,29.93676225082592
OCO,Alpine,41.0,0 days 00:01:31.114000,MEDIUM,5.0,1,True,91.114,2024,Silverstone,R,15.77074829931973,27.670068027210885,0.3469387755102041,1,Late,1:31.114,25.384615384615387,823.3846153846154,5,0.22358298005966395,0.6,31.83605570348724
OCO,Alpine,42.0,0 days 00:01:31.187000,MEDIUM,5.0,1,True,91.187,2024,Silverstone,R,15.77074829931973,27.670068027210885,0.3469387755102041,2,Late,1:31.187,23.269230769230774,821.2692307692307,5,0.2144135657089033,1.2,32.38103921738268
OCO,Alpine,43.0,0 days 00:01:31.084000,MEDIUM,5.0,1,True,91.084,2024,Silverstone,R,15.77074829931973,27.670068027210885,0.3469387755102041,3,Late,1:31.084,21.153846153846146,819.1538461538462,5,0.22735123253257977,1.7999999999999998,33.05866521832473
OCO,Alpine,44.0,0 days 00:01:30.928000,MEDIUM,5.0,1,True,90.928,2024,Silverstone,R,15.77074829931973,27.670068027210885,0.3469387755102041,4,Late,1:30.928,19.038461538461533,817.0384615384615,5,0.24694614539174206,2.4,33.77623469547971
OCO,Alpine,45.0,0 days 00:01:30.952000,MEDIUM,5.0,1,True,90.952,2024,Silverstone,R,15.77074829931973,27.670068027210885,0.3469387755102041,5,Late,1:30.952,16.92307692307692,814.9230769230769,5,0.2439315434134094,3.0,34.35814708360971
OCO,Alpine,46.0,0 days 00:01:30.875000,MEDIUM,5.0,1,True,90.875,2024,Silverstone,R,15.77074829931973,27.670068027210885,0.3469387755102041,6,Late,1:30.875,14.807692307692307,812.8076923076923,5,0.2536033914272261,3.5999999999999996,35.016178171692616
OCO,Alpine,47.0,0 days 00:01:33.599000,MEDIUM,5.0,1,True,93.599,2024,Silverstone,R,15.77074829931973,27.670068027210885,0.3469387755102041,7,Late,1:33.599,12.692307692307693,810.6923076923077,5,-0.08855393311351832,4.2,33.563234224448145
OCO,Alpine,48.0,0 days 00:01:35.931000,MEDIUM,5.0,1,True,95.931,2024,Silverstone,R,15.77074829931973,27.670068027210885,0.3469387755102041,8,Late,1:35.931,10.57692307692308,808.5769230769231,5,-0.3814727586748299,4.8,32.405721271080274
OCO,Alpine,49.0,0 days 00:01:31.060000,MEDIUM,5.0,1,True,91.06,2024,Silverstone,R,15.77074829931973,27.670068027210885,0.3469387755102041,9,Late,1:31.060,8.461538461538453,806.4615384615385,5,0.23036583451091244,5.3999999999999995,36.67675283019473
OCO,Alpine,50.0,0 days 00:01:31.608000,MEDIUM,5.0,1,True,91.608,2024,Silverstone,R,15.77074829931973,27.670068027210885,0.3469387755102041,10,Late,1:31.608,6.34615384615384,804.3461538461538,5,0.16153242267231907,6.0,36.86375235916317
PER,Red Bull Racing,2.0,0 days 00:01:32.942000,HARD,1.0,1,True,92.942,2024,Silverstone,R,15.77074829931973,27.670068027210885,0.3469387755102041,0,Early,1:32.942,107.88461538461539,905.8846153846154,2,-0.006029203956663535,0.0,26.85838259938927
PER,Red Bull Racing,3.0,0 days 00:01:32.340000,HARD,1.0,1,True,92.34,2024,Silverstone,R,15.77074829931973,27.670068027210885,0.3469387755102041,1,Early,1:32.340,105.76923076923077,903.7692307692307,2,0.06958706233317652,0.6,27.91208019712831
PER,Red Bull Racing,4.0,0 days 00:01:32.570000,HARD,1.0,1,True,92.57,2024,Silverstone,R,15.77074829931973,27.670068027210885,0.3469387755102041,2,Early,1:32.570,103.65384615384616,901.6538461538462,2,0.040697126707490906,1.2,28.338740583374197
PER,Red Bull Racing,5.0,0 days 00:01:32.111000,HARD,1.0,1,True,92.111,2024,Silverstone,R,15.77074829931973,27.670068027210885,0.3469387755102041,3,Early,1:32.111,101.53846153846153,899.5384615384615,2,0.09835138954309947,1.7999999999999998,29.28466616038785
PER,Red Bull Racing,6.0,0 days 00:01:32.250000,HARD,1.0,1,True,92.25,2024,Silverstone,R,15.77074829931973,27.670068027210885,0.3469387755102041,4,Early,1:32.250,99.42307692307692,897.4230769230769,2,0.080891819751924,2.4,29.779908741640796
PER,Red Bull Racing,7.0,0 days 00:01:33.313000,HARD,1.0,1,True,93.313,2024,Silverstone,R,15.77074829931973,27.670068027210885,0.3469387755102041,5,Early,1:33.313,97.3076923076923,895.3076923076923,2,-0.05262992620505531,3.0,29.578778265898926
PER,Red Bull Racing,8.0,0 days 00:01:33.407000,HARD,1.0,1,True,93.407,2024,Silverstone,R,15.77074829931973,27.670068027210885,0.3469387755102041,6,Early,1:33.407,95.1923076923077,893.1923076923077,2,-0.06443711728685704,3.5999999999999996,30.107935119408104
PER,Red Bull Racing,9.0,0 days 00:01:32.800000,HARD,1.0,1,True,92.8,2024,Silverstone,R,15.77074829931973,27.670068027210885,0.3469387755102041,7,Early,1:32.800,93.07692307692308,891.0769230769231,2,0.011807191081803513,4.2,31.165400969620073
PER,Red Bull Racing,10.0,0 days 00:01:32.709000,HARD,1.0,1,True,92.709,2024,Silverstone,R,15.77074829931973,27.670068027210885,0.3469387755102041,8,Early,1:32.709,90.96153846153845,888.9615384615385,2,0.02323755691631366,4.8,31.833983164627135
PER,Red Bull Racing,11.0,0 days 00:01:32.491000,HARD,1.0,1,True,92.491,2024,Silverstone,R,15.77074829931973,27.670068027210885,0.3469387755102041,9,Early,1:32.491,88.84615384615384,886.8461538461538,2,0.050620191552834724,5.3999999999999995,32.59827897244626
PER,Red Bull Racing,12.0,0 days 00:01:32.509000,HARD,1.0,1,True,92.509,2024,Silverstone,R,15.77074829931973,27.670068027210885,0.3469387755102041,10,Early,1:32.509,86.73076923076923,884.7307692307693,2,0.04835924006908523,6.0,33.18471326354376
PER,Red Bull Racing,13.0,0 days 00:01:32.772000,HARD,1.0,1,True,92.772,2024,Silverstone,R,15.77074829931973,27.670068027210885,0.3469387755102041,11,Early,1:32.772,84.61538461538461,882.6153846153846,2,0.015324226723190426,6.6,33.586503183468395
PER,Red Bull Racing,14.0,0 days 00:01:32.488000,HARD,1.0,1,True,92.488,2024,Silverstone,R,15.77074829931973,27.670068027210885,0.3469387755102041,12,Early,1:32.488,82.5,880.5,2,0.050997016800126305,7.199999999999999,34.400539923930005
PER,Red Bull Racing,15.0,0 days 00:01:32.702000,HARD,1.0,1,True,92.702,2024,Silverstone,R,15.77074829931973,27.670068027210885,0.3469387755102041,13,Early,1:32.702,80.38461538461539,878.3846153846154,2,0.02411681582666128,7.8,34.83925871808922
PER,Red Bull Racing,16.0,0 days 00:01:34.231000,HARD,1.0,1,True,94.231,2024,Silverstone,R,15.77074829931973,27.670068027210885,0.3469387755102041,14,Early,1:34.231,78.26923076923077,876.2692307692307,2,-0.1679384518762742,8.4,34.286927111871606
PER,Red Bull Racing,17.0,0 days 00:01:34.829000,HARD,1.0,1,True,94.829,2024,Silverstone,R,15.77074829931973,27.670068027210885,0.3469387755102041,15,Early,1:34.829,76.15384615384616,874.1538461538462,2,-0.24305228450306,9.0,34.43624411611089
PER,Red Bull Racing,18.0,0 days 00:01:35.384000,HARD,1.0,1,True,95.384,2024,Silverstone,R,15.77074829931973,27.670068027210885,0.3469387755102041,16,Mid,1:35.384,74.03846153846155,872.0384615384615,2,-0.312764955252001,9.6,34.61796809161724
PER,Red Bull Racing,21.0,0 days 00:01:41.997000,INTERMEDIATE,2.0,1,True,101.997,2024,Silverstone,R,15.77074829931973,27.670068027210885,0.3469387755102041,0,Mid,1:41.997,67.6923076923077,865.6923076923077,3,-1.0,0.0,21.89455782312925
PER,Red Bull Racing,22.0,0 days 00:01:44.936000,INTERMEDIATE,2.0,1,True,104.936,2024,Silverstone,R,15.77074829931973,27.670068027210885,0.3469387755102041,1,Mid,1:44.936,65.57692307692307,863.5769230769231,3,-1.0,0.6,22.494557823129252
PER,Red Bull Racing,23.0,0 days 00:01:46.214000,INTERMEDIATE,2.0,1,True,106.214,2024,Silverstone,R,15.77074829931973,27.670068027210885,0.3469387755102041,2,Mid,1:46.214,63.46153846153846,861.4615384615385,3,-1.0,1.2,23.09455782312925
PER,Red Bull Racing,24.0,0 days 00:01:50.729000,INTERMEDIATE,2.0,1,True,110.729,2024,Silverstone,R,15.77074829931973,27.670068027210885,0.3469387755102041,3,Mid,1:50.729,61.34615384615385,859.3461538461538,3,-1.0,1.7999999999999998,23.69455782312925
PER,Red Bull Racing,25.0,0 days 00:01:47.327000,INTERMEDIATE,2.0,1,True,107.327,2024,Silverstone,R,15.77074829931973,27.670068027210885,0.3469387755102041,4,Mid,1:47.327,59.230769230769226,857.2307692307693,3,-1.0,2.4,24.294557823129253
PER,Red Bull Racing,26.0,0 days 00:01:45.736000,INTERMEDIATE,2.0,1,True,105.736,2024,Silverstone,R,15.77074829931973,27.670068027210885,0.3469387755102041,5,Mid,1:45.736,57.11538461538461,855.1153846153846,3,-1.0,3.0,24.894557823129254
PER,Red Bull Racing,27.0,0 days 00:01:52.538000,INTERMEDIATE,2.0,1,True,112.538,2024,Silverstone,R,15.77074829931973,27.670068027210885,0.3469387755102041,6,Mid,1:52.538,55.0,853.0,3,-1.0,3.5999999999999996,25.49455782312925
PER,Red Bull Racing,30.0,0 days 00:01:40.021000,INTERMEDIATE,3.0,1,True,100.021,2024,Silverstone,R,15.77074829931973,27.670068027210885,0.3469387755102041,0,Mid,1:40.021,48.65384615384615,846.6538461538462,3,-0.8952111791490016,0.0,22.52329074823524
PER,Red Bull Racing,31.0,0 days 00:01:42.676000,INTERMEDIATE,3.0,1,True,102.676,2024,Silverstone,R,15.77074829931973,27.670068027210885,0.3469387755102041,1,Mid,1:42.676,46.53846153846154,844.5384615384615,3,-1.0,0.6,22.494557823129252
PER,Red Bull Racing,32.0,0 days 00:01:44.035000,INTERMEDIATE,3.0,1,True,104.035,2024,Silverstone,R,15.77074829931973,27.670068027210885,0.3469387755102041,2,Mid,1:44.035,44.42307692307692,842.4230769230769,3,-1.0,1.2,23.09455782312925
PER,Red Bull Racing,33.0,0 days 00:01:44.641000,INTERMEDIATE,3.0,1,True,104.641,2024,Silverstone,R,15.77074829931973,27.670068027210885,0.3469387755102041,3,Mid,1:44.641,42.30769230769231,840.3076923076923,3,-1.0,1.7999999999999998,23.69455782312925
PER,Red Bull Racing,34.0,0 days 00:01:45.045000,INTERMEDIATE,3.0,1,True,105.045,2024,Silverstone,R,15.77074829931973,27.670068027210885,0.3469387755102041,4,Mid,1:45.045,40.19230769230769,838.1923076923077,3,-1.0,2.4,24.294557823129253
PER,Red Bull Racing,35.0,0 days 00:01:43.534000,INTERMEDIATE,3.0,1,True,103.534,2024,Silverstone,R,15.77074829931973,27.670068027210885,0.3469387755102041,5,Late,1:43.534,38.07692307692308,836.0769230769231,3,-1.0,3.0,24.894557823129254
PER,Red Bull Racing,36.0,0 days 00:01:41.845000,INTERMEDIATE,3.0,1,True,101.845,2024,Silverstone,R,15.77074829931973,27.670068027210885,0.3469387755102041,6,Late,1:41.845,35.96153846153847,833.9615384615385,3,-1.0,3.5999999999999996,25.49455782312925
PER,Red Bull Racing,39.0,0 days 00:01:32.722000,MEDIUM,4.0,1,True,92.722,2024,Silverstone,R,15.77074829931973,27.670068027210885,0.3469387755102041,0,Late,1:32.722,29.615384615384613,827.6153846153846,5,0.021604647511384658,0.0,30.024185708197564
PER,Red Bull Racing,40.0,0 days 00:01:33.219000,MEDIUM,4.0,1,True,93.219,2024,Silverstone,R,15.77074829931973,27.670068027210885,0.3469387755102041,1,Late,1:33.219,27.5,825.5,5,-0.0408227351232518,0.6,30.249621412389743
PER,Red Bull Racing,41.0,0 days 00:01:30.689000,MEDIUM,4.0,1,True,90.689,2024,Silverstone,R,15.77074829931973,27.670068027210885,0.3469387755102041,2,Late,1:30.689,25.384615384615387,823.3846153846154,5,0.2769665567593042,1.2,32.75635716368508
PER,Red Bull Racing,42.0,0 days 00:01:30.542000,MEDIUM,4.0,1,True,90.542,2024,Silverstone,R,15.77074829931973,27.670068027210885,0.3469387755102041,3,Late,1:30.542,23.269230769230774,821.2692307692307,5,0.29543099387658994,1.7999999999999998,33.46714378638879
PER,Red Bull Racing,43.0,0 days 00:01:30.229000,MEDIUM,4.0,1,True,90.229,2024,Silverstone,R,15.77074829931973,27.670068027210885,0.3469387755102041,4,Late,1:30.229,21.153846153846146,819.1538461538462,5,0.3347464280106772,2.4,34.30303639119332
PER,Red Bull Racing,44.0,0 days 00:01:30.518000,MEDIUM,4.0,1,True,90.518,2024,Silverstone,R,15.77074829931973,27.670068027210885,0.3469387755102041,5,Late,1:30.518,19.038461538461533,817.0384615384615,5,0.29844559585492264,3.0,34.68523139825879
PER,Red Bull Racing,45.0,0 days 00:01:30.565000,MEDIUM,4.0,1,True,90.565,2024,Silverstone,R,15.77074829931973,27.670068027210885,0.3469387755102041,6,Late,1:30.565,16.92307692307692,814.9230769230769,5,0.2925420003140218,3.5999999999999996,35.249809825013386
PER,Red Bull Racing,46.0,0 days 00:01:30.136000,MEDIUM,4.0,1,True,90.136,2024,Silverstone,R,15.77074829931973,27.670068027210885,0.3469387755102041,7,Late,1:30.136,14.807692307692307,812.8076923076923,5,0.34642801067671625,4.2,36.173125887189556
PER,Red Bull Racing,49.0,0 days 00:01:37.360000,SOFT,5.0,1,True,97.36,2024,Silverstone,R,15.77074829931973,27.670068027210885,0.3469387755102041,0,Late,1:37.360,8.461538461538453,806.4615384615385,8,-0.5609671848013804,0.0,29.528754714320975
PER,Red Bull Racing,50.0,0 days 00:01:29.707000,SOFT,5.0,1,True,89.707,2024,Silverstone,R,15.77074829931973,27.670068027210885,0.3469387755102041,1,Late,1:29.707,6.34615384615384,804.3461538461538,8,0.4003140210394108,0.6,35.89644194936572
PIA,McLaren,2.0,0 days 00:01:32.361000,MEDIUM,1.0,1,True,92.361,2024,Silverstone,R,15.77074829931973,27.670068027210885,0.3469387755102041,0,Early,1:32.361,107.88461538461539,905.8846153846154,5,0.06694928560213544,0.0,30.296253536742064
PIA,McLaren,3.0,0 days 00:01:31.927000,MEDIUM,1.0,1,True,91.927,2024,Silverstone,R,15.77074829931973,27.670068027210885,0.3469387755102041,1,Early,1:31.927,105.76923076923077,903.7692307692307,5,0.12146333804364866,0.6,31.22333785139115
PIA,McLaren,4.0,0 days 00:01:31.919000,MEDIUM,1.0,1,True,91.919,2024,Silverstone,R,15.77074829931973,27.670068027210885,0.3469387755102041,2,Early,1:31.919,103.65384615384616,901.6538461538462,5,0.12246820536976075,1.2,31.829367055347824
PIA,McLaren,5.0,0 days 00:01:31.832000,MEDIUM,1.0,1,True,91.832,2024,Silverstone,R,15.77074829931973,27.670068027210885,0.3469387755102041,3,Early,1:31.832,101.53846153846153,899.5384615384615,5,0.13339613754121663,1.7999999999999998,32.49493464837655
PIA,McLaren,6.0,0 days 00:01:32.062000,MEDIUM,1.0,1,True,92.062,2024,Silverstone,R,15.77074829931973,27.670068027210885,0.3469387755102041,4,Early,1:32.062,99.42307692307692,897.4230769230769,5,0.10450620191552924,2.4,32.92159503462243
PIA,McLaren,7.0,0 days 00:01:31.925000,MEDIUM,1.0,1,True,91.925,2024,Silverstone,R,15.77074829931973,27.670068027210885,0.3469387755102041,5,Early,1:31.925,97.3076923076923,895.3076923076923,5,0.12171455487517757,3.0,33.62484515238032
PIA,McLaren,8.0,0 days 00:01:31.994000,MEDIUM,1.0,1,True,91.994,2024,Silverstone,R,15.77074829931973,27.670068027210885,0.3469387755102041,6,Early,1:31.994,95.1923076923077,893.1923076923077,5,0.11304757418747118,3.5999999999999996,34.172843268254084
PIA,McLaren,9.0,0 days 00:01:32,MEDIUM,1.0,1,True,92.0,2024,Silverstone,R,15.77074829931973,27.670068027210885,0.3469387755102041,7,Early,1:32.000,93.07692307692308,891.0769230769231,5,0.11229392369288801,4.2,34.76832136528659
PIA,McLaren,10.0,0 days 00:01:31.811000,MEDIUM,1.0,1,True,91.811,2024,Silverstone,R,15.77074829931973,27.670068027210885,0.3469387755102041,8,Early,1:31.811,90.96153846153845,888.9615384615385,5,0.13603391427225592,4.8,35.51076130876279
PIA,McLaren,11.0,0 days 00:01:31.855000,MEDIUM,1.0,1,True,91.855,2024,Silverstone,R,15.77074829931973,27.670068027210885,0.3469387755102041,9,Early,1:31.855,88.84615384615384,886.8461538461538,5,0.13050714397864666,5.3999999999999995,36.07760068700113
PIA,McLaren,12.0,0 days 00:01:31.663000,MEDIUM,1.0,1,True,91.663,2024,Silverstone,R,15.77074829931973,27.670068027210885,0.3469387755102041,10,Early,1:31.663,86.73076923076923,884.7307692307693,5,0.1546239598053079,6.0,36.8223015819611
PIA,McLaren,13.0,0 days 00:01:31.896000,MEDIUM,1.0,1,True,91.896,2024,Silverstone,R,15.77074829931973,27.670068027210885,0.3469387755102041,11,Early,1:31.896,84.61538461538461,882.6153846153846,5,0.12535719893232894,6.6,37.24670101672323
PIA,McLaren,14.0,0 days 00:01:31.697000,MEDIUM,1.0,1,True,91.697,2024,Silverstone,R,15.77074829931973,27.670068027210885,0.3469387755102041,12,Early,1:31.697,82.5,880.5,5,0.15035327366933607,7.199999999999999,37.996677465145275
PIA,McLaren,15.0,0 days 00:01:31.514000,MEDIUM,1.0,1,True,91.514,2024,Silverstone,R,15.77074829931973,27.670068027210885,0.3469387755102041,13,Early,1:31.514,80.38461538461539,878.3846153846154,5,0.1733396137541226,7.8,38.734595505653985
PIA,McLaren,16.0,0 days 00:01:32.118000,MEDIUM,1.0,1,True,92.118,2024,Silverstone,R,15.77074829931973,27.670068027210885,0.3469387755102041,14,Early,1:32.118,78.26923076923077,876.2692307692307,5,0.09747213063275363,8.4,38.879390606925774
PIA,McLaren,17.0,0 days 00:01:33.988000,MEDIUM,1.0,1,True,93.988,2024,Silverstone,R,15.77074829931973,27.670068027210885,0.3469387755102041,15,Early,1:33.988,76.15384615384616,874.1538461538462,5,-0.1374156068456578,9.0,38.070064182055305
PIA,McLaren,18.0,0 days 00:01:34.269000,MEDIUM,1.0,1,True,94.269,2024,Silverstone,R,15.77074829931973,27.670068027210885,0.3469387755102041,16,Mid,1:34.269,74.03846153846155,872.0384615384615,5,-0.1727115716753021,9.6,38.458288393077446
PIA,McLaren,19.0,0 days 00:01:40.728000,MEDIUM,1.0,1,True,100.728,2024,Silverstone,R,15.77074829931973,27.670068027210885,0.3469387755102041,17,Mid,1:40.728,71.92307692307692,869.9230769230769,5,-0.9840163290940471,10.0,33.990459848564974
PIA,McLaren,20.0,0 days 00:01:37.348000,MEDIUM,1.0,1,True,97.348,2024,Silverstone,R,15.77074829931973,27.670068027210885,0.3469387755102041,18,Mid,1:37.348,69.8076923076923,867.8076923076923,5,-0.5594598838122141,10.0,36.53779852025597
PIA,McLaren,21.0,0 days 00:01:31.819000,MEDIUM,1.0,1,True,91.819,2024,Silverstone,R,15.77074829931973,27.670068027210885,0.3469387755102041,19,Mid,1:31.819,67.6923076923077,865.6923076923077,5,0.13502904694614562,10.0,40.704732104806126
PIA,McLaren,22.0,0 days 00:01:31.169000,MEDIUM,1.0,1,True,91.169,2024,Silverstone,R,15.77074829931973,27.670068027210885,0.3469387755102041,20,Mid,1:31.169,65.57692307692307,863.5769230769231,5,0.2166745171926528,10.0,41.19460492628517
PIA,McLaren,23.0,0 days 00:01:30.976000,MEDIUM,1.0,1,True,90.976,2024,Silverstone,R,15.77074829931973,27.670068027210885,0.3469387755102041,21,Mid,1:30.976,63.46153846153846,861.4615384615385,5,0.24091694143507675,10.0,41.340059471739714
PIA,McLaren,24.0,0 days 00:01:31.392000,MEDIUM,1.0,1,True,91.392,2024,Silverstone,R,15.77074829931973,27.670068027210885,0.3469387755102041,22,Mid,1:31.392,61.34615384615385,859.3461538461538,5,0.18866384047731302,10.0,41.026540865993134
PIA,McLaren,25.0,0 days 00:01:34.271000,MEDIUM,1.0,1,True,94.271,2024,Silverstone,R,15.77074829931973,27.670068027210885,0.3469387755102041,23,Mid,1:34.271,59.230769230769226,857.2307692307693,5,-0.17296278850682922,10.0,38.856781092088276
PIA,McLaren,26.0,0 days 00:01:40.622000,MEDIUM,1.0,1,True,100.622,2024,Silverstone,R,15.77074829931973,27.670068027210885,0.3469387755102041,24,Mid,1:40.622,57.11538461538461,855.1153846153846,5,-0.970701837023079,10.0,34.070346800990784
PIA,McLaren,27.0,0 days 00:01:49.747000,MEDIUM,1.0,1,True,109.747,2024,Silverstone,R,15.77074829931973,27.670068027210885,0.3469387755102041,25,Mid,1:49.747,55.0,853.0,5,-1.0,10.0,33.894557823129254
PIA,McLaren,30.0,0 days 00:01:40.492000,INTERMEDIATE,2.0,1,True,100.492,2024,Silverstone,R,15.77074829931973,27.670068027210885,0.3469387755102041,0,Mid,1:40.492,48.65384615384615,846.6538461538462,3,-0.9543727429737783,0.0,22.16832136528658
PIA,McLaren,31.0,0 days 00:01:42.161000,INTERMEDIATE,2.0,1,True,102.161,2024,Silverstone,R,15.77074829931973,27.670068027210885,0.3469387755102041,1,Mid,1:42.161,46.53846153846154,844.5384615384615,3,-1.0,0.6,22.494557823129252
PIA,McLaren,32.0,0 days 00:01:43.137000,INTERMEDIATE,2.0,1,True,103.137,2024,Silverstone,R,15.77074829931973,27.670068027210885,0.3469387755102041,2,Mid,1:43.137,44.42307692307692,842.4230769230769,3,-1.0,1.2,23.09455782312925
PIA,McLaren,33.0,0 days 00:01:43.325000,INTERMEDIATE,2.0,1,True,103.325,2024,Silverstone,R,15.77074829931973,27.670068027210885,0.3469387755102041,3,Mid,1:43.325,42.30769230769231,840.3076923076923,3,-1.0,1.7999999999999998,23.69455782312925
PIA,McLaren,34.0,0 days 00:01:43.954000,INTERMEDIATE,2.0,1,True,103.954,2024,Silverstone,R,15.77074829931973,27.670068027210885,0.3469387755102041,4,Mid,1:43.954,40.19230769230769,838.1923076923077,3,-1.0,2.4,24.294557823129253
PIA,McLaren,35.0,0 days 00:01:43.309000,INTERMEDIATE,2.0,1,True,103.309,2024,Silverstone,R,15.77074829931973,27.670068027210885,0.3469387755102041,5,Late,1:43.309,38.07692307692308,836.0769230769231,3,-1.0,3.0,24.894557823129254
PIA,McLaren,36.0,0 days 00:01:42.520000,INTERMEDIATE,2.0,1,True,102.52,2024,Silverstone,R,15.77074829931973,27.670068027210885,0.3469387755102041,6,Late,1:42.520,35.96153846153847,833.9615384615385,3,-1.0,3.5999999999999996,25.49455782312925
PIA,McLaren,37.0,0 days 00:01:39.635000,INTERMEDIATE,2.0,1,True,99.635,2024,Silverstone,R,15.77074829931973,27.670068027210885,0.3469387755102041,7,Late,1:39.635,33.84615384615384,831.8461538461538,3,-0.8467263306641537,4.2,27.01419983914433
PIA,McLaren,40.0,0 days 00:01:29.913000,MEDIUM,3.0,1,True,89.913,2024,Silverstone,R,15.77074829931973,27.670068027210885,0.3469387755102041,0,Late,1:29.913,27.5,825.5,5,0.37443868739205605,0.0,32.14118994748159
PIA,McLaren,41.0,0 days 00:01:29.574000,MEDIUM,3.0,1,True,89.574,2024,Silverstone,R,15.77074829931973,27.670068027210885,0.3469387755102041,1,Late,1:29.574,25.384615384615387,823.3846153846154,5,0.4170199403360031,0.6,32.996677465145275
PIA,McLaren,42.0,0 days 00:01:29.581000,MEDIUM,3.0,1,True,89.581,2024,Silverstone,R,15.77074829931973,27.670068027210885,0.3469387755102041,2,Late,1:29.581,23.269230769230774,821.2692307692307,5,0.41614068142565547,1.2,33.59140191168319
PIA,McLaren,43.0,0 days 00:01:29.286000,MEDIUM,3.0,1,True,89.286,2024,Silverstone,R,15.77074829931973,27.670068027210885,0.3469387755102041,3,Late,1:29.286,21.153846153846146,819.1538461538462,5,0.4531951640759932,1.7999999999999998,34.41372880758521
PIA,McLaren,44.0,0 days 00:01:29.221000,MEDIUM,3.0,1,True,89.221,2024,Silverstone,R,15.77074829931973,27.670068027210885,0.3469387755102041,4,Late,1:29.221,19.038461538461533,817.0384615384615,5,0.46135971110064355,2.4,35.062716089733115
PIA,McLaren,45.0,0 days 00:01:29.222000,MEDIUM,3.0,1,True,89.222,2024,Silverstone,R,15.77074829931973,27.670068027210885,0.3469387755102041,5,Late,1:29.222,16.92307692307692,814.9230769230769,5,0.4612341026848809,3.0,35.66196243923854
PIA,McLaren,46.0,0 days 00:01:29.233000,MEDIUM,3.0,1,True,89.233,2024,Silverstone,R,15.77074829931973,27.670068027210885,0.3469387755102041,6,Late,1:29.233,14.807692307692307,812.8076923076923,5,0.45985241011147726,3.5999999999999996,36.25367228379812
PIA,McLaren,47.0,0 days 00:01:29.049000,MEDIUM,3.0,1,True,89.049,2024,Silverstone,R,15.77074829931973,27.670068027210885,0.3469387755102041,7,Late,1:29.049,12.692307692307693,810.6923076923077,5,0.48296435861202647,4.2,36.992343974801415
PIA,McLaren,48.0,0 days 00:01:29.124000,MEDIUM,3.0,1,True,89.124,2024,Silverstone,R,15.77074829931973,27.670068027210885,0.3469387755102041,8,Late,1:29.124,10.57692307692308,808.5769230769231,5,0.47354372742973866,4.8,37.535820187707685
PIA,McLaren,49.0,0 days 00:01:29.283000,MEDIUM,3.0,1,True,89.283,2024,Silverstone,R,15.77074829931973,27.670068027210885,0.3469387755102041,9,Late,1:29.283,8.461538461538453,806.4615384615385,5,0.4535719893232848,5.3999999999999995,38.015989759068965
PIA,McLaren,50.0,0 days 00:01:29.958000,MEDIUM,3.0,1,True,89.958,2024,Silverstone,R,15.77074829931973,27.670068027210885,0.3469387755102041,10,Late,1:29.958,6.34615384615384,804.3461538461538,5,0.3687863086826823,6.0,38.107275675225345
PIA,McLaren,51.0,0 days 00:01:28.748000,MEDIUM,3.0,1,True,88.748,2024,Silverstone,R,15.77074829931973,27.670068027210885,0.3469387755102041,11,Late,1:28.748,4.230769230769226,802.2307692307693,5,0.5207724917569474,6.6,39.61919277367094
PIA,McLaren,52.0,0 days 00:01:29.928000,MEDIUM,3.0,1,True,89.928,2024,Silverstone,R,15.77074829931973,27.670068027210885,0.3469387755102041,12,Late,1:29.928,2.115384615384613,800.1153846153846,5,0.37255456115559815,7.199999999999999,39.329885190062846
RIC,RB,2.0,0 days 00:01:33.709000,MEDIUM,1.0,1,True,93.709,2024,Silverstone,R,15.77074829931973,27.670068027210885,0.3469387755102041,0,Early,1:33.709,107.88461538461539,905.8846153846154,5,-0.1023708588475424,0.0,29.280332670043997
RIC,RB,3.0,0 days 00:01:33.429000,MEDIUM,1.0,1,True,93.429,2024,Silverstone,R,15.77074829931973,27.670068027210885,0.3469387755102041,1,Early,1:33.429,105.76923076923077,903.7692307692307,5,-0.06720050243366257,0.6,30.091354808527278
RIC,RB,4.0,0 days 00:01:33.253000,MEDIUM,1.0,1,True,93.253,2024,Silverstone,R,15.77074829931973,27.670068027210885,0.3469387755102041,2,Early,1:33.253,103.65384615384616,901.6538461538462,5,-0.04509342125922366,1.2,30.823997295573918
RIC,RB,5.0,0 days 00:01:33.263000,MEDIUM,1.0,1,True,93.263,2024,Silverstone,R,15.77074829931973,27.670068027210885,0.3469387755102041,3,Early,1:33.263,101.53846153846153,899.5384615384615,5,-0.04634950541686286,1.7999999999999998,31.416460790628072
RIC,RB,6.0,0 days 00:01:33.666000,MEDIUM,1.0,1,True,93.666,2024,Silverstone,R,15.77074829931973,27.670068027210885,0.3469387755102041,4,Early,1:33.666,99.42307692307692,897.4230769230769,5,-0.0969696969696958,2.4,31.71273964131108
RIC,RB,7.0,0 days 00:01:32.952000,MEDIUM,1.0,1,True,92.952,2024,Silverstone,R,15.77074829931973,27.670068027210885,0.3469387755102041,5,Early,1:32.952,97.3076923076923,895.3076923076923,5,-0.007285288114302738,3.0,32.85084609444344
RIC,RB,8.0,0 days 00:01:33.095000,MEDIUM,1.0,1,True,93.095,2024,Silverstone,R,15.77074829931973,27.670068027210885,0.3469387755102041,6,Early,1:33.095,95.1923076923077,893.1923076923077,5,-0.025247291568534242,3.5999999999999996,33.34307407371805
RIC,RB,9.0,0 days 00:01:32.762000,MEDIUM,1.0,1,True,92.762,2024,Silverstone,R,15.77074829931973,27.670068027210885,0.3469387755102041,7,Early,1:32.762,93.07692307692308,891.0769230769231,5,0.01658031088082963,4.2,34.194039688414236
RIC,RB,10.0,0 days 00:01:32.721000,MEDIUM,1.0,1,True,92.721,2024,Silverstone,R,15.77074829931973,27.670068027210885,0.3469387755102041,8,Early,1:32.721,90.96153846153845,888.9615384615385,5,0.021730255927147328,4.8,34.824939358692134
RIC,RB,11.0,0 days 00:01:32.804000,MEDIUM,1.0,1,True,92.804,2024,Silverstone,R,15.77074829931973,27.670068027210885,0.3469387755102041,9,Early,1:32.804,88.84615384615384,886.8461538461538,5,0.011304757418747475,5.3999999999999995,35.36238636764174
RIC,RB,12.0,0 days 00:01:32.797000,MEDIUM,1.0,1,True,92.797,2024,Silverstone,R,15.77074829931973,27.670068027210885,0.3469387755102041,10,Early,1:32.797,86.73076923076923,884.7307692307693,5,0.012184016329095096,6.0,35.967661921103826
RIC,RB,13.0,0 days 00:01:32.880000,MEDIUM,1.0,1,True,92.88,2024,Silverstone,R,15.77074829931973,27.670068027210885,0.3469387755102041,11,Early,1:32.880,84.61538461538461,882.6153846153846,5,0.0017585178206952416,6.6,36.505108930053424
RIC,RB,14.0,0 days 00:01:32.933000,MEDIUM,1.0,1,True,92.933,2024,Silverstone,R,15.77074829931973,27.670068027210885,0.3469387755102041,12,Early,1:32.933,82.5,880.5,5,-0.004898728214790572,7.199999999999999,37.065165453840514
RIC,RB,15.0,0 days 00:01:33.171000,MEDIUM,1.0,1,True,93.171,2024,Silverstone,R,15.77074829931973,27.670068027210885,0.3469387755102041,13,Early,1:33.171,80.38461538461539,878.3846153846154,5,-0.03479353116658826,7.8,37.48579663612972
RIC,RB,16.0,0 days 00:01:34.437000,MEDIUM,1.0,1,True,94.437,2024,Silverstone,R,15.77074829931973,27.670068027210885,0.3469387755102041,14,Early,1:34.437,78.26923076923077,876.2692307692307,5,-0.19381378552362893,8.4,37.131675109987476
RIC,RB,17.0,0 days 00:01:35.885000,MEDIUM,1.0,1,True,95.885,2024,Silverstone,R,15.77074829931973,27.670068027210885,0.3469387755102041,15,Early,1:35.885,76.15384615384616,874.1538461538462,5,-0.37569477154969344,9.0,36.64038919383109
RIC,RB,18.0,0 days 00:01:36.827000,MEDIUM,1.0,1,True,96.827,2024,Silverstone,R,15.77074829931973,27.670068027210885,0.3469387755102041,16,Mid,1:36.827,74.03846153846155,872.0384615384615,5,-0.494017899199245,9.6,36.530450427933786
RIC,RB,19.0,0 days 00:01:44.922000,MEDIUM,1.0,1,True,104.922,2024,Silverstone,R,15.77074829931973,27.670068027210885,0.3469387755102041,17,Mid,1:44.922,71.92307692307692,869.9230769230769,5,-1.0,10.0,33.894557823129254
RIC,RB,20.0,0 days 00:01:37.330000,MEDIUM,1.0,1,True,97.33,2024,Silverstone,R,15.77074829931973,27.670068027210885,0.3469387755102041,18,Mid,1:37.330,69.8076923076923,867.8076923076923,5,-0.5571989323284646,10.0,36.551364229158466
RIC,RB,21.0,0 days 00:01:34.722000,MEDIUM,1.0,1,True,94.722,2024,Silverstone,R,15.77074829931973,27.670068027210885,0.3469387755102041,19,Mid,1:34.722,67.6923076923077,865.6923076923077,5,-0.2296121840163275,10.0,38.51688471903129
RIC,RB,22.0,0 days 00:01:33.015000,MEDIUM,1.0,1,True,93.015,2024,Silverstone,R,15.77074829931973,27.670068027210885,0.3469387755102041,20,Mid,1:33.015,65.57692307692307,863.5769230769231,5,-0.01519861830742597,10.0,39.803366113284696
RIC,RB,23.0,0 days 00:01:34.224000,MEDIUM,1.0,1,True,94.224,2024,Silverstone,R,15.77074829931973,27.670068027210885,0.3469387755102041,21,Mid,1:34.224,63.46153846153846,861.4615384615385,5,-0.16705919296592836,10.0,38.892202665333684
RIC,RB,24.0,0 days 00:01:36.483000,MEDIUM,1.0,1,True,96.483,2024,Silverstone,R,15.77074829931973,27.670068027210885,0.3469387755102041,22,Mid,1:36.483,61.34615384615385,859.3461538461538,5,-0.4508086041764793,10.0,37.189706198070375
RIC,RB,25.0,0 days 00:01:38.725000,MEDIUM,1.0,1,True,98.725,2024,Silverstone,R,15.77074829931973,27.670068027210885,0.3469387755102041,23,Mid,1:38.725,59.230769230769226,857.2307692307693,5,-0.7324226723190433,10.0,35.50002178921499
RIC,RB,28.0,0 days 00:01:43.338000,INTERMEDIATE,2.0,1,True,103.338,2024,Silverstone,R,15.77074829931973,27.670068027210885,0.3469387755102041,0,Mid,1:43.338,52.88461538461539,850.8846153846154,3,-1.0,0.0,21.89455782312925
RIC,RB,29.0,0 days 00:01:43.377000,INTERMEDIATE,2.0,1,True,103.377,2024,Silverstone,R,15.77074829931973,27.670068027210885,0.3469387755102041,1,Mid,1:43.377,50.76923076923077,848.7692307692307,3,-1.0,0.6,22.494557823129252
RIC,RB,30.0,0 days 00:01:43.298000,INTERMEDIATE,2.0,1,True,103.298,2024,Silverstone,R,15.77074829931973,27.670068027210885,0.3469387755102041,2,Mid,1:43.298,48.65384615384615,846.6538461538462,3,-1.0,1.2,23.09455782312925
RIC,RB,31.0,0 days 00:01:43.699000,INTERMEDIATE,2.0,1,True,103.699,2024,Silverstone,R,15.77074829931973,27.670068027210885,0.3469387755102041,3,Mid,1:43.699,46.53846153846154,844.5384615384615,3,-1.0,1.7999999999999998,23.69455782312925
RIC,RB,32.0,0 days 00:01:44.144000,INTERMEDIATE,2.0,1,True,104.144,2024,Silverstone,R,15.77074829931973,27.670068027210885,0.3469387755102041,4,Mid,1:44.144,44.42307692307692,842.4230769230769,3,-1.0,2.4,24.294557823129253
RIC,RB,33.0,0 days 00:01:44.855000,INTERMEDIATE,2.0,1,True,104.855,2024,Silverstone,R,15.77074829931973,27.670068027210885,0.3469387755102041,5,Mid,1:44.855,42.30769230769231,840.3076923076923,3,-1.0,3.0,24.894557823129254
RIC,RB,34.0,0 days 00:01:45.969000,INTERMEDIATE,2.0,1,True,105.969,2024,Silverstone,R,15.77074829931973,27.670068027210885,0.3469387755102041,6,Mid,1:45.969,40.19230769230769,838.1923076923077,3,-1.0,3.5999999999999996,25.49455782312925
RIC,RB,35.0,0 days 00:01:45.535000,INTERMEDIATE,2.0,1,True,105.535,2024,Silverstone,R,15.77074829931973,27.670068027210885,0.3469387755102041,7,Late,1:45.535,38.07692307692308,836.0769230769231,3,-1.0,4.2,26.09455782312925
RIC,RB,36.0,0 days 00:01:43.213000,INTERMEDIATE,2.0,1,True,103.213,2024,Silverstone,R,15.77074829931973,27.670068027210885,0.3469387755102041,8,Late,1:43.213,35.96153846153847,833.9615384615385,3,-1.0,4.8,26.69455782312925
RIC,RB,39.0,0 days 00:01:33.138000,SOFT,3.0,1,True,93.138,2024,Silverstone,R,15.77074829931973,27.670068027210885,0.3469387755102041,0,Late,1:33.138,29.615384615384613,827.6153846153846,8,-0.03064845344638085,0.0,32.71066710245097
RIC,RB,40.0,0 days 00:01:32.428000,SOFT,3.0,1,True,92.428,2024,Silverstone,R,15.77074829931973,27.670068027210885,0.3469387755102041,1,Late,1:32.428,27.5,825.5,8,0.05853352174595796,0.6,33.84575895360501
RIC,RB,41.0,0 days 00:01:31.289000,SOFT,3.0,1,True,91.289,2024,Silverstone,R,15.77074829931973,27.670068027210885,0.3469387755102041,2,Late,1:31.289,25.384615384615387,823.3846153846154,8,0.2016015073009895,1.2,35.3041668669352
RIC,RB,42.0,0 days 00:01:30.765000,SOFT,3.0,1,True,90.765,2024,Silverstone,R,15.77074829931973,27.670068027210885,0.3469387755102041,3,Late,1:30.765,23.269230769230774,821.2692307692307,8,0.2674203171612502,1.7999999999999998,36.29907972609675
RIC,RB,43.0,0 days 00:01:31.198000,SOFT,3.0,1,True,91.198,2024,Silverstone,R,15.77074829931973,27.670068027210885,0.3469387755102041,4,Late,1:31.198,21.153846153846146,819.1538461538462,8,0.21303187313550143,2.4,36.57274906194226
RIC,RB,44.0,0 days 00:01:31.080000,SOFT,3.0,1,True,91.08,2024,Silverstone,R,15.77074829931973,27.670068027210885,0.3469387755102041,5,Late,1:31.080,19.038461538461533,817.0384615384615,8,0.22785366619563582,3.0,37.26167982030307
RIC,RB,45.0,0 days 00:01:30.955000,SOFT,3.0,1,True,90.955,2024,Silverstone,R,15.77074829931973,27.670068027210885,0.3469387755102041,6,Late,1:30.955,16.92307692307692,814.9230769230769,8,0.24355471816611782,3.5999999999999996,37.95588613212596
RIC,RB,46.0,0 days 00:01:30.849000,SOFT,3.0,1,True,90.849,2024,Silverstone,R,15.77074829931973,27.670068027210885,0.3469387755102041,7,Late,1:30.849,14.807692307692307,812.8076923076923,8,0.25686921023708587,4.2,38.63577308455177
RIC,RB,47.0,0 days 00:01:30.735000,SOFT,3.0,1,True,90.735,2024,Silverstone,R,15.77074829931973,27.670068027210885,0.3469387755102041,8,Late,1:30.735,12.692307692307693,810.6923076923077,8,0.271188569634166,4.8,39.32168924093425
RIC,RB,48.0,0 days 00:01:31.109000,SOFT,3.0,1,True,91.109,2024,Silverstone,R,15.77074829931973,27.670068027210885,0.3469387755102041,9,Late,1:31.109,10.57692307692308,808.5769230769231,8,0.22421102213848446,5.3999999999999995,39.63982395596016
RIC,RB,49.0,0 days 00:01:32.926000,SOFT,3.0,1,True,92.926,2024,Silverstone,R,15.77074829931973,27.670068027210885,0.3469387755102041,10,Late,1:32.926,8.461538461538453,806.4615384615385,8,-0.004019469304442951,6.0,38.870441007302595
RIC,RB,50.0,0 days 00:01:34.150000,SOFT,3.0,1,True,94.15,2024,Silverstone,R,15.77074829931973,27.670068027210885,0.3469387755102041,11,Late,1:34.150,6.34615384615384,804.3461538461538,8,-0.15776417019940325,6.6,38.547972801932836
RIC,RB,51.0,0 days 00:01:34.814000,SOFT,3.0,1,True,94.814,2024,Silverstone,R,15.77074829931973,27.670068027210885,0.3469387755102041,12,Late,1:34.814,4.230769230769226,802.2307692307693,8,-0.2411681582666021,7.199999999999999,38.647548873529644
RUS,Mercedes,2.0,0 days 00:01:31.418000,MEDIUM,1.0,1,True,91.418,2024,Silverstone,R,15.77074829931973,27.670068027210885,0.3469387755102041,0,Early,1:31.418,107.88461538461539,905.8846153846154,5,0.18539802166745145,0.0,31.006945953133965
RUS,Mercedes,3.0,0 days 00:01:31.298000,MEDIUM,1.0,1,True,91.298,2024,Silverstone,R,15.77074829931973,27.670068027210885,0.3469387755102041,1,Early,1:31.298,105.76923076923077,903.7692307692307,5,0.20047103155911475,0.6,31.697384012483944
RUS,Mercedes,4.0,0 days 00:01:31.799000,MEDIUM,1.0,1,True,91.799,2024,Silverstone,R,15.77074829931973,27.670068027210885,0.3469387755102041,2,Early,1:31.799,103.65384615384616,901.6538461538462,5,0.13754121526142227,1.2,31.919805114697787
RUS,Mercedes,5.0,0 days 00:01:31.628000,MEDIUM,1.0,1,True,91.628,2024,Silverstone,R,15.77074829931973,27.670068027210885,0.3469387755102041,3,Early,1:31.628,101.53846153846153,899.5384615384615,5,0.15902025435704245,1.7999999999999998,32.648679349271504
RUS,Mercedes,6.0,0 days 00:01:31.625000,MEDIUM,1.0,1,True,91.625,2024,Silverstone,R,15.77074829931973,27.670068027210885,0.3469387755102041,4,Early,1:31.625,99.42307692307692,897.4230769230769,5,0.15939707960433405,2.4,33.25094030075526
RUS,Mercedes,7.0,0 days 00:01:31.663000,MEDIUM,1.0,1,True,91.663,2024,Silverstone,R,15.77074829931973,27.670068027210885,0.3469387755102041,5,Early,1:31.663,97.3076923076923,895.3076923076923,5,0.1546239598053079,3.0,33.8223015819611
RUS,Mercedes,8.0,0 days 00:01:31.731000,MEDIUM,1.0,1,True,91.731,2024,Silverstone,R,15.77074829931973,27.670068027210885,0.3469387755102041,6,Early,1:31.731,95.1923076923077,893.1923076923077,5,0.14608258753336598,3.5999999999999996,34.371053348329454
RUS,Mercedes,9.0,0 days 00:01:31.621000,MEDIUM,1.0,1,True,91.621,2024,Silverstone,R,15.77074829931973,27.670068027210885,0.3469387755102041,7,Early,1:31.621,93.07692307692308,891.0769230769231,5,0.15989951326739008,4.2,35.0539549027336
RUS,Mercedes,10.0,0 days 00:01:31.639000,MEDIUM,1.0,1,True,91.639,2024,Silverstone,R,15.77074829931973,27.670068027210885,0.3469387755102041,8,Early,1:31.639,90.96153846153845,888.9615384615385,5,0.15763856178364058,4.8,35.6403891938311
RUS,Mercedes,11.0,0 days 00:01:31.586000,MEDIUM,1.0,1,True,91.586,2024,Silverstone,R,15.77074829931973,27.670068027210885,0.3469387755102041,9,Early,1:31.586,88.84615384615384,886.8461538461538,5,0.16429580781912462,5.3999999999999995,36.280332670044004
RUS,Mercedes,12.0,0 days 00:01:31.619000,MEDIUM,1.0,1,True,91.619,2024,Silverstone,R,15.77074829931973,27.670068027210885,0.3469387755102041,10,Early,1:31.619,86.73076923076923,884.7307692307693,5,0.1601507300989172,6.0,36.85546220372276
RUS,Mercedes,13.0,0 days 00:01:31.716000,MEDIUM,1.0,1,True,91.716,2024,Silverstone,R,15.77074829931973,27.670068027210885,0.3469387755102041,11,Early,1:31.716,84.61538461538461,882.6153846153846,5,0.1479667137698239,6.6,37.382358105748196
RUS,Mercedes,14.0,0 days 00:01:31.478000,MEDIUM,1.0,1,True,91.478,2024,Silverstone,R,15.77074829931973,27.670068027210885,0.3469387755102041,12,Early,1:31.478,82.5,880.5,5,0.1778615167216216,7.199999999999999,38.161726923458986
RUS,Mercedes,15.0,0 days 00:01:31.566000,MEDIUM,1.0,1,True,91.566,2024,Silverstone,R,15.77074829931973,27.670068027210885,0.3469387755102041,13,Early,1:31.566,80.38461538461539,878.3846153846154,5,0.16680797613440124,7.8,38.69540567993566
RUS,Mercedes,16.0,0 days 00:01:31.626000,MEDIUM,1.0,1,True,91.626,2024,Silverstone,R,15.77074829931973,27.670068027210885,0.3469387755102041,14,Early,1:31.626,78.26923076923077,876.2692307692307,5,0.15927147118856957,8.4,39.25018665026067
RUS,Mercedes,17.0,0 days 00:01:34.793000,MEDIUM,1.0,1,True,94.793,2024,Silverstone,R,15.77074829931973,27.670068027210885,0.3469387755102041,15,Early,1:34.793,76.15384615384616,874.1538461538462,5,-0.2385303815355628,9.0,37.46337553391588
RUS,Mercedes,18.0,0 days 00:01:36.365000,MEDIUM,1.0,1,True,96.365,2024,Silverstone,R,15.77074829931973,27.670068027210885,0.3469387755102041,16,Mid,1:36.365,74.03846153846155,872.0384615384615,5,-0.4359868111163431,9.6,36.8786369564312
RUS,Mercedes,19.0,0 days 00:01:44.151000,MEDIUM,1.0,1,True,104.151,2024,Silverstone,R,15.77074829931973,27.670068027210885,0.3469387755102041,17,Mid,1:44.151,71.92307692307692,869.9230769230769,5,-1.0,10.0,33.894557823129254
RUS,Mercedes,20.0,0 days 00:01:39.962000,MEDIUM,1.0,1,True,99.962,2024,Silverstone,R,15.77074829931973,27.670068027210885,0.3469387755102041,18,Mid,1:39.962,69.8076923076923,867.8076923076923,5,-0.8878002826189344,10.0,34.56775612741565
RUS,Mercedes,21.0,0 days 00:01:32.753000,MEDIUM,1.0,1,True,92.753,2024,Silverstone,R,15.77074829931973,27.670068027210885,0.3469387755102041,19,Mid,1:32.753,67.6923076923077,865.6923076923077,5,0.017710786622704377,10.0,40.00082254286548
RUS,Mercedes,22.0,0 days 00:01:31.344000,MEDIUM,1.0,1,True,91.344,2024,Silverstone,R,15.77074829931973,27.670068027210885,0.3469387755102041,20,Mid,1:31.344,65.57692307692307,863.5769230769231,5,0.19469304443397834,10.0,41.06271608973312
RUS,Mercedes,23.0,0 days 00:01:31.497000,MEDIUM,1.0,1,True,91.497,2024,Silverstone,R,15.77074829931973,27.670068027210885,0.3469387755102041,21,Mid,1:31.497,63.46153846153846,861.4615384615385,5,0.17547495682210762,10.0,40.9474075640619
RUS,Mercedes,24.0,0 days 00:01:31.968000,MEDIUM,1.0,1,True,91.968,2024,Silverstone,R,15.77074829931973,27.670068027210885,0.3469387755102041,22,Mid,1:31.968,61.34615384615385,859.3461538461538,5,0.11631339299733097,10.0,40.59243818111324
RUS,Mercedes,25.0,0 days 00:01:34.781000,MEDIUM,1.0,1,True,94.781,2024,Silverstone,R,15.77074829931973,27.670068027210885,0.3469387755102041,23,Mid,1:34.781,59.230769230769226,857.2307692307693,5,-0.23702308054639645,10.0,38.47241933985087
RUS,Mercedes,26.0,0 days 00:01:39.949000,MEDIUM,1.0,1,True,99.949,2024,Silverstone,R,15.77074829931973,27.670068027210885,0.3469387755102041,24,Mid,1:39.949,57.11538461538461,855.1153846153846,5,-0.8861673732140036,10.0,34.57755358384523
RUS,Mercedes,29.0,0 days 00:01:40.405000,INTERMEDIATE,2.0,1,True,100.405,2024,Silverstone,R,15.77074829931973,27.670068027210885,0.3469387755102041,0,Mid,1:40.405,50.76923076923077,848.7692307692307,3,-0.9434448108023225,0.0,22.233888958315315
RUS,Mercedes,30.0,0 days 00:01:41.237000,INTERMEDIATE,2.0,1,True,101.237,2024,Silverstone,R,15.77074829931973,27.670068027210885,0.3469387755102041,1,Mid,1:41.237,48.65384615384615,846.6538461538462,3,-1.0,0.6,22.494557823129252
RUS,Mercedes,31.0,0 days 00:01:41.902000,INTERMEDIATE,2.0,1,True,101.902,2024,Silverstone,R,15.77074829931973,27.670068027210885,0.3469387755102041,2,Mid,1:41.902,46.53846153846154,844.5384615384615,3,-1.0,1.2,23.09455782312925
RUS,Mercedes,32.0,0 days 00:01:43.085000,INTERMEDIATE,2.0,1,True,103.085,2024,Silverstone,R,15.77074829931973,27.670068027210885,0.3469387755102041,3,Mid,1:43.085,44.42307692307692,842.4230769230769,3,-1.0,1.7999999999999998,23.69455782312925
SAI,Ferrari,2.0,0 days 00:01:32.359000,MEDIUM,1.0,1,True,92.359,2024,Silverstone,R,15.77074829931973,27.670068027210885,0.3469387755102041,0,Early,1:32.359,107.88461538461539,905.8846153846154,5,0.06720050243366435,0.0,30.29776083773124
SAI,Ferrari,3.0,0 days 00:01:32.102000,MEDIUM,1.0,1,True,92.102,2024,Silverstone,R,15.77074829931973,27.670068027210885,0.3469387755102041,1,Early,1:32.102,105.76923076923077,903.7692307692307,5,0.09948186528497421,0.6,31.0914490148391
SAI,Ferrari,4.0,0 days 00:01:32.045000,MEDIUM,1.0,1,True,92.045,2024,Silverstone,R,15.77074829931973,27.670068027210885,0.3469387755102041,2,Early,1:32.045,103.65384615384616,901.6538461538462,5,0.10664154498351427,1.2,31.73440709303034
SAI,Ferrari,5.0,0 days 00:01:31.939000,MEDIUM,1.0,1,True,91.939,2024,Silverstone,R,15.77074829931973,27.670068027210885,0.3469387755102041,3,Early,1:31.939,101.53846153846153,899.5384615384615,5,0.11995603705448411,1.7999999999999998,32.41429404545616
SAI,Ferrari,6.0,0 days 00:01:31.900000,MEDIUM,1.0,1,True,91.9,2024,Silverstone,R,15.77074829931973,27.670068027210885,0.3469387755102041,4,Early,1:31.900,99.42307692307692,897.4230769230769,5,0.1248547652692729,2.4,33.04368641474489
SAI,Ferrari,7.0,0 days 00:01:32.702000,MEDIUM,1.0,1,True,92.702,2024,Silverstone,R,15.77074829931973,27.670068027210885,0.3469387755102041,5,Early,1:32.702,97.3076923076923,895.3076923076923,5,0.02411681582666128,3.0,33.03925871808922
SAI,Ferrari,8.0,0 days 00:01:32.372000,MEDIUM,1.0,1,True,92.372,2024,Silverstone,R,15.77074829931973,27.670068027210885,0.3469387755102041,6,Early,1:32.372,95.1923076923077,893.1923076923077,5,0.06556759302873356,3.5999999999999996,33.88796338130166
SAI,Ferrari,9.0,0 days 00:01:32.484000,MEDIUM,1.0,1,True,92.484,2024,Silverstone,R,15.77074829931973,27.670068027210885,0.3469387755102041,7,Early,1:32.484,93.07692307692308,891.0769230769231,5,0.05149945046318235,4.2,34.403554525908355
SAI,Ferrari,10.0,0 days 00:01:32.362000,MEDIUM,1.0,1,True,92.362,2024,Silverstone,R,15.77074829931973,27.670068027210885,0.3469387755102041,8,Early,1:32.362,90.96153846153845,888.9615384615385,5,0.06682367718637278,4.8,35.09549988624749
SAI,Ferrari,11.0,0 days 00:01:32.123000,MEDIUM,1.0,1,True,92.123,2024,Silverstone,R,15.77074829931973,27.670068027210885,0.3469387755102041,9,Early,1:32.123,88.84615384615384,886.8461538461538,5,0.09684408855393313,5.3999999999999995,35.87562235445285
SAI,Ferrari,12.0,0 days 00:01:32.358000,MEDIUM,1.0,1,True,92.358,2024,Silverstone,R,15.77074829931973,27.670068027210885,0.3469387755102041,10,Early,1:32.358,86.73076923076923,884.7307692307693,5,0.06732611084942702,6.0,36.29851448822582
SAI,Ferrari,13.0,0 days 00:01:32.251000,MEDIUM,1.0,1,True,92.251,2024,Silverstone,R,15.77074829931973,27.670068027210885,0.3469387755102041,11,Early,1:32.251,84.61538461538461,882.6153846153846,5,0.08076621133615954,6.6,36.97915509114621
SAI,Ferrari,14.0,0 days 00:01:32.106000,MEDIUM,1.0,1,True,92.106,2024,Silverstone,R,15.77074829931973,27.670068027210885,0.3469387755102041,12,Early,1:32.106,82.5,880.5,5,0.09897943162191995,7.199999999999999,37.68843441286078
SAI,Ferrari,15.0,0 days 00:01:31.916000,MEDIUM,1.0,1,True,91.916,2024,Silverstone,R,15.77074829931973,27.670068027210885,0.3469387755102041,13,Early,1:31.916,80.38461538461539,878.3846153846154,5,0.12284503061705232,7.8,38.431628006831566
SAI,Ferrari,16.0,0 days 00:01:32.455000,MEDIUM,1.0,1,True,92.455,2024,Silverstone,R,15.77074829931973,27.670068027210885,0.3469387755102041,14,Early,1:32.455,78.26923076923077,876.2692307692307,5,0.055142094520333716,8.4,38.625410390251254
SAI,Ferrari,17.0,0 days 00:01:34.228000,MEDIUM,1.0,1,True,94.228,2024,Silverstone,R,15.77074829931973,27.670068027210885,0.3469387755102041,15,Early,1:34.228,76.15384615384616,874.1538461538462,5,-0.1675616266289826,9.0,37.889188063355355
SAI,Ferrari,18.0,0 days 00:01:34.310000,MEDIUM,1.0,1,True,94.31,2024,Silverstone,R,15.77074829931973,27.670068027210885,0.3469387755102041,16,Mid,1:34.310,74.03846153846155,872.0384615384615,5,-0.1778615167216198,9.6,38.427388722799535
SAI,Ferrari,19.0,0 days 00:01:40.510000,MEDIUM,1.0,1,True,100.51,2024,Silverstone,R,15.77074829931973,27.670068027210885,0.3469387755102041,17,Mid,1:40.510,71.92307692307692,869.9230769230769,5,-0.9566336944575278,10.0,34.15475565638409
SAI,Ferrari,20.0,0 days 00:01:36.538000,MEDIUM,1.0,1,True,96.538,2024,Silverstone,R,15.77074829931973,27.670068027210885,0.3469387755102041,18,Mid,1:36.538,69.8076923076923,867.8076923076923,5,-0.4577170670434904,10.0,37.14825542086831
SAI,Ferrari,21.0,0 days 00:01:33.507000,MEDIUM,1.0,1,True,93.507,2024,Silverstone,R,15.77074829931973,27.670068027210885,0.3469387755102041,19,Mid,1:33.507,67.6923076923077,865.6923076923077,5,-0.07699795886324372,10.0,39.43257006994979
SAI,Ferrari,22.0,0 days 00:01:32.157000,MEDIUM,1.0,1,True,92.157,2024,Silverstone,R,15.77074829931973,27.670068027210885,0.3469387755102041,20,Mid,1:32.157,65.57692307692307,863.5769230769231,5,0.09257340241796305,10.0,40.44999823763703
SAI,Ferrari,23.0,0 days 00:01:32.297000,MEDIUM,1.0,1,True,92.297,2024,Silverstone,R,15.77074829931973,27.670068027210885,0.3469387755102041,21,Mid,1:32.297,63.46153846153846,861.4615384615385,5,0.07498822421102314,10.0,40.344487168395396
SAI,Ferrari,24.0,0 days 00:01:32.734000,MEDIUM,1.0,1,True,92.734,2024,Silverstone,R,15.77074829931973,27.670068027210885,0.3469387755102041,22,Mid,1:32.734,61.34615384615385,859.3461538461538,5,0.02009734652221833,10.0,40.01514190226256
SAI,Ferrari,25.0,0 days 00:01:35.143000,MEDIUM,1.0,1,True,95.143,2024,Silverstone,R,15.77074829931973,27.670068027210885,0.3469387755102041,23,Mid,1:35.143,59.230769230769226,857.2307692307693,5,-0.2824933270529117,10.0,38.199597860811785
SAI,Ferrari,28.0,0 days 00:01:42.641000,INTERMEDIATE,2.0,1,True,102.641,2024,Silverstone,R,15.77074829931973,27.670068027210885,0.3469387755102041,0,Mid,1:42.641,52.88461538461539,850.8846153846154,3,-1.0,0.0,21.89455782312925
SAI,Ferrari,29.0,0 days 00:01:42.447000,INTERMEDIATE,2.0,1,True,102.447,2024,Silverstone,R,15.77074829931973,27.670068027210885,0.3469387755102041,1,Mid,1:42.447,50.76923076923077,848.7692307692307,3,-1.0,0.6,22.494557823129252
SAI,Ferrari,30.0,0 days 00:01:42.737000,INTERMEDIATE,2.0,1,True,102.737,2024,Silverstone,R,15.77074829931973,27.670068027210885,0.3469387755102041,2,Mid,1:42.737,48.65384615384615,846.6538461538462,3,-1.0,1.2,23.09455782312925
SAI,Ferrari,31.0,0 days 00:01:43.007000,INTERMEDIATE,2.0,1,True,103.007,2024,Silverstone,R,15.77074829931973,27.670068027210885,0.3469387755102041,3,Mid,1:43.007,46.53846153846154,844.5384615384615,3,-1.0,1.7999999999999998,23.69455782312925
SAI,Ferrari,32.0,0 days 00:01:43.298000,INTERMEDIATE,2.0,1,True,103.298,2024,Silverstone,R,15.77074829931973,27.670068027210885,0.3469387755102041,4,Mid,1:43.298,44.42307692307692,842.4230769230769,3,-1.0,2.4,24.294557823129253
SAI,Ferrari,33.0,0 days 00:01:43.201000,INTERMEDIATE,2.0,1,True,103.201,2024,Silverstone,R,15.77074829931973,27.670068027210885,0.3469387755102041,5,Mid,1:43.201,42.30769230769231,840.3076923076923,3,-1.0,3.0,24.894557823129254
SAI,Ferrari,34.0,0 days 00:01:42.794000,INTERMEDIATE,2.0,1,True,102.794,2024,Silverstone,R,15.77074829931973,27.670068027210885,0.3469387755102041,6,Mid,1:42.794,40.19230769230769,838.1923076923077,3,-1.0,3.5999999999999996,25.49455782312925
SAI,Ferrari,35.0,0 days 00:01:43.590000,INTERMEDIATE,2.0,1,True,103.59,2024,Silverstone,R,15.77074829931973,27.670068027210885,0.3469387755102041,7,Late,1:43.590,38.07692307692308,836.0769230769231,3,-1.0,4.2,26.09455782312925
SAI,Ferrari,36.0,0 days 00:01:42.748000,INTERMEDIATE,2.0,1,True,102.748,2024,Silverstone,R,15.77074829931973,27.670068027210885,0.3469387755102041,8,Late,1:42.748,35.96153846153847,833.9615384615385,3,-1.0,4.8,26.69455782312925
SAI,Ferrari,37.0,0 days 00:01:40.432000,INTERMEDIATE,2.0,1,True,100.432,2024,Silverstone,R,15.77074829931973,27.670068027210885,0.3469387755102041,9,Late,1:40.432,33.84615384615384,831.8461538461538,3,-0.9468362380279467,5.3999999999999995,27.613540394961575
SAI,Ferrari,38.0,0 days 00:01:38.370000,INTERMEDIATE,2.0,1,True,98.37,2024,Silverstone,R,15.77074829931973,27.670068027210885,0.3469387755102041,10,Late,1:38.370,31.730769230769226,829.7307692307693,3,-0.6878316847228757,6.0,29.767567714792
SAI,Ferrari,41.0,0 days 00:01:30.475000,HARD,3.0,1,True,90.475,2024,Silverstone,R,15.77074829931973,27.670068027210885,0.3469387755102041,0,Late,1:30.475,25.384615384615387,823.3846153846154,2,0.30384675773276926,0.0,28.717638369525865
SAI,Ferrari,42.0,0 days 00:01:29.872000,HARD,3.0,1,True,89.872,2024,Silverstone,R,15.77074829931973,27.670068027210885,0.3469387755102041,1,Late,1:29.872,23.269230769230774,821.2692307692307,2,0.37958863243837376,0.6,29.772089617759498
SAI,Ferrari,43.0,0 days 00:01:29.872000,HARD,3.0,1,True,89.872,2024,Silverstone,R,15.77074829931973,27.670068027210885,0.3469387755102041,2,Late,1:29.872,21.153846153846146,819.1538461538462,2,0.37958863243837376,1.2,30.372089617759492
SAI,Ferrari,44.0,0 days 00:01:29.739000,HARD,3.0,1,True,89.739,2024,Silverstone,R,15.77074829931973,27.670068027210885,0.3469387755102041,3,Late,1:29.739,19.038461538461533,817.0384615384615,2,0.396294551734966,1.7999999999999998,31.072325133539046
SAI,Ferrari,45.0,0 days 00:01:29.589000,HARD,3.0,1,True,89.589,2024,Silverstone,R,15.77074829931973,27.670068027210885,0.3469387755102041,4,Late,1:29.589,16.92307692307692,814.9230769230769,2,0.4151358140995452,2.4,31.785372707726523
SAI,Ferrari,46.0,0 days 00:01:29.588000,HARD,3.0,1,True,89.588,2024,Silverstone,R,15.77074829931973,27.670068027210885,0.3469387755102041,5,Late,1:29.588,14.807692307692307,812.8076923076923,2,0.4152614225153096,3.0,32.38612635822111
SAI,Ferrari,47.0,0 days 00:01:29.553000,HARD,3.0,1,True,89.553,2024,Silverstone,R,15.77074829931973,27.670068027210885,0.3469387755102041,6,Late,1:29.553,12.692307692307693,810.6923076923077,2,0.41965771706704413,3.5999999999999996,33.012504125531514
SAI,Ferrari,48.0,0 days 00:01:29.415000,HARD,3.0,1,True,89.415,2024,Silverstone,R,15.77074829931973,27.670068027210885,0.3469387755102041,7,Late,1:29.415,10.57692307692308,808.5769230769231,2,0.4369916784424552,4.2,33.716507893783984
SAI,Ferrari,49.0,0 days 00:01:29.439000,HARD,3.0,1,True,89.439,2024,Silverstone,R,15.77074829931973,27.670068027210885,0.3469387755102041,8,Late,1:29.439,8.461538461538453,806.4615384615385,2,0.4339770764641243,4.8,34.298420281914
SAI,Ferrari,52.0,0 days 00:01:28.293000,SOFT,4.0,1,True,88.293,2024,Silverstone,R,15.77074829931973,27.670068027210885,0.3469387755102041,0,Late,1:28.293,2.115384615384613,800.1153846153846,8,0.5779243209295016,0.0,36.36210374870627
SAR,Williams,2.0,0 days 00:01:33.435000,MEDIUM,1.0,1,True,93.435,2024,Silverstone,R,15.77074829931973,27.670068027210885,0.3469387755102041,0,Early,1:33.435,107.88461538461539,905.8846153846154,5,-0.06795415292824573,0.0,29.48683290555978
SAR,Williams,3.0,0 days 00:01:33.319000,MEDIUM,1.0,1,True,93.319,2024,Silverstone,R,15.77074829931973,27.670068027210885,0.3469387755102041,1,Early,1:33.319,105.76923076923077,903.7692307692307,5,-0.053383576699638474,0.6,30.174256362931423
SAR,Williams,4.0,0 days 00:01:33.110000,MEDIUM,1.0,1,True,93.11,2024,Silverstone,R,15.77074829931973,27.670068027210885,0.3469387755102041,2,Early,1:33.110,103.65384615384616,901.6538461538462,5,-0.027131417804992154,1.2,30.931769316299302
SAR,Williams,5.0,0 days 00:01:33.139000,MEDIUM,1.0,1,True,93.139,2024,Silverstone,R,15.77074829931973,27.670068027210885,0.3469387755102041,3,Early,1:33.139,101.53846153846153,899.5384615384615,5,-0.030774061862143525,1.7999999999999998,31.509913451956393
SAR,Williams,6.0,0 days 00:01:32.904000,MEDIUM,1.0,1,True,92.904,2024,Silverstone,R,15.77074829931973,27.670068027210885,0.3469387755102041,4,Early,1:32.904,99.42307692307692,897.4230769230769,5,-0.0012560841576374183,2.4,32.28702131818343
SAR,Williams,7.0,0 days 00:01:33.002000,MEDIUM,1.0,1,True,93.002,2024,Silverstone,R,15.77074829931973,27.670068027210885,0.3469387755102041,5,Early,1:33.002,97.3076923076923,895.3076923076923,5,-0.013565708902495185,3.0,32.813163569714284
SAR,Williams,8.0,0 days 00:01:32.806000,MEDIUM,1.0,1,True,92.806,2024,Silverstone,R,15.77074829931973,27.670068027210885,0.3469387755102041,6,Early,1:32.806,95.1923076923077,893.1923076923077,5,0.011053540587220348,3.5999999999999996,33.560879066652575
SAR,Williams,9.0,0 days 00:01:33.019000,MEDIUM,1.0,1,True,93.019,2024,Silverstone,R,15.77074829931973,27.670068027210885,0.3469387755102041,7,Early,1:33.019,93.07692307692308,891.0769230769231,5,-0.015701051970482008,4.2,34.00035151130636
SAR,Williams,10.0,0 days 00:01:32.956000,MEDIUM,1.0,1,True,92.956,2024,Silverstone,R,15.77074829931973,27.670068027210885,0.3469387755102041,8,Early,1:32.956,90.96153846153845,888.9615384615385,5,-0.007787721777358776,4.8,34.6478314924651
SAR,Williams,11.0,0 days 00:01:32.897000,MEDIUM,1.0,1,True,92.897,2024,Silverstone,R,15.77074829931973,27.670068027210885,0.3469387755102041,9,Early,1:32.897,88.84615384615384,886.8461538461538,5,-0.0003768252472915825,5.3999999999999995,35.292296871645505
SAR,Williams,12.0,0 days 00:01:32.748000,MEDIUM,1.0,1,True,92.748,2024,Silverstone,R,15.77074829931973,27.670068027210885,0.3469387755102041,10,Early,1:32.748,86.73076923076923,884.7307692307693,5,0.018338828701523088,6.0,36.004590795338395
SAR,Williams,13.0,0 days 00:01:33.040000,MEDIUM,1.0,1,True,93.04,2024,Silverstone,R,15.77074829931973,27.670068027210885,0.3469387755102041,11,Early,1:33.040,84.61538461538461,882.6153846153846,5,-0.018338828701523088,6.6,36.384524850920116
SAR,Williams,14.0,0 days 00:01:32.607000,MEDIUM,1.0,1,True,92.607,2024,Silverstone,R,15.77074829931973,27.670068027210885,0.3469387755102041,12,Early,1:32.607,82.5,880.5,5,0.036049615324227464,7.199999999999999,37.31085551507462
SAR,Williams,15.0,0 days 00:01:32.543000,MEDIUM,1.0,1,True,92.543,2024,Silverstone,R,15.77074829931973,27.670068027210885,0.3469387755102041,13,Early,1:32.543,80.38461538461539,878.3846153846154,5,0.04408855393311337,7.8,37.95908914672793
SAR,Williams,16.0,0 days 00:01:33.701000,MEDIUM,1.0,1,True,93.701,2024,Silverstone,R,15.77074829931973,27.670068027210885,0.3469387755102041,14,Early,1:33.701,78.26923076923077,876.2692307692307,5,-0.10136599152143033,8.4,37.686361874000674
SAR,Williams,17.0,0 days 00:01:35.258000,MEDIUM,1.0,1,True,95.258,2024,Silverstone,R,15.77074829931973,27.670068027210885,0.3469387755102041,15,Early,1:35.258,76.15384615384616,874.1538461538462,5,-0.2969382948657545,9.0,37.11292805393473
SAR,Williams,18.0,0 days 00:01:34.900000,MEDIUM,1.0,1,True,94.9,2024,Silverstone,R,15.77074829931973,27.670068027210885,0.3469387755102041,16,Mid,1:34.900,74.03846153846155,872.0384615384615,5,-0.25197048202229533,9.6,37.982734930995484
SAR,Williams,19.0,0 days 00:01:44.090000,MEDIUM,1.0,1,True,104.09,2024,Silverstone,R,15.77074829931973,27.670068027210885,0.3469387755102041,17,Mid,1:44.090,71.92307692307692,869.9230769230769,5,-1.0,10.0,33.894557823129254
SAR,Williams,20.0,0 days 00:01:36.116000,MEDIUM,1.0,1,True,96.116,2024,Silverstone,R,15.77074829931973,27.670068027210885,0.3469387755102041,18,Mid,1:36.116,69.8076923076923,867.8076923076923,5,-0.4047103155911435,10.0,37.466295929582394
SAR,Williams,21.0,0 days 00:01:33.632000,MEDIUM,1.0,1,True,93.632,2024,Silverstone,R,15.77074829931973,27.670068027210885,0.3469387755102041,19,Mid,1:33.632,67.6923076923077,865.6923076923077,5,-0.09269901083372573,10.0,39.3383637581269
SAR,Williams,22.0,0 days 00:01:32.826000,MEDIUM,1.0,1,True,92.826,2024,Silverstone,R,15.77074829931973,27.670068027210885,0.3469387755102041,20,Mid,1:32.826,65.57692307692307,863.5769230769231,5,0.008541372271943726,10.0,39.945806056760915
SAR,Williams,23.0,0 days 00:01:34.494000,MEDIUM,1.0,1,True,94.494,2024,Silverstone,R,15.77074829931973,27.670068027210885,0.3469387755102041,21,Mid,1:34.494,63.46153846153846,861.4615384615385,5,-0.200973465222169,10.0,38.68871703179624
SAR,Williams,24.0,0 days 00:01:34.037000,MEDIUM,1.0,1,True,94.037,2024,Silverstone,R,15.77074829931973,27.670068027210885,0.3469387755102041,22,Mid,1:34.037,61.34615384615385,859.3461538461538,5,-0.14357041921808758,10.0,39.03313530782073
SAR,Williams,25.0,0 days 00:01:36.166000,MEDIUM,1.0,1,True,96.166,2024,Silverstone,R,15.77074829931973,27.670068027210885,0.3469387755102041,23,Mid,1:36.166,59.230769230769226,857.2307692307693,5,-0.410990736379336,10.0,37.42861340485324
SAR,Williams,26.0,0 days 00:01:44.642000,MEDIUM,1.0,1,True,104.642,2024,Silverstone,R,15.77074829931973,27.670068027210885,0.3469387755102041,24,Mid,1:44.642,57.11538461538461,855.1153846153846,5,-1.0,10.0,33.894557823129254
SAR,Williams,29.0,0 days 00:01:42.215000,INTERMEDIATE,2.0,1,True,102.215,2024,Silverstone,R,15.77074829931973,27.670068027210885,0.3469387755102041,0,Mid,1:42.215,50.76923076923077,848.7692307692307,3,-1.0,0.0,21.89455782312925
SAR,Williams,30.0,0 days 00:01:42.476000,INTERMEDIATE,2.0,1,True,102.476,2024,Silverstone,R,15.77074829931973,27.670068027210885,0.3469387755102041,1,Mid,1:42.476,48.65384615384615,846.6538461538462,3,-1.0,0.6,22.494557823129252
SAR,Williams,31.0,0 days 00:01:44.332000,INTERMEDIATE,2.0,1,True,104.332,2024,Silverstone,R,15.77074829931973,27.670068027210885,0.3469387755102041,2,Mid,1:44.332,46.53846153846154,844.5384615384615,3,-1.0,1.2,23.09455782312925
SAR,Williams,32.0,0 days 00:01:44.912000,INTERMEDIATE,2.0,1,True,104.912,2024,Silverstone,R,15.77074829931973,27.670068027210885,0.3469387755102041,3,Mid,1:44.912,44.42307692307692,842.4230769230769,3,-1.0,1.7999999999999998,23.69455782312925
SAR,Williams,33.0,0 days 00:01:45.684000,INTERMEDIATE,2.0,1,True,105.684,2024,Silverstone,R,15.77074829931973,27.670068027210885,0.3469387755102041,4,Mid,1:45.684,42.30769230769231,840.3076923076923,3,-1.0,2.4,24.294557823129253
SAR,Williams,34.0,0 days 00:01:46.095000,INTERMEDIATE,2.0,1,True,106.095,2024,Silverstone,R,15.77074829931973,27.670068027210885,0.3469387755102041,5,Mid,1:46.095,40.19230769230769,838.1923076923077,3,-1.0,3.0,24.894557823129254
SAR,Williams,35.0,0 days 00:01:45.851000,INTERMEDIATE,2.0,1,True,105.851,2024,Silverstone,R,15.77074829931973,27.670068027210885,0.3469387755102041,6,Late,1:45.851,38.07692307692308,836.0769230769231,3,-1.0,3.5999999999999996,25.49455782312925
SAR,Williams,36.0,0 days 00:01:43.365000,INTERMEDIATE,2.0,1,True,103.365,2024,Silverstone,R,15.77074829931973,27.670068027210885,0.3469387755102041,7,Late,1:43.365,35.96153846153847,833.9615384615385,3,-1.0,4.2,26.09455782312925
SAR,Williams,37.0,0 days 00:01:42.207000,INTERMEDIATE,2.0,1,True,102.207,2024,Silverstone,R,15.77074829931973,27.670068027210885,0.3469387755102041,8,Late,1:42.207,33.84615384615384,831.8461538461538,3,-1.0,4.8,26.69455782312925
SAR,Williams,40.0,0 days 00:01:31.353000,SOFT,3.0,1,True,91.353,2024,Silverstone,R,15.77074829931973,27.670068027210885,0.3469387755102041,0,Late,1:31.353,27.5,825.5,8,0.1935625686921036,0.0,34.05593323528188
SAR,Williams,41.0,0 days 00:01:30.875000,SOFT,3.0,1,True,90.875,2024,Silverstone,R,15.77074829931973,27.670068027210885,0.3469387755102041,1,Late,1:30.875,25.384615384615387,823.3846153846154,8,0.2536033914272261,0.6,35.016178171692616
SAR,Williams,42.0,0 days 00:01:29.972000,SOFT,3.0,1,True,89.972,2024,Silverstone,R,15.77074829931973,27.670068027210885,0.3469387755102041,2,Late,1:29.972,23.269230769230774,821.2692307692307,8,0.36702779086198883,1.2,36.296724568301194
SAR,Williams,43.0,0 days 00:01:30.162000,SOFT,3.0,1,True,90.162,2024,Silverstone,R,15.77074829931973,27.670068027210885,0.3469387755102041,3,Late,1:30.162,21.153846153846146,819.1538461538462,8,0.3431621918668547,1.7999999999999998,36.75353097433038
SAR,Williams,44.0,0 days 00:01:30.003000,SOFT,3.0,1,True,90.003,2024,Silverstone,R,15.77074829931973,27.670068027210885,0.3469387755102041,4,Late,1:30.003,19.038461538461533,817.0384615384615,8,0.36313392997330857,2.4,37.473361402969104
SAR,Williams,45.0,0 days 00:01:30.613000,SOFT,3.0,1,True,90.613,2024,Silverstone,R,15.77074829931973,27.670068027210885,0.3469387755102041,5,Late,1:30.613,16.92307692307692,814.9230769230769,8,0.28651279635735644,3.0,37.6136346012734
SAR,Williams,46.0,0 days 00:01:30.826000,SOFT,3.0,1,True,90.826,2024,Silverstone,R,15.77074829931973,27.670068027210885,0.3469387755102041,6,Late,1:30.826,14.807692307692307,812.8076923076923,8,0.25975820379965586,3.5999999999999996,38.05310704592719
SAR,Williams,47.0,0 days 00:01:31.250000,SOFT,3.0,1,True,91.25,2024,Silverstone,R,15.77074829931973,27.670068027210885,0.3469387755102041,7,Late,1:31.250,12.692307692307693,810.6923076923077,8,0.20650023551578006,4.2,38.33355923622394
SAR,Williams,48.0,0 days 00:01:31.201000,SOFT,3.0,1,True,91.201,2024,Silverstone,R,15.77074829931973,27.670068027210885,0.3469387755102041,8,Late,1:31.201,10.57692307692308,808.5769230769231,8,0.21265504788820985,4.8,38.97048811045851
SAR,Williams,49.0,0 days 00:01:31.175000,SOFT,3.0,1,True,91.175,2024,Silverstone,R,15.77074829931973,27.670068027210885,0.3469387755102041,9,Late,1:31.175,8.461538461538453,806.4615384615385,8,0.21592086669806962,5.3999999999999995,39.59008302331767
SAR,Williams,50.0,0 days 00:01:31.249000,SOFT,3.0,1,True,91.249,2024,Silverstone,R,15.77074829931973,27.670068027210885,0.3469387755102041,10,Late,1:31.249,6.34615384615384,804.3461538461538,8,0.2066258439315445,6.0,40.13431288671852
SAR,Williams,51.0,0 days 00:01:31.662000,SOFT,3.0,1,True,91.662,2024,Silverstone,R,15.77074829931973,27.670068027210885,0.3469387755102041,11,Late,1:31.662,4.230769230769226,802.2307692307693,8,0.15474956822107058,6.6,40.42305523245568
SAR,Williams,52.0,0 days 00:01:32.088000,SOFT,3.0,1,True,92.088,2024,Silverstone,R,15.77074829931973,27.670068027210885,0.3469387755102041,12,Late,1:32.088,2.115384615384613,800.1153846153846,8,0.10124038310566945,7.199999999999999,40.70200012176328
STR,Aston Martin,2.0,0 days 00:01:32.683000,MEDIUM,1.0,1,True,92.683,2024,Silverstone,R,15.77074829931973,27.670068027210885,0.3469387755102041,0,Early,1:32.683,107.88461538461539,905.8846153846154,5,0.026503375726173447,0.0,30.053578077486293
STR,Aston Martin,3.0,0 days 00:01:32.307000,MEDIUM,1.0,1,True,92.307,2024,Silverstone,R,15.77074829931973,27.670068027210885,0.3469387755102041,1,Early,1:32.307,105.76923076923077,903.7692307692307,5,0.07373214005338392,0.6,30.936950663449558
STR,Aston Martin,4.0,0 days 00:01:32.968000,MEDIUM,1.0,1,True,92.968,2024,Silverstone,R,15.77074829931973,27.670068027210885,0.3469387755102041,2,Early,1:32.968,103.65384615384616,901.6538461538462,5,-0.009295022766525107,1.2,31.038787686530107
STR,Aston Martin,5.0,0 days 00:01:32.706000,MEDIUM,1.0,1,True,92.706,2024,Silverstone,R,15.77074829931973,27.670068027210885,0.3469387755102041,3,Early,1:32.706,101.53846153846153,899.5384615384615,5,0.02361438216360524,1.7999999999999998,31.836244116110883
STR,Aston Martin,6.0,0 days 00:01:32.788000,MEDIUM,1.0,1,True,92.788,2024,Silverstone,R,15.77074829931973,27.670068027210885,0.3469387755102041,4,Early,1:32.788,99.42307692307692,897.4230769230769,5,0.013314492070969844,2.4,32.37444477555507
STR,Aston Martin,7.0,0 days 00:01:32.716000,MEDIUM,1.0,1,True,92.716,2024,Silverstone,R,15.77074829931973,27.670068027210885,0.3469387755102041,5,Early,1:32.716,97.3076923076923,895.3076923076923,5,0.022358298005967822,3.0,33.02870761116506
STR,Aston Martin,8.0,0 days 00:01:32.648000,MEDIUM,1.0,1,True,92.648,2024,Silverstone,R,15.77074829931973,27.670068027210885,0.3469387755102041,6,Early,1:32.648,95.1923076923077,893.1923076923077,5,0.030899670277909765,3.5999999999999996,33.679955844796716
STR,Aston Martin,9.0,0 days 00:01:32.291000,MEDIUM,1.0,1,True,92.291,2024,Silverstone,R,15.77074829931973,27.670068027210885,0.3469387755102041,7,Early,1:32.291,93.07692307692308,891.0769230769231,5,0.0757418747056063,4.2,34.549009071362896
STR,Aston Martin,10.0,0 days 00:01:32.619000,MEDIUM,1.0,1,True,92.619,2024,Silverstone,R,15.77074829931973,27.670068027210885,0.3469387755102041,8,Early,1:32.619,90.96153846153845,888.9615384615385,5,0.034542314335061136,4.8,34.901811709139615
STR,Aston Martin,11.0,0 days 00:01:32.273000,MEDIUM,1.0,1,True,92.273,2024,Silverstone,R,15.77074829931973,27.670068027210885,0.3469387755102041,9,Early,1:32.273,88.84615384615384,886.8461538461538,5,0.07800282618935579,5.3999999999999995,35.76257478026539
STR,Aston Martin,12.0,0 days 00:01:32.362000,MEDIUM,1.0,1,True,92.362,2024,Silverstone,R,15.77074829931973,27.670068027210885,0.3469387755102041,10,Early,1:32.362,86.73076923076923,884.7307692307693,5,0.06682367718637278,6.0,36.29549988624749
STR,Aston Martin,13.0,0 days 00:01:33.092000,MEDIUM,1.0,1,True,93.092,2024,Silverstone,R,15.77074829931973,27.670068027210885,0.3469387755102041,11,Early,1:33.092,84.61538461538461,882.6153846153846,5,-0.02487046632124266,6.6,36.3453350252018
STR,Aston Martin,14.0,0 days 00:01:32.641000,MEDIUM,1.0,1,True,92.641,2024,Silverstone,R,15.77074829931973,27.670068027210885,0.3469387755102041,12,Early,1:32.641,82.5,880.5,5,0.0317789291882556,7.199999999999999,37.28523139825879
STR,Aston Martin,15.0,0 days 00:01:32.649000,MEDIUM,1.0,1,True,92.649,2024,Silverstone,R,15.77074829931973,27.670068027210885,0.3469387755102041,13,Early,1:32.649,80.38461538461539,878.3846153846154,5,0.03077406186214531,7.8,37.879202194302124
STR,Aston Martin,16.0,0 days 00:01:33.091000,MEDIUM,1.0,1,True,93.091,2024,Silverstone,R,15.77074829931973,27.670068027210885,0.3469387755102041,14,Early,1:33.091,78.26923076923077,876.2692307692307,5,-0.024744857905478205,8.4,38.14608867569638
STR,Aston Martin,17.0,0 days 00:01:35.713000,MEDIUM,1.0,1,True,95.713,2024,Silverstone,R,15.77074829931973,27.670068027210885,0.3469387755102041,15,Early,1:35.713,76.15384615384616,874.1538461538462,5,-0.3540901240383088,9.0,36.7700170788994
STR,Aston Martin,18.0,0 days 00:01:35.789000,MEDIUM,1.0,1,True,95.789,2024,Silverstone,R,15.77074829931973,27.670068027210885,0.3469387755102041,16,Mid,1:35.789,74.03846153846155,872.0384615384615,5,-0.3636363636363628,9.6,37.312739641311076
STR,Aston Martin,19.0,0 days 00:01:47.568000,MEDIUM,1.0,1,True,107.568,2024,Silverstone,R,15.77074829931973,27.670068027210885,0.3469387755102041,17,Mid,1:47.568,71.92307692307692,869.9230769230769,5,-1.0,10.0,33.894557823129254
STR,Aston Martin,20.0,0 days 00:01:37.491000,MEDIUM,1.0,1,True,97.491,2024,Silverstone,R,15.77074829931973,27.670068027210885,0.3469387755102041,18,Mid,1:37.491,69.8076923076923,867.8076923076923,5,-0.5774218872664456,10.0,36.430026499530584
STR,Aston Martin,21.0,0 days 00:01:33.291000,MEDIUM,1.0,1,True,93.291,2024,Silverstone,R,15.77074829931973,27.670068027210885,0.3469387755102041,19,Mid,1:33.291,67.6923076923077,865.6923076923077,5,-0.04986654105824977,10.0,39.59535857677976
STR,Aston Martin,22.0,0 days 00:01:32.495000,MEDIUM,1.0,1,True,92.495,2024,Silverstone,R,15.77074829931973,27.670068027210885,0.3469387755102041,20,Mid,1:32.495,65.57692307692307,863.5769230769231,5,0.05011775788977869,10.0,40.195264370467925
STR,Aston Martin,23.0,0 days 00:01:33.062000,MEDIUM,1.0,1,True,93.062,2024,Silverstone,R,15.77074829931973,27.670068027210885,0.3469387755102041,21,Mid,1:33.062,63.46153846153846,861.4615384615385,5,-0.021102213848326834,10.0,39.767944540039295
STR,Aston Martin,24.0,0 days 00:01:34.585000,MEDIUM,1.0,1,True,94.585,2024,Silverstone,R,15.77074829931973,27.670068027210885,0.3469387755102041,22,Mid,1:34.585,61.34615384615385,859.3461538461538,5,-0.21240383105667915,10.0,38.62013483678918
STR,Aston Martin,25.0,0 days 00:01:35.351000,MEDIUM,1.0,1,True,95.351,2024,Silverstone,R,15.77074829931973,27.670068027210885,0.3469387755102041,23,Mid,1:35.351,59.230769230769226,857.2307692307693,5,-0.30861987753179354,10.0,38.042838557938495
STR,Aston Martin,28.0,0 days 00:01:42.187000,INTERMEDIATE,2.0,1,True,102.187,2024,Silverstone,R,15.77074829931973,27.670068027210885,0.3469387755102041,0,Mid,1:42.187,52.88461538461539,850.8846153846154,3,-1.0,0.0,21.89455782312925
STR,Aston Martin,29.0,0 days 00:01:42.992000,INTERMEDIATE,2.0,1,True,102.992,2024,Silverstone,R,15.77074829931973,27.670068027210885,0.3469387755102041,1,Mid,1:42.992,50.76923076923077,848.7692307692307,3,-1.0,0.6,22.494557823129252
STR,Aston Martin,30.0,0 days 00:01:43.066000,INTERMEDIATE,2.0,1,True,103.066,2024,Silverstone,R,15.77074829931973,27.670068027210885,0.3469387755102041,2,Mid,1:43.066,48.65384615384615,846.6538461538462,3,-1.0,1.2,23.09455782312925
STR,Aston Martin,31.0,0 days 00:01:43.714000,INTERMEDIATE,2.0,1,True,103.714,2024,Silverstone,R,15.77074829931973,27.670068027210885,0.3469387755102041,3,Mid,1:43.714,46.53846153846154,844.5384615384615,3,-1.0,1.7999999999999998,23.69455782312925
STR,Aston Martin,32.0,0 days 00:01:44.545000,INTERMEDIATE,2.0,1,True,104.545,2024,Silverstone,R,15.77074829931973,27.670068027210885,0.3469387755102041,4,Mid,1:44.545,44.42307692307692,842.4230769230769,3,-1.0,2.4,24.294557823129253
STR,Aston Martin,33.0,0 days 00:01:44.213000,INTERMEDIATE,2.0,1,True,104.213,2024,Silverstone,R,15.77074829931973,27.670068027210885,0.3469387755102041,5,Mid,1:44.213,42.30769230769231,840.3076923076923,3,-1.0,3.0,24.894557823129254
STR,Aston Martin,34.0,0 days 00:01:44.171000,INTERMEDIATE,2.0,1,True,104.171,2024,Silverstone,R,15.77074829931973,27.670068027210885,0.3469387755102041,6,Mid,1:44.171,40.19230769230769,838.1923076923077,3,-1.0,3.5999999999999996,25.49455782312925
STR,Aston Martin,35.0,0 days 00:01:44.422000,INTERMEDIATE,2.0,1,True,104.422,2024,Silverstone,R,15.77074829931973,27.670068027210885,0.3469387755102041,7,Late,1:44.422,38.07692307692308,836.0769230769231,3,-1.0,4.2,26.09455782312925
STR,Aston Martin,36.0,0 days 00:01:43,INTERMEDIATE,2.0,1,True,103.0,2024,Silverstone,R,15.77074829931973,27.670068027210885,0.3469387755102041,8,Late,1:43.000,35.96153846153847,833.9615384615385,3,-1.0,4.8,26.69455782312925
STR,Aston Martin,37.0,0 days 00:01:40.825000,INTERMEDIATE,2.0,1,True,100.825,2024,Silverstone,R,15.77074829931973,27.670068027210885,0.3469387755102041,9,Late,1:40.825,33.84615384615384,831.8461538461538,3,-0.9962003454231422,5.3999999999999995,27.3173557505904
STR,Aston Martin,38.0,0 days 00:01:39.373000,INTERMEDIATE,2.0,1,True,99.373,2024,Silverstone,R,15.77074829931973,27.670068027210885,0.3469387755102041,10,Late,1:39.373,31.730769230769226,829.7307692307693,3,-0.8138169257340234,6.0,29.011656268725112
STR,Aston Martin,41.0,0 days 00:01:30.098000,MEDIUM,3.0,1,True,90.098,2024,Silverstone,R,15.77074829931973,27.670068027210885,0.3469387755102041,0,Late,1:30.098,25.384615384615387,823.3846153846154,5,0.35120113047574236,0.0,32.00176460598371
STR,Aston Martin,42.0,0 days 00:01:30.161000,MEDIUM,3.0,1,True,90.161,2024,Silverstone,R,15.77074829931973,27.670068027210885,0.3469387755102041,1,Late,1:30.161,23.269230769230774,821.2692307692307,5,0.3432878002826192,0.6,32.55428462482497
STR,Aston Martin,43.0,0 days 00:01:30.196000,MEDIUM,3.0,1,True,90.196,2024,Silverstone,R,15.77074829931973,27.670068027210885,0.3469387755102041,2,Late,1:30.196,21.153846153846146,819.1538461538462,5,0.3388915057308846,1.2,33.12790685751457
STR,Aston Martin,44.0,0 days 00:01:30.030000,MEDIUM,3.0,1,True,90.03,2024,Silverstone,R,15.77074829931973,27.670068027210885,0.3469387755102041,3,Late,1:30.030,19.038461538461533,817.0384615384615,5,0.3597425027476843,1.7999999999999998,33.85301283961536
STR,Aston Martin,45.0,0 days 00:01:30.025000,MEDIUM,3.0,1,True,90.025,2024,Silverstone,R,15.77074829931973,27.670068027210885,0.3469387755102041,4,Late,1:30.025,16.92307692307692,814.9230769230769,5,0.36037054482650305,2.4,34.45678109208827
STR,Aston Martin,46.0,0 days 00:01:29.897000,MEDIUM,3.0,1,True,89.897,2024,Silverstone,R,15.77074829931973,27.670068027210885,0.3469387755102041,5,Late,1:29.897,14.807692307692307,812.8076923076923,5,0.37644842204427664,3.0,35.153248355394915
STR,Aston Martin,47.0,0 days 00:01:29.925000,MEDIUM,3.0,1,True,89.925,2024,Silverstone,R,15.77074829931973,27.670068027210885,0.3469387755102041,6,Late,1:29.925,12.692307692307693,810.6923076923077,5,0.3729313864028897,3.5999999999999996,35.73214614154659
STR,Aston Martin,48.0,0 days 00:01:30.237000,MEDIUM,3.0,1,True,90.237,2024,Silverstone,R,15.77074829931973,27.670068027210885,0.3469387755102041,7,Late,1:30.237,10.57692307692308,808.5769230769231,5,0.3337415606845669,4.2,36.097007187236656
STR,Aston Martin,49.0,0 days 00:01:29.969000,MEDIUM,3.0,1,True,89.969,2024,Silverstone,R,15.77074829931973,27.670068027210885,0.3469387755102041,8,Late,1:29.969,8.461538461538453,806.4615384615385,5,0.36740461610928044,4.8,36.89898551978494
STR,Aston Martin,50.0,0 days 00:01:30.030000,MEDIUM,3.0,1,True,90.03,2024,Silverstone,R,15.77074829931973,27.670068027210885,0.3469387755102041,9,Late,1:30.030,6.34615384615384,804.3461538461538,5,0.3597425027476843,5.3999999999999995,37.45301283961536
STR,Aston Martin,51.0,0 days 00:01:30.026000,MEDIUM,3.0,1,True,90.026,2024,Silverstone,R,15.77074829931973,27.670068027210885,0.3469387755102041,10,Late,1:30.026,4.230769230769226,802.2307692307693,5,0.36024493641074035,6.0,38.0560274415937
STR,Aston Martin,52.0,0 days 00:01:30.053000,MEDIUM,3.0,1,True,90.053,2024,Silverstone,R,15.77074829931973,27.670068027210885,0.3469387755102041,11,Late,1:30.053,2.115384615384613,800.1153846153846,5,0.3568535091851161,6.6,38.63567887823995
TSU,RB,2.0,0 days 00:01:33.214000,MEDIUM,1.0,1,True,93.214,2024,Silverstone,R,15.77074829931973,27.670068027210885,0.3469387755102041,0,Early,1:33.214,107.88461538461539,905.8846153846154,5,-0.040194693044433086,0.0,29.653389664862658
TSU,RB,3.0,0 days 00:01:33.062000,MEDIUM,1.0,1,True,93.062,2024,Silverstone,R,15.77074829931973,27.670068027210885,0.3469387755102041,1,Early,1:33.062,105.76923076923077,903.7692307692307,5,-0.021102213848326834,0.6,30.367944540039296
TSU,RB,4.0,0 days 00:01:33.164000,MEDIUM,1.0,1,True,93.164,2024,Silverstone,R,15.77074829931973,27.670068027210885,0.3469387755102041,2,Early,1:33.164,103.65384615384616,901.6538461538462,5,-0.03391427225624064,1.2,30.89107218959181
TSU,RB,5.0,0 days 00:01:32.607000,MEDIUM,1.0,1,True,92.607,2024,Silverstone,R,15.77074829931973,27.670068027210885,0.3469387755102041,3,Early,1:32.607,101.53846153846153,899.5384615384615,5,0.036049615324227464,1.7999999999999998,31.910855515074616
TSU,RB,6.0,0 days 00:01:32.614000,MEDIUM,1.0,1,True,92.614,2024,Silverstone,R,15.77074829931973,27.670068027210885,0.3469387755102041,4,Early,1:32.614,99.42307692307692,897.4230769230769,5,0.03517035641387984,2.4,32.50557996161253
TSU,RB,7.0,0 days 00:01:32.817000,MEDIUM,1.0,1,True,92.817,2024,Silverstone,R,15.77074829931973,27.670068027210885,0.3469387755102041,5,Early,1:32.817,97.3076923076923,895.3076923076923,5,0.009671848013818474,3.0,32.95258891121217
TSU,RB,8.0,0 days 00:01:32.623000,MEDIUM,1.0,1,True,92.623,2024,Silverstone,R,15.77074829931973,27.670068027210885,0.3469387755102041,6,Early,1:32.623,95.1923076923077,893.1923076923077,5,0.03403988067200509,3.5999999999999996,33.69879710716128
TSU,RB,9.0,0 days 00:01:32.570000,MEDIUM,1.0,1,True,92.57,2024,Silverstone,R,15.77074829931973,27.670068027210885,0.3469387755102041,7,Early,1:32.570,93.07692307692308,891.0769230769231,5,0.040697126707490906,4.2,34.338740583374204
TSU,RB,10.0,0 days 00:01:33.438000,MEDIUM,1.0,1,True,93.438,2024,Silverstone,R,15.77074829931973,27.670068027210885,0.3469387755102041,8,Early,1:33.438,90.96153846153845,888.9615384615385,5,-0.06833097817553732,4.8,34.28457195407603
TSU,RB,11.0,0 days 00:01:32.805000,MEDIUM,1.0,1,True,92.805,2024,Silverstone,R,15.77074829931973,27.670068027210885,0.3469387755102041,9,Early,1:32.805,88.84615384615384,886.8461538461538,5,0.01117914900298302,5.3999999999999995,35.36163271714715
TSU,RB,12.0,0 days 00:01:32.782000,MEDIUM,1.0,1,True,92.782,2024,Silverstone,R,15.77074829931973,27.670068027210885,0.3469387755102041,10,Early,1:32.782,86.73076923076923,884.7307692307693,5,0.014068142565553008,6.0,35.978966678522575
TSU,RB,13.0,0 days 00:01:33.031000,MEDIUM,1.0,1,True,93.031,2024,Silverstone,R,15.77074829931973,27.670068027210885,0.3469387755102041,11,Early,1:33.031,84.61538461538461,882.6153846153846,5,-0.01720835295964834,6.6,36.39130770537137
TSU,RB,14.0,0 days 00:01:32.731000,MEDIUM,1.0,1,True,92.731,2024,Silverstone,R,15.77074829931973,27.670068027210885,0.3469387755102041,12,Early,1:32.731,82.5,880.5,5,0.02047417176950991,7.199999999999999,37.217402853746314
TSU,RB,15.0,0 days 00:01:32.589000,MEDIUM,1.0,1,True,92.589,2024,Silverstone,R,15.77074829931973,27.670068027210885,0.3469387755102041,13,Early,1:32.589,80.38461538461539,878.3846153846154,5,0.03831056680797696,7.8,37.92442122397711
TSU,RB,16.0,0 days 00:01:33.209000,MEDIUM,1.0,1,True,93.209,2024,Silverstone,R,15.77074829931973,27.670068027210885,0.3469387755102041,14,Early,1:33.209,78.26923076923077,876.2692307692307,5,-0.039566650965614375,8.4,38.057157917335566
TSU,RB,17.0,0 days 00:01:34.738000,MEDIUM,1.0,1,True,94.738,2024,Silverstone,R,15.77074829931973,27.670068027210885,0.3469387755102041,15,Early,1:34.738,76.15384615384616,874.1538461538462,5,-0.23162191866854986,9.0,37.50482631111795
TSU,RB,18.0,0 days 00:01:35.392000,MEDIUM,1.0,1,True,95.392,2024,Silverstone,R,15.77074829931973,27.670068027210885,0.3469387755102041,16,Mid,1:35.392,74.03846153846155,872.0384615384615,5,-0.31376982257811126,9.6,37.611938887660585
TSU,RB,19.0,0 days 00:01:44.585000,MEDIUM,1.0,1,True,104.585,2024,Silverstone,R,15.77074829931973,27.670068027210885,0.3469387755102041,17,Mid,1:44.585,71.92307692307692,869.9230769230769,5,-1.0,10.0,33.894557823129254
TSU,RB,20.0,0 days 00:01:36.875000,MEDIUM,1.0,1,True,96.875,2024,Silverstone,R,15.77074829931973,27.670068027210885,0.3469387755102041,18,Mid,1:36.875,69.8076923076923,867.8076923076923,5,-0.5000471031559103,10.0,36.8942752041938
TSU,RB,21.0,0 days 00:01:33.724000,MEDIUM,1.0,1,True,93.724,2024,Silverstone,R,15.77074829931973,27.670068027210885,0.3469387755102041,19,Mid,1:33.724,67.6923076923077,865.6923076923077,5,-0.10425498508400033,10.0,39.269027912625255
TSU,RB,22.0,0 days 00:01:32.681000,MEDIUM,1.0,1,True,92.681,2024,Silverstone,R,15.77074829931973,27.670068027210885,0.3469387755102041,20,Mid,1:32.681,65.57692307692307,863.5769230769231,5,0.026754592557702357,10.0,40.05508537847547
TSU,RB,23.0,0 days 00:01:33.106000,MEDIUM,1.0,1,True,93.106,2024,Silverstone,R,15.77074829931973,27.670068027210885,0.3469387755102041,21,Mid,1:33.106,63.46153846153846,861.4615384615385,5,-0.026628984141936117,10.0,39.734783918277635
TSU,RB,24.0,0 days 00:01:34.106000,MEDIUM,1.0,1,True,94.106,2024,Silverstone,R,15.77074829931973,27.670068027210885,0.3469387755102041,22,Mid,1:34.106,61.34615384615385,859.3461538461538,5,-0.1522373999057922,10.0,38.9811334236945
TSU,RB,25.0,0 days 00:01:35.473000,MEDIUM,1.0,1,True,95.473,2024,Silverstone,R,15.77074829931973,27.670068027210885,0.3469387755102041,23,Mid,1:35.473,59.230769230769226,857.2307692307693,5,-0.323944104254984,10.0,37.95089319759935
TSU,RB,26.0,0 days 00:01:43.260000,MEDIUM,1.0,1,True,103.26,2024,Silverstone,R,15.77074829931973,27.670068027210885,0.3469387755102041,24,Mid,1:43.260,57.11538461538461,855.1153846153846,5,-1.0,10.0,33.894557823129254
TSU,RB,29.0,0 days 00:01:43.749000,INTERMEDIATE,2.0,1,True,103.749,2024,Silverstone,R,15.77074829931973,27.670068027210885,0.3469387755102041,0,Mid,1:43.749,50.76923076923077,848.7692307692307,3,-1.0,0.0,21.89455782312925
TSU,RB,30.0,0 days 00:01:42.967000,INTERMEDIATE,2.0,1,True,102.967,2024,Silverstone,R,15.77074829931973,27.670068027210885,0.3469387755102041,1,Mid,1:42.967,48.65384615384615,846.6538461538462,3,-1.0,0.6,22.494557823129252
TSU,RB,31.0,0 days 00:01:43.355000,INTERMEDIATE,2.0,1,True,103.355,2024,Silverstone,R,15.77074829931973,27.670068027210885,0.3469387755102041,2,Mid,1:43.355,46.53846153846154,844.5384615384615,3,-1.0,1.2,23.09455782312925
TSU,RB,32.0,0 days 00:01:44.456000,INTERMEDIATE,2.0,1,True,104.456,2024,Silverstone,R,15.77074829931973,27.670068027210885,0.3469387755102041,3,Mid,1:44.456,44.42307692307692,842.4230769230769,3,-1.0,1.7999999999999998,23.69455782312925
TSU,RB,33.0,0 days 00:01:44.979000,INTERMEDIATE,2.0,1,True,104.979,2024,Silverstone,R,15.77074829931973,27.670068027210885,0.3469387755102041,4,Mid,1:44.979,42.30769230769231,840.3076923076923,3,-1.0,2.4,24.294557823129253
TSU,RB,34.0,0 days 00:01:44.923000,INTERMEDIATE,2.0,1,True,104.923,2024,Silverstone,R,15.77074829931973,27.670068027210885,0.3469387755102041,5,Mid,1:44.923,40.19230769230769,838.1923076923077,3,-1.0,3.0,24.894557823129254
TSU,RB,35.0,0 days 00:01:44.782000,INTERMEDIATE,2.0,1,True,104.782,2024,Silverstone,R,15.77074829931973,27.670068027210885,0.3469387755102041,6,Late,1:44.782,38.07692307692308,836.0769230769231,3,-1.0,3.5999999999999996,25.49455782312925
TSU,RB,36.0,0 days 00:01:42.726000,INTERMEDIATE,2.0,1,True,102.726,2024,Silverstone,R,15.77074829931973,27.670068027210885,0.3469387755102041,7,Late,1:42.726,35.96153846153847,833.9615384615385,3,-1.0,4.2,26.09455782312925
TSU,RB,37.0,0 days 00:01:41.098000,INTERMEDIATE,2.0,1,True,101.098,2024,Silverstone,R,15.77074829931973,27.670068027210885,0.3469387755102041,8,Late,1:41.098,33.84615384615384,831.8461538461538,3,-1.0,4.8,26.69455782312925
TSU,RB,40.0,0 days 00:01:32.318000,SOFT,3.0,1,True,92.318,2024,Silverstone,R,15.77074829931973,27.670068027210885,0.3469387755102041,0,Late,1:32.318,27.5,825.5,8,0.07235044747998205,0.0,33.32866050800914
TSU,RB,41.0,0 days 00:01:30.812000,SOFT,3.0,1,True,90.812,2024,Silverstone,R,15.77074829931973,27.670068027210885,0.3469387755102041,1,Late,1:30.812,25.384615384615387,823.3846153846154,8,0.26151672162034933,0.6,35.06365815285135
TSU,RB,42.0,0 days 00:01:30.319000,SOFT,3.0,1,True,90.319,2024,Silverstone,R,15.77074829931973,27.670068027210885,0.3469387755102041,2,Late,1:30.319,23.269230769230774,821.2692307692307,8,0.32344167059192974,1.2,36.035207846680834
TSU,RB,43.0,0 days 00:01:30.229000,SOFT,3.0,1,True,90.229,2024,Silverstone,R,15.77074829931973,27.670068027210885,0.3469387755102041,3,Late,1:30.229,21.153846153846146,819.1538461538462,8,0.3347464280106772,1.7999999999999998,36.703036391193315
TSU,RB,44.0,0 days 00:01:30.882000,SOFT,3.0,1,True,90.882,2024,Silverstone,R,15.77074829931973,27.670068027210885,0.3469387755102041,4,Late,1:30.882,19.038461538461533,817.0384615384615,8,0.2527241325168785,2.4,36.81090261823052
TSU,RB,45.0,0 days 00:01:31.438000,SOFT,3.0,1,True,91.438,2024,Silverstone,R,15.77074829931973,27.670068027210885,0.3469387755102041,5,Late,1:31.438,16.92307692307692,814.9230769230769,8,0.18288585335217483,3.0,36.991872943242306
TSU,RB,46.0,0 days 00:01:31.688000,SOFT,3.0,1,True,91.688,2024,Silverstone,R,15.77074829931973,27.670068027210885,0.3469387755102041,6,Late,1:31.688,14.807692307692307,812.8076923076923,8,0.15148374941121082,3.5999999999999996,37.40346031959652
TSU,RB,47.0,0 days 00:01:30.982000,SOFT,3.0,1,True,90.982,2024,Silverstone,R,15.77074829931973,27.670068027210885,0.3469387755102041,7,Late,1:30.982,12.692307692307693,810.6923076923077,8,0.24016329094049357,4.2,38.53553756877222
TSU,RB,48.0,0 days 00:01:31.367000,SOFT,3.0,1,True,91.367,2024,Silverstone,R,15.77074829931973,27.670068027210885,0.3469387755102041,8,Late,1:31.367,10.57692307692308,808.5769230769231,8,0.19180405087140834,4.8,38.8453821283577
TSU,RB,49.0,0 days 00:01:31.080000,SOFT,3.0,1,True,91.08,2024,Silverstone,R,15.77074829931973,27.670068027210885,0.3469387755102041,9,Late,1:31.080,8.461538461538453,806.4615384615385,8,0.22785366619563582,5.3999999999999995,39.66167982030307
TSU,RB,50.0,0 days 00:01:31.407000,SOFT,3.0,1,True,91.407,2024,Silverstone,R,15.77074829931973,27.670068027210885,0.3469387755102041,10,Late,1:31.407,6.34615384615384,804.3461538461538,8,0.1867797142408551,6.0,40.015236108574385
TSU,RB,51.0,0 days 00:01:31.529000,SOFT,3.0,1,True,91.529,2024,Silverstone,R,15.77074829931973,27.670068027210885,0.3469387755102041,11,Late,1:31.529,4.230769230769226,802.2307692307693,8,0.17145548751766468,6.6,40.52329074823525
TSU,RB,52.0,0 days 00:01:32.090000,SOFT,3.0,1,True,92.09,2024,Silverstone,R,15.77074829931973,27.670068027210885,0.3469387755102041,12,Late,1:32.090,2.115384615384613,800.1153846153846,8,0.10098916627414053,7.199999999999999,40.7004928207741
VER,Red Bull Racing,2.0,0 days 00:01:31.773000,MEDIUM,1.0,1,True,91.773,2024,Silverstone,R,15.77074829931973,27.670068027210885,0.3469387755102041,0,Early,1:31.773,107.88461538461539,905.8846153846154,5,0.14080703407128384,0.0,30.73940002755696
VER,Red Bull Racing,3.0,0 days 00:01:32.200000,MEDIUM,1.0,1,True,92.2,2024,Silverstone,R,15.77074829931973,27.670068027210885,0.3469387755102041,1,Early,1:32.200,105.76923076923077,903.7692307692307,5,0.08717224054011644,0.6,31.017591266369955
VER,Red Bull Racing,4.0,0 days 00:01:31.933000,MEDIUM,1.0,1,True,91.933,2024,Silverstone,R,15.77074829931973,27.670068027210885,0.3469387755102041,2,Early,1:31.933,103.65384615384616,901.6538461538462,5,0.1207096875490655,1.2,31.818815948423648
VER,Red Bull Racing,5.0,0 days 00:01:31.778000,MEDIUM,1.0,1,True,91.778,2024,Silverstone,R,15.77074829931973,27.670068027210885,0.3469387755102041,3,Early,1:31.778,101.53846153846153,899.5384615384615,5,0.14017899199246334,1.7999999999999998,32.535631775084035
VER,Red Bull Racing,6.0,0 days 00:01:31.711000,MEDIUM,1.0,1,True,91.711,2024,Silverstone,R,15.77074829931973,27.670068027210885,0.3469387755102041,4,Early,1:31.711,99.42307692307692,897.4230769230769,5,0.1485947558486426,2.4,33.18612635822111
VER,Red Bull Racing,7.0,0 days 00:01:31.935000,MEDIUM,1.0,1,True,91.935,2024,Silverstone,R,15.77074829931973,27.670068027210885,0.3469387755102041,5,Early,1:31.935,97.3076923076923,895.3076923076923,5,0.12045847071753837,3.0,33.617308647434484
VER,Red Bull Racing,8.0,0 days 00:01:32.038000,MEDIUM,1.0,1,True,92.038,2024,Silverstone,R,15.77074829931973,27.670068027210885,0.3469387755102041,6,Early,1:32.038,95.1923076923077,893.1923076923077,5,0.1075208038938619,3.5999999999999996,34.139682646492425
VER,Red Bull Racing,9.0,0 days 00:01:31.883000,MEDIUM,1.0,1,True,91.883,2024,Silverstone,R,15.77074829931973,27.670068027210885,0.3469387755102041,7,Early,1:31.883,93.07692307692308,891.0769230769231,5,0.12699010833725974,4.2,34.85649847315282
VER,Red Bull Racing,10.0,0 days 00:01:31.661000,MEDIUM,1.0,1,True,91.661,2024,Silverstone,R,15.77074829931973,27.670068027210885,0.3469387755102041,8,Early,1:31.661,90.96153846153845,888.9615384615385,5,0.15487517663683506,4.8,35.623808882950264
VER,Red Bull Racing,11.0,0 days 00:01:31.810000,MEDIUM,1.0,1,True,91.81,2024,Silverstone,R,15.77074829931973,27.670068027210885,0.3469387755102041,9,Early,1:31.810,88.84615384615384,886.8461538461538,5,0.13615952268802037,5.3999999999999995,36.11151495925738
VER,Red Bull Racing,12.0,0 days 00:01:31.894000,MEDIUM,1.0,1,True,91.894,2024,Silverstone,R,15.77074829931973,27.670068027210885,0.3469387755102041,10,Early,1:31.894,86.73076923076923,884.7307692307693,5,0.12560841576385606,6.0,36.64820831771239
VER,Red Bull Racing,13.0,0 days 00:01:31.759000,MEDIUM,1.0,1,True,91.759,2024,Silverstone,R,15.77074829931973,27.670068027210885,0.3469387755102041,11,Early,1:31.759,84.61538461538461,882.6153846153846,5,0.14256555189197728,6.6,37.34995113448112
VER,Red Bull Racing,14.0,0 days 00:01:31.700000,MEDIUM,1.0,1,True,91.7,2024,Silverstone,R,15.77074829931973,27.670068027210885,0.3469387755102041,12,Early,1:31.700,82.5,880.5,5,0.14997644842204447,7.199999999999999,37.99441651366153
VER,Red Bull Racing,15.0,0 days 00:01:32.249000,MEDIUM,1.0,1,True,92.249,2024,Silverstone,R,15.77074829931973,27.670068027210885,0.3469387755102041,13,Early,1:32.249,80.38461538461539,878.3846153846154,5,0.08101742816768845,7.8,38.18066239213538
VER,Red Bull Racing,16.0,0 days 00:01:32.504000,MEDIUM,1.0,1,True,92.504,2024,Silverstone,R,15.77074829931973,27.670068027210885,0.3469387755102041,14,Early,1:32.504,78.26923076923077,876.2692307692307,5,0.04898728214790394,8.4,38.58848151601668
VER,Red Bull Racing,17.0,0 days 00:01:35.359000,MEDIUM,1.0,1,True,95.359,2024,Silverstone,R,15.77074829931973,27.670068027210885,0.3469387755102041,15,Early,1:35.359,76.15384615384616,874.1538461538462,5,-0.30962474485790387,9.0,37.03680935398183
VER,Red Bull Racing,18.0,0 days 00:01:36.172000,MEDIUM,1.0,1,True,96.172,2024,Silverstone,R,15.77074829931973,27.670068027210885,0.3469387755102041,16,Mid,1:36.172,74.03846153846155,872.0384615384615,5,-0.4117443868739191,9.6,37.02409150188574
VER,Red Bull Racing,19.0,0 days 00:01:42.485000,MEDIUM,1.0,1,True,102.485,2024,Silverstone,R,15.77074829931973,27.670068027210885,0.3469387755102041,17,Mid,1:42.485,71.92307692307692,869.9230769230769,5,-1.0,10.0,33.894557823129254
VER,Red Bull Racing,20.0,0 days 00:01:37.108000,MEDIUM,1.0,1,True,97.108,2024,Silverstone,R,15.77074829931973,27.670068027210885,0.3469387755102041,18,Mid,1:37.108,69.8076923076923,867.8076923076923,5,-0.5293138640288894,10.0,36.71867463895592
VER,Red Bull Racing,21.0,0 days 00:01:33.488000,MEDIUM,1.0,1,True,93.488,2024,Silverstone,R,15.77074829931973,27.670068027210885,0.3469387755102041,19,Mid,1:33.488,67.6923076923077,865.6923076923077,5,-0.07461139896372976,10.0,39.446889429346875
VER,Red Bull Racing,22.0,0 days 00:01:31.904000,MEDIUM,1.0,1,True,91.904,2024,Silverstone,R,15.77074829931973,27.670068027210885,0.3469387755102041,20,Mid,1:31.904,65.57692307692307,863.5769230769231,5,0.12435233160621866,10.0,40.64067181276656
VER,Red Bull Racing,23.0,0 days 00:01:32.143000,MEDIUM,1.0,1,True,92.143,2024,Silverstone,R,15.77074829931973,27.670068027210885,0.3469387755102041,21,Mid,1:32.143,63.46153846153846,861.4615384615385,5,0.09433192023865651,10.0,40.460549344561194
VER,Red Bull Racing,24.0,0 days 00:01:33.020000,MEDIUM,1.0,1,True,93.02,2024,Silverstone,R,15.77074829931973,27.670068027210885,0.3469387755102041,22,Mid,1:33.020,61.34615384615385,859.3461538461538,5,-0.015826660386244678,10.0,39.79959786081179
VER,Red Bull Racing,25.0,0 days 00:01:36.063000,MEDIUM,1.0,1,True,96.063,2024,Silverstone,R,15.77074829931973,27.670068027210885,0.3469387755102041,23,Mid,1:36.063,59.230769230769226,857.2307692307693,5,-0.3980530695556595,10.0,37.5062394057953
VER,Red Bull Racing,28.0,0 days 00:01:41.176000,INTERMEDIATE,2.0,1,True,101.176,2024,Silverstone,R,15.77074829931973,27.670068027210885,0.3469387755102041,0,Mid,1:41.176,52.88461538461539,850.8846153846154,3,-1.0,0.0,21.89455782312925
VER,Red Bull Racing,29.0,0 days 00:01:41.533000,INTERMEDIATE,2.0,1,True,101.533,2024,Silverstone,R,15.77074829931973,27.670068027210885,0.3469387755102041,1,Mid,1:41.533,50.76923076923077,848.7692307692307,3,-1.0,0.6,22.494557823129252
VER,Red Bull Racing,30.0,0 days 00:01:42.098000,INTERMEDIATE,2.0,1,True,102.098,2024,Silverstone,R,15.77074829931973,27.670068027210885,0.3469387755102041,2,Mid,1:42.098,48.65384615384615,846.6538461538462,3,-1.0,1.2,23.09455782312925
VER,Red Bull Racing,31.0,0 days 00:01:42.025000,INTERMEDIATE,2.0,1,True,102.025,2024,Silverstone,R,15.77074829931973,27.670068027210885,0.3469387755102041,3,Mid,1:42.025,46.53846153846154,844.5384615384615,3,-1.0,1.7999999999999998,23.69455782312925
VER,Red Bull Racing,32.0,0 days 00:01:42.538000,INTERMEDIATE,2.0,1,True,102.538,2024,Silverstone,R,15.77074829931973,27.670068027210885,0.3469387755102041,4,Mid,1:42.538,44.42307692307692,842.4230769230769,3,-1.0,2.4,24.294557823129253
VER,Red Bull Racing,33.0,0 days 00:01:42.606000,INTERMEDIATE,2.0,1,True,102.606,2024,Silverstone,R,15.77074829931973,27.670068027210885,0.3469387755102041,5,Mid,1:42.606,42.30769230769231,840.3076923076923,3,-1.0,3.0,24.894557823129254
VER,Red Bull Racing,34.0,0 days 00:01:42.447000,INTERMEDIATE,2.0,1,True,102.447,2024,Silverstone,R,15.77074829931973,27.670068027210885,0.3469387755102041,6,Mid,1:42.447,40.19230769230769,838.1923076923077,3,-1.0,3.5999999999999996,25.49455782312925
VER,Red Bull Racing,35.0,0 days 00:01:43.029000,INTERMEDIATE,2.0,1,True,103.029,2024,Silverstone,R,15.77074829931973,27.670068027210885,0.3469387755102041,7,Late,1:43.029,38.07692307692308,836.0769230769231,3,-1.0,4.2,26.09455782312925
VER,Red Bull Racing,36.0,0 days 00:01:41.958000,INTERMEDIATE,2.0,1,True,101.958,2024,Silverstone,R,15.77074829931973,27.670068027210885,0.3469387755102041,8,Late,1:41.958,35.96153846153847,833.9615384615385,3,-1.0,4.8,26.69455782312925
VER,Red Bull Racing,37.0,0 days 00:01:38.869000,INTERMEDIATE,2.0,1,True,98.869,2024,Silverstone,R,15.77074829931973,27.670068027210885,0.3469387755102041,9,Late,1:38.869,33.84615384615384,831.8461538461538,3,-0.7505102841890393,5.3999999999999995,28.791496117995017
VER,Red Bull Racing,40.0,0 days 00:01:30.056000,HARD,3.0,1,True,90.056,2024,Silverstone,R,15.77074829931973,27.670068027210885,0.3469387755102041,0,Late,1:30.056,27.5,825.5,2,0.35647668393782456,0.0,29.033417926756197
VER,Red Bull Racing,41.0,0 days 00:01:29.604000,HARD,3.0,1,True,89.604,2024,Silverstone,R,15.77074829931973,27.670068027210885,0.3469387755102041,1,Late,1:29.604,25.384615384615387,823.3846153846154,2,0.41325168786308725,0.6,29.974067950307777
VER,Red Bull Racing,42.0,0 days 00:01:29.472000,HARD,3.0,1,True,89.472,2024,Silverstone,R,15.77074829931973,27.670068027210885,0.3469387755102041,2,Late,1:29.472,23.269230769230774,821.2692307692307,2,0.42983199874391687,1.2,30.67354981559275
VER,Red Bull Racing,43.0,0 days 00:01:29.105000,HARD,3.0,1,True,89.105,2024,Silverstone,R,15.77074829931973,27.670068027210885,0.3469387755102041,3,Late,1:29.105,21.153846153846146,819.1538461538462,2,0.47593028732925086,1.7999999999999998,31.550139547104756
VER,Red Bull Racing,44.0,0 days 00:01:29.372000,HARD,3.0,1,True,89.372,2024,Silverstone,R,15.77074829931973,27.670068027210885,0.3469387755102041,4,Late,1:29.372,19.038461538461533,817.0384615384615,2,0.4423928403203018,2.4,31.948914865051066
VER,Red Bull Racing,45.0,0 days 00:01:29.137000,HARD,3.0,1,True,89.137,2024,Silverstone,R,15.77074829931973,27.670068027210885,0.3469387755102041,5,Late,1:29.137,16.92307692307692,814.9230769230769,2,0.4719108180248079,3.0,32.7260227312781
VER,Red Bull Racing,46.0,0 days 00:01:29.543000,HARD,3.0,1,True,89.543,2024,Silverstone,R,15.77074829931973,27.670068027210885,0.3469387755102041,6,Late,1:29.543,14.807692307692307,812.8076923076923,2,0.4209138012246816,3.5999999999999996,33.02004063047734
VER,Red Bull Racing,47.0,0 days 00:01:29.411000,HARD,3.0,1,True,89.411,2024,Silverstone,R,15.77074829931973,27.670068027210885,0.3469387755102041,7,Late,1:29.411,12.692307692307693,810.6923076923077,2,0.4374941121055112,4.2,33.71952249576232
VER,Red Bull Racing,48.0,0 days 00:01:28.952000,HARD,3.0,1,True,88.952,2024,Silverstone,R,15.77074829931973,27.670068027210885,0.3469387755102041,8,Late,1:28.952,10.57692307692308,808.5769230769231,2,0.49514837494112157,4.8,34.66544807277598
VER,Red Bull Racing,49.0,0 days 00:01:29.560000,HARD,3.0,1,True,89.56,2024,Silverstone,R,15.77074829931973,27.670068027210885,0.3469387755102041,9,Late,1:29.560,8.461538461538453,806.4615384615385,2,0.41877845815669656,5.3999999999999995,34.807228572069434
VER,Red Bull Racing,50.0,0 days 00:01:29.286000,HARD,3.0,1,True,89.286,2024,Silverstone,R,15.77074829931973,27.670068027210885,0.3469387755102041,10,Late,1:29.286,6.34615384615384,804.3461538461538,2,0.4531951640759932,6.0,35.61372880758521
VER,Red Bull Racing,51.0,0 days 00:01:29.443000,HARD,3.0,1,True,89.443,2024,Silverstone,R,15.77074829931973,27.670068027210885,0.3469387755102041,11,Late,1:29.443,4.230769230769226,802.2307692307693,2,0.43347464280106823,6.6,36.09540567993566
VER,Red Bull Racing,52.0,0 days 00:01:29.089000,HARD,3.0,1,True,89.089,2024,Silverstone,R,15.77074829931973,27.670068027210885,0.3469387755102041,12,Late,1:29.089,2.115384615384613,800.1153846153846,2,0.47794002198147323,7.199999999999999,36.96219795501809
ZHO,Kick Sauber,2.0,0 days 00:01:33.563000,SOFT,1.0,1,True,93.563,2024,Silverstone,R,15.77074829931973,27.670068027210885,0.3469387755102041,0,Early,1:33.563,107.88461538461539,905.8846153846154,8,-0.08403203014601933,0.0,32.39036564225314
ZHO,Kick Sauber,3.0,0 days 00:01:33.487000,SOFT,1.0,1,True,93.487,2024,Silverstone,R,15.77074829931973,27.670068027210885,0.3469387755102041,1,Early,1:33.487,105.76923076923077,903.7692307692307,8,-0.07448579054796531,0.6,33.047643079841464
ZHO,Kick Sauber,4.0,0 days 00:01:33.221000,SOFT,1.0,1,True,93.221,2024,Silverstone,R,15.77074829931973,27.670068027210885,0.3469387755102041,2,Early,1:33.221,103.65384615384616,901.6538461538462,8,-0.0410739519547807,1.2,33.84811411140057
ZHO,Kick Sauber,5.0,0 days 00:01:33.271000,SOFT,1.0,1,True,93.271,2024,Silverstone,R,15.77074829931973,27.670068027210885,0.3469387755102041,3,Early,1:33.271,101.53846153846153,899.5384615384615,8,-0.047354372742973154,1.7999999999999998,34.410431586671415
ZHO,Kick Sauber,6.0,0 days 00:01:33.788000,SOFT,1.0,1,True,93.788,2024,Silverstone,R,15.77074829931973,27.670068027210885,0.3469387755102041,4,Early,1:33.788,99.42307692307692,897.4230769230769,8,-0.11229392369288622,2.4,34.620794280971936
ZHO,Kick Sauber,7.0,0 days 00:01:34.510000,SOFT,1.0,1,True,94.51,2024,Silverstone,R,15.77074829931973,27.670068027210885,0.3469387755102041,5,Early,1:34.510,97.3076923076923,895.3076923076923,8,-0.20298319987439137,3.0,34.67665862388291
ZHO,Kick Sauber,8.0,0 days 00:01:36.323000,SOFT,1.0,1,True,96.323,2024,Silverstone,R,15.77074829931973,27.670068027210885,0.3469387755102041,6,Early,1:36.323,95.1923076923077,893.1923076923077,8,-0.43071125765426094,3.5999999999999996,33.91029027720369
ZHO,Kick Sauber,9.0,0 days 00:01:35.322000,SOFT,1.0,1,True,95.322,2024,Silverstone,R,15.77074829931973,27.670068027210885,0.3469387755102041,7,Early,1:35.322,93.07692307692308,891.0769230769231,8,-0.3049772334746422,4.2,35.2646944222814
ZHO,Kick Sauber,10.0,0 days 00:01:35.828000,SOFT,1.0,1,True,95.828,2024,Silverstone,R,15.77074829931973,27.670068027210885,0.3469387755102041,8,Early,1:35.828,90.96153846153845,888.9615384615385,8,-0.3685350918511534,4.8,35.48334727202233
ZHO,Kick Sauber,11.0,0 days 00:01:35.012000,SOFT,1.0,1,True,95.012,2024,Silverstone,R,15.77074829931973,27.670068027210885,0.3469387755102041,9,Early,1:35.012,88.84615384615384,886.8461538461538,8,-0.26603862458784655,5.3999999999999995,36.698326075602175
ZHO,Kick Sauber,14.0,0 days 00:01:32.450000,MEDIUM,2.0,1,True,92.45,2024,Silverstone,R,15.77074829931973,27.670068027210885,0.3469387755102041,0,Early,1:32.450,82.5,880.5,5,0.05577013659915243,0.0,30.22917864272417
ZHO,Kick Sauber,15.0,0 days 00:01:32.479000,MEDIUM,2.0,1,True,92.479,2024,Silverstone,R,15.77074829931973,27.670068027210885,0.3469387755102041,1,Early,1:32.479,80.38461538461539,878.3846153846154,5,0.05212749254200105,0.6,30.807322778381263
ZHO,Kick Sauber,16.0,0 days 00:01:35.202000,MEDIUM,2.0,1,True,95.202,2024,Silverstone,R,15.77074829931973,27.670068027210885,0.3469387755102041,2,Early,1:35.202,78.26923076923077,876.2692307692307,5,-0.2899042235829789,1.2,29.355132481631387
ZHO,Kick Sauber,17.0,0 days 00:01:38.106000,MEDIUM,2.0,1,True,98.106,2024,Silverstone,R,15.77074829931973,27.670068027210885,0.3469387755102041,3,Early,1:38.106,76.15384615384616,874.1538461538462,5,-0.6546710629612165,1.7999999999999998,27.766531445361952
ZHO,Kick Sauber,18.0,0 days 00:01:39.637000,MEDIUM,2.0,1,True,99.637,2024,Silverstone,R,15.77074829931973,27.670068027210885,0.3469387755102041,4,Mid,1:39.637,74.03846153846155,872.0384615384615,5,-0.8469775474956809,2.4,27.212692538155167
ZHO,Kick Sauber,21.0,0 days 00:01:44.560000,INTERMEDIATE,3.0,1,True,104.56,2024,Silverstone,R,15.77074829931973,27.670068027210885,0.3469387755102041,0,Mid,1:44.560,67.6923076923077,865.6923076923077,3,-1.0,0.0,21.89455782312925
ZHO,Kick Sauber,22.0,0 days 00:01:50.248000,INTERMEDIATE,3.0,1,True,110.248,2024,Silverstone,R,15.77074829931973,27.670068027210885,0.3469387755102041,1,Mid,1:50.248,65.57692307692307,863.5769230769231,3,-1.0,0.6,22.494557823129252
ZHO,Kick Sauber,23.0,0 days 00:01:50.081000,INTERMEDIATE,3.0,1,True,110.081,2024,Silverstone,R,15.77074829931973,27.670068027210885,0.3469387755102041,2,Mid,1:50.081,63.46153846153846,861.4615384615385,3,-1.0,1.2,23.09455782312925
ZHO,Kick Sauber,24.0,0 days 00:01:48.867000,INTERMEDIATE,3.0,1,True,108.867,2024,Silverstone,R,15.77074829931973,27.670068027210885,0.3469387755102041,3,Mid,1:48.867,61.34615384615385,859.3461538461538,3,-1.0,1.7999999999999998,23.69455782312925
ZHO,Kick Sauber,25.0,0 days 00:01:48.245000,INTERMEDIATE,3.0,1,True,108.245,2024,Silverstone,R,15.77074829931973,27.670068027210885,0.3469387755102041,4,Mid,1:48.245,59.230769230769226,857.2307692307693,3,-1.0,2.4,24.294557823129253
ZHO,Kick Sauber,28.0,0 days 00:01:41.866000,INTERMEDIATE,4.0,1,True,101.866,2024,Silverstone,R,15.77074829931973,27.670068027210885,0.3469387755102041,0,Mid,1:41.866,52.88461538461539,850.8846153846154,3,-1.0,0.0,21.89455782312925
ZHO,Kick Sauber,29.0,0 days 00:01:41.993000,INTERMEDIATE,4.0,1,True,101.993,2024,Silverstone,R,15.77074829931973,27.670068027210885,0.3469387755102041,1,Mid,1:41.993,50.76923076923077,848.7692307692307,3,-1.0,0.6,22.494557823129252
ZHO,Kick Sauber,30.0,0 days 00:01:43.157000,INTERMEDIATE,4.0,1,True,103.157,2024,Silverstone,R,15.77074829931973,27.670068027210885,0.3469387755102041,2,Mid,1:43.157,48.65384615384615,846.6538461538462,3,-1.0,1.2,23.09455782312925
ZHO,Kick Sauber,31.0,0 days 00:01:44.316000,INTERMEDIATE,4.0,1,True,104.316,2024,Silverstone,R,15.77074829931973,27.670068027210885,0.3469387755102041,3,Mid,1:44.316,46.53846153846154,844.5384615384615,3,-1.0,1.7999999999999998,23.69455782312925
ZHO,Kick Sauber,32.0,0 days 00:01:45.029000,INTERMEDIATE,4.0,1,True,105.029,2024,Silverstone,R,15.77074829931973,27.670068027210885,0.3469387755102041,4,Mid,1:45.029,44.42307692307692,842.4230769230769,3,-1.0,2.4,24.294557823129253
ZHO,Kick Sauber,33.0,0 days 00:01:45.412000,INTERMEDIATE,4.0,1,True,105.412,2024,Silverstone,R,15.77074829931973,27.670068027210885,0.3469387755102041,5,Mid,1:45.412,42.30769230769231,840.3076923076923,3,-1.0,3.0,24.894557823129254
ZHO,Kick Sauber,34.0,0 days 00:01:48.010000,INTERMEDIATE,4.0,1,True,108.01,2024,Silverstone,R,15.77074829931973,27.670068027210885,0.3469387755102041,6,Mid,1:48.010,40.19230769230769,838.1923076923077,3,-1.0,3.5999999999999996,25.49455782312925
ZHO,Kick Sauber,35.0,0 days 00:01:42.569000,INTERMEDIATE,4.0,1,True,102.569,2024,Silverstone,R,15.77074829931973,27.670068027210885,0.3469387755102041,7,Late,1:42.569,38.07692307692308,836.0769230769231,3,-1.0,4.2,26.09455782312925
ZHO,Kick Sauber,36.0,0 days 00:01:42.823000,INTERMEDIATE,4.0,1,True,102.823,2024,Silverstone,R,15.77074829931973,27.670068027210885,0.3469387755102041,8,Late,1:42.823,35.96153846153847,833.9615384615385,3,-1.0,4.8,26.69455782312925
ZHO,Kick Sauber,39.0,0 days 00:01:32.696000,SOFT,5.0,1,True,92.696,2024,Silverstone,R,15.77074829931973,27.670068027210885,0.3469387755102041,0,Late,1:32.696,29.615384615384613,827.6153846153846,8,0.024870466321244445,0.0,33.04378062105672
ZHO,Kick Sauber,40.0,0 days 00:01:33.170000,SOFT,5.0,1,True,93.17,2024,Silverstone,R,15.77074829931973,27.670068027210885,0.3469387755102041,1,Late,1:33.170,27.5,825.5,8,-0.0346679227508238,0.6,33.28655028662431
ZHO,Kick Sauber,41.0,0 days 00:01:31.151000,SOFT,5.0,1,True,91.151,2024,Silverstone,R,15.77074829931973,27.670068027210885,0.3469387755102041,2,Late,1:31.151,25.384615384615387,823.3846153846154,8,0.2189354686764023,1.2,35.40817063518767
ZHO,Kick Sauber,42.0,0 days 00:01:31.121000,SOFT,5.0,1,True,91.121,2024,Silverstone,R,15.77074829931973,27.670068027210885,0.3469387755102041,3,Late,1:31.121,23.269230769230774,821.2692307692307,8,0.2227037211493181,1.7999999999999998,36.03078015002516
ZHO,Kick Sauber,43.0,0 days 00:01:31.014000,SOFT,5.0,1,True,91.014,2024,Silverstone,R,15.77074829931973,27.670068027210885,0.3469387755102041,4,Late,1:31.014,21.153846153846146,819.1538461538462,8,0.23614382163605063,2.4,36.71142075294556
ZHO,Kick Sauber,44.0,0 days 00:01:31.378000,SOFT,5.0,1,True,91.378,2024,Silverstone,R,15.77074829931973,27.670068027210885,0.3469387755102041,5,Late,1:31.378,19.038461538461533,817.0384615384615,8,0.19042235829800647,3.0,37.037091972917295
ZHO,Kick Sauber,45.0,0 days 00:01:31.360000,SOFT,5.0,1,True,91.36,2024,Silverstone,R,15.77074829931973,27.670068027210885,0.3469387755102041,6,Late,1:31.360,16.92307692307692,814.9230769230769,8,0.19268330978175596,3.5999999999999996,37.650657681819794
ZHO,Kick Sauber,46.0,0 days 00:01:31.430000,SOFT,5.0,1,True,91.43,2024,Silverstone,R,15.77074829931973,27.670068027210885,0.3469387755102041,7,Late,1:31.430,14.807692307692307,812.8076923076923,8,0.18389072067828513,4.2,38.19790214719897
ZHO,Kick Sauber,47.0,0 days 00:01:31.283000,SOFT,5.0,1,True,91.283,2024,Silverstone,R,15.77074829931973,27.670068027210885,0.3469387755102041,8,Late,1:31.283,12.692307692307693,810.6923076923077,8,0.20235515779557267,4.8,38.90868876990269
ZHO,Kick Sauber,48.0,0 days 00:01:31.556000,SOFT,5.0,1,True,91.556,2024,Silverstone,R,15.77074829931973,27.670068027210885,0.3469387755102041,9,Late,1:31.556,10.57692307692308,808.5769230769231,8,0.16806406029204043,5.3999999999999995,39.302942184881495
ZHO,Kick Sauber,49.0,0 days 00:01:32.504000,SOFT,5.0,1,True,92.504,2024,Silverstone,R,15.77074829931973,27.670068027210885,0.3469387755102041,10,Late,1:32.504,8.461538461538453,806.4615384615385,8,0.04898728214790394,6.0,39.18848151601668
ZHO,Kick Sauber,50.0,0 days 00:01:31.749000,SOFT,5.0,1,True,91.749,2024,Silverstone,R,15.77074829931973,27.670068027210885,0.3469387755102041,11,Late,1:31.749,6.34615384615384,804.3461538461538,8,0.14382163604961648,6.6,40.35748763942696
