Driver,Team,LapNumber,LapTime,Compound,Stint,TrackStatus,IsAccurate,Year,Track,Session,LapTimeSeconds
NOR,McLaren,2.0,0 days 00:01:19.911000,SOFT,1.0,1,True,2024,Monza,Q,79.911
NOR,McLaren,5.0,0 days 00:01:19.727000,SOFT,2.0,1,True,2024,Monza,Q,79.727
NOR,McLaren,8.0,0 days 00:01:19.401000,SOFT,3.0,1,True,2024,Monza,Q,79.401
NOR,McLaren,11.0,0 days 00:01:19.327000,SOFT,4.0,1,True,2024,Monza,Q,79.327
PIA,McLaren,2.0,0 days 00:01:50.311000,SOFT,1.0,1,True,2024,Monza,Q,110.311
PIA,McLaren,3.0,0 days 00:01:20.488000,SOFT,1.0,1,True,2024,Monza,Q,80.488
PIA,McLaren,6.0,0 days 00:01:20.076000,SOFT,2.0,12,True,2024,Monza,Q,80.076
PIA,McLaren,9.0,0 days 00:01:19.808000,SOFT,3.0,1,True,2024,Monza,Q,79.808
PIA,McLaren,12.0,0 days 00:01:19.845000,SOFT,4.0,1,True,2024,Monza,Q,79.845
PIA,McLaren,15.0,0 days 00:01:19.436000,SOFT,5.0,1,True,2024,Monza,Q,79.436
PIA,McLaren,18.0,0 days 00:01:19.661000,SOFT,6.0,1,True,2024,Monza,Q,79.661
RUS,Mercedes,2.0,0 days 00:01:20.320000,SOFT,1.0,1,True,2024,Monza,Q,80.32
RUS,Mercedes,5.0,0 days 00:01:20.169000,SOFT,2.0,12,True,2024,Monza,Q,80.169
RUS,Mercedes,8.0,0 days 00:01:19.877000,SOFT,3.0,1,True,2024,Monza,Q,79.877
RUS,Mercedes,11.0,0 days 00:01:20.107000,SOFT,4.0,1,True,2024,Monza,Q,80.107
RUS,Mercedes,14.0,0 days 00:01:19.569000,SOFT,5.0,1,True,2024,Monza,Q,79.569
RUS,Mercedes,17.0,0 days 00:01:19.440000,SOFT,6.0,1,True,2024,Monza,Q,79.44
LEC,Ferrari,2.0,0 days 00:01:20.074000,SOFT,1.0,1,True,2024,Monza,Q,80.074
LEC,Ferrari,5.0,0 days 00:01:20.278000,SOFT,2.0,1,True,2024,Monza,Q,80.278
LEC,Ferrari,8.0,0 days 00:01:20.296000,SOFT,3.0,1,True,2024,Monza,Q,80.296
LEC,Ferrari,11.0,0 days 00:01:20.007000,SOFT,4.0,1,True,2024,Monza,Q,80.007
LEC,Ferrari,14.0,0 days 00:01:20.076000,SOFT,5.0,1,True,2024,Monza,Q,80.076
LEC,Ferrari,17.0,0 days 00:01:19.704000,SOFT,6.0,1,True,2024,Monza,Q,79.704
LEC,Ferrari,20.0,0 days 00:01:19.461000,SOFT,7.0,1,True,2024,Monza,Q,79.461
SAI,Ferrari,2.0,0 days 00:01:23.504000,SOFT,1.0,1,True,2024,Monza,Q,83.504
SAI,Ferrari,5.0,0 days 00:01:20.149000,SOFT,2.0,1,True,2024,Monza,Q,80.149
SAI,Ferrari,8.0,0 days 00:01:20.328000,SOFT,3.0,1,True,2024,Monza,Q,80.328
SAI,Ferrari,11.0,0 days 00:01:19.799000,SOFT,4.0,1,True,2024,Monza,Q,79.799
SAI,Ferrari,14.0,0 days 00:01:19.701000,SOFT,5.0,1,True,2024,Monza,Q,79.701
SAI,Ferrari,17.0,0 days 00:01:19.467000,SOFT,6.0,1,True,2024,Monza,Q,79.467
HAM,Mercedes,2.0,0 days 00:01:20.477000,SOFT,1.0,1,True,2024,Monza,Q,80.477
HAM,Mercedes,5.0,0 days 00:01:20.542000,SOFT,2.0,12,True,2024,Monza,Q,80.542
HAM,Mercedes,8.0,0 days 00:01:19.641000,SOFT,3.0,1,True,2024,Monza,Q,79.641
HAM,Mercedes,11.0,0 days 00:01:19.989000,SOFT,4.0,1,True,2024,Monza,Q,79.989
HAM,Mercedes,14.0,0 days 00:01:19.601000,SOFT,5.0,1,True,2024,Monza,Q,79.601
HAM,Mercedes,17.0,0 days 00:01:19.513000,SOFT,6.0,1,True,2024,Monza,Q,79.513
VER,Red Bull Racing,2.0,0 days 00:01:20.226000,SOFT,1.0,1,True,2024,Monza,Q,80.226
VER,Red Bull Racing,5.0,0 days 00:01:22.812000,SOFT,2.0,12,True,2024,Monza,Q,82.812
VER,Red Bull Racing,8.0,0 days 00:01:19.874000,SOFT,3.0,1,True,2024,Monza,Q,79.874
VER,Red Bull Racing,11.0,0 days 00:01:19.662000,SOFT,4.0,1,True,2024,Monza,Q,79.662
VER,Red Bull Racing,14.0,0 days 00:01:20.072000,SOFT,5.0,1,True,2024,Monza,Q,80.072
VER,Red Bull Racing,17.0,0 days 00:01:20.022000,SOFT,6.0,1,True,2024,Monza,Q,80.022
PER,Red Bull Racing,2.0,0 days 00:01:21.110000,SOFT,1.0,1,True,2024,Monza,Q,81.11
PER,Red Bull Racing,5.0,0 days 00:01:20.598000,SOFT,2.0,1,True,2024,Monza,Q,80.598
PER,Red Bull Racing,8.0,0 days 00:01:20.402000,SOFT,3.0,1,True,2024,Monza,Q,80.402
PER,Red Bull Racing,11.0,0 days 00:01:20.216000,SOFT,4.0,1,True,2024,Monza,Q,80.216
PER,Red Bull Racing,14.0,0 days 00:01:20.062000,SOFT,5.0,1,True,2024,Monza,Q,80.062
ALB,Williams,2.0,0 days 00:01:20.820000,SOFT,1.0,1,True,2024,Monza,Q,80.82
ALB,Williams,5.0,0 days 00:01:20.542000,SOFT,2.0,1,True,2024,Monza,Q,80.542
ALB,Williams,8.0,0 days 00:01:20.460000,SOFT,3.0,1,True,2024,Monza,Q,80.46
ALB,Williams,11.0,0 days 00:01:20.314000,SOFT,4.0,1,True,2024,Monza,Q,80.314
ALB,Williams,14.0,0 days 00:01:20.870000,SOFT,5.0,1,True,2024,Monza,Q,80.87
ALB,Williams,17.0,0 days 00:01:20.299000,SOFT,6.0,1,True,2024,Monza,Q,80.299
HUL,Haas F1 Team,2.0,0 days 00:01:20.781000,SOFT,1.0,1,True,2024,Monza,Q,80.781
HUL,Haas F1 Team,5.0,0 days 00:01:21.278000,SOFT,2.0,12,True,2024,Monza,Q,81.278
HUL,Haas F1 Team,8.0,0 days 00:01:20.434000,SOFT,3.0,1,True,2024,Monza,Q,80.434
HUL,Haas F1 Team,11.0,0 days 00:01:20.411000,SOFT,4.0,1,True,2024,Monza,Q,80.411
HUL,Haas F1 Team,14.0,0 days 00:01:20.482000,SOFT,5.0,1,True,2024,Monza,Q,80.482
HUL,Haas F1 Team,17.0,0 days 00:01:20.339000,SOFT,6.0,1,True,2024,Monza,Q,80.339
ALO,Aston Martin,2.0,0 days 00:01:20.617000,SOFT,1.0,1,True,2024,Monza,Q,80.617
ALO,Aston Martin,7.0,0 days 00:01:20.570000,SOFT,3.0,1,True,2024,Monza,Q,80.57
ALO,Aston Martin,10.0,0 days 00:01:20.421000,SOFT,4.0,1,True,2024,Monza,Q,80.421
RIC,RB,2.0,0 days 00:01:21.059000,SOFT,1.0,1,True,2024,Monza,Q,81.059
RIC,RB,5.0,0 days 00:01:20.901000,SOFT,2.0,12,True,2024,Monza,Q,80.901
RIC,RB,8.0,0 days 00:01:21.273000,SOFT,3.0,1,True,2024,Monza,Q,81.273
RIC,RB,11.0,0 days 00:01:20.479000,SOFT,4.0,1,True,2024,Monza,Q,80.479
MAG,Haas F1 Team,2.0,0 days 00:01:20.856000,SOFT,1.0,1,True,2024,Monza,Q,80.856
MAG,Haas F1 Team,7.0,0 days 00:01:20.698000,SOFT,3.0,1,True,2024,Monza,Q,80.698
MAG,Haas F1 Team,10.0,0 days 00:01:20.933000,SOFT,4.0,1,True,2024,Monza,Q,80.933
GAS,Alpine,2.0,0 days 00:01:21.908000,SOFT,1.0,1,True,2024,Monza,Q,81.908
GAS,Alpine,5.0,0 days 00:01:20.748000,SOFT,2.0,1,True,2024,Monza,Q,80.748
GAS,Alpine,10.0,0 days 00:01:38.961000,SOFT,4.0,1,True,2024,Monza,Q,98.961
GAS,Alpine,11.0,0 days 00:01:20.738000,SOFT,4.0,1,True,2024,Monza,Q,80.738
GAS,Alpine,14.0,0 days 00:01:48.428000,SOFT,5.0,1,True,2024,Monza,Q,108.428
GAS,Alpine,15.0,0 days 00:01:21.009000,SOFT,5.0,1,True,2024,Monza,Q,81.009
OCO,Alpine,2.0,0 days 00:01:21.346000,SOFT,1.0,1,True,2024,Monza,Q,81.346
OCO,Alpine,5.0,0 days 00:01:20.764000,SOFT,2.0,1,True,2024,Monza,Q,80.764
OCO,Alpine,10.0,0 days 00:01:36.883000,SOFT,4.0,1,True,2024,Monza,Q,96.883
OCO,Alpine,11.0,0 days 00:01:20.884000,SOFT,4.0,1,True,2024,Monza,Q,80.884
OCO,Alpine,14.0,0 days 00:01:47.819000,SOFT,5.0,1,True,2024,Monza,Q,107.819
OCO,Alpine,15.0,0 days 00:01:20.766000,SOFT,5.0,1,True,2024,Monza,Q,80.766
TSU,RB,2.0,0 days 00:01:21.068000,SOFT,1.0,1,True,2024,Monza,Q,81.068
TSU,RB,5.0,0 days 00:01:20.945000,SOFT,2.0,12,True,2024,Monza,Q,80.945
STR,Aston Martin,2.0,0 days 00:01:21.013000,SOFT,1.0,1,True,2024,Monza,Q,81.013
STR,Aston Martin,5.0,0 days 00:01:21.193000,SOFT,2.0,12,True,2024,Monza,Q,81.193
COL,Williams,2.0,0 days 00:01:21.061000,SOFT,1.0,1,True,2024,Monza,Q,81.061
COL,Williams,5.0,0 days 00:01:22.531000,SOFT,2.0,1,True,2024,Monza,Q,82.531
BOT,Kick Sauber,2.0,0 days 00:01:21.101000,SOFT,1.0,1,True,2024,Monza,Q,81.101
BOT,Kick Sauber,5.0,0 days 00:01:23.467000,SOFT,2.0,12,True,2024,Monza,Q,83.467
ZHO,Kick Sauber,2.0,0 days 00:01:21.968000,SOFT,1.0,1,True,2024,Monza,Q,81.968
ZHO,Kick Sauber,5.0,0 days 00:01:21.514000,SOFT,2.0,1,True,2024,Monza,Q,81.514
ZHO,Kick Sauber,8.0,0 days 00:01:21.445000,SOFT,3.0,12,True,2024,Monza,Q,81.445
LEC,Ferrari,2.0,0 days 00:01:25.396000,MEDIUM,1.0,1,True,2024,Monza,R,85.396
LEC,Ferrari,3.0,0 days 00:01:25.179000,MEDIUM,1.0,1,True,2024,Monza,R,85.179
LEC,Ferrari,4.0,0 days 00:01:24.810000,MEDIUM,1.0,1,True,2024,Monza,R,84.81
LEC,Ferrari,5.0,0 days 00:01:24.603000,MEDIUM,1.0,1,True,2024,Monza,R,84.603
LEC,Ferrari,6.0,0 days 00:01:24.663000,MEDIUM,1.0,1,True,2024,Monza,R,84.663
LEC,Ferrari,7.0,0 days 00:01:24.434000,MEDIUM,1.0,1,True,2024,Monza,R,84.434
LEC,Ferrari,8.0,0 days 00:01:24.569000,MEDIUM,1.0,1,True,2024,Monza,R,84.569
LEC,Ferrari,9.0,0 days 00:01:24.362000,MEDIUM,1.0,1,True,2024,Monza,R,84.362
LEC,Ferrari,10.0,0 days 00:01:24.432000,MEDIUM,1.0,1,True,2024,Monza,R,84.432
LEC,Ferrari,11.0,0 days 00:01:24.846000,MEDIUM,1.0,1,True,2024,Monza,R,84.846
LEC,Ferrari,12.0,0 days 00:01:24.916000,MEDIUM,1.0,1,True,2024,Monza,R,84.916
LEC,Ferrari,13.0,0 days 00:01:25.529000,MEDIUM,1.0,1,True,2024,Monza,R,85.529
LEC,Ferrari,14.0,0 days 00:01:25.606000,MEDIUM,1.0,1,True,2024,Monza,R,85.606
LEC,Ferrari,17.0,0 days 00:01:24.270000,HARD,2.0,1,True,2024,Monza,R,84.27
LEC,Ferrari,18.0,0 days 00:01:23.875000,HARD,2.0,1,True,2024,Monza,R,83.875
LEC,Ferrari,19.0,0 days 00:01:24.203000,HARD,2.0,1,True,2024,Monza,R,84.203
LEC,Ferrari,20.0,0 days 00:01:23.826000,HARD,2.0,1,True,2024,Monza,R,83.826
LEC,Ferrari,21.0,0 days 00:01:23.880000,HARD,2.0,1,True,2024,Monza,R,83.88
LEC,Ferrari,22.0,0 days 00:01:23.768000,HARD,2.0,1,True,2024,Monza,R,83.768
LEC,Ferrari,23.0,0 days 00:01:23.864000,HARD,2.0,1,True,2024,Monza,R,83.864
LEC,Ferrari,24.0,0 days 00:01:23.640000,HARD,2.0,1,True,2024,Monza,R,83.64
LEC,Ferrari,25.0,0 days 00:01:23.590000,HARD,2.0,1,True,2024,Monza,R,83.59
LEC,Ferrari,26.0,0 days 00:01:23.321000,HARD,2.0,1,True,2024,Monza,R,83.321
LEC,Ferrari,27.0,0 days 00:01:23.534000,HARD,2.0,1,True,2024,Monza,R,83.534
LEC,Ferrari,28.0,0 days 00:01:23.284000,HARD,2.0,1,True,2024,Monza,R,83.284
LEC,Ferrari,29.0,0 days 00:01:23.229000,HARD,2.0,1,True,2024,Monza,R,83.229
LEC,Ferrari,30.0,0 days 00:01:23.359000,HARD,2.0,1,True,2024,Monza,R,83.359
LEC,Ferrari,31.0,0 days 00:01:23.972000,HARD,2.0,1,True,2024,Monza,R,83.972
LEC,Ferrari,32.0,0 days 00:01:23.274000,HARD,2.0,1,True,2024,Monza,R,83.274
LEC,Ferrari,33.0,0 days 00:01:23.226000,HARD,2.0,1,True,2024,Monza,R,83.226
LEC,Ferrari,34.0,0 days 00:01:23.430000,HARD,2.0,1,True,2024,Monza,R,83.43
LEC,Ferrari,35.0,0 days 00:01:23.681000,HARD,2.0,1,True,2024,Monza,R,83.681
LEC,Ferrari,36.0,0 days 00:01:23.714000,HARD,2.0,1,True,2024,Monza,R,83.714
LEC,Ferrari,37.0,0 days 00:01:23.550000,HARD,2.0,1,True,2024,Monza,R,83.55
LEC,Ferrari,38.0,0 days 00:01:23.624000,HARD,2.0,1,True,2024,Monza,R,83.624
LEC,Ferrari,39.0,0 days 00:01:23.718000,HARD,2.0,1,True,2024,Monza,R,83.718
LEC,Ferrari,40.0,0 days 00:01:23.690000,HARD,2.0,1,True,2024,Monza,R,83.69
LEC,Ferrari,41.0,0 days 00:01:23.611000,HARD,2.0,1,True,2024,Monza,R,83.611
LEC,Ferrari,42.0,0 days 00:01:23.670000,HARD,2.0,1,True,2024,Monza,R,83.67
LEC,Ferrari,43.0,0 days 00:01:23.867000,HARD,2.0,1,True,2024,Monza,R,83.867
LEC,Ferrari,44.0,0 days 00:01:23.430000,HARD,2.0,1,True,2024,Monza,R,83.43
LEC,Ferrari,45.0,0 days 00:01:23.731000,HARD,2.0,1,True,2024,Monza,R,83.731
LEC,Ferrari,46.0,0 days 00:01:23.597000,HARD,2.0,1,True,2024,Monza,R,83.597
LEC,Ferrari,47.0,0 days 00:01:23.676000,HARD,2.0,1,True,2024,Monza,R,83.676
LEC,Ferrari,48.0,0 days 00:01:23.518000,HARD,2.0,1,True,2024,Monza,R,83.518
LEC,Ferrari,49.0,0 days 00:01:23.467000,HARD,2.0,1,True,2024,Monza,R,83.467
LEC,Ferrari,50.0,0 days 00:01:23.461000,HARD,2.0,1,True,2024,Monza,R,83.461
LEC,Ferrari,51.0,0 days 00:01:23.555000,HARD,2.0,1,True,2024,Monza,R,83.555
LEC,Ferrari,52.0,0 days 00:01:23.750000,HARD,2.0,1,True,2024,Monza,R,83.75
LEC,Ferrari,53.0,0 days 00:01:23.268000,HARD,2.0,1,True,2024,Monza,R,83.268
PIA,McLaren,2.0,0 days 00:01:25.116000,MEDIUM,1.0,1,True,2024,Monza,R,85.116
PIA,McLaren,3.0,0 days 00:01:25.261000,MEDIUM,1.0,1,True,2024,Monza,R,85.261
PIA,McLaren,4.0,0 days 00:01:24.695000,MEDIUM,1.0,1,True,2024,Monza,R,84.695
PIA,McLaren,5.0,0 days 00:01:24.660000,MEDIUM,1.0,1,True,2024,Monza,R,84.66
PIA,McLaren,6.0,0 days 00:01:24.603000,MEDIUM,1.0,1,True,2024,Monza,R,84.603
PIA,McLaren,7.0,0 days 00:01:24.418000,MEDIUM,1.0,1,True,2024,Monza,R,84.418
PIA,McLaren,8.0,0 days 00:01:24.570000,MEDIUM,1.0,1,True,2024,Monza,R,84.57
PIA,McLaren,9.0,0 days 00:01:24.375000,MEDIUM,1.0,1,True,2024,Monza,R,84.375
PIA,McLaren,10.0,0 days 00:01:24.077000,MEDIUM,1.0,1,True,2024,Monza,R,84.077
PIA,McLaren,11.0,0 days 00:01:24.247000,MEDIUM,1.0,1,True,2024,Monza,R,84.247
PIA,McLaren,12.0,0 days 00:01:24.748000,MEDIUM,1.0,1,True,2024,Monza,R,84.748
PIA,McLaren,13.0,0 days 00:01:24.670000,MEDIUM,1.0,1,True,2024,Monza,R,84.67
PIA,McLaren,14.0,0 days 00:01:25.048000,MEDIUM,1.0,1,True,2024,Monza,R,85.048
PIA,McLaren,15.0,0 days 00:01:25.166000,MEDIUM,1.0,1,True,2024,Monza,R,85.166
PIA,McLaren,18.0,0 days 00:01:24.028000,HARD,2.0,1,True,2024,Monza,R,84.028
PIA,McLaren,19.0,0 days 00:01:24.602000,HARD,2.0,1,True,2024,Monza,R,84.602
PIA,McLaren,20.0,0 days 00:01:23.986000,HARD,2.0,1,True,2024,Monza,R,83.986
PIA,McLaren,21.0,0 days 00:01:23.903000,HARD,2.0,1,True,2024,Monza,R,83.903
PIA,McLaren,22.0,0 days 00:01:23.647000,HARD,2.0,1,True,2024,Monza,R,83.647
PIA,McLaren,23.0,0 days 00:01:23.660000,HARD,2.0,1,True,2024,Monza,R,83.66
PIA,McLaren,24.0,0 days 00:01:23.315000,HARD,2.0,1,True,2024,Monza,R,83.315
PIA,McLaren,25.0,0 days 00:01:23.230000,HARD,2.0,1,True,2024,Monza,R,83.23
PIA,McLaren,26.0,0 days 00:01:23.133000,HARD,2.0,1,True,2024,Monza,R,83.133
PIA,McLaren,27.0,0 days 00:01:23.088000,HARD,2.0,1,True,2024,Monza,R,83.088
PIA,McLaren,28.0,0 days 00:01:23.168000,HARD,2.0,1,True,2024,Monza,R,83.168
PIA,McLaren,29.0,0 days 00:01:23.066000,HARD,2.0,1,True,2024,Monza,R,83.066
PIA,McLaren,30.0,0 days 00:01:22.968000,HARD,2.0,1,True,2024,Monza,R,82.968
PIA,McLaren,31.0,0 days 00:01:23.221000,HARD,2.0,1,True,2024,Monza,R,83.221
PIA,McLaren,32.0,0 days 00:01:23.480000,HARD,2.0,1,True,2024,Monza,R,83.48
PIA,McLaren,33.0,0 days 00:01:23.148000,HARD,2.0,1,True,2024,Monza,R,83.148
PIA,McLaren,34.0,0 days 00:01:23.456000,HARD,2.0,1,True,2024,Monza,R,83.456
PIA,McLaren,35.0,0 days 00:01:23.409000,HARD,2.0,1,True,2024,Monza,R,83.409
PIA,McLaren,36.0,0 days 00:01:23.746000,HARD,2.0,1,True,2024,Monza,R,83.746
PIA,McLaren,37.0,0 days 00:01:23.691000,HARD,2.0,1,True,2024,Monza,R,83.691
PIA,McLaren,40.0,0 days 00:01:22.264000,HARD,3.0,1,True,2024,Monza,R,82.264
PIA,McLaren,41.0,0 days 00:01:22.066000,HARD,3.0,1,True,2024,Monza,R,82.066
PIA,McLaren,42.0,0 days 00:01:22.331000,HARD,3.0,1,True,2024,Monza,R,82.331
PIA,McLaren,43.0,0 days 00:01:22.092000,HARD,3.0,1,True,2024,Monza,R,82.092
PIA,McLaren,44.0,0 days 00:01:22.628000,HARD,3.0,1,True,2024,Monza,R,82.628
PIA,McLaren,45.0,0 days 00:01:23.675000,HARD,3.0,1,True,2024,Monza,R,83.675
PIA,McLaren,46.0,0 days 00:01:22.537000,HARD,3.0,1,True,2024,Monza,R,82.537
PIA,McLaren,47.0,0 days 00:01:22.253000,HARD,3.0,1,True,2024,Monza,R,82.253
PIA,McLaren,48.0,0 days 00:01:22.725000,HARD,3.0,1,True,2024,Monza,R,82.725
PIA,McLaren,49.0,0 days 00:01:22.945000,HARD,3.0,1,True,2024,Monza,R,82.945
PIA,McLaren,50.0,0 days 00:01:22.586000,HARD,3.0,1,True,2024,Monza,R,82.586
PIA,McLaren,51.0,0 days 00:01:22.424000,HARD,3.0,1,True,2024,Monza,R,82.424
PIA,McLaren,52.0,0 days 00:01:21.948000,HARD,3.0,1,True,2024,Monza,R,81.948
PIA,McLaren,53.0,0 days 00:01:21.943000,HARD,3.0,1,True,2024,Monza,R,81.943
NOR,McLaren,2.0,0 days 00:01:25.458000,MEDIUM,1.0,1,True,2024,Monza,R,85.458
NOR,McLaren,3.0,0 days 00:01:25.110000,MEDIUM,1.0,1,True,2024,Monza,R,85.11
NOR,McLaren,4.0,0 days 00:01:25.168000,MEDIUM,1.0,1,True,2024,Monza,R,85.168
NOR,McLaren,5.0,0 days 00:01:24.674000,MEDIUM,1.0,1,True,2024,Monza,R,84.674
NOR,McLaren,6.0,0 days 00:01:24.768000,MEDIUM,1.0,1,True,2024,Monza,R,84.768
NOR,McLaren,7.0,0 days 00:01:24.531000,MEDIUM,1.0,1,True,2024,Monza,R,84.531
NOR,McLaren,8.0,0 days 00:01:24.674000,MEDIUM,1.0,1,True,2024,Monza,R,84.674
NOR,McLaren,9.0,0 days 00:01:24.664000,MEDIUM,1.0,1,True,2024,Monza,R,84.664
NOR,McLaren,10.0,0 days 00:01:24.391000,MEDIUM,1.0,1,True,2024,Monza,R,84.391
NOR,McLaren,11.0,0 days 00:01:24.448000,MEDIUM,1.0,1,True,2024,Monza,R,84.448
NOR,McLaren,12.0,0 days 00:01:24.655000,MEDIUM,1.0,1,True,2024,Monza,R,84.655
NOR,McLaren,13.0,0 days 00:01:25.359000,MEDIUM,1.0,1,True,2024,Monza,R,85.359
NOR,McLaren,16.0,0 days 00:01:24.154000,HARD,2.0,1,True,2024,Monza,R,84.154
NOR,McLaren,17.0,0 days 00:01:25.585000,HARD,2.0,1,True,2024,Monza,R,85.585
NOR,McLaren,18.0,0 days 00:01:23.920000,HARD,2.0,1,True,2024,Monza,R,83.92
NOR,McLaren,19.0,0 days 00:01:24.152000,HARD,2.0,1,True,2024,Monza,R,84.152
NOR,McLaren,20.0,0 days 00:01:23.882000,HARD,2.0,1,True,2024,Monza,R,83.882
NOR,McLaren,21.0,0 days 00:01:23.753000,HARD,2.0,1,True,2024,Monza,R,83.753
NOR,McLaren,22.0,0 days 00:01:23.652000,HARD,2.0,1,True,2024,Monza,R,83.652
NOR,McLaren,23.0,0 days 00:01:23.581000,HARD,2.0,1,True,2024,Monza,R,83.581
NOR,McLaren,24.0,0 days 00:01:23.601000,HARD,2.0,1,True,2024,Monza,R,83.601
NOR,McLaren,25.0,0 days 00:01:23.321000,HARD,2.0,1,True,2024,Monza,R,83.321
NOR,McLaren,26.0,0 days 00:01:23.469000,HARD,2.0,1,True,2024,Monza,R,83.469
NOR,McLaren,27.0,0 days 00:01:23.267000,HARD,2.0,1,True,2024,Monza,R,83.267
NOR,McLaren,28.0,0 days 00:01:23.067000,HARD,2.0,1,True,2024,Monza,R,83.067
NOR,McLaren,29.0,0 days 00:01:23.300000,HARD,2.0,1,True,2024,Monza,R,83.3
NOR,McLaren,30.0,0 days 00:01:23.614000,HARD,2.0,1,True,2024,Monza,R,83.614
NOR,McLaren,31.0,0 days 00:01:24.940000,HARD,2.0,1,True,2024,Monza,R,84.94
NOR,McLaren,34.0,0 days 00:01:22.837000,HARD,3.0,1,True,2024,Monza,R,82.837
NOR,McLaren,35.0,0 days 00:01:23.137000,HARD,3.0,1,True,2024,Monza,R,83.137
NOR,McLaren,36.0,0 days 00:01:23.114000,HARD,3.0,1,True,2024,Monza,R,83.114
NOR,McLaren,37.0,0 days 00:01:23.178000,HARD,3.0,1,True,2024,Monza,R,83.178
NOR,McLaren,38.0,0 days 00:01:23.133000,HARD,3.0,1,True,2024,Monza,R,83.133
NOR,McLaren,39.0,0 days 00:01:23.061000,HARD,3.0,1,True,2024,Monza,R,83.061
NOR,McLaren,40.0,0 days 00:01:24.162000,HARD,3.0,1,True,2024,Monza,R,84.162
NOR,McLaren,41.0,0 days 00:01:22.234000,HARD,3.0,1,True,2024,Monza,R,82.234
NOR,McLaren,42.0,0 days 00:01:22.678000,HARD,3.0,1,True,2024,Monza,R,82.678
NOR,McLaren,43.0,0 days 00:01:22.250000,HARD,3.0,1,True,2024,Monza,R,82.25
NOR,McLaren,44.0,0 days 00:01:22.403000,HARD,3.0,1,True,2024,Monza,R,82.403
NOR,McLaren,45.0,0 days 00:01:22.398000,HARD,3.0,1,True,2024,Monza,R,82.398
NOR,McLaren,46.0,0 days 00:01:22.041000,HARD,3.0,1,True,2024,Monza,R,82.041
NOR,McLaren,47.0,0 days 00:01:23.852000,HARD,3.0,1,True,2024,Monza,R,83.852
NOR,McLaren,48.0,0 days 00:01:21.824000,HARD,3.0,1,True,2024,Monza,R,81.824
NOR,McLaren,49.0,0 days 00:01:22.436000,HARD,3.0,1,True,2024,Monza,R,82.436
NOR,McLaren,50.0,0 days 00:01:23.266000,HARD,3.0,1,True,2024,Monza,R,83.266
NOR,McLaren,51.0,0 days 00:01:22.269000,HARD,3.0,1,True,2024,Monza,R,82.269
NOR,McLaren,52.0,0 days 00:01:22.302000,HARD,3.0,1,True,2024,Monza,R,82.302
NOR,McLaren,53.0,0 days 00:01:21.432000,HARD,3.0,1,True,2024,Monza,R,81.432
SAI,Ferrari,2.0,0 days 00:01:25.731000,MEDIUM,1.0,1,True,2024,Monza,R,85.731
SAI,Ferrari,3.0,0 days 00:01:25.358000,MEDIUM,1.0,1,True,2024,Monza,R,85.358
SAI,Ferrari,4.0,0 days 00:01:25.086000,MEDIUM,1.0,1,True,2024,Monza,R,85.086
SAI,Ferrari,5.0,0 days 00:01:25.006000,MEDIUM,1.0,1,True,2024,Monza,R,85.006
SAI,Ferrari,6.0,0 days 00:01:24.642000,MEDIUM,1.0,1,True,2024,Monza,R,84.642
SAI,Ferrari,7.0,0 days 00:01:24.715000,MEDIUM,1.0,1,True,2024,Monza,R,84.715
SAI,Ferrari,8.0,0 days 00:01:24.870000,MEDIUM,1.0,1,True,2024,Monza,R,84.87
SAI,Ferrari,9.0,0 days 00:01:24.774000,MEDIUM,1.0,1,True,2024,Monza,R,84.774
SAI,Ferrari,10.0,0 days 00:01:24.684000,MEDIUM,1.0,1,True,2024,Monza,R,84.684
SAI,Ferrari,11.0,0 days 00:01:25.066000,MEDIUM,1.0,1,True,2024,Monza,R,85.066
SAI,Ferrari,12.0,0 days 00:01:25.276000,MEDIUM,1.0,1,True,2024,Monza,R,85.276
SAI,Ferrari,13.0,0 days 00:01:25.423000,MEDIUM,1.0,1,True,2024,Monza,R,85.423
SAI,Ferrari,14.0,0 days 00:01:25.234000,MEDIUM,1.0,1,True,2024,Monza,R,85.234
SAI,Ferrari,15.0,0 days 00:01:25.183000,MEDIUM,1.0,1,True,2024,Monza,R,85.183
SAI,Ferrari,16.0,0 days 00:01:25.341000,MEDIUM,1.0,1,True,2024,Monza,R,85.341
SAI,Ferrari,17.0,0 days 00:01:25.407000,MEDIUM,1.0,1,True,2024,Monza,R,85.407
SAI,Ferrari,18.0,0 days 00:01:25.678000,MEDIUM,1.0,1,True,2024,Monza,R,85.678
SAI,Ferrari,21.0,0 days 00:01:24.499000,HARD,2.0,1,True,2024,Monza,R,84.499
SAI,Ferrari,22.0,0 days 00:01:24.226000,HARD,2.0,1,True,2024,Monza,R,84.226
SAI,Ferrari,23.0,0 days 00:01:24.557000,HARD,2.0,1,True,2024,Monza,R,84.557
SAI,Ferrari,24.0,0 days 00:01:23.682000,HARD,2.0,1,True,2024,Monza,R,83.682
SAI,Ferrari,25.0,0 days 00:01:23.687000,HARD,2.0,1,True,2024,Monza,R,83.687
SAI,Ferrari,26.0,0 days 00:01:23.503000,HARD,2.0,1,True,2024,Monza,R,83.503
SAI,Ferrari,27.0,0 days 00:01:23.503000,HARD,2.0,1,True,2024,Monza,R,83.503
SAI,Ferrari,28.0,0 days 00:01:23.751000,HARD,2.0,1,True,2024,Monza,R,83.751
SAI,Ferrari,29.0,0 days 00:01:23.473000,HARD,2.0,1,True,2024,Monza,R,83.473
SAI,Ferrari,30.0,0 days 00:01:23.584000,HARD,2.0,1,True,2024,Monza,R,83.584
SAI,Ferrari,31.0,0 days 00:01:23.330000,HARD,2.0,1,True,2024,Monza,R,83.33
SAI,Ferrari,32.0,0 days 00:01:23.354000,HARD,2.0,1,True,2024,Monza,R,83.354
SAI,Ferrari,33.0,0 days 00:01:23.412000,HARD,2.0,1,True,2024,Monza,R,83.412
SAI,Ferrari,34.0,0 days 00:01:23.285000,HARD,2.0,1,True,2024,Monza,R,83.285
SAI,Ferrari,35.0,0 days 00:01:23.334000,HARD,2.0,1,True,2024,Monza,R,83.334
SAI,Ferrari,36.0,0 days 00:01:23.270000,HARD,2.0,1,True,2024,Monza,R,83.27
SAI,Ferrari,37.0,0 days 00:01:23.290000,HARD,2.0,1,True,2024,Monza,R,83.29
SAI,Ferrari,38.0,0 days 00:01:23.551000,HARD,2.0,1,True,2024,Monza,R,83.551
SAI,Ferrari,39.0,0 days 00:01:23.809000,HARD,2.0,1,True,2024,Monza,R,83.809
SAI,Ferrari,40.0,0 days 00:01:23.803000,HARD,2.0,1,True,2024,Monza,R,83.803
SAI,Ferrari,41.0,0 days 00:01:23.337000,HARD,2.0,1,True,2024,Monza,R,83.337
SAI,Ferrari,42.0,0 days 00:01:23.838000,HARD,2.0,1,True,2024,Monza,R,83.838
SAI,Ferrari,43.0,0 days 00:01:23.793000,HARD,2.0,1,True,2024,Monza,R,83.793
SAI,Ferrari,44.0,0 days 00:01:23.931000,HARD,2.0,1,True,2024,Monza,R,83.931
SAI,Ferrari,45.0,0 days 00:01:25.113000,HARD,2.0,1,True,2024,Monza,R,85.113
SAI,Ferrari,46.0,0 days 00:01:24.001000,HARD,2.0,1,True,2024,Monza,R,84.001
SAI,Ferrari,47.0,0 days 00:01:24.090000,HARD,2.0,1,True,2024,Monza,R,84.09
SAI,Ferrari,48.0,0 days 00:01:24.939000,HARD,2.0,1,True,2024,Monza,R,84.939
SAI,Ferrari,49.0,0 days 00:01:23.921000,HARD,2.0,1,True,2024,Monza,R,83.921
SAI,Ferrari,50.0,0 days 00:01:23.769000,HARD,2.0,1,True,2024,Monza,R,83.769
SAI,Ferrari,51.0,0 days 00:01:23.754000,HARD,2.0,1,True,2024,Monza,R,83.754
SAI,Ferrari,52.0,0 days 00:01:23.722000,HARD,2.0,1,True,2024,Monza,R,83.722
SAI,Ferrari,53.0,0 days 00:01:23.219000,HARD,2.0,1,True,2024,Monza,R,83.219
HAM,Mercedes,2.0,0 days 00:01:26.043000,MEDIUM,1.0,1,True,2024,Monza,R,86.043
HAM,Mercedes,3.0,0 days 00:01:25.630000,MEDIUM,1.0,1,True,2024,Monza,R,85.63
HAM,Mercedes,4.0,0 days 00:01:25.722000,MEDIUM,1.0,1,True,2024,Monza,R,85.722
HAM,Mercedes,5.0,0 days 00:01:24.771000,MEDIUM,1.0,1,True,2024,Monza,R,84.771
HAM,Mercedes,6.0,0 days 00:01:24.919000,MEDIUM,1.0,1,True,2024,Monza,R,84.919
HAM,Mercedes,7.0,0 days 00:01:25.205000,MEDIUM,1.0,1,True,2024,Monza,R,85.205
HAM,Mercedes,8.0,0 days 00:01:24.871000,MEDIUM,1.0,1,True,2024,Monza,R,84.871
HAM,Mercedes,9.0,0 days 00:01:25.035000,MEDIUM,1.0,1,True,2024,Monza,R,85.035
HAM,Mercedes,10.0,0 days 00:01:24.909000,MEDIUM,1.0,1,True,2024,Monza,R,84.909
HAM,Mercedes,11.0,0 days 00:01:24.938000,MEDIUM,1.0,1,True,2024,Monza,R,84.938
HAM,Mercedes,12.0,0 days 00:01:24.932000,MEDIUM,1.0,1,True,2024,Monza,R,84.932
HAM,Mercedes,13.0,0 days 00:01:25.329000,MEDIUM,1.0,1,True,2024,Monza,R,85.329
HAM,Mercedes,14.0,0 days 00:01:25.817000,MEDIUM,1.0,1,True,2024,Monza,R,85.817
HAM,Mercedes,17.0,0 days 00:01:24.843000,HARD,2.0,1,True,2024,Monza,R,84.843
HAM,Mercedes,18.0,0 days 00:01:24.831000,HARD,2.0,1,True,2024,Monza,R,84.831
HAM,Mercedes,19.0,0 days 00:01:24.649000,HARD,2.0,1,True,2024,Monza,R,84.649
HAM,Mercedes,20.0,0 days 00:01:24.640000,HARD,2.0,1,True,2024,Monza,R,84.64
HAM,Mercedes,21.0,0 days 00:01:24.915000,HARD,2.0,1,True,2024,Monza,R,84.915
HAM,Mercedes,22.0,0 days 00:01:24.613000,HARD,2.0,1,True,2024,Monza,R,84.613
HAM,Mercedes,23.0,0 days 00:01:24.132000,HARD,2.0,1,True,2024,Monza,R,84.132
HAM,Mercedes,24.0,0 days 00:01:23.818000,HARD,2.0,1,True,2024,Monza,R,83.818
HAM,Mercedes,25.0,0 days 00:01:23.804000,HARD,2.0,1,True,2024,Monza,R,83.804
HAM,Mercedes,26.0,0 days 00:01:23.673000,HARD,2.0,1,True,2024,Monza,R,83.673
HAM,Mercedes,27.0,0 days 00:01:23.495000,HARD,2.0,1,True,2024,Monza,R,83.495
HAM,Mercedes,28.0,0 days 00:01:23.640000,HARD,2.0,1,True,2024,Monza,R,83.64
HAM,Mercedes,29.0,0 days 00:01:23.507000,HARD,2.0,1,True,2024,Monza,R,83.507
HAM,Mercedes,30.0,0 days 00:01:23.445000,HARD,2.0,1,True,2024,Monza,R,83.445
HAM,Mercedes,31.0,0 days 00:01:23.360000,HARD,2.0,1,True,2024,Monza,R,83.36
HAM,Mercedes,32.0,0 days 00:01:23.328000,HARD,2.0,1,True,2024,Monza,R,83.328
HAM,Mercedes,33.0,0 days 00:01:23.397000,HARD,2.0,1,True,2024,Monza,R,83.397
HAM,Mercedes,34.0,0 days 00:01:23.531000,HARD,2.0,1,True,2024,Monza,R,83.531
HAM,Mercedes,35.0,0 days 00:01:23.378000,HARD,2.0,1,True,2024,Monza,R,83.378
HAM,Mercedes,36.0,0 days 00:01:23.601000,HARD,2.0,1,True,2024,Monza,R,83.601
HAM,Mercedes,39.0,0 days 00:01:22.968000,HARD,3.0,1,True,2024,Monza,R,82.968
HAM,Mercedes,40.0,0 days 00:01:23.012000,HARD,3.0,1,True,2024,Monza,R,83.012
HAM,Mercedes,41.0,0 days 00:01:22.927000,HARD,3.0,1,True,2024,Monza,R,82.927
HAM,Mercedes,42.0,0 days 00:01:22.520000,HARD,3.0,1,True,2024,Monza,R,82.52
HAM,Mercedes,43.0,0 days 00:01:22.396000,HARD,3.0,1,True,2024,Monza,R,82.396
HAM,Mercedes,44.0,0 days 00:01:22.136000,HARD,3.0,1,True,2024,Monza,R,82.136
HAM,Mercedes,45.0,0 days 00:01:22.176000,HARD,3.0,1,True,2024,Monza,R,82.176
HAM,Mercedes,46.0,0 days 00:01:22.307000,HARD,3.0,1,True,2024,Monza,R,82.307
HAM,Mercedes,47.0,0 days 00:01:22.471000,HARD,3.0,1,True,2024,Monza,R,82.471
HAM,Mercedes,48.0,0 days 00:01:22.794000,HARD,3.0,1,True,2024,Monza,R,82.794
HAM,Mercedes,49.0,0 days 00:01:22.446000,HARD,3.0,1,True,2024,Monza,R,82.446
HAM,Mercedes,50.0,0 days 00:01:22.243000,HARD,3.0,1,True,2024,Monza,R,82.243
HAM,Mercedes,51.0,0 days 00:01:22.737000,HARD,3.0,1,True,2024,Monza,R,82.737
HAM,Mercedes,52.0,0 days 00:01:25.703000,HARD,3.0,1,True,2024,Monza,R,85.703
HAM,Mercedes,53.0,0 days 00:01:21.512000,HARD,3.0,1,True,2024,Monza,R,81.512
VER,Red Bull Racing,2.0,0 days 00:01:26.170000,HARD,1.0,1,True,2024,Monza,R,86.17
VER,Red Bull Racing,3.0,0 days 00:01:25.855000,HARD,1.0,1,True,2024,Monza,R,85.855
VER,Red Bull Racing,4.0,0 days 00:01:25.633000,HARD,1.0,1,True,2024,Monza,R,85.633
VER,Red Bull Racing,5.0,0 days 00:01:25.218000,HARD,1.0,1,True,2024,Monza,R,85.218
VER,Red Bull Racing,6.0,0 days 00:01:25.096000,HARD,1.0,1,True,2024,Monza,R,85.096
VER,Red Bull Racing,7.0,0 days 00:01:25.042000,HARD,1.0,1,True,2024,Monza,R,85.042
VER,Red Bull Racing,8.0,0 days 00:01:24.918000,HARD,1.0,1,True,2024,Monza,R,84.918
VER,Red Bull Racing,9.0,0 days 00:01:25.050000,HARD,1.0,1,True,2024,Monza,R,85.05
VER,Red Bull Racing,10.0,0 days 00:01:24.964000,HARD,1.0,1,True,2024,Monza,R,84.964
VER,Red Bull Racing,11.0,0 days 00:01:24.978000,HARD,1.0,1,True,2024,Monza,R,84.978
VER,Red Bull Racing,12.0,0 days 00:01:24.968000,HARD,1.0,1,True,2024,Monza,R,84.968
VER,Red Bull Racing,13.0,0 days 00:01:24.957000,HARD,1.0,1,True,2024,Monza,R,84.957
VER,Red Bull Racing,14.0,0 days 00:01:25.287000,HARD,1.0,1,True,2024,Monza,R,85.287
VER,Red Bull Racing,15.0,0 days 00:01:25.746000,HARD,1.0,1,True,2024,Monza,R,85.746
VER,Red Bull Racing,16.0,0 days 00:01:25.244000,HARD,1.0,1,True,2024,Monza,R,85.244
VER,Red Bull Racing,17.0,0 days 00:01:25.340000,HARD,1.0,1,True,2024,Monza,R,85.34
VER,Red Bull Racing,18.0,0 days 00:01:25.469000,HARD,1.0,1,True,2024,Monza,R,85.469
VER,Red Bull Racing,19.0,0 days 00:01:25.537000,HARD,1.0,1,True,2024,Monza,R,85.537
VER,Red Bull Racing,20.0,0 days 00:01:25.559000,HARD,1.0,1,True,2024,Monza,R,85.559
VER,Red Bull Racing,21.0,0 days 00:01:25.381000,HARD,1.0,1,True,2024,Monza,R,85.381
VER,Red Bull Racing,24.0,0 days 00:01:23.545000,HARD,2.0,1,True,2024,Monza,R,83.545
VER,Red Bull Racing,25.0,0 days 00:01:23.801000,HARD,2.0,1,True,2024,Monza,R,83.801
VER,Red Bull Racing,26.0,0 days 00:01:23.618000,HARD,2.0,1,True,2024,Monza,R,83.618
VER,Red Bull Racing,27.0,0 days 00:01:23.524000,HARD,2.0,1,True,2024,Monza,R,83.524
VER,Red Bull Racing,28.0,0 days 00:01:23.509000,HARD,2.0,1,True,2024,Monza,R,83.509
VER,Red Bull Racing,29.0,0 days 00:01:23.452000,HARD,2.0,1,True,2024,Monza,R,83.452
VER,Red Bull Racing,30.0,0 days 00:01:23.542000,HARD,2.0,1,True,2024,Monza,R,83.542
VER,Red Bull Racing,31.0,0 days 00:01:23.424000,HARD,2.0,1,True,2024,Monza,R,83.424
VER,Red Bull Racing,32.0,0 days 00:01:23.490000,HARD,2.0,1,True,2024,Monza,R,83.49
VER,Red Bull Racing,33.0,0 days 00:01:23.621000,HARD,2.0,1,True,2024,Monza,R,83.621
VER,Red Bull Racing,34.0,0 days 00:01:23.576000,HARD,2.0,1,True,2024,Monza,R,83.576
VER,Red Bull Racing,35.0,0 days 00:01:23.589000,HARD,2.0,1,True,2024,Monza,R,83.589
VER,Red Bull Racing,36.0,0 days 00:01:23.559000,HARD,2.0,1,True,2024,Monza,R,83.559
VER,Red Bull Racing,37.0,0 days 00:01:23.485000,HARD,2.0,1,True,2024,Monza,R,83.485
VER,Red Bull Racing,38.0,0 days 00:01:23.427000,HARD,2.0,1,True,2024,Monza,R,83.427
VER,Red Bull Racing,39.0,0 days 00:01:23.501000,HARD,2.0,1,True,2024,Monza,R,83.501
VER,Red Bull Racing,40.0,0 days 00:01:24.337000,HARD,2.0,1,True,2024,Monza,R,84.337
VER,Red Bull Racing,43.0,0 days 00:01:21.745000,MEDIUM,3.0,1,True,2024,Monza,R,81.745
VER,Red Bull Racing,44.0,0 days 00:01:23.045000,MEDIUM,3.0,1,True,2024,Monza,R,83.045
VER,Red Bull Racing,45.0,0 days 00:01:23.363000,MEDIUM,3.0,1,True,2024,Monza,R,83.363
VER,Red Bull Racing,46.0,0 days 00:01:22.941000,MEDIUM,3.0,1,True,2024,Monza,R,82.941
VER,Red Bull Racing,47.0,0 days 00:01:22.520000,MEDIUM,3.0,1,True,2024,Monza,R,82.52
VER,Red Bull Racing,48.0,0 days 00:01:22.570000,MEDIUM,3.0,1,True,2024,Monza,R,82.57
VER,Red Bull Racing,49.0,0 days 00:01:22.584000,MEDIUM,3.0,1,True,2024,Monza,R,82.584
VER,Red Bull Racing,50.0,0 days 00:01:22.585000,MEDIUM,3.0,1,True,2024,Monza,R,82.585
VER,Red Bull Racing,51.0,0 days 00:01:22.574000,MEDIUM,3.0,1,True,2024,Monza,R,82.574
VER,Red Bull Racing,52.0,0 days 00:01:22.920000,MEDIUM,3.0,1,True,2024,Monza,R,82.92
VER,Red Bull Racing,53.0,0 days 00:01:23.711000,MEDIUM,3.0,1,True,2024,Monza,R,83.711
RUS,Mercedes,2.0,0 days 00:01:26.055000,MEDIUM,1.0,1,True,2024,Monza,R,86.055
RUS,Mercedes,3.0,0 days 00:01:25.733000,MEDIUM,1.0,1,True,2024,Monza,R,85.733
RUS,Mercedes,4.0,0 days 00:01:25.762000,MEDIUM,1.0,1,True,2024,Monza,R,85.762
RUS,Mercedes,5.0,0 days 00:01:25.494000,MEDIUM,1.0,1,True,2024,Monza,R,85.494
RUS,Mercedes,6.0,0 days 00:01:25.101000,MEDIUM,1.0,1,True,2024,Monza,R,85.101
RUS,Mercedes,7.0,0 days 00:01:25.046000,MEDIUM,1.0,1,True,2024,Monza,R,85.046
RUS,Mercedes,8.0,0 days 00:01:25.216000,MEDIUM,1.0,1,True,2024,Monza,R,85.216
RUS,Mercedes,9.0,0 days 00:01:25.115000,MEDIUM,1.0,1,True,2024,Monza,R,85.115
RUS,Mercedes,10.0,0 days 00:01:25.468000,MEDIUM,1.0,1,True,2024,Monza,R,85.468
RUS,Mercedes,13.0,0 days 00:01:24.546000,HARD,2.0,1,True,2024,Monza,R,84.546
RUS,Mercedes,14.0,0 days 00:01:24.548000,HARD,2.0,1,True,2024,Monza,R,84.548
RUS,Mercedes,15.0,0 days 00:01:24.560000,HARD,2.0,1,True,2024,Monza,R,84.56
RUS,Mercedes,16.0,0 days 00:01:24.692000,HARD,2.0,1,True,2024,Monza,R,84.692
RUS,Mercedes,17.0,0 days 00:01:24.546000,HARD,2.0,1,True,2024,Monza,R,84.546
RUS,Mercedes,18.0,0 days 00:01:24.521000,HARD,2.0,1,True,2024,Monza,R,84.521
RUS,Mercedes,19.0,0 days 00:01:24.706000,HARD,2.0,1,True,2024,Monza,R,84.706
RUS,Mercedes,20.0,0 days 00:01:25.504000,HARD,2.0,1,True,2024,Monza,R,85.504
RUS,Mercedes,21.0,0 days 00:01:24.626000,HARD,2.0,1,True,2024,Monza,R,84.626
RUS,Mercedes,22.0,0 days 00:01:24.711000,HARD,2.0,1,True,2024,Monza,R,84.711
RUS,Mercedes,23.0,0 days 00:01:24.624000,HARD,2.0,1,True,2024,Monza,R,84.624
RUS,Mercedes,24.0,0 days 00:01:24.621000,HARD,2.0,1,True,2024,Monza,R,84.621
RUS,Mercedes,25.0,0 days 00:01:25.174000,HARD,2.0,1,True,2024,Monza,R,85.174
RUS,Mercedes,26.0,0 days 00:01:23.575000,HARD,2.0,1,True,2024,Monza,R,83.575
RUS,Mercedes,27.0,0 days 00:01:23.732000,HARD,2.0,1,True,2024,Monza,R,83.732
RUS,Mercedes,28.0,0 days 00:01:23.383000,HARD,2.0,1,True,2024,Monza,R,83.383
RUS,Mercedes,29.0,0 days 00:01:23.516000,HARD,2.0,1,True,2024,Monza,R,83.516
RUS,Mercedes,30.0,0 days 00:01:23.177000,HARD,2.0,1,True,2024,Monza,R,83.177
RUS,Mercedes,31.0,0 days 00:01:25.331000,HARD,2.0,1,True,2024,Monza,R,85.331
RUS,Mercedes,32.0,0 days 00:01:23.542000,HARD,2.0,1,True,2024,Monza,R,83.542
RUS,Mercedes,35.0,0 days 00:01:22.944000,HARD,3.0,1,True,2024,Monza,R,82.944
RUS,Mercedes,36.0,0 days 00:01:23.333000,HARD,3.0,1,True,2024,Monza,R,83.333
RUS,Mercedes,37.0,0 days 00:01:23.158000,HARD,3.0,1,True,2024,Monza,R,83.158
RUS,Mercedes,38.0,0 days 00:01:25.166000,HARD,3.0,1,True,2024,Monza,R,85.166
RUS,Mercedes,39.0,0 days 00:01:23.142000,HARD,3.0,1,True,2024,Monza,R,83.142
RUS,Mercedes,40.0,0 days 00:01:22.886000,HARD,3.0,1,True,2024,Monza,R,82.886
RUS,Mercedes,41.0,0 days 00:01:24.039000,HARD,3.0,1,True,2024,Monza,R,84.039
RUS,Mercedes,42.0,0 days 00:01:22.799000,HARD,3.0,1,True,2024,Monza,R,82.799
RUS,Mercedes,43.0,0 days 00:01:22.939000,HARD,3.0,1,True,2024,Monza,R,82.939
RUS,Mercedes,44.0,0 days 00:01:22.923000,HARD,3.0,1,True,2024,Monza,R,82.923
RUS,Mercedes,45.0,0 days 00:01:22.685000,HARD,3.0,1,True,2024,Monza,R,82.685
RUS,Mercedes,46.0,0 days 00:01:22.419000,HARD,3.0,1,True,2024,Monza,R,82.419
RUS,Mercedes,47.0,0 days 00:01:22.343000,HARD,3.0,1,True,2024,Monza,R,82.343
RUS,Mercedes,48.0,0 days 00:01:22.165000,HARD,3.0,1,True,2024,Monza,R,82.165
RUS,Mercedes,49.0,0 days 00:01:22.036000,HARD,3.0,1,True,2024,Monza,R,82.036
RUS,Mercedes,50.0,0 days 00:01:22.156000,HARD,3.0,1,True,2024,Monza,R,82.156
RUS,Mercedes,51.0,0 days 00:01:22.311000,HARD,3.0,1,True,2024,Monza,R,82.311
RUS,Mercedes,52.0,0 days 00:01:22.447000,HARD,3.0,1,True,2024,Monza,R,82.447
RUS,Mercedes,53.0,0 days 00:01:22.700000,HARD,3.0,1,True,2024,Monza,R,82.7
PER,Red Bull Racing,2.0,0 days 00:01:26.411000,HARD,1.0,1,True,2024,Monza,R,86.411
PER,Red Bull Racing,3.0,0 days 00:01:25.757000,HARD,1.0,1,True,2024,Monza,R,85.757
PER,Red Bull Racing,4.0,0 days 00:01:25.805000,HARD,1.0,1,True,2024,Monza,R,85.805
PER,Red Bull Racing,5.0,0 days 00:01:25.447000,HARD,1.0,1,True,2024,Monza,R,85.447
PER,Red Bull Racing,6.0,0 days 00:01:25.105000,HARD,1.0,1,True,2024,Monza,R,85.105
PER,Red Bull Racing,7.0,0 days 00:01:25.434000,HARD,1.0,1,True,2024,Monza,R,85.434
PER,Red Bull Racing,8.0,0 days 00:01:25.186000,HARD,1.0,1,True,2024,Monza,R,85.186
PER,Red Bull Racing,9.0,0 days 00:01:24.977000,HARD,1.0,1,True,2024,Monza,R,84.977
PER,Red Bull Racing,10.0,0 days 00:01:24.841000,HARD,1.0,1,True,2024,Monza,R,84.841
PER,Red Bull Racing,11.0,0 days 00:01:24.773000,HARD,1.0,1,True,2024,Monza,R,84.773
PER,Red Bull Racing,12.0,0 days 00:01:24.654000,HARD,1.0,1,True,2024,Monza,R,84.654
PER,Red Bull Racing,13.0,0 days 00:01:25.041000,HARD,1.0,1,True,2024,Monza,R,85.041
PER,Red Bull Racing,14.0,0 days 00:01:25.229000,HARD,1.0,1,True,2024,Monza,R,85.229
PER,Red Bull Racing,15.0,0 days 00:01:25.543000,HARD,1.0,1,True,2024,Monza,R,85.543
PER,Red Bull Racing,16.0,0 days 00:01:25.434000,HARD,1.0,1,True,2024,Monza,R,85.434
PER,Red Bull Racing,17.0,0 days 00:01:25.444000,HARD,1.0,1,True,2024,Monza,R,85.444
PER,Red Bull Racing,18.0,0 days 00:01:25.448000,HARD,1.0,1,True,2024,Monza,R,85.448
PER,Red Bull Racing,19.0,0 days 00:01:25.683000,HARD,1.0,1,True,2024,Monza,R,85.683
PER,Red Bull Racing,20.0,0 days 00:01:26.111000,HARD,1.0,1,True,2024,Monza,R,86.111
PER,Red Bull Racing,21.0,0 days 00:01:25.864000,HARD,1.0,1,True,2024,Monza,R,85.864
PER,Red Bull Racing,22.0,0 days 00:01:25.709000,HARD,1.0,1,True,2024,Monza,R,85.709
PER,Red Bull Racing,25.0,0 days 00:01:24.109000,HARD,2.0,1,True,2024,Monza,R,84.109
PER,Red Bull Racing,26.0,0 days 00:01:23.975000,HARD,2.0,1,True,2024,Monza,R,83.975
PER,Red Bull Racing,27.0,0 days 00:01:23.784000,HARD,2.0,1,True,2024,Monza,R,83.784
PER,Red Bull Racing,28.0,0 days 00:01:23.598000,HARD,2.0,1,True,2024,Monza,R,83.598
PER,Red Bull Racing,29.0,0 days 00:01:23.854000,HARD,2.0,1,True,2024,Monza,R,83.854
PER,Red Bull Racing,30.0,0 days 00:01:23.474000,HARD,2.0,1,True,2024,Monza,R,83.474
PER,Red Bull Racing,31.0,0 days 00:01:25.086000,HARD,2.0,1,True,2024,Monza,R,85.086
PER,Red Bull Racing,32.0,0 days 00:01:23.825000,HARD,2.0,1,True,2024,Monza,R,83.825
PER,Red Bull Racing,33.0,0 days 00:01:23.473000,HARD,2.0,1,True,2024,Monza,R,83.473
PER,Red Bull Racing,34.0,0 days 00:01:23.611000,HARD,2.0,1,True,2024,Monza,R,83.611
PER,Red Bull Racing,37.0,0 days 00:01:23.291000,MEDIUM,3.0,1,True,2024,Monza,R,83.291
PER,Red Bull Racing,38.0,0 days 00:01:26.243000,MEDIUM,3.0,1,True,2024,Monza,R,86.243
PER,Red Bull Racing,39.0,0 days 00:01:23.707000,MEDIUM,3.0,1,True,2024,Monza,R,83.707
PER,Red Bull Racing,40.0,0 days 00:01:23.393000,MEDIUM,3.0,1,True,2024,Monza,R,83.393
PER,Red Bull Racing,41.0,0 days 00:01:23.267000,MEDIUM,3.0,1,True,2024,Monza,R,83.267
PER,Red Bull Racing,42.0,0 days 00:01:23.908000,MEDIUM,3.0,1,True,2024,Monza,R,83.908
PER,Red Bull Racing,43.0,0 days 00:01:24.537000,MEDIUM,3.0,1,True,2024,Monza,R,84.537
PER,Red Bull Racing,44.0,0 days 00:01:23.617000,MEDIUM,3.0,1,True,2024,Monza,R,83.617
PER,Red Bull Racing,45.0,0 days 00:01:23.033000,MEDIUM,3.0,1,True,2024,Monza,R,83.033
PER,Red Bull Racing,46.0,0 days 00:01:22.996000,MEDIUM,3.0,1,True,2024,Monza,R,82.996
PER,Red Bull Racing,47.0,0 days 00:01:22.971000,MEDIUM,3.0,1,True,2024,Monza,R,82.971
PER,Red Bull Racing,48.0,0 days 00:01:23.315000,MEDIUM,3.0,1,True,2024,Monza,R,83.315
PER,Red Bull Racing,49.0,0 days 00:01:23.612000,MEDIUM,3.0,1,True,2024,Monza,R,83.612
PER,Red Bull Racing,50.0,0 days 00:01:23.390000,MEDIUM,3.0,1,True,2024,Monza,R,83.39
PER,Red Bull Racing,51.0,0 days 00:01:23.415000,MEDIUM,3.0,1,True,2024,Monza,R,83.415
PER,Red Bull Racing,52.0,0 days 00:01:24.071000,MEDIUM,3.0,1,True,2024,Monza,R,84.071
PER,Red Bull Racing,53.0,0 days 00:01:24.511000,MEDIUM,3.0,1,True,2024,Monza,R,84.511
ALB,Williams,2.0,0 days 00:01:27.011000,MEDIUM,1.0,1,True,2024,Monza,R,87.011
ALB,Williams,3.0,0 days 00:01:26.282000,MEDIUM,1.0,1,True,2024,Monza,R,86.282
ALB,Williams,4.0,0 days 00:01:26.527000,MEDIUM,1.0,1,True,2024,Monza,R,86.527
ALB,Williams,5.0,0 days 00:01:26.039000,MEDIUM,1.0,1,True,2024,Monza,R,86.039
ALB,Williams,6.0,0 days 00:01:25.946000,MEDIUM,1.0,1,True,2024,Monza,R,85.946
ALB,Williams,7.0,0 days 00:01:25.990000,MEDIUM,1.0,1,True,2024,Monza,R,85.99
ALB,Williams,8.0,0 days 00:01:25.963000,MEDIUM,1.0,1,True,2024,Monza,R,85.963
ALB,Williams,9.0,0 days 00:01:25.666000,MEDIUM,1.0,1,True,2024,Monza,R,85.666
ALB,Williams,10.0,0 days 00:01:25.711000,MEDIUM,1.0,1,True,2024,Monza,R,85.711
ALB,Williams,11.0,0 days 00:01:25.734000,MEDIUM,1.0,1,True,2024,Monza,R,85.734
ALB,Williams,12.0,0 days 00:01:25.468000,MEDIUM,1.0,1,True,2024,Monza,R,85.468
ALB,Williams,13.0,0 days 00:01:25.533000,MEDIUM,1.0,1,True,2024,Monza,R,85.533
ALB,Williams,14.0,0 days 00:01:26.140000,MEDIUM,1.0,1,True,2024,Monza,R,86.14
ALB,Williams,15.0,0 days 00:01:26.463000,MEDIUM,1.0,1,True,2024,Monza,R,86.463
ALB,Williams,16.0,0 days 00:01:26.454000,MEDIUM,1.0,1,True,2024,Monza,R,86.454
ALB,Williams,19.0,0 days 00:01:25.254000,HARD,2.0,1,True,2024,Monza,R,85.254
ALB,Williams,20.0,0 days 00:01:25.074000,HARD,2.0,1,True,2024,Monza,R,85.074
ALB,Williams,21.0,0 days 00:01:24.860000,HARD,2.0,1,True,2024,Monza,R,84.86
ALB,Williams,22.0,0 days 00:01:25.053000,HARD,2.0,1,True,2024,Monza,R,85.053
ALB,Williams,23.0,0 days 00:01:25.132000,HARD,2.0,1,True,2024,Monza,R,85.132
ALB,Williams,24.0,0 days 00:01:25.196000,HARD,2.0,1,True,2024,Monza,R,85.196
ALB,Williams,25.0,0 days 00:01:24.707000,HARD,2.0,1,True,2024,Monza,R,84.707
ALB,Williams,26.0,0 days 00:01:25.065000,HARD,2.0,1,True,2024,Monza,R,85.065
ALB,Williams,27.0,0 days 00:01:24.949000,HARD,2.0,1,True,2024,Monza,R,84.949
ALB,Williams,28.0,0 days 00:01:24.793000,HARD,2.0,1,True,2024,Monza,R,84.793
ALB,Williams,29.0,0 days 00:01:24.871000,HARD,2.0,1,True,2024,Monza,R,84.871
ALB,Williams,30.0,0 days 00:01:24.754000,HARD,2.0,1,True,2024,Monza,R,84.754
ALB,Williams,31.0,0 days 00:01:25.229000,HARD,2.0,1,True,2024,Monza,R,85.229
ALB,Williams,32.0,0 days 00:01:24.412000,HARD,2.0,1,True,2024,Monza,R,84.412
ALB,Williams,33.0,0 days 00:01:26.282000,HARD,2.0,1,True,2024,Monza,R,86.282
ALB,Williams,34.0,0 days 00:01:25.570000,HARD,2.0,1,True,2024,Monza,R,85.57
ALB,Williams,35.0,0 days 00:01:24.994000,HARD,2.0,1,True,2024,Monza,R,84.994
ALB,Williams,36.0,0 days 00:01:24.748000,HARD,2.0,1,True,2024,Monza,R,84.748
ALB,Williams,37.0,0 days 00:01:25.882000,HARD,2.0,1,True,2024,Monza,R,85.882
ALB,Williams,38.0,0 days 00:01:25.214000,HARD,2.0,1,True,2024,Monza,R,85.214
ALB,Williams,39.0,0 days 00:01:24.971000,HARD,2.0,1,True,2024,Monza,R,84.971
ALB,Williams,40.0,0 days 00:01:24.552000,HARD,2.0,1,True,2024,Monza,R,84.552
ALB,Williams,41.0,0 days 00:01:24.372000,HARD,2.0,1,True,2024,Monza,R,84.372
ALB,Williams,42.0,0 days 00:01:24.874000,HARD,2.0,1,True,2024,Monza,R,84.874
ALB,Williams,43.0,0 days 00:01:24.669000,HARD,2.0,1,True,2024,Monza,R,84.669
ALB,Williams,44.0,0 days 00:01:24.678000,HARD,2.0,1,True,2024,Monza,R,84.678
ALB,Williams,45.0,0 days 00:01:24.569000,HARD,2.0,1,True,2024,Monza,R,84.569
ALB,Williams,46.0,0 days 00:01:24.554000,HARD,2.0,1,True,2024,Monza,R,84.554
ALB,Williams,47.0,0 days 00:01:24.383000,HARD,2.0,1,True,2024,Monza,R,84.383
ALB,Williams,48.0,0 days 00:01:24.149000,HARD,2.0,1,True,2024,Monza,R,84.149
ALB,Williams,49.0,0 days 00:01:24.262000,HARD,2.0,1,True,2024,Monza,R,84.262
ALB,Williams,50.0,0 days 00:01:23.956000,HARD,2.0,1,True,2024,Monza,R,83.956
ALB,Williams,51.0,0 days 00:01:23.921000,HARD,2.0,1,True,2024,Monza,R,83.921
ALB,Williams,52.0,0 days 00:01:23.955000,HARD,2.0,1,True,2024,Monza,R,83.955
ALB,Williams,53.0,0 days 00:01:23.918000,HARD,2.0,1,True,2024,Monza,R,83.918
MAG,Haas F1 Team,2.0,0 days 00:01:27.205000,MEDIUM,1.0,1,True,2024,Monza,R,87.205
MAG,Haas F1 Team,3.0,0 days 00:01:26.584000,MEDIUM,1.0,1,True,2024,Monza,R,86.584
MAG,Haas F1 Team,4.0,0 days 00:01:26.372000,MEDIUM,1.0,1,True,2024,Monza,R,86.372
MAG,Haas F1 Team,5.0,0 days 00:01:26.142000,MEDIUM,1.0,1,True,2024,Monza,R,86.142
MAG,Haas F1 Team,6.0,0 days 00:01:25.902000,MEDIUM,1.0,1,True,2024,Monza,R,85.902
MAG,Haas F1 Team,7.0,0 days 00:01:25.825000,MEDIUM,1.0,1,True,2024,Monza,R,85.825
MAG,Haas F1 Team,8.0,0 days 00:01:25.966000,MEDIUM,1.0,1,True,2024,Monza,R,85.966
MAG,Haas F1 Team,9.0,0 days 00:01:25.785000,MEDIUM,1.0,1,True,2024,Monza,R,85.785
MAG,Haas F1 Team,10.0,0 days 00:01:25.799000,MEDIUM,1.0,1,True,2024,Monza,R,85.799
MAG,Haas F1 Team,11.0,0 days 00:01:26.040000,MEDIUM,1.0,1,True,2024,Monza,R,86.04
MAG,Haas F1 Team,12.0,0 days 00:01:26.145000,MEDIUM,1.0,1,True,2024,Monza,R,86.145
MAG,Haas F1 Team,13.0,0 days 00:01:26.286000,MEDIUM,1.0,1,True,2024,Monza,R,86.286
MAG,Haas F1 Team,16.0,0 days 00:01:25.644000,HARD,2.0,1,True,2024,Monza,R,85.644
MAG,Haas F1 Team,17.0,0 days 00:01:24.769000,HARD,2.0,1,True,2024,Monza,R,84.769
MAG,Haas F1 Team,18.0,0 days 00:01:26.533000,HARD,2.0,1,True,2024,Monza,R,86.533
MAG,Haas F1 Team,19.0,0 days 00:01:25.109000,HARD,2.0,1,True,2024,Monza,R,85.109
MAG,Haas F1 Team,20.0,0 days 00:01:25.154000,HARD,2.0,1,True,2024,Monza,R,85.154
MAG,Haas F1 Team,21.0,0 days 00:01:24.793000,HARD,2.0,1,True,2024,Monza,R,84.793
MAG,Haas F1 Team,22.0,0 days 00:01:25.071000,HARD,2.0,1,True,2024,Monza,R,85.071
MAG,Haas F1 Team,23.0,0 days 00:01:25.057000,HARD,2.0,1,True,2024,Monza,R,85.057
MAG,Haas F1 Team,24.0,0 days 00:01:25.131000,HARD,2.0,1,True,2024,Monza,R,85.131
MAG,Haas F1 Team,25.0,0 days 00:01:25.504000,HARD,2.0,1,True,2024,Monza,R,85.504
MAG,Haas F1 Team,26.0,0 days 00:01:25.199000,HARD,2.0,1,True,2024,Monza,R,85.199
MAG,Haas F1 Team,27.0,0 days 00:01:24.640000,HARD,2.0,1,True,2024,Monza,R,84.64
MAG,Haas F1 Team,28.0,0 days 00:01:24.415000,HARD,2.0,1,True,2024,Monza,R,84.415
MAG,Haas F1 Team,29.0,0 days 00:01:24.799000,HARD,2.0,1,True,2024,Monza,R,84.799
MAG,Haas F1 Team,30.0,0 days 00:01:24.573000,HARD,2.0,1,True,2024,Monza,R,84.573
MAG,Haas F1 Team,31.0,0 days 00:01:24.458000,HARD,2.0,1,True,2024,Monza,R,84.458
MAG,Haas F1 Team,32.0,0 days 00:01:24.408000,HARD,2.0,1,True,2024,Monza,R,84.408
MAG,Haas F1 Team,33.0,0 days 00:01:24.853000,HARD,2.0,1,True,2024,Monza,R,84.853
MAG,Haas F1 Team,34.0,0 days 00:01:24.702000,HARD,2.0,1,True,2024,Monza,R,84.702
MAG,Haas F1 Team,35.0,0 days 00:01:24.170000,HARD,2.0,1,True,2024,Monza,R,84.17
MAG,Haas F1 Team,36.0,0 days 00:01:24.276000,HARD,2.0,1,True,2024,Monza,R,84.276
MAG,Haas F1 Team,37.0,0 days 00:01:23.950000,HARD,2.0,1,True,2024,Monza,R,83.95
MAG,Haas F1 Team,38.0,0 days 00:01:24.803000,HARD,2.0,1,True,2024,Monza,R,84.803
MAG,Haas F1 Team,39.0,0 days 00:01:24.463000,HARD,2.0,1,True,2024,Monza,R,84.463
MAG,Haas F1 Team,40.0,0 days 00:01:24.282000,HARD,2.0,1,True,2024,Monza,R,84.282
MAG,Haas F1 Team,41.0,0 days 00:01:24.625000,HARD,2.0,1,True,2024,Monza,R,84.625
MAG,Haas F1 Team,42.0,0 days 00:01:24.628000,HARD,2.0,1,True,2024,Monza,R,84.628
MAG,Haas F1 Team,43.0,0 days 00:01:24.605000,HARD,2.0,1,True,2024,Monza,R,84.605
MAG,Haas F1 Team,44.0,0 days 00:01:25.205000,HARD,2.0,1,True,2024,Monza,R,85.205
MAG,Haas F1 Team,45.0,0 days 00:01:24.272000,HARD,2.0,1,True,2024,Monza,R,84.272
MAG,Haas F1 Team,46.0,0 days 00:01:24.124000,HARD,2.0,1,True,2024,Monza,R,84.124
MAG,Haas F1 Team,47.0,0 days 00:01:23.971000,HARD,2.0,1,True,2024,Monza,R,83.971
MAG,Haas F1 Team,48.0,0 days 00:01:23.741000,HARD,2.0,1,True,2024,Monza,R,83.741
MAG,Haas F1 Team,49.0,0 days 00:01:23.708000,HARD,2.0,1,True,2024,Monza,R,83.708
MAG,Haas F1 Team,50.0,0 days 00:01:23.603000,HARD,2.0,1,True,2024,Monza,R,83.603
MAG,Haas F1 Team,51.0,0 days 00:01:23.437000,HARD,2.0,1,True,2024,Monza,R,83.437
MAG,Haas F1 Team,52.0,0 days 00:01:23.691000,HARD,2.0,1,True,2024,Monza,R,83.691
MAG,Haas F1 Team,53.0,0 days 00:01:23.715000,HARD,2.0,1,True,2024,Monza,R,83.715
ALO,Aston Martin,2.0,0 days 00:01:27.236000,MEDIUM,1.0,1,True,2024,Monza,R,87.236
ALO,Aston Martin,3.0,0 days 00:01:26.410000,MEDIUM,1.0,1,True,2024,Monza,R,86.41
ALO,Aston Martin,4.0,0 days 00:01:26.411000,MEDIUM,1.0,1,True,2024,Monza,R,86.411
ALO,Aston Martin,5.0,0 days 00:01:26.218000,MEDIUM,1.0,1,True,2024,Monza,R,86.218
ALO,Aston Martin,6.0,0 days 00:01:25.911000,MEDIUM,1.0,1,True,2024,Monza,R,85.911
ALO,Aston Martin,7.0,0 days 00:01:25.950000,MEDIUM,1.0,1,True,2024,Monza,R,85.95
ALO,Aston Martin,8.0,0 days 00:01:25.693000,MEDIUM,1.0,1,True,2024,Monza,R,85.693
ALO,Aston Martin,9.0,0 days 00:01:25.969000,MEDIUM,1.0,1,True,2024,Monza,R,85.969
ALO,Aston Martin,10.0,0 days 00:01:25.832000,MEDIUM,1.0,1,True,2024,Monza,R,85.832
ALO,Aston Martin,11.0,0 days 00:01:25.758000,MEDIUM,1.0,1,True,2024,Monza,R,85.758
ALO,Aston Martin,14.0,0 days 00:01:25.832000,HARD,2.0,1,True,2024,Monza,R,85.832
ALO,Aston Martin,15.0,0 days 00:01:24.670000,HARD,2.0,1,True,2024,Monza,R,84.67
ALO,Aston Martin,16.0,0 days 00:01:24.614000,HARD,2.0,1,True,2024,Monza,R,84.614
ALO,Aston Martin,17.0,0 days 00:01:24.574000,HARD,2.0,1,True,2024,Monza,R,84.574
ALO,Aston Martin,18.0,0 days 00:01:24.882000,HARD,2.0,1,True,2024,Monza,R,84.882
ALO,Aston Martin,19.0,0 days 00:01:25.314000,HARD,2.0,1,True,2024,Monza,R,85.314
ALO,Aston Martin,20.0,0 days 00:01:25.676000,HARD,2.0,1,True,2024,Monza,R,85.676
ALO,Aston Martin,21.0,0 days 00:01:25.297000,HARD,2.0,1,True,2024,Monza,R,85.297
ALO,Aston Martin,22.0,0 days 00:01:25.451000,HARD,2.0,1,True,2024,Monza,R,85.451
ALO,Aston Martin,23.0,0 days 00:01:25.017000,HARD,2.0,1,True,2024,Monza,R,85.017
ALO,Aston Martin,24.0,0 days 00:01:24.588000,HARD,2.0,1,True,2024,Monza,R,84.588
ALO,Aston Martin,25.0,0 days 00:01:24.504000,HARD,2.0,1,True,2024,Monza,R,84.504
ALO,Aston Martin,26.0,0 days 00:01:24.937000,HARD,2.0,1,True,2024,Monza,R,84.937
ALO,Aston Martin,27.0,0 days 00:01:24.891000,HARD,2.0,1,True,2024,Monza,R,84.891
ALO,Aston Martin,28.0,0 days 00:01:24.725000,HARD,2.0,1,True,2024,Monza,R,84.725
ALO,Aston Martin,29.0,0 days 00:01:25.011000,HARD,2.0,1,True,2024,Monza,R,85.011
ALO,Aston Martin,30.0,0 days 00:01:25.039000,HARD,2.0,1,True,2024,Monza,R,85.039
ALO,Aston Martin,31.0,0 days 00:01:25.128000,HARD,2.0,1,True,2024,Monza,R,85.128
ALO,Aston Martin,32.0,0 days 00:01:25.099000,HARD,2.0,1,True,2024,Monza,R,85.099
ALO,Aston Martin,33.0,0 days 00:01:25.289000,HARD,2.0,1,True,2024,Monza,R,85.289
ALO,Aston Martin,34.0,0 days 00:01:25.083000,HARD,2.0,1,True,2024,Monza,R,85.083
ALO,Aston Martin,37.0,0 days 00:01:23.703000,HARD,3.0,1,True,2024,Monza,R,83.703
ALO,Aston Martin,38.0,0 days 00:01:23.847000,HARD,3.0,1,True,2024,Monza,R,83.847
ALO,Aston Martin,39.0,0 days 00:01:23.770000,HARD,3.0,1,True,2024,Monza,R,83.77
ALO,Aston Martin,40.0,0 days 00:01:23.683000,HARD,3.0,1,True,2024,Monza,R,83.683
ALO,Aston Martin,41.0,0 days 00:01:23.822000,HARD,3.0,1,True,2024,Monza,R,83.822
ALO,Aston Martin,42.0,0 days 00:01:23.637000,HARD,3.0,1,True,2024,Monza,R,83.637
ALO,Aston Martin,43.0,0 days 00:01:23.681000,HARD,3.0,1,True,2024,Monza,R,83.681
ALO,Aston Martin,44.0,0 days 00:01:23.529000,HARD,3.0,1,True,2024,Monza,R,83.529
ALO,Aston Martin,45.0,0 days 00:01:23.484000,HARD,3.0,1,True,2024,Monza,R,83.484
ALO,Aston Martin,46.0,0 days 00:01:22.944000,HARD,3.0,1,True,2024,Monza,R,82.944
ALO,Aston Martin,47.0,0 days 00:01:23.221000,HARD,3.0,1,True,2024,Monza,R,83.221
ALO,Aston Martin,48.0,0 days 00:01:23.245000,HARD,3.0,1,True,2024,Monza,R,83.245
ALO,Aston Martin,49.0,0 days 00:01:23.525000,HARD,3.0,1,True,2024,Monza,R,83.525
ALO,Aston Martin,50.0,0 days 00:01:23.511000,HARD,3.0,1,True,2024,Monza,R,83.511
ALO,Aston Martin,51.0,0 days 00:01:23.468000,HARD,3.0,1,True,2024,Monza,R,83.468
ALO,Aston Martin,52.0,0 days 00:01:23.761000,HARD,3.0,1,True,2024,Monza,R,83.761
ALO,Aston Martin,53.0,0 days 00:01:23.686000,HARD,3.0,1,True,2024,Monza,R,83.686
COL,Williams,2.0,0 days 00:01:27.845000,MEDIUM,1.0,1,True,2024,Monza,R,87.845
COL,Williams,3.0,0 days 00:01:26.578000,MEDIUM,1.0,1,True,2024,Monza,R,86.578
COL,Williams,4.0,0 days 00:01:26.250000,MEDIUM,1.0,1,True,2024,Monza,R,86.25
COL,Williams,5.0,0 days 00:01:27.151000,MEDIUM,1.0,1,True,2024,Monza,R,87.151
COL,Williams,6.0,0 days 00:01:26.057000,MEDIUM,1.0,1,True,2024,Monza,R,86.057
COL,Williams,7.0,0 days 00:01:27.204000,MEDIUM,1.0,1,True,2024,Monza,R,87.204
COL,Williams,8.0,0 days 00:01:26.385000,MEDIUM,1.0,1,True,2024,Monza,R,86.385
COL,Williams,9.0,0 days 00:01:26.222000,MEDIUM,1.0,1,True,2024,Monza,R,86.222
COL,Williams,10.0,0 days 00:01:26.289000,MEDIUM,1.0,1,True,2024,Monza,R,86.289
COL,Williams,11.0,0 days 00:01:26.607000,MEDIUM,1.0,1,True,2024,Monza,R,86.607
COL,Williams,12.0,0 days 00:01:26.500000,MEDIUM,1.0,1,True,2024,Monza,R,86.5
COL,Williams,13.0,0 days 00:01:26.410000,MEDIUM,1.0,1,True,2024,Monza,R,86.41
COL,Williams,14.0,0 days 00:01:26.930000,MEDIUM,1.0,1,True,2024,Monza,R,86.93
COL,Williams,15.0,0 days 00:01:26.672000,MEDIUM,1.0,1,True,2024,Monza,R,86.672
COL,Williams,18.0,0 days 00:01:24.485000,HARD,2.0,1,True,2024,Monza,R,84.485
COL,Williams,19.0,0 days 00:01:24.928000,HARD,2.0,1,True,2024,Monza,R,84.928
COL,Williams,20.0,0 days 00:01:25.148000,HARD,2.0,1,True,2024,Monza,R,85.148
COL,Williams,21.0,0 days 00:01:24.784000,HARD,2.0,1,True,2024,Monza,R,84.784
COL,Williams,22.0,0 days 00:01:24.852000,HARD,2.0,1,True,2024,Monza,R,84.852
COL,Williams,23.0,0 days 00:01:24.649000,HARD,2.0,1,True,2024,Monza,R,84.649
COL,Williams,24.0,0 days 00:01:24.635000,HARD,2.0,1,True,2024,Monza,R,84.635
COL,Williams,25.0,0 days 00:01:24.916000,HARD,2.0,1,True,2024,Monza,R,84.916
COL,Williams,26.0,0 days 00:01:24.639000,HARD,2.0,1,True,2024,Monza,R,84.639
COL,Williams,27.0,0 days 00:01:24.497000,HARD,2.0,1,True,2024,Monza,R,84.497
COL,Williams,28.0,0 days 00:01:25.005000,HARD,2.0,1,True,2024,Monza,R,85.005
COL,Williams,29.0,0 days 00:01:25.634000,HARD,2.0,1,True,2024,Monza,R,85.634
COL,Williams,30.0,0 days 00:01:25.412000,HARD,2.0,1,True,2024,Monza,R,85.412
COL,Williams,31.0,0 days 00:01:25.586000,HARD,2.0,1,True,2024,Monza,R,85.586
COL,Williams,32.0,0 days 00:01:25.433000,HARD,2.0,1,True,2024,Monza,R,85.433
COL,Williams,33.0,0 days 00:01:24.868000,HARD,2.0,1,True,2024,Monza,R,84.868
COL,Williams,34.0,0 days 00:01:24.921000,HARD,2.0,1,True,2024,Monza,R,84.921
COL,Williams,35.0,0 days 00:01:24.798000,HARD,2.0,1,True,2024,Monza,R,84.798
COL,Williams,36.0,0 days 00:01:24.840000,HARD,2.0,1,True,2024,Monza,R,84.84
COL,Williams,37.0,0 days 00:01:25.345000,HARD,2.0,1,True,2024,Monza,R,85.345
COL,Williams,38.0,0 days 00:01:25.194000,HARD,2.0,1,True,2024,Monza,R,85.194
COL,Williams,39.0,0 days 00:01:25.128000,HARD,2.0,1,True,2024,Monza,R,85.128
COL,Williams,40.0,0 days 00:01:25.147000,HARD,2.0,1,True,2024,Monza,R,85.147
COL,Williams,41.0,0 days 00:01:24.801000,HARD,2.0,1,True,2024,Monza,R,84.801
COL,Williams,42.0,0 days 00:01:24.620000,HARD,2.0,1,True,2024,Monza,R,84.62
COL,Williams,43.0,0 days 00:01:25.979000,HARD,2.0,1,True,2024,Monza,R,85.979
COL,Williams,44.0,0 days 00:01:25.161000,HARD,2.0,1,True,2024,Monza,R,85.161
COL,Williams,45.0,0 days 00:01:24.812000,HARD,2.0,1,True,2024,Monza,R,84.812
COL,Williams,46.0,0 days 00:01:24.939000,HARD,2.0,1,True,2024,Monza,R,84.939
COL,Williams,47.0,0 days 00:01:24.697000,HARD,2.0,1,True,2024,Monza,R,84.697
COL,Williams,48.0,0 days 00:01:24.538000,HARD,2.0,1,True,2024,Monza,R,84.538
COL,Williams,49.0,0 days 00:01:24.474000,HARD,2.0,1,True,2024,Monza,R,84.474
COL,Williams,50.0,0 days 00:01:24.300000,HARD,2.0,1,True,2024,Monza,R,84.3
COL,Williams,51.0,0 days 00:01:24.186000,HARD,2.0,1,True,2024,Monza,R,84.186
COL,Williams,52.0,0 days 00:01:24.429000,HARD,2.0,1,True,2024,Monza,R,84.429
COL,Williams,53.0,0 days 00:01:23.728000,HARD,2.0,1,True,2024,Monza,R,83.728
RIC,RB,2.0,0 days 00:01:27.177000,MEDIUM,1.0,1,True,2024,Monza,R,87.177
RIC,RB,3.0,0 days 00:01:26.588000,MEDIUM,1.0,1,True,2024,Monza,R,86.588
RIC,RB,4.0,0 days 00:01:26.488000,MEDIUM,1.0,1,True,2024,Monza,R,86.488
RIC,RB,5.0,0 days 00:01:26.251000,MEDIUM,1.0,1,True,2024,Monza,R,86.251
RIC,RB,6.0,0 days 00:01:25.899000,MEDIUM,1.0,1,True,2024,Monza,R,85.899
RIC,RB,7.0,0 days 00:01:25.713000,MEDIUM,1.0,1,True,2024,Monza,R,85.713
RIC,RB,8.0,0 days 00:01:25.993000,MEDIUM,1.0,1,True,2024,Monza,R,85.993
RIC,RB,9.0,0 days 00:01:25.815000,MEDIUM,1.0,1,True,2024,Monza,R,85.815
RIC,RB,10.0,0 days 00:01:26.111000,MEDIUM,1.0,1,True,2024,Monza,R,86.111
RIC,RB,13.0,0 days 00:01:26.122000,HARD,2.0,1,True,2024,Monza,R,86.122
RIC,RB,14.0,0 days 00:01:25.827000,HARD,2.0,1,True,2024,Monza,R,85.827
RIC,RB,15.0,0 days 00:01:25.572000,HARD,2.0,1,True,2024,Monza,R,85.572
RIC,RB,16.0,0 days 00:01:25.398000,HARD,2.0,1,True,2024,Monza,R,85.398
RIC,RB,17.0,0 days 00:01:25.028000,HARD,2.0,1,True,2024,Monza,R,85.028
RIC,RB,18.0,0 days 00:01:25.062000,HARD,2.0,1,True,2024,Monza,R,85.062
RIC,RB,19.0,0 days 00:01:24.897000,HARD,2.0,1,True,2024,Monza,R,84.897
RIC,RB,20.0,0 days 00:01:24.753000,HARD,2.0,1,True,2024,Monza,R,84.753
RIC,RB,21.0,0 days 00:01:24.991000,HARD,2.0,1,True,2024,Monza,R,84.991
RIC,RB,22.0,0 days 00:01:25.080000,HARD,2.0,1,True,2024,Monza,R,85.08
RIC,RB,23.0,0 days 00:01:24.848000,HARD,2.0,1,True,2024,Monza,R,84.848
RIC,RB,24.0,0 days 00:01:24.931000,HARD,2.0,1,True,2024,Monza,R,84.931
RIC,RB,25.0,0 days 00:01:25.047000,HARD,2.0,1,True,2024,Monza,R,85.047
RIC,RB,26.0,0 days 00:01:24.906000,HARD,2.0,1,True,2024,Monza,R,84.906
RIC,RB,27.0,0 days 00:01:25.595000,HARD,2.0,1,True,2024,Monza,R,85.595
RIC,RB,28.0,0 days 00:01:25.380000,HARD,2.0,1,True,2024,Monza,R,85.38
RIC,RB,29.0,0 days 00:01:24.835000,HARD,2.0,1,True,2024,Monza,R,84.835
RIC,RB,30.0,0 days 00:01:24.970000,HARD,2.0,1,True,2024,Monza,R,84.97
RIC,RB,31.0,0 days 00:01:24.875000,HARD,2.0,1,True,2024,Monza,R,84.875
RIC,RB,32.0,0 days 00:01:24.690000,HARD,2.0,1,True,2024,Monza,R,84.69
RIC,RB,33.0,0 days 00:01:24.662000,HARD,2.0,1,True,2024,Monza,R,84.662
RIC,RB,34.0,0 days 00:01:24.777000,HARD,2.0,1,True,2024,Monza,R,84.777
RIC,RB,35.0,0 days 00:01:25.588000,HARD,2.0,1,True,2024,Monza,R,85.588
RIC,RB,36.0,0 days 00:01:25.081000,HARD,2.0,1,True,2024,Monza,R,85.081
RIC,RB,37.0,0 days 00:01:25.095000,HARD,2.0,1,True,2024,Monza,R,85.095
RIC,RB,38.0,0 days 00:01:25.288000,HARD,2.0,1,True,2024,Monza,R,85.288
RIC,RB,39.0,0 days 00:01:25.033000,HARD,2.0,1,True,2024,Monza,R,85.033
RIC,RB,40.0,0 days 00:01:25.025000,HARD,2.0,1,True,2024,Monza,R,85.025
RIC,RB,41.0,0 days 00:01:24.945000,HARD,2.0,1,True,2024,Monza,R,84.945
RIC,RB,42.0,0 days 00:01:24.954000,HARD,2.0,1,True,2024,Monza,R,84.954
RIC,RB,43.0,0 days 00:01:25.179000,HARD,2.0,1,True,2024,Monza,R,85.179
RIC,RB,44.0,0 days 00:01:24.776000,HARD,2.0,1,True,2024,Monza,R,84.776
RIC,RB,45.0,0 days 00:01:25.063000,HARD,2.0,1,True,2024,Monza,R,85.063
RIC,RB,46.0,0 days 00:01:25.685000,HARD,2.0,1,True,2024,Monza,R,85.685
RIC,RB,47.0,0 days 00:01:24.775000,HARD,2.0,1,True,2024,Monza,R,84.775
RIC,RB,48.0,0 days 00:01:24.518000,HARD,2.0,1,True,2024,Monza,R,84.518
RIC,RB,49.0,0 days 00:01:24.617000,HARD,2.0,1,True,2024,Monza,R,84.617
RIC,RB,50.0,0 days 00:01:24.817000,HARD,2.0,1,True,2024,Monza,R,84.817
RIC,RB,51.0,0 days 00:01:24.639000,HARD,2.0,1,True,2024,Monza,R,84.639
RIC,RB,52.0,0 days 00:01:24.219000,HARD,2.0,1,True,2024,Monza,R,84.219
RIC,RB,53.0,0 days 00:01:24.347000,HARD,2.0,1,True,2024,Monza,R,84.347
OCO,Alpine,2.0,0 days 00:01:26.837000,HARD,1.0,1,True,2024,Monza,R,86.837
OCO,Alpine,3.0,0 days 00:01:26.466000,HARD,1.0,1,True,2024,Monza,R,86.466
OCO,Alpine,4.0,0 days 00:01:26.297000,HARD,1.0,1,True,2024,Monza,R,86.297
OCO,Alpine,5.0,0 days 00:01:26.568000,HARD,1.0,1,True,2024,Monza,R,86.568
OCO,Alpine,6.0,0 days 00:01:25.684000,HARD,1.0,1,True,2024,Monza,R,85.684
OCO,Alpine,7.0,0 days 00:01:26.006000,HARD,1.0,1,True,2024,Monza,R,86.006
OCO,Alpine,8.0,0 days 00:01:26.053000,HARD,1.0,1,True,2024,Monza,R,86.053
OCO,Alpine,9.0,0 days 00:01:25.369000,HARD,1.0,1,True,2024,Monza,R,85.369
OCO,Alpine,10.0,0 days 00:01:26.035000,HARD,1.0,1,True,2024,Monza,R,86.035
OCO,Alpine,11.0,0 days 00:01:26.349000,HARD,1.0,1,True,2024,Monza,R,86.349
OCO,Alpine,12.0,0 days 00:01:25.954000,HARD,1.0,1,True,2024,Monza,R,85.954
OCO,Alpine,13.0,0 days 00:01:26.059000,HARD,1.0,1,True,2024,Monza,R,86.059
OCO,Alpine,14.0,0 days 00:01:26.307000,HARD,1.0,1,True,2024,Monza,R,86.307
OCO,Alpine,15.0,0 days 00:01:26.677000,HARD,1.0,1,True,2024,Monza,R,86.677
OCO,Alpine,16.0,0 days 00:01:26.694000,HARD,1.0,1,True,2024,Monza,R,86.694
OCO,Alpine,17.0,0 days 00:01:26.002000,HARD,1.0,1,True,2024,Monza,R,86.002
OCO,Alpine,18.0,0 days 00:01:26.234000,HARD,1.0,1,True,2024,Monza,R,86.234
OCO,Alpine,19.0,0 days 00:01:26.174000,HARD,1.0,1,True,2024,Monza,R,86.174
OCO,Alpine,20.0,0 days 00:01:27.326000,HARD,1.0,1,True,2024,Monza,R,87.326
OCO,Alpine,21.0,0 days 00:01:26.450000,HARD,1.0,1,True,2024,Monza,R,86.45
OCO,Alpine,22.0,0 days 00:01:26.327000,HARD,1.0,1,True,2024,Monza,R,86.327
OCO,Alpine,23.0,0 days 00:01:26.201000,HARD,1.0,1,True,2024,Monza,R,86.201
OCO,Alpine,24.0,0 days 00:01:26.770000,HARD,1.0,1,True,2024,Monza,R,86.77
OCO,Alpine,25.0,0 days 00:01:27.519000,HARD,1.0,1,True,2024,Monza,R,87.519
OCO,Alpine,26.0,0 days 00:01:26.383000,HARD,1.0,1,True,2024,Monza,R,86.383
OCO,Alpine,27.0,0 days 00:01:26.725000,HARD,1.0,1,True,2024,Monza,R,86.725
OCO,Alpine,28.0,0 days 00:01:26.013000,HARD,1.0,1,True,2024,Monza,R,86.013
OCO,Alpine,29.0,0 days 00:01:26.099000,HARD,1.0,1,True,2024,Monza,R,86.099
OCO,Alpine,30.0,0 days 00:01:26.025000,HARD,1.0,1,True,2024,Monza,R,86.025
OCO,Alpine,33.0,0 days 00:01:24.652000,MEDIUM,2.0,1,True,2024,Monza,R,84.652
OCO,Alpine,34.0,0 days 00:01:24.965000,MEDIUM,2.0,1,True,2024,Monza,R,84.965
OCO,Alpine,35.0,0 days 00:01:25.019000,MEDIUM,2.0,1,True,2024,Monza,R,85.019
OCO,Alpine,36.0,0 days 00:01:24.942000,MEDIUM,2.0,1,True,2024,Monza,R,84.942
OCO,Alpine,37.0,0 days 00:01:24.613000,MEDIUM,2.0,1,True,2024,Monza,R,84.613
OCO,Alpine,38.0,0 days 00:01:24.845000,MEDIUM,2.0,1,True,2024,Monza,R,84.845
OCO,Alpine,39.0,0 days 00:01:25.267000,MEDIUM,2.0,1,True,2024,Monza,R,85.267
OCO,Alpine,40.0,0 days 00:01:25.211000,MEDIUM,2.0,1,True,2024,Monza,R,85.211
OCO,Alpine,41.0,0 days 00:01:25.060000,MEDIUM,2.0,1,True,2024,Monza,R,85.06
OCO,Alpine,42.0,0 days 00:01:25.119000,MEDIUM,2.0,1,True,2024,Monza,R,85.119
OCO,Alpine,43.0,0 days 00:01:26.111000,MEDIUM,2.0,1,True,2024,Monza,R,86.111
OCO,Alpine,44.0,0 days 00:01:24.669000,MEDIUM,2.0,1,True,2024,Monza,R,84.669
OCO,Alpine,45.0,0 days 00:01:24.587000,MEDIUM,2.0,1,True,2024,Monza,R,84.587
OCO,Alpine,46.0,0 days 00:01:24.449000,MEDIUM,2.0,1,True,2024,Monza,R,84.449
OCO,Alpine,47.0,0 days 00:01:24.506000,MEDIUM,2.0,1,True,2024,Monza,R,84.506
OCO,Alpine,48.0,0 days 00:01:24.458000,MEDIUM,2.0,1,True,2024,Monza,R,84.458
OCO,Alpine,49.0,0 days 00:01:25.790000,MEDIUM,2.0,1,True,2024,Monza,R,85.79
OCO,Alpine,50.0,0 days 00:01:25.688000,MEDIUM,2.0,1,True,2024,Monza,R,85.688
OCO,Alpine,51.0,0 days 00:01:24.590000,MEDIUM,2.0,1,True,2024,Monza,R,84.59
OCO,Alpine,52.0,0 days 00:01:24.343000,MEDIUM,2.0,1,True,2024,Monza,R,84.343
GAS,Alpine,2.0,0 days 00:01:26.606000,MEDIUM,1.0,1,True,2024,Monza,R,86.606
GAS,Alpine,3.0,0 days 00:01:26.646000,MEDIUM,1.0,1,True,2024,Monza,R,86.646
GAS,Alpine,4.0,0 days 00:01:26.395000,MEDIUM,1.0,1,True,2024,Monza,R,86.395
GAS,Alpine,5.0,0 days 00:01:26.361000,MEDIUM,1.0,1,True,2024,Monza,R,86.361
GAS,Alpine,6.0,0 days 00:01:26.042000,MEDIUM,1.0,1,True,2024,Monza,R,86.042
GAS,Alpine,7.0,0 days 00:01:25.820000,MEDIUM,1.0,1,True,2024,Monza,R,85.82
GAS,Alpine,8.0,0 days 00:01:26.465000,MEDIUM,1.0,1,True,2024,Monza,R,86.465
GAS,Alpine,9.0,0 days 00:01:27.148000,MEDIUM,1.0,1,True,2024,Monza,R,87.148
GAS,Alpine,12.0,0 days 00:01:25.070000,HARD,2.0,1,True,2024,Monza,R,85.07
GAS,Alpine,13.0,0 days 00:01:24.816000,HARD,2.0,1,True,2024,Monza,R,84.816
GAS,Alpine,14.0,0 days 00:01:25.214000,HARD,2.0,1,True,2024,Monza,R,85.214
GAS,Alpine,15.0,0 days 00:01:25.529000,HARD,2.0,1,True,2024,Monza,R,85.529
GAS,Alpine,16.0,0 days 00:01:25.537000,HARD,2.0,1,True,2024,Monza,R,85.537
GAS,Alpine,17.0,0 days 00:01:25.165000,HARD,2.0,1,True,2024,Monza,R,85.165
GAS,Alpine,18.0,0 days 00:01:26.182000,HARD,2.0,1,True,2024,Monza,R,86.182
GAS,Alpine,19.0,0 days 00:01:25.403000,HARD,2.0,1,True,2024,Monza,R,85.403
GAS,Alpine,20.0,0 days 00:01:25.058000,HARD,2.0,1,True,2024,Monza,R,85.058
GAS,Alpine,21.0,0 days 00:01:24.878000,HARD,2.0,1,True,2024,Monza,R,84.878
GAS,Alpine,22.0,0 days 00:01:25.105000,HARD,2.0,1,True,2024,Monza,R,85.105
GAS,Alpine,23.0,0 days 00:01:26.161000,HARD,2.0,1,True,2024,Monza,R,86.161
GAS,Alpine,24.0,0 days 00:01:25.882000,HARD,2.0,1,True,2024,Monza,R,85.882
GAS,Alpine,25.0,0 days 00:01:25.988000,HARD,2.0,1,True,2024,Monza,R,85.988
GAS,Alpine,26.0,0 days 00:01:25.742000,HARD,2.0,1,True,2024,Monza,R,85.742
GAS,Alpine,27.0,0 days 00:01:27.191000,HARD,2.0,1,True,2024,Monza,R,87.191
GAS,Alpine,28.0,0 days 00:01:25.823000,HARD,2.0,1,True,2024,Monza,R,85.823
GAS,Alpine,29.0,0 days 00:01:26.079000,HARD,2.0,1,True,2024,Monza,R,86.079
GAS,Alpine,32.0,0 days 00:01:24.423000,HARD,3.0,1,True,2024,Monza,R,84.423
GAS,Alpine,33.0,0 days 00:01:24.252000,HARD,3.0,1,True,2024,Monza,R,84.252
GAS,Alpine,34.0,0 days 00:01:24.383000,HARD,3.0,1,True,2024,Monza,R,84.383
GAS,Alpine,35.0,0 days 00:01:24.822000,HARD,3.0,1,True,2024,Monza,R,84.822
GAS,Alpine,36.0,0 days 00:01:25.591000,HARD,3.0,1,True,2024,Monza,R,85.591
GAS,Alpine,37.0,0 days 00:01:24.386000,HARD,3.0,1,True,2024,Monza,R,84.386
GAS,Alpine,38.0,0 days 00:01:25.229000,HARD,3.0,1,True,2024,Monza,R,85.229
GAS,Alpine,39.0,0 days 00:01:24.591000,HARD,3.0,1,True,2024,Monza,R,84.591
GAS,Alpine,40.0,0 days 00:01:25.104000,HARD,3.0,1,True,2024,Monza,R,85.104
GAS,Alpine,41.0,0 days 00:01:25.772000,HARD,3.0,1,True,2024,Monza,R,85.772
GAS,Alpine,42.0,0 days 00:01:24.605000,HARD,3.0,1,True,2024,Monza,R,84.605
GAS,Alpine,43.0,0 days 00:01:25.142000,HARD,3.0,1,True,2024,Monza,R,85.142
GAS,Alpine,44.0,0 days 00:01:26.175000,HARD,3.0,1,True,2024,Monza,R,86.175
GAS,Alpine,45.0,0 days 00:01:25.425000,HARD,3.0,1,True,2024,Monza,R,85.425
GAS,Alpine,46.0,0 days 00:01:24.403000,HARD,3.0,1,True,2024,Monza,R,84.403
GAS,Alpine,47.0,0 days 00:01:23.923000,HARD,3.0,1,True,2024,Monza,R,83.923
GAS,Alpine,48.0,0 days 00:01:24.036000,HARD,3.0,1,True,2024,Monza,R,84.036
GAS,Alpine,49.0,0 days 00:01:23.852000,HARD,3.0,1,True,2024,Monza,R,83.852
GAS,Alpine,50.0,0 days 00:01:24.077000,HARD,3.0,1,True,2024,Monza,R,84.077
GAS,Alpine,51.0,0 days 00:01:23.755000,HARD,3.0,1,True,2024,Monza,R,83.755
GAS,Alpine,52.0,0 days 00:01:23.973000,HARD,3.0,1,True,2024,Monza,R,83.973
BOT,Kick Sauber,2.0,0 days 00:01:28.377000,HARD,1.0,1,True,2024,Monza,R,88.377
BOT,Kick Sauber,3.0,0 days 00:01:26.918000,HARD,1.0,1,True,2024,Monza,R,86.918
BOT,Kick Sauber,4.0,0 days 00:01:26.324000,HARD,1.0,1,True,2024,Monza,R,86.324
BOT,Kick Sauber,5.0,0 days 00:01:28.242000,HARD,1.0,1,True,2024,Monza,R,88.242
BOT,Kick Sauber,6.0,0 days 00:01:26.499000,HARD,1.0,1,True,2024,Monza,R,86.499
BOT,Kick Sauber,7.0,0 days 00:01:26.359000,HARD,1.0,1,True,2024,Monza,R,86.359
BOT,Kick Sauber,8.0,0 days 00:01:26.206000,HARD,1.0,1,True,2024,Monza,R,86.206
BOT,Kick Sauber,9.0,0 days 00:01:26.188000,HARD,1.0,1,True,2024,Monza,R,86.188
BOT,Kick Sauber,10.0,0 days 00:01:26.118000,HARD,1.0,1,True,2024,Monza,R,86.118
BOT,Kick Sauber,11.0,0 days 00:01:26.470000,HARD,1.0,1,True,2024,Monza,R,86.47
BOT,Kick Sauber,12.0,0 days 00:01:26.207000,HARD,1.0,1,True,2024,Monza,R,86.207
BOT,Kick Sauber,13.0,0 days 00:01:26.349000,HARD,1.0,1,True,2024,Monza,R,86.349
BOT,Kick Sauber,14.0,0 days 00:01:26.481000,HARD,1.0,1,True,2024,Monza,R,86.481
BOT,Kick Sauber,15.0,0 days 00:01:26.790000,HARD,1.0,1,True,2024,Monza,R,86.79
BOT,Kick Sauber,16.0,0 days 00:01:26.569000,HARD,1.0,1,True,2024,Monza,R,86.569
BOT,Kick Sauber,17.0,0 days 00:01:26.396000,HARD,1.0,1,True,2024,Monza,R,86.396
BOT,Kick Sauber,18.0,0 days 00:01:26.359000,HARD,1.0,1,True,2024,Monza,R,86.359
BOT,Kick Sauber,19.0,0 days 00:01:26.456000,HARD,1.0,1,True,2024,Monza,R,86.456
BOT,Kick Sauber,20.0,0 days 00:01:26.803000,HARD,1.0,1,True,2024,Monza,R,86.803
BOT,Kick Sauber,21.0,0 days 00:01:27.230000,HARD,1.0,1,True,2024,Monza,R,87.23
BOT,Kick Sauber,22.0,0 days 00:01:27.404000,HARD,1.0,1,True,2024,Monza,R,87.404
BOT,Kick Sauber,23.0,0 days 00:01:26.943000,HARD,1.0,1,True,2024,Monza,R,86.943
BOT,Kick Sauber,24.0,0 days 00:01:26.542000,HARD,1.0,1,True,2024,Monza,R,86.542
BOT,Kick Sauber,25.0,0 days 00:01:26.863000,HARD,1.0,1,True,2024,Monza,R,86.863
BOT,Kick Sauber,26.0,0 days 00:01:26.885000,HARD,1.0,1,True,2024,Monza,R,86.885
BOT,Kick Sauber,27.0,0 days 00:01:26.309000,HARD,1.0,1,True,2024,Monza,R,86.309
BOT,Kick Sauber,28.0,0 days 00:01:25.804000,HARD,1.0,1,True,2024,Monza,R,85.804
BOT,Kick Sauber,29.0,0 days 00:01:26.827000,HARD,1.0,1,True,2024,Monza,R,86.827
BOT,Kick Sauber,30.0,0 days 00:01:26.022000,HARD,1.0,1,True,2024,Monza,R,86.022
BOT,Kick Sauber,31.0,0 days 00:01:26.004000,HARD,1.0,1,True,2024,Monza,R,86.004
BOT,Kick Sauber,32.0,0 days 00:01:27.859000,HARD,1.0,1,True,2024,Monza,R,87.859
BOT,Kick Sauber,35.0,0 days 00:01:25.336000,MEDIUM,2.0,1,True,2024,Monza,R,85.336
BOT,Kick Sauber,36.0,0 days 00:01:25.114000,MEDIUM,2.0,1,True,2024,Monza,R,85.114
BOT,Kick Sauber,37.0,0 days 00:01:25.213000,MEDIUM,2.0,1,True,2024,Monza,R,85.213
BOT,Kick Sauber,38.0,0 days 00:01:26.704000,MEDIUM,2.0,1,True,2024,Monza,R,86.704
BOT,Kick Sauber,39.0,0 days 00:01:25.081000,MEDIUM,2.0,1,True,2024,Monza,R,85.081
BOT,Kick Sauber,40.0,0 days 00:01:25.160000,MEDIUM,2.0,1,True,2024,Monza,R,85.16
BOT,Kick Sauber,41.0,0 days 00:01:26.310000,MEDIUM,2.0,1,True,2024,Monza,R,86.31
BOT,Kick Sauber,42.0,0 days 00:01:26.036000,MEDIUM,2.0,1,True,2024,Monza,R,86.036
BOT,Kick Sauber,43.0,0 days 00:01:24.637000,MEDIUM,2.0,1,True,2024,Monza,R,84.637
BOT,Kick Sauber,44.0,0 days 00:01:24.792000,MEDIUM,2.0,1,True,2024,Monza,R,84.792
BOT,Kick Sauber,45.0,0 days 00:01:24.588000,MEDIUM,2.0,1,True,2024,Monza,R,84.588
BOT,Kick Sauber,46.0,0 days 00:01:24.358000,MEDIUM,2.0,1,True,2024,Monza,R,84.358
BOT,Kick Sauber,47.0,0 days 00:01:24.089000,MEDIUM,2.0,1,True,2024,Monza,R,84.089
BOT,Kick Sauber,48.0,0 days 00:01:25.126000,MEDIUM,2.0,1,True,2024,Monza,R,85.126
BOT,Kick Sauber,49.0,0 days 00:01:23.885000,MEDIUM,2.0,1,True,2024,Monza,R,83.885
BOT,Kick Sauber,50.0,0 days 00:01:24.357000,MEDIUM,2.0,1,True,2024,Monza,R,84.357
BOT,Kick Sauber,51.0,0 days 00:01:23.979000,MEDIUM,2.0,1,True,2024,Monza,R,83.979
BOT,Kick Sauber,52.0,0 days 00:01:23.609000,MEDIUM,2.0,1,True,2024,Monza,R,83.609
HUL,Haas F1 Team,2.0,0 days 00:01:27.512000,MEDIUM,1.0,1,True,2024,Monza,R,87.512
HUL,Haas F1 Team,3.0,0 days 00:01:26.434000,MEDIUM,1.0,1,True,2024,Monza,R,86.434
HUL,Haas F1 Team,4.0,0 days 00:01:26.541000,MEDIUM,1.0,1,True,2024,Monza,R,86.541
HUL,Haas F1 Team,7.0,0 days 00:01:25.882000,HARD,2.0,1,True,2024,Monza,R,85.882
HUL,Haas F1 Team,8.0,0 days 00:01:25.351000,HARD,2.0,1,True,2024,Monza,R,85.351
HUL,Haas F1 Team,9.0,0 days 00:01:25.191000,HARD,2.0,1,True,2024,Monza,R,85.191
HUL,Haas F1 Team,10.0,0 days 00:01:25.194000,HARD,2.0,1,True,2024,Monza,R,85.194
HUL,Haas F1 Team,11.0,0 days 00:01:25.322000,HARD,2.0,1,True,2024,Monza,R,85.322
HUL,Haas F1 Team,12.0,0 days 00:01:25.166000,HARD,2.0,1,True,2024,Monza,R,85.166
HUL,Haas F1 Team,13.0,0 days 00:01:24.983000,HARD,2.0,1,True,2024,Monza,R,84.983
HUL,Haas F1 Team,14.0,0 days 00:01:25.014000,HARD,2.0,1,True,2024,Monza,R,85.014
HUL,Haas F1 Team,15.0,0 days 00:01:25.862000,HARD,2.0,1,True,2024,Monza,R,85.862
HUL,Haas F1 Team,16.0,0 days 00:01:25.017000,HARD,2.0,1,True,2024,Monza,R,85.017
HUL,Haas F1 Team,17.0,0 days 00:01:26.119000,HARD,2.0,1,True,2024,Monza,R,86.119
HUL,Haas F1 Team,18.0,0 days 00:01:25.465000,HARD,2.0,1,True,2024,Monza,R,85.465
HUL,Haas F1 Team,19.0,0 days 00:01:25.326000,HARD,2.0,1,True,2024,Monza,R,85.326
HUL,Haas F1 Team,20.0,0 days 00:01:26.113000,HARD,2.0,1,True,2024,Monza,R,86.113
HUL,Haas F1 Team,21.0,0 days 00:01:25.735000,HARD,2.0,1,True,2024,Monza,R,85.735
HUL,Haas F1 Team,22.0,0 days 00:01:25.565000,HARD,2.0,1,True,2024,Monza,R,85.565
HUL,Haas F1 Team,23.0,0 days 00:01:25.632000,HARD,2.0,1,True,2024,Monza,R,85.632
HUL,Haas F1 Team,24.0,0 days 00:01:25.608000,HARD,2.0,1,True,2024,Monza,R,85.608
HUL,Haas F1 Team,25.0,0 days 00:01:25.716000,HARD,2.0,1,True,2024,Monza,R,85.716
HUL,Haas F1 Team,26.0,0 days 00:01:25.506000,HARD,2.0,1,True,2024,Monza,R,85.506
HUL,Haas F1 Team,27.0,0 days 00:01:25.674000,HARD,2.0,1,True,2024,Monza,R,85.674
HUL,Haas F1 Team,28.0,0 days 00:01:25.430000,HARD,2.0,1,True,2024,Monza,R,85.43
HUL,Haas F1 Team,29.0,0 days 00:01:25.570000,HARD,2.0,1,True,2024,Monza,R,85.57
HUL,Haas F1 Team,30.0,0 days 00:01:25.628000,HARD,2.0,1,True,2024,Monza,R,85.628
HUL,Haas F1 Team,31.0,0 days 00:01:25.142000,HARD,2.0,1,True,2024,Monza,R,85.142
HUL,Haas F1 Team,34.0,0 days 00:01:23.587000,HARD,3.0,1,True,2024,Monza,R,83.587
HUL,Haas F1 Team,35.0,0 days 00:01:23.761000,HARD,3.0,1,True,2024,Monza,R,83.761
HUL,Haas F1 Team,36.0,0 days 00:01:23.772000,HARD,3.0,1,True,2024,Monza,R,83.772
HUL,Haas F1 Team,37.0,0 days 00:01:27.809000,HARD,3.0,1,True,2024,Monza,R,87.809
HUL,Haas F1 Team,38.0,0 days 00:01:23.880000,HARD,3.0,1,True,2024,Monza,R,83.88
HUL,Haas F1 Team,39.0,0 days 00:01:24.019000,HARD,3.0,1,True,2024,Monza,R,84.019
HUL,Haas F1 Team,40.0,0 days 00:01:23.621000,HARD,3.0,1,True,2024,Monza,R,83.621
HUL,Haas F1 Team,41.0,0 days 00:01:23.449000,HARD,3.0,1,True,2024,Monza,R,83.449
HUL,Haas F1 Team,42.0,0 days 00:01:23.624000,HARD,3.0,1,True,2024,Monza,R,83.624
HUL,Haas F1 Team,43.0,0 days 00:01:23.591000,HARD,3.0,1,True,2024,Monza,R,83.591
HUL,Haas F1 Team,44.0,0 days 00:01:23.275000,HARD,3.0,1,True,2024,Monza,R,83.275
HUL,Haas F1 Team,45.0,0 days 00:01:23.807000,HARD,3.0,1,True,2024,Monza,R,83.807
HUL,Haas F1 Team,46.0,0 days 00:01:24.107000,HARD,3.0,1,True,2024,Monza,R,84.107
HUL,Haas F1 Team,47.0,0 days 00:01:26.991000,HARD,3.0,1,True,2024,Monza,R,86.991
HUL,Haas F1 Team,48.0,0 days 00:01:25.125000,HARD,3.0,1,True,2024,Monza,R,85.125
HUL,Haas F1 Team,49.0,0 days 00:01:23.404000,HARD,3.0,1,True,2024,Monza,R,83.404
HUL,Haas F1 Team,50.0,0 days 00:01:24.017000,HARD,3.0,1,True,2024,Monza,R,84.017
HUL,Haas F1 Team,51.0,0 days 00:01:24.211000,HARD,3.0,1,True,2024,Monza,R,84.211
HUL,Haas F1 Team,52.0,0 days 00:01:23.966000,HARD,3.0,1,True,2024,Monza,R,83.966
ZHO,Kick Sauber,2.0,0 days 00:01:28.721000,MEDIUM,1.0,1,True,2024,Monza,R,88.721
ZHO,Kick Sauber,3.0,0 days 00:01:26.997000,MEDIUM,1.0,1,True,2024,Monza,R,86.997
ZHO,Kick Sauber,4.0,0 days 00:01:26.226000,MEDIUM,1.0,1,True,2024,Monza,R,86.226
ZHO,Kick Sauber,5.0,0 days 00:01:29.256000,MEDIUM,1.0,1,True,2024,Monza,R,89.256
ZHO,Kick Sauber,6.0,0 days 00:01:25.942000,MEDIUM,1.0,1,True,2024,Monza,R,85.942
ZHO,Kick Sauber,7.0,0 days 00:01:26.381000,MEDIUM,1.0,1,True,2024,Monza,R,86.381
ZHO,Kick Sauber,8.0,0 days 00:01:26.411000,MEDIUM,1.0,1,True,2024,Monza,R,86.411
ZHO,Kick Sauber,9.0,0 days 00:01:26.315000,MEDIUM,1.0,1,True,2024,Monza,R,86.315
ZHO,Kick Sauber,10.0,0 days 00:01:26.128000,MEDIUM,1.0,1,True,2024,Monza,R,86.128
ZHO,Kick Sauber,11.0,0 days 00:01:26.488000,MEDIUM,1.0,1,True,2024,Monza,R,86.488
ZHO,Kick Sauber,12.0,0 days 00:01:26.348000,MEDIUM,1.0,1,True,2024,Monza,R,86.348
ZHO,Kick Sauber,13.0,0 days 00:01:26.802000,MEDIUM,1.0,1,True,2024,Monza,R,86.802
ZHO,Kick Sauber,14.0,0 days 00:01:27.092000,MEDIUM,1.0,1,True,2024,Monza,R,87.092
ZHO,Kick Sauber,17.0,0 days 00:01:25.092000,HARD,2.0,1,True,2024,Monza,R,85.092
ZHO,Kick Sauber,18.0,0 days 00:01:25.245000,HARD,2.0,1,True,2024,Monza,R,85.245
ZHO,Kick Sauber,19.0,0 days 00:01:25.777000,HARD,2.0,1,True,2024,Monza,R,85.777
ZHO,Kick Sauber,20.0,0 days 00:01:25.588000,HARD,2.0,1,True,2024,Monza,R,85.588
ZHO,Kick Sauber,21.0,0 days 00:01:25.743000,HARD,2.0,1,True,2024,Monza,R,85.743
ZHO,Kick Sauber,22.0,0 days 00:01:25.876000,HARD,2.0,1,True,2024,Monza,R,85.876
ZHO,Kick Sauber,23.0,0 days 00:01:26.061000,HARD,2.0,1,True,2024,Monza,R,86.061
ZHO,Kick Sauber,24.0,0 days 00:01:26.041000,HARD,2.0,1,True,2024,Monza,R,86.041
ZHO,Kick Sauber,25.0,0 days 00:01:25.583000,HARD,2.0,1,True,2024,Monza,R,85.583
ZHO,Kick Sauber,26.0,0 days 00:01:25.549000,HARD,2.0,1,True,2024,Monza,R,85.549
ZHO,Kick Sauber,27.0,0 days 00:01:25.603000,HARD,2.0,1,True,2024,Monza,R,85.603
ZHO,Kick Sauber,28.0,0 days 00:01:25.699000,HARD,2.0,1,True,2024,Monza,R,85.699
ZHO,Kick Sauber,29.0,0 days 00:01:25.515000,HARD,2.0,1,True,2024,Monza,R,85.515
ZHO,Kick Sauber,30.0,0 days 00:01:25.491000,HARD,2.0,1,True,2024,Monza,R,85.491
ZHO,Kick Sauber,31.0,0 days 00:01:25.478000,HARD,2.0,1,True,2024,Monza,R,85.478
ZHO,Kick Sauber,32.0,0 days 00:01:25.356000,HARD,2.0,1,True,2024,Monza,R,85.356
ZHO,Kick Sauber,33.0,0 days 00:01:25.451000,HARD,2.0,1,True,2024,Monza,R,85.451
ZHO,Kick Sauber,34.0,0 days 00:01:25.487000,HARD,2.0,1,True,2024,Monza,R,85.487
ZHO,Kick Sauber,35.0,0 days 00:01:25.520000,HARD,2.0,1,True,2024,Monza,R,85.52
ZHO,Kick Sauber,36.0,0 days 00:01:26.606000,HARD,2.0,1,True,2024,Monza,R,86.606
ZHO,Kick Sauber,37.0,0 days 00:01:25.205000,HARD,2.0,1,True,2024,Monza,R,85.205
ZHO,Kick Sauber,38.0,0 days 00:01:26.652000,HARD,2.0,1,True,2024,Monza,R,86.652
ZHO,Kick Sauber,39.0,0 days 00:01:25.584000,HARD,2.0,1,True,2024,Monza,R,85.584
ZHO,Kick Sauber,40.0,0 days 00:01:25.820000,HARD,2.0,1,True,2024,Monza,R,85.82
ZHO,Kick Sauber,41.0,0 days 00:01:26.437000,HARD,2.0,1,True,2024,Monza,R,86.437
ZHO,Kick Sauber,42.0,0 days 00:01:27.640000,HARD,2.0,1,True,2024,Monza,R,87.64
ZHO,Kick Sauber,43.0,0 days 00:01:26.916000,HARD,2.0,1,True,2024,Monza,R,86.916
ZHO,Kick Sauber,44.0,0 days 00:01:26.918000,HARD,2.0,1,True,2024,Monza,R,86.918
ZHO,Kick Sauber,45.0,0 days 00:01:25.632000,HARD,2.0,1,True,2024,Monza,R,85.632
ZHO,Kick Sauber,46.0,0 days 00:01:25.857000,HARD,2.0,1,True,2024,Monza,R,85.857
ZHO,Kick Sauber,47.0,0 days 00:01:27.442000,HARD,2.0,1,True,2024,Monza,R,87.442
ZHO,Kick Sauber,48.0,0 days 00:01:25.840000,HARD,2.0,1,True,2024,Monza,R,85.84
ZHO,Kick Sauber,49.0,0 days 00:01:26.298000,HARD,2.0,1,True,2024,Monza,R,86.298
ZHO,Kick Sauber,50.0,0 days 00:01:25.539000,HARD,2.0,1,True,2024,Monza,R,85.539
ZHO,Kick Sauber,51.0,0 days 00:01:25.946000,HARD,2.0,1,True,2024,Monza,R,85.946
ZHO,Kick Sauber,52.0,0 days 00:01:27.280000,HARD,2.0,1,True,2024,Monza,R,87.28
STR,Aston Martin,2.0,0 days 00:01:28.342000,HARD,1.0,1,True,2024,Monza,R,88.342
STR,Aston Martin,3.0,0 days 00:01:26.734000,HARD,1.0,1,True,2024,Monza,R,86.734
STR,Aston Martin,4.0,0 days 00:01:26.253000,HARD,1.0,1,True,2024,Monza,R,86.253
STR,Aston Martin,5.0,0 days 00:01:27.234000,HARD,1.0,1,True,2024,Monza,R,87.234
STR,Aston Martin,6.0,0 days 00:01:25.558000,HARD,1.0,1,True,2024,Monza,R,85.558
STR,Aston Martin,7.0,0 days 00:01:26.208000,HARD,1.0,1,True,2024,Monza,R,86.208
STR,Aston Martin,8.0,0 days 00:01:25.799000,HARD,1.0,1,True,2024,Monza,R,85.799
STR,Aston Martin,9.0,0 days 00:01:26.024000,HARD,1.0,1,True,2024,Monza,R,86.024
STR,Aston Martin,10.0,0 days 00:01:26.182000,HARD,1.0,1,True,2024,Monza,R,86.182
STR,Aston Martin,11.0,0 days 00:01:25.675000,HARD,1.0,1,True,2024,Monza,R,85.675
STR,Aston Martin,12.0,0 days 00:01:25.947000,HARD,1.0,1,True,2024,Monza,R,85.947
STR,Aston Martin,13.0,0 days 00:01:26.143000,HARD,1.0,1,True,2024,Monza,R,86.143
STR,Aston Martin,14.0,0 days 00:01:25.895000,HARD,1.0,1,True,2024,Monza,R,85.895
STR,Aston Martin,15.0,0 days 00:01:26.986000,HARD,1.0,1,True,2024,Monza,R,86.986
STR,Aston Martin,16.0,0 days 00:01:26.593000,HARD,1.0,1,True,2024,Monza,R,86.593
STR,Aston Martin,17.0,0 days 00:01:26.584000,HARD,1.0,1,True,2024,Monza,R,86.584
STR,Aston Martin,18.0,0 days 00:01:27.524000,HARD,1.0,1,True,2024,Monza,R,87.524
STR,Aston Martin,21.0,0 days 00:01:24.721000,HARD,2.0,1,True,2024,Monza,R,84.721
STR,Aston Martin,22.0,0 days 00:01:24.721000,HARD,2.0,1,True,2024,Monza,R,84.721
STR,Aston Martin,23.0,0 days 00:01:24.659000,HARD,2.0,1,True,2024,Monza,R,84.659
STR,Aston Martin,24.0,0 days 00:01:24.768000,HARD,2.0,1,True,2024,Monza,R,84.768
STR,Aston Martin,25.0,0 days 00:01:24.743000,HARD,2.0,1,True,2024,Monza,R,84.743
STR,Aston Martin,26.0,0 days 00:01:24.491000,HARD,2.0,1,True,2024,Monza,R,84.491
STR,Aston Martin,27.0,0 days 00:01:24.437000,HARD,2.0,1,True,2024,Monza,R,84.437
STR,Aston Martin,28.0,0 days 00:01:24.618000,HARD,2.0,1,True,2024,Monza,R,84.618
STR,Aston Martin,29.0,0 days 00:01:25.397000,HARD,2.0,1,True,2024,Monza,R,85.397
STR,Aston Martin,30.0,0 days 00:01:26.377000,HARD,2.0,1,True,2024,Monza,R,86.377
STR,Aston Martin,31.0,0 days 00:01:24.749000,HARD,2.0,1,True,2024,Monza,R,84.749
STR,Aston Martin,32.0,0 days 00:01:25.576000,HARD,2.0,1,True,2024,Monza,R,85.576
STR,Aston Martin,33.0,0 days 00:01:24.947000,HARD,2.0,1,True,2024,Monza,R,84.947
STR,Aston Martin,34.0,0 days 00:01:24.856000,HARD,2.0,1,True,2024,Monza,R,84.856
STR,Aston Martin,35.0,0 days 00:01:24.863000,HARD,2.0,1,True,2024,Monza,R,84.863
STR,Aston Martin,38.0,0 days 00:01:23.617000,MEDIUM,3.0,1,True,2024,Monza,R,83.617
STR,Aston Martin,39.0,0 days 00:01:24.430000,MEDIUM,3.0,1,True,2024,Monza,R,84.43
STR,Aston Martin,40.0,0 days 00:01:25.777000,MEDIUM,3.0,1,True,2024,Monza,R,85.777
STR,Aston Martin,41.0,0 days 00:01:23.702000,MEDIUM,3.0,1,True,2024,Monza,R,83.702
STR,Aston Martin,42.0,0 days 00:01:23.823000,MEDIUM,3.0,1,True,2024,Monza,R,83.823
STR,Aston Martin,43.0,0 days 00:01:23.810000,MEDIUM,3.0,1,True,2024,Monza,R,83.81
STR,Aston Martin,44.0,0 days 00:01:23.654000,MEDIUM,3.0,1,True,2024,Monza,R,83.654
STR,Aston Martin,45.0,0 days 00:01:23.427000,MEDIUM,3.0,1,True,2024,Monza,R,83.427
STR,Aston Martin,46.0,0 days 00:01:23.906000,MEDIUM,3.0,1,True,2024,Monza,R,83.906
STR,Aston Martin,47.0,0 days 00:01:24.014000,MEDIUM,3.0,1,True,2024,Monza,R,84.014
STR,Aston Martin,48.0,0 days 00:01:26.104000,MEDIUM,3.0,1,True,2024,Monza,R,86.104
STR,Aston Martin,49.0,0 days 00:01:25.064000,MEDIUM,3.0,1,True,2024,Monza,R,85.064
STR,Aston Martin,52.0,0 days 00:01:22.232000,SOFT,4.0,1,True,2024,Monza,R,82.232
TSU,RB,2.0,0 days 00:01:27.538000,HARD,1.0,1,True,2024,Monza,R,87.538
TSU,RB,3.0,0 days 00:01:26.665000,HARD,1.0,1,True,2024,Monza,R,86.665
TSU,RB,4.0,0 days 00:01:26.198000,HARD,1.0,1,True,2024,Monza,R,86.198
TSU,RB,5.0,0 days 00:01:32.241000,HARD,1.0,1,True,2024,Monza,R,92.241
TSU,RB,6.0,0 days 00:01:28.473000,HARD,1.0,1,True,2024,Monza,R,88.473
LEC,Ferrari,2.0,0 days 00:01:12.839000,SOFT,1.0,1,True,2024,Monaco,Q,72.839
LEC,Ferrari,3.0,0 days 00:01:37.033000,SOFT,1.0,1,True,2024,Monaco,Q,97.033
LEC,Ferrari,4.0,0 days 00:01:12.452000,SOFT,1.0,1,True,2024,Monaco,Q,72.452
LEC,Ferrari,7.0,0 days 00:01:11.653000,SOFT,2.0,12,True,2024,Monaco,Q,71.653
LEC,Ferrari,8.0,0 days 00:01:39.792000,SOFT,2.0,1,True,2024,Monaco,Q,99.792
LEC,Ferrari,9.0,0 days 00:01:11.584000,SOFT,2.0,1,True,2024,Monaco,Q,71.584
LEC,Ferrari,12.0,0 days 00:01:11.356000,SOFT,3.0,1,True,2024,Monaco,Q,71.356
LEC,Ferrari,13.0,0 days 00:01:35.734000,SOFT,3.0,1,True,2024,Monaco,Q,95.734
LEC,Ferrari,14.0,0 days 00:01:11.289000,SOFT,3.0,1,True,2024,Monaco,Q,71.289
LEC,Ferrari,17.0,0 days 00:01:10.825000,SOFT,4.0,1,True,2024,Monaco,Q,70.825
LEC,Ferrari,18.0,0 days 00:01:30.654000,SOFT,4.0,1,True,2024,Monaco,Q,90.654
LEC,Ferrari,19.0,0 days 00:01:11.074000,SOFT,4.0,1,True,2024,Monaco,Q,71.074
LEC,Ferrari,22.0,0 days 00:01:10.418000,SOFT,5.0,1,True,2024,Monaco,Q,70.418
LEC,Ferrari,25.0,0 days 00:01:10.270000,SOFT,6.0,1,True,2024,Monaco,Q,70.27
PIA,McLaren,2.0,0 days 00:01:23.932000,SOFT,1.0,1,True,2024,Monaco,Q,83.932
PIA,McLaren,3.0,0 days 00:01:12.644000,SOFT,1.0,1,True,2024,Monaco,Q,72.644
PIA,McLaren,4.0,0 days 00:01:54.216000,SOFT,1.0,1,True,2024,Monaco,Q,114.216
PIA,McLaren,5.0,0 days 00:01:11.881000,SOFT,1.0,1,True,2024,Monaco,Q,71.881
PIA,McLaren,6.0,0 days 00:01:34.691000,SOFT,1.0,1,True,2024,Monaco,Q,94.691
PIA,McLaren,9.0,0 days 00:01:12.099000,SOFT,2.0,1,True,2024,Monaco,Q,72.099
PIA,McLaren,10.0,0 days 00:01:39.475000,SOFT,2.0,1,True,2024,Monaco,Q,99.475
PIA,McLaren,11.0,0 days 00:01:11.500000,SOFT,2.0,1,True,2024,Monaco,Q,71.5
PIA,McLaren,14.0,0 days 00:01:11.373000,SOFT,3.0,1,True,2024,Monaco,Q,71.373
PIA,McLaren,17.0,0 days 00:01:10.756000,SOFT,4.0,1,True,2024,Monaco,Q,70.756
PIA,McLaren,20.0,0 days 00:01:10.444000,SOFT,5.0,1,True,2024,Monaco,Q,70.444
PIA,McLaren,23.0,0 days 00:01:10.424000,SOFT,6.0,1,True,2024,Monaco,Q,70.424
SAI,Ferrari,2.0,0 days 00:01:20.355000,SOFT,1.0,1,True,2024,Monaco,Q,80.355
SAI,Ferrari,3.0,0 days 00:01:12.291000,SOFT,1.0,1,True,2024,Monaco,Q,72.291
SAI,Ferrari,4.0,0 days 00:01:39.649000,SOFT,1.0,1,True,2024,Monaco,Q,99.649
SAI,Ferrari,5.0,0 days 00:01:44.831000,SOFT,1.0,1,True,2024,Monaco,Q,104.831
SAI,Ferrari,6.0,0 days 00:01:11.942000,SOFT,1.0,1,True,2024,Monaco,Q,71.942
SAI,Ferrari,9.0,0 days 00:01:29.794000,SOFT,2.0,1,True,2024,Monaco,Q,89.794
SAI,Ferrari,10.0,0 days 00:01:11.543000,SOFT,2.0,1,True,2024,Monaco,Q,71.543
SAI,Ferrari,13.0,0 days 00:01:11.177000,SOFT,3.0,1,True,2024,Monaco,Q,71.177
SAI,Ferrari,16.0,0 days 00:01:11.075000,SOFT,4.0,1,True,2024,Monaco,Q,71.075
SAI,Ferrari,17.0,0 days 00:01:43.878000,SOFT,4.0,1,True,2024,Monaco,Q,103.878
SAI,Ferrari,18.0,0 days 00:01:48.156000,SOFT,4.0,1,True,2024,Monaco,Q,108.156
SAI,Ferrari,19.0,0 days 00:01:11.180000,SOFT,4.0,1,True,2024,Monaco,Q,71.18
SAI,Ferrari,22.0,0 days 00:01:21.953000,SOFT,5.0,1,True,2024,Monaco,Q,81.953
SAI,Ferrari,23.0,0 days 00:01:10.673000,SOFT,5.0,1,True,2024,Monaco,Q,70.673
SAI,Ferrari,26.0,0 days 00:01:23.069000,SOFT,6.0,1,True,2024,Monaco,Q,83.069
SAI,Ferrari,27.0,0 days 00:01:10.518000,SOFT,6.0,1,True,2024,Monaco,Q,70.518
NOR,McLaren,2.0,0 days 00:01:14.086000,SOFT,1.0,1,True,2024,Monaco,Q,74.086
NOR,McLaren,3.0,0 days 00:01:39.177000,SOFT,1.0,1,True,2024,Monaco,Q,99.177
NOR,McLaren,4.0,0 days 00:01:12.609000,SOFT,1.0,1,True,2024,Monaco,Q,72.609
NOR,McLaren,5.0,0 days 00:01:39.713000,SOFT,1.0,1,True,2024,Monaco,Q,99.713
NOR,McLaren,6.0,0 days 00:01:12.379000,SOFT,1.0,1,True,2024,Monaco,Q,72.379
NOR,McLaren,7.0,0 days 00:01:42.833000,SOFT,1.0,1,True,2024,Monaco,Q,102.833
NOR,McLaren,12.0,0 days 00:01:11.760000,SOFT,3.0,1,True,2024,Monaco,Q,71.76
NOR,McLaren,15.0,0 days 00:01:11.372000,SOFT,4.0,1,True,2024,Monaco,Q,71.372
NOR,McLaren,16.0,0 days 00:01:34.840000,SOFT,4.0,1,True,2024,Monaco,Q,94.84
NOR,McLaren,17.0,0 days 00:01:11.429000,SOFT,4.0,1,True,2024,Monaco,Q,71.429
NOR,McLaren,20.0,0 days 00:01:10.732000,SOFT,5.0,1,True,2024,Monaco,Q,70.732
NOR,McLaren,23.0,0 days 00:01:10.940000,SOFT,6.0,1,True,2024,Monaco,Q,70.94
NOR,McLaren,26.0,0 days 00:01:10.542000,SOFT,7.0,1,True,2024,Monaco,Q,70.542
RUS,Mercedes,2.0,0 days 00:01:24.444000,SOFT,1.0,1,True,2024,Monaco,Q,84.444
RUS,Mercedes,3.0,0 days 00:01:13.238000,SOFT,1.0,1,True,2024,Monaco,Q,73.238
RUS,Mercedes,4.0,0 days 00:01:37.479000,SOFT,1.0,1,True,2024,Monaco,Q,97.479
RUS,Mercedes,5.0,0 days 00:01:12.267000,SOFT,1.0,1,True,2024,Monaco,Q,72.267
RUS,Mercedes,6.0,0 days 00:01:52.435000,SOFT,1.0,1,True,2024,Monaco,Q,112.435
RUS,Mercedes,7.0,0 days 00:01:11.939000,SOFT,1.0,1,True,2024,Monaco,Q,71.939
RUS,Mercedes,10.0,0 days 00:01:11.492000,SOFT,2.0,12,True,2024,Monaco,Q,71.492
RUS,Mercedes,11.0,0 days 00:01:58.803000,SOFT,2.0,1,True,2024,Monaco,Q,118.803
RUS,Mercedes,14.0,0 days 00:01:33.724000,SOFT,3.0,1,True,2024,Monaco,Q,93.724
RUS,Mercedes,15.0,0 days 00:01:11.517000,SOFT,3.0,1,True,2024,Monaco,Q,71.517
RUS,Mercedes,18.0,0 days 00:01:10.929000,SOFT,4.0,1,True,2024,Monaco,Q,70.929
RUS,Mercedes,23.0,0 days 00:01:25.441000,SOFT,6.0,1,True,2024,Monaco,Q,85.441
RUS,Mercedes,24.0,0 days 00:01:10.918000,SOFT,6.0,1,True,2024,Monaco,Q,70.918
RUS,Mercedes,27.0,0 days 00:01:10.543000,SOFT,7.0,1,True,2024,Monaco,Q,70.543
VER,Red Bull Racing,2.0,0 days 00:01:12.790000,SOFT,1.0,1,True,2024,Monaco,Q,72.79
VER,Red Bull Racing,3.0,0 days 00:01:51.646000,SOFT,1.0,1,True,2024,Monaco,Q,111.646
VER,Red Bull Racing,4.0,0 days 00:01:12.084000,SOFT,1.0,1,True,2024,Monaco,Q,72.084
VER,Red Bull Racing,5.0,0 days 00:01:41.545000,SOFT,1.0,1,True,2024,Monaco,Q,101.545
VER,Red Bull Racing,6.0,0 days 00:01:11.970000,SOFT,1.0,1,True,2024,Monaco,Q,71.97
VER,Red Bull Racing,7.0,0 days 00:01:39.003000,SOFT,1.0,1,True,2024,Monaco,Q,99.003
VER,Red Bull Racing,8.0,0 days 00:01:43.103000,SOFT,1.0,12,True,2024,Monaco,Q,103.103
VER,Red Bull Racing,9.0,0 days 00:01:11.711000,SOFT,1.0,1,True,2024,Monaco,Q,71.711
VER,Red Bull Racing,10.0,0 days 00:01:42.177000,SOFT,1.0,1,True,2024,Monaco,Q,102.177
VER,Red Bull Racing,11.0,0 days 00:01:11.923000,SOFT,1.0,1,True,2024,Monaco,Q,71.923
VER,Red Bull Racing,14.0,0 days 00:01:11.196000,SOFT,2.0,1,True,2024,Monaco,Q,71.196
VER,Red Bull Racing,15.0,0 days 00:01:34.879000,SOFT,2.0,1,True,2024,Monaco,Q,94.879
VER,Red Bull Racing,16.0,0 days 00:01:11.019000,SOFT,2.0,1,True,2024,Monaco,Q,71.019
VER,Red Bull Racing,19.0,0 days 00:01:26.950000,SOFT,3.0,1,True,2024,Monaco,Q,86.95
VER,Red Bull Racing,20.0,0 days 00:01:10.745000,SOFT,3.0,1,True,2024,Monaco,Q,70.745
VER,Red Bull Racing,23.0,0 days 00:01:30.709000,SOFT,4.0,1,True,2024,Monaco,Q,90.709
VER,Red Bull Racing,24.0,0 days 00:01:10.567000,SOFT,4.0,1,True,2024,Monaco,Q,70.567
VER,Red Bull Racing,27.0,0 days 00:01:31.412000,SOFT,5.0,1,True,2024,Monaco,Q,91.412
HAM,Mercedes,2.0,0 days 00:01:19.550000,SOFT,1.0,1,True,2024,Monaco,Q,79.55
HAM,Mercedes,3.0,0 days 00:01:12.954000,SOFT,1.0,1,True,2024,Monaco,Q,72.954
HAM,Mercedes,4.0,0 days 00:01:57.786000,SOFT,1.0,1,True,2024,Monaco,Q,117.786
HAM,Mercedes,5.0,0 days 00:01:12.461000,SOFT,1.0,1,True,2024,Monaco,Q,72.461
HAM,Mercedes,6.0,0 days 00:01:46.762000,SOFT,1.0,1,True,2024,Monaco,Q,106.762
HAM,Mercedes,7.0,0 days 00:01:36.743000,SOFT,1.0,1,True,2024,Monaco,Q,96.743
HAM,Mercedes,8.0,0 days 00:01:11.916000,SOFT,1.0,1,True,2024,Monaco,Q,71.916
HAM,Mercedes,11.0,0 days 00:01:11.528000,SOFT,2.0,1,True,2024,Monaco,Q,71.528
HAM,Mercedes,14.0,0 days 00:01:18.124000,SOFT,3.0,1,True,2024,Monaco,Q,78.124
HAM,Mercedes,15.0,0 days 00:01:11.502000,SOFT,3.0,1,True,2024,Monaco,Q,71.502
HAM,Mercedes,18.0,0 days 00:01:11.110000,SOFT,4.0,1,True,2024,Monaco,Q,71.11
HAM,Mercedes,21.0,0 days 00:01:11.056000,SOFT,5.0,1,True,2024,Monaco,Q,71.056
HAM,Mercedes,24.0,0 days 00:01:10.975000,SOFT,6.0,1,True,2024,Monaco,Q,70.975
HAM,Mercedes,27.0,0 days 00:01:10.621000,SOFT,7.0,1,True,2024,Monaco,Q,70.621
TSU,RB,2.0,0 days 00:01:13.087000,SOFT,1.0,1,True,2024,Monaco,Q,73.087
TSU,RB,3.0,0 days 00:01:37.231000,SOFT,1.0,1,True,2024,Monaco,Q,97.231
TSU,RB,4.0,0 days 00:01:12.752000,SOFT,1.0,1,True,2024,Monaco,Q,72.752
TSU,RB,7.0,0 days 00:01:11.852000,SOFT,2.0,1,True,2024,Monaco,Q,71.852
TSU,RB,8.0,0 days 00:01:47.786000,SOFT,2.0,1,True,2024,Monaco,Q,107.786
TSU,RB,9.0,0 days 00:01:12.213000,SOFT,2.0,1,True,2024,Monaco,Q,72.213
TSU,RB,12.0,0 days 00:01:11.257000,SOFT,3.0,1,True,2024,Monaco,Q,71.257
TSU,RB,13.0,0 days 00:01:38.297000,SOFT,3.0,1,True,2024,Monaco,Q,98.297
TSU,RB,14.0,0 days 00:01:34.768000,SOFT,3.0,1,True,2024,Monaco,Q,94.768
TSU,RB,15.0,0 days 00:01:11.683000,SOFT,3.0,1,True,2024,Monaco,Q,71.683
TSU,RB,18.0,0 days 00:01:11.106000,SOFT,4.0,1,True,2024,Monaco,Q,71.106
TSU,RB,21.0,0 days 00:01:11.605000,SOFT,5.0,1,True,2024,Monaco,Q,71.605
TSU,RB,24.0,0 days 00:01:10.858000,SOFT,6.0,1,True,2024,Monaco,Q,70.858
ALB,Williams,2.0,0 days 00:01:27.135000,SOFT,1.0,1,True,2024,Monaco,Q,87.135
ALB,Williams,3.0,0 days 00:01:13.328000,SOFT,1.0,1,True,2024,Monaco,Q,73.328
ALB,Williams,4.0,0 days 00:01:55.799000,SOFT,1.0,1,True,2024,Monaco,Q,115.799
ALB,Williams,5.0,0 days 00:01:12.702000,SOFT,1.0,1,True,2024,Monaco,Q,72.702
ALB,Williams,6.0,0 days 00:01:39.155000,SOFT,1.0,1,True,2024,Monaco,Q,99.155
ALB,Williams,7.0,0 days 00:01:12.478000,SOFT,1.0,1,True,2024,Monaco,Q,72.478
ALB,Williams,10.0,0 days 00:01:11.753000,SOFT,2.0,1,True,2024,Monaco,Q,71.753
ALB,Williams,11.0,0 days 00:01:42.380000,SOFT,2.0,1,True,2024,Monaco,Q,102.38
ALB,Williams,12.0,0 days 00:01:11.623000,SOFT,2.0,1,True,2024,Monaco,Q,71.623
ALB,Williams,15.0,0 days 00:01:24.760000,SOFT,3.0,1,True,2024,Monaco,Q,84.76
ALB,Williams,16.0,0 days 00:01:11.660000,SOFT,3.0,1,True,2024,Monaco,Q,71.66
ALB,Williams,17.0,0 days 00:01:38.414000,SOFT,3.0,1,True,2024,Monaco,Q,98.414
ALB,Williams,18.0,0 days 00:01:11.607000,SOFT,3.0,1,True,2024,Monaco,Q,71.607
ALB,Williams,21.0,0 days 00:01:11.216000,SOFT,4.0,1,True,2024,Monaco,Q,71.216
ALB,Williams,22.0,0 days 00:01:36.792000,SOFT,4.0,1,True,2024,Monaco,Q,96.792
ALB,Williams,25.0,0 days 00:01:11.805000,SOFT,5.0,1,True,2024,Monaco,Q,71.805
ALB,Williams,28.0,0 days 00:01:10.948000,SOFT,6.0,1,True,2024,Monaco,Q,70.948
GAS,Alpine,2.0,0 days 00:01:14.032000,SOFT,1.0,1,True,2024,Monaco,Q,74.032
GAS,Alpine,3.0,0 days 00:01:35.022000,SOFT,1.0,1,True,2024,Monaco,Q,95.022
GAS,Alpine,4.0,0 days 00:01:12.736000,SOFT,1.0,1,True,2024,Monaco,Q,72.736
GAS,Alpine,5.0,0 days 00:01:40.965000,SOFT,1.0,1,True,2024,Monaco,Q,100.965
GAS,Alpine,6.0,0 days 00:01:12.113000,SOFT,1.0,1,True,2024,Monaco,Q,72.113
GAS,Alpine,9.0,0 days 00:01:14.708000,SOFT,2.0,1,True,2024,Monaco,Q,74.708
GAS,Alpine,10.0,0 days 00:01:44.860000,SOFT,2.0,1,True,2024,Monaco,Q,104.86
GAS,Alpine,11.0,0 days 00:01:11.714000,SOFT,2.0,1,True,2024,Monaco,Q,71.714
GAS,Alpine,14.0,0 days 00:01:12.495000,SOFT,3.0,1,True,2024,Monaco,Q,72.495
GAS,Alpine,15.0,0 days 00:01:37.686000,SOFT,3.0,1,True,2024,Monaco,Q,97.686
GAS,Alpine,16.0,0 days 00:01:31.616000,SOFT,3.0,1,True,2024,Monaco,Q,91.616
GAS,Alpine,17.0,0 days 00:01:11.334000,SOFT,3.0,1,True,2024,Monaco,Q,71.334
GAS,Alpine,20.0,0 days 00:01:31.053000,SOFT,4.0,1,True,2024,Monaco,Q,91.053
GAS,Alpine,21.0,0 days 00:01:10.896000,SOFT,4.0,1,True,2024,Monaco,Q,70.896
GAS,Alpine,24.0,0 days 00:01:26.312000,SOFT,5.0,1,True,2024,Monaco,Q,86.312
GAS,Alpine,25.0,0 days 00:01:11.311000,SOFT,5.0,1,True,2024,Monaco,Q,71.311
GAS,Alpine,28.0,0 days 00:01:28.741000,SOFT,6.0,1,True,2024,Monaco,Q,88.741
GAS,Alpine,29.0,0 days 00:01:11.505000,SOFT,6.0,1,True,2024,Monaco,Q,71.505
OCO,Alpine,2.0,0 days 00:01:13.659000,SOFT,1.0,1,True,2024,Monaco,Q,73.659
OCO,Alpine,3.0,0 days 00:01:38.069000,SOFT,1.0,1,True,2024,Monaco,Q,98.069
OCO,Alpine,4.0,0 days 00:01:12.506000,SOFT,1.0,1,True,2024,Monaco,Q,72.506
OCO,Alpine,5.0,0 days 00:01:33.805000,SOFT,1.0,1,True,2024,Monaco,Q,93.805
OCO,Alpine,6.0,0 days 00:01:12.230000,SOFT,1.0,1,True,2024,Monaco,Q,72.23
OCO,Alpine,9.0,0 days 00:01:11.906000,SOFT,2.0,1,True,2024,Monaco,Q,71.906
OCO,Alpine,10.0,0 days 00:01:48.306000,SOFT,2.0,1,True,2024,Monaco,Q,108.306
OCO,Alpine,11.0,0 days 00:01:11.887000,SOFT,2.0,1,True,2024,Monaco,Q,71.887
OCO,Alpine,14.0,0 days 00:01:23.529000,SOFT,3.0,1,True,2024,Monaco,Q,83.529
OCO,Alpine,15.0,0 days 00:01:11.285000,SOFT,3.0,1,True,2024,Monaco,Q,71.285
OCO,Alpine,16.0,0 days 00:01:35.420000,SOFT,3.0,1,True,2024,Monaco,Q,95.42
OCO,Alpine,19.0,0 days 00:01:27.094000,SOFT,4.0,1,True,2024,Monaco,Q,87.094
RIC,RB,2.0,0 days 00:01:14.337000,SOFT,1.0,1,True,2024,Monaco,Q,74.337
RIC,RB,3.0,0 days 00:01:46.670000,SOFT,1.0,1,True,2024,Monaco,Q,106.67
RIC,RB,4.0,0 days 00:01:37.553000,SOFT,1.0,1,True,2024,Monaco,Q,97.553
RIC,RB,5.0,0 days 00:01:12.766000,SOFT,1.0,1,True,2024,Monaco,Q,72.766
RIC,RB,8.0,0 days 00:01:12.122000,SOFT,2.0,12,True,2024,Monaco,Q,72.122
RIC,RB,9.0,0 days 00:01:46.289000,SOFT,2.0,1,True,2024,Monaco,Q,106.289
RIC,RB,10.0,0 days 00:01:46.199000,SOFT,2.0,1,True,2024,Monaco,Q,106.199
RIC,RB,11.0,0 days 00:01:11.785000,SOFT,2.0,1,True,2024,Monaco,Q,71.785
RIC,RB,14.0,0 days 00:01:12.194000,SOFT,3.0,1,True,2024,Monaco,Q,72.194
RIC,RB,15.0,0 days 00:01:34.799000,SOFT,3.0,1,True,2024,Monaco,Q,94.799
RIC,RB,17.0,0 days 00:01:12.064000,SOFT,3.0,1,True,2024,Monaco,Q,72.064
RIC,RB,20.0,0 days 00:01:11.482000,SOFT,4.0,1,True,2024,Monaco,Q,71.482
STR,Aston Martin,2.0,0 days 00:01:20.373000,SOFT,1.0,1,True,2024,Monaco,Q,80.373
STR,Aston Martin,3.0,0 days 00:01:12.826000,SOFT,1.0,1,True,2024,Monaco,Q,72.826
STR,Aston Martin,4.0,0 days 00:01:55.759000,SOFT,1.0,1,True,2024,Monaco,Q,115.759
STR,Aston Martin,5.0,0 days 00:01:12.239000,SOFT,1.0,1,True,2024,Monaco,Q,72.239
STR,Aston Martin,8.0,0 days 00:01:11.728000,SOFT,2.0,12,True,2024,Monaco,Q,71.728
STR,Aston Martin,9.0,0 days 00:01:51.655000,SOFT,2.0,1,True,2024,Monaco,Q,111.655
STR,Aston Martin,10.0,0 days 00:01:12.026000,SOFT,2.0,1,True,2024,Monaco,Q,72.026
STR,Aston Martin,13.0,0 days 00:01:11.563000,SOFT,3.0,1,True,2024,Monaco,Q,71.563
STR,Aston Martin,16.0,0 days 00:01:11.618000,SOFT,4.0,1,True,2024,Monaco,Q,71.618
HUL,Haas F1 Team,2.0,0 days 00:01:12.416000,SOFT,1.0,1,True,2024,Monaco,Q,72.416
HUL,Haas F1 Team,3.0,0 days 00:01:53.596000,SOFT,1.0,1,True,2024,Monaco,Q,113.596
HUL,Haas F1 Team,4.0,0 days 00:01:12.286000,SOFT,1.0,1,True,2024,Monaco,Q,72.286
HUL,Haas F1 Team,7.0,0 days 00:01:11.876000,SOFT,2.0,12,True,2024,Monaco,Q,71.876
HUL,Haas F1 Team,8.0,0 days 00:01:41.592000,SOFT,2.0,1,True,2024,Monaco,Q,101.592
HUL,Haas F1 Team,9.0,0 days 00:01:12.357000,SOFT,2.0,1,True,2024,Monaco,Q,72.357
HUL,Haas F1 Team,12.0,0 days 00:01:11.928000,SOFT,3.0,1,True,2024,Monaco,Q,71.928
HUL,Haas F1 Team,13.0,0 days 00:01:35.683000,SOFT,3.0,1,True,2024,Monaco,Q,95.683
HUL,Haas F1 Team,14.0,0 days 00:01:33.148000,SOFT,3.0,1,True,2024,Monaco,Q,93.148
HUL,Haas F1 Team,15.0,0 days 00:01:12.080000,SOFT,3.0,1,True,2024,Monaco,Q,72.08
HUL,Haas F1 Team,18.0,0 days 00:01:29.833000,SOFT,4.0,1,True,2024,Monaco,Q,89.833
HUL,Haas F1 Team,19.0,0 days 00:01:11.440000,SOFT,4.0,1,True,2024,Monaco,Q,71.44
ALO,Aston Martin,2.0,0 days 00:01:30.414000,SOFT,1.0,1,True,2024,Monaco,Q,90.414
ALO,Aston Martin,3.0,0 days 00:01:12.927000,SOFT,1.0,1,True,2024,Monaco,Q,72.927
ALO,Aston Martin,4.0,0 days 00:01:44.231000,SOFT,1.0,1,True,2024,Monaco,Q,104.231
ALO,Aston Martin,5.0,0 days 00:01:12.118000,SOFT,1.0,1,True,2024,Monaco,Q,72.118
ALO,Aston Martin,8.0,0 days 00:01:12.019000,SOFT,2.0,12,True,2024,Monaco,Q,72.019
ALO,Aston Martin,9.0,0 days 00:01:35.356000,SOFT,2.0,1,True,2024,Monaco,Q,95.356
ALO,Aston Martin,10.0,0 days 00:01:12.087000,SOFT,2.0,1,True,2024,Monaco,Q,72.087
SAR,Williams,2.0,0 days 00:01:24.050000,SOFT,1.0,1,True,2024,Monaco,Q,84.05
SAR,Williams,3.0,0 days 00:01:13.197000,SOFT,1.0,1,True,2024,Monaco,Q,73.197
SAR,Williams,4.0,0 days 00:01:51.393000,SOFT,1.0,1,True,2024,Monaco,Q,111.393
SAR,Williams,5.0,0 days 00:01:12.796000,SOFT,1.0,1,True,2024,Monaco,Q,72.796
SAR,Williams,8.0,0 days 00:01:32.436000,SOFT,2.0,12,True,2024,Monaco,Q,92.436
SAR,Williams,9.0,0 days 00:01:12.094000,SOFT,2.0,1,True,2024,Monaco,Q,72.094
SAR,Williams,10.0,0 days 00:01:41.762000,SOFT,2.0,1,True,2024,Monaco,Q,101.762
SAR,Williams,11.0,0 days 00:01:12.020000,SOFT,2.0,1,True,2024,Monaco,Q,72.02
MAG,Haas F1 Team,2.0,0 days 00:01:12.572000,SOFT,1.0,1,True,2024,Monaco,Q,72.572
MAG,Haas F1 Team,3.0,0 days 00:01:53.192000,SOFT,1.0,1,True,2024,Monaco,Q,113.192
MAG,Haas F1 Team,4.0,0 days 00:01:12.404000,SOFT,1.0,1,True,2024,Monaco,Q,72.404
MAG,Haas F1 Team,7.0,0 days 00:01:11.832000,SOFT,2.0,1,True,2024,Monaco,Q,71.832
MAG,Haas F1 Team,8.0,0 days 00:01:28.236000,SOFT,2.0,12,True,2024,Monaco,Q,88.236
MAG,Haas F1 Team,9.0,0 days 00:01:35.209000,SOFT,2.0,1,True,2024,Monaco,Q,95.209
MAG,Haas F1 Team,10.0,0 days 00:01:11.845000,SOFT,2.0,1,True,2024,Monaco,Q,71.845
MAG,Haas F1 Team,13.0,0 days 00:01:11.725000,SOFT,3.0,1,True,2024,Monaco,Q,71.725
MAG,Haas F1 Team,16.0,0 days 00:01:30.695000,SOFT,4.0,1,True,2024,Monaco,Q,90.695
MAG,Haas F1 Team,17.0,0 days 00:01:11.966000,SOFT,4.0,1,True,2024,Monaco,Q,71.966
PER,Red Bull Racing,2.0,0 days 00:01:13.981000,SOFT,1.0,1,True,2024,Monaco,Q,73.981
PER,Red Bull Racing,3.0,0 days 00:01:50.413000,SOFT,1.0,1,True,2024,Monaco,Q,110.413
PER,Red Bull Racing,4.0,0 days 00:01:13.359000,SOFT,1.0,1,True,2024,Monaco,Q,73.359
PER,Red Bull Racing,5.0,0 days 00:01:40.195000,SOFT,1.0,1,True,2024,Monaco,Q,100.195
PER,Red Bull Racing,6.0,0 days 00:01:12.698000,SOFT,1.0,1,True,2024,Monaco,Q,72.698
PER,Red Bull Racing,9.0,0 days 00:01:12.060000,SOFT,2.0,1,True,2024,Monaco,Q,72.06
PER,Red Bull Racing,10.0,0 days 00:01:43.987000,SOFT,2.0,1,True,2024,Monaco,Q,103.987
PER,Red Bull Racing,11.0,0 days 00:01:12.067000,SOFT,2.0,1,True,2024,Monaco,Q,72.067
BOT,Kick Sauber,2.0,0 days 00:01:13.936000,SOFT,1.0,1,True,2024,Monaco,Q,73.936
BOT,Kick Sauber,3.0,0 days 00:01:57.598000,SOFT,1.0,1,True,2024,Monaco,Q,117.598
BOT,Kick Sauber,4.0,0 days 00:01:13.684000,SOFT,1.0,1,True,2024,Monaco,Q,73.684
BOT,Kick Sauber,5.0,0 days 00:01:39.650000,SOFT,1.0,1,True,2024,Monaco,Q,99.65
BOT,Kick Sauber,8.0,0 days 00:01:12.741000,SOFT,2.0,1,True,2024,Monaco,Q,72.741
BOT,Kick Sauber,9.0,0 days 00:01:49.339000,SOFT,2.0,1,True,2024,Monaco,Q,109.339
BOT,Kick Sauber,10.0,0 days 00:01:12.512000,SOFT,2.0,1,True,2024,Monaco,Q,72.512
ZHO,Kick Sauber,2.0,0 days 00:01:15.072000,SOFT,1.0,1,True,2024,Monaco,Q,75.072
ZHO,Kick Sauber,3.0,0 days 00:01:46.598000,SOFT,1.0,1,True,2024,Monaco,Q,106.598
ZHO,Kick Sauber,4.0,0 days 00:01:14.151000,SOFT,1.0,1,True,2024,Monaco,Q,74.151
ZHO,Kick Sauber,5.0,0 days 00:01:38.960000,SOFT,1.0,1,True,2024,Monaco,Q,98.96
ZHO,Kick Sauber,8.0,0 days 00:01:13.247000,SOFT,2.0,1,True,2024,Monaco,Q,73.247
ZHO,Kick Sauber,9.0,0 days 00:01:39.693000,SOFT,2.0,1,True,2024,Monaco,Q,99.693
ZHO,Kick Sauber,10.0,0 days 00:01:13.028000,SOFT,2.0,1,True,2024,Monaco,Q,73.028
LEC,Ferrari,3.0,0 days 00:01:24.624000,HARD,2.0,1,True,2024,Monaco,R,84.624
LEC,Ferrari,4.0,0 days 00:01:22.625000,HARD,2.0,1,True,2024,Monaco,R,82.625
LEC,Ferrari,5.0,0 days 00:01:21.795000,HARD,2.0,1,True,2024,Monaco,R,81.795
LEC,Ferrari,6.0,0 days 00:01:21.145000,HARD,2.0,1,True,2024,Monaco,R,81.145
LEC,Ferrari,7.0,0 days 00:01:20.980000,HARD,2.0,1,True,2024,Monaco,R,80.98
LEC,Ferrari,8.0,0 days 00:01:21.030000,HARD,2.0,1,True,2024,Monaco,R,81.03
LEC,Ferrari,9.0,0 days 00:01:20.114000,HARD,2.0,1,True,2024,Monaco,R,80.114
LEC,Ferrari,10.0,0 days 00:01:20.775000,HARD,2.0,1,True,2024,Monaco,R,80.775
LEC,Ferrari,11.0,0 days 00:01:21.046000,HARD,2.0,1,True,2024,Monaco,R,81.046
LEC,Ferrari,12.0,0 days 00:01:20.252000,HARD,2.0,1,True,2024,Monaco,R,80.252
LEC,Ferrari,13.0,0 days 00:01:19.017000,HARD,2.0,1,True,2024,Monaco,R,79.017
LEC,Ferrari,14.0,0 days 00:01:19.913000,HARD,2.0,1,True,2024,Monaco,R,79.913
LEC,Ferrari,15.0,0 days 00:01:19.838000,HARD,2.0,1,True,2024,Monaco,R,79.838
LEC,Ferrari,16.0,0 days 00:01:20.156000,HARD,2.0,1,True,2024,Monaco,R,80.156
LEC,Ferrari,17.0,0 days 00:01:20.279000,HARD,2.0,1,True,2024,Monaco,R,80.279
LEC,Ferrari,18.0,0 days 00:01:19.580000,HARD,2.0,1,True,2024,Monaco,R,79.58
LEC,Ferrari,19.0,0 days 00:01:18.842000,HARD,2.0,1,True,2024,Monaco,R,78.842
LEC,Ferrari,20.0,0 days 00:01:18.724000,HARD,2.0,1,True,2024,Monaco,R,78.724
LEC,Ferrari,21.0,0 days 00:01:18.472000,HARD,2.0,1,True,2024,Monaco,R,78.472
LEC,Ferrari,22.0,0 days 00:01:18.620000,HARD,2.0,1,True,2024,Monaco,R,78.62
LEC,Ferrari,23.0,0 days 00:01:18.458000,HARD,2.0,1,True,2024,Monaco,R,78.458
LEC,Ferrari,24.0,0 days 00:01:18.725000,HARD,2.0,1,True,2024,Monaco,R,78.725
LEC,Ferrari,25.0,0 days 00:01:18.973000,HARD,2.0,1,True,2024,Monaco,R,78.973
LEC,Ferrari,26.0,0 days 00:01:18.445000,HARD,2.0,1,True,2024,Monaco,R,78.445
LEC,Ferrari,27.0,0 days 00:01:18.351000,HARD,2.0,1,True,2024,Monaco,R,78.351
LEC,Ferrari,28.0,0 days 00:01:18.710000,HARD,2.0,1,True,2024,Monaco,R,78.71
LEC,Ferrari,29.0,0 days 00:01:19.053000,HARD,2.0,1,True,2024,Monaco,R,79.053
LEC,Ferrari,30.0,0 days 00:01:19.935000,HARD,2.0,1,True,2024,Monaco,R,79.935
LEC,Ferrari,31.0,0 days 00:01:18.393000,HARD,2.0,1,True,2024,Monaco,R,78.393
LEC,Ferrari,32.0,0 days 00:01:19.125000,HARD,2.0,1,True,2024,Monaco,R,79.125
LEC,Ferrari,33.0,0 days 00:01:18.494000,HARD,2.0,1,True,2024,Monaco,R,78.494
LEC,Ferrari,34.0,0 days 00:01:19.319000,HARD,2.0,1,True,2024,Monaco,R,79.319
LEC,Ferrari,35.0,0 days 00:01:18.530000,HARD,2.0,1,True,2024,Monaco,R,78.53
LEC,Ferrari,36.0,0 days 00:01:18.689000,HARD,2.0,1,True,2024,Monaco,R,78.689
LEC,Ferrari,37.0,0 days 00:01:18.925000,HARD,2.0,1,True,2024,Monaco,R,78.925
LEC,Ferrari,38.0,0 days 00:01:18.528000,HARD,2.0,1,True,2024,Monaco,R,78.528
LEC,Ferrari,39.0,0 days 00:01:18.181000,HARD,2.0,1,True,2024,Monaco,R,78.181
LEC,Ferrari,40.0,0 days 00:01:18.733000,HARD,2.0,1,True,2024,Monaco,R,78.733
LEC,Ferrari,41.0,0 days 00:01:18.694000,HARD,2.0,1,True,2024,Monaco,R,78.694
LEC,Ferrari,42.0,0 days 00:01:19.277000,HARD,2.0,1,True,2024,Monaco,R,79.277
LEC,Ferrari,43.0,0 days 00:01:17.865000,HARD,2.0,1,True,2024,Monaco,R,77.865
LEC,Ferrari,44.0,0 days 00:01:18.276000,HARD,2.0,1,True,2024,Monaco,R,78.276
LEC,Ferrari,45.0,0 days 00:01:18.541000,HARD,2.0,1,True,2024,Monaco,R,78.541
LEC,Ferrari,46.0,0 days 00:01:18.567000,HARD,2.0,1,True,2024,Monaco,R,78.567
LEC,Ferrari,47.0,0 days 00:01:19.185000,HARD,2.0,1,True,2024,Monaco,R,79.185
LEC,Ferrari,48.0,0 days 00:01:17.941000,HARD,2.0,1,True,2024,Monaco,R,77.941
LEC,Ferrari,49.0,0 days 00:01:18.506000,HARD,2.0,1,True,2024,Monaco,R,78.506
LEC,Ferrari,50.0,0 days 00:01:18.185000,HARD,2.0,1,True,2024,Monaco,R,78.185
LEC,Ferrari,51.0,0 days 00:01:17.790000,HARD,2.0,1,True,2024,Monaco,R,77.79
LEC,Ferrari,52.0,0 days 00:01:18.311000,HARD,2.0,1,True,2024,Monaco,R,78.311
LEC,Ferrari,53.0,0 days 00:01:17.748000,HARD,2.0,12,True,2024,Monaco,R,77.748
LEC,Ferrari,54.0,0 days 00:01:17.357000,HARD,2.0,1,True,2024,Monaco,R,77.357
LEC,Ferrari,55.0,0 days 00:01:17.444000,HARD,2.0,1,True,2024,Monaco,R,77.444
LEC,Ferrari,56.0,0 days 00:01:17.266000,HARD,2.0,1,True,2024,Monaco,R,77.266
LEC,Ferrari,57.0,0 days 00:01:17.640000,HARD,2.0,1,True,2024,Monaco,R,77.64
LEC,Ferrari,58.0,0 days 00:01:17.028000,HARD,2.0,1,True,2024,Monaco,R,77.028
LEC,Ferrari,59.0,0 days 00:01:17.034000,HARD,2.0,1,True,2024,Monaco,R,77.034
LEC,Ferrari,60.0,0 days 00:01:16.414000,HARD,2.0,1,True,2024,Monaco,R,76.414
LEC,Ferrari,61.0,0 days 00:01:16.863000,HARD,2.0,1,True,2024,Monaco,R,76.863
LEC,Ferrari,62.0,0 days 00:01:17.454000,HARD,2.0,1,True,2024,Monaco,R,77.454
LEC,Ferrari,63.0,0 days 00:01:16.971000,HARD,2.0,1,True,2024,Monaco,R,76.971
LEC,Ferrari,64.0,0 days 00:01:16.560000,HARD,2.0,1,True,2024,Monaco,R,76.56
LEC,Ferrari,65.0,0 days 00:01:16.607000,HARD,2.0,1,True,2024,Monaco,R,76.607
LEC,Ferrari,66.0,0 days 00:01:16.489000,HARD,2.0,1,True,2024,Monaco,R,76.489
LEC,Ferrari,67.0,0 days 00:01:15.941000,HARD,2.0,1,True,2024,Monaco,R,75.941
LEC,Ferrari,68.0,0 days 00:01:16.082000,HARD,2.0,1,True,2024,Monaco,R,76.082
LEC,Ferrari,69.0,0 days 00:01:16.373000,HARD,2.0,1,True,2024,Monaco,R,76.373
LEC,Ferrari,70.0,0 days 00:01:15.767000,HARD,2.0,1,True,2024,Monaco,R,75.767
LEC,Ferrari,71.0,0 days 00:01:15.162000,HARD,2.0,1,True,2024,Monaco,R,75.162
LEC,Ferrari,72.0,0 days 00:01:15.547000,HARD,2.0,1,True,2024,Monaco,R,75.547
LEC,Ferrari,73.0,0 days 00:01:16.219000,HARD,2.0,1,True,2024,Monaco,R,76.219
LEC,Ferrari,74.0,0 days 00:01:16.105000,HARD,2.0,1,True,2024,Monaco,R,76.105
LEC,Ferrari,75.0,0 days 00:01:16.387000,HARD,2.0,1,True,2024,Monaco,R,76.387
LEC,Ferrari,76.0,0 days 00:01:16.808000,HARD,2.0,1,True,2024,Monaco,R,76.808
LEC,Ferrari,77.0,0 days 00:01:16.933000,HARD,2.0,1,True,2024,Monaco,R,76.933
LEC,Ferrari,78.0,0 days 00:01:18.636000,HARD,2.0,1,True,2024,Monaco,R,78.636
PIA,McLaren,3.0,0 days 00:01:24.953000,HARD,2.0,1,True,2024,Monaco,R,84.953
PIA,McLaren,4.0,0 days 00:01:22.314000,HARD,2.0,1,True,2024,Monaco,R,82.314
PIA,McLaren,5.0,0 days 00:01:22.019000,HARD,2.0,1,True,2024,Monaco,R,82.019
PIA,McLaren,6.0,0 days 00:01:21.354000,HARD,2.0,1,True,2024,Monaco,R,81.354
PIA,McLaren,7.0,0 days 00:01:20.808000,HARD,2.0,1,True,2024,Monaco,R,80.808
PIA,McLaren,8.0,0 days 00:01:21.058000,HARD,2.0,1,True,2024,Monaco,R,81.058
PIA,McLaren,9.0,0 days 00:01:19.906000,HARD,2.0,1,True,2024,Monaco,R,79.906
PIA,McLaren,10.0,0 days 00:01:20.890000,HARD,2.0,1,True,2024,Monaco,R,80.89
PIA,McLaren,11.0,0 days 00:01:20.898000,HARD,2.0,1,True,2024,Monaco,R,80.898
PIA,McLaren,12.0,0 days 00:01:20.135000,HARD,2.0,1,True,2024,Monaco,R,80.135
PIA,McLaren,13.0,0 days 00:01:18.745000,HARD,2.0,1,True,2024,Monaco,R,78.745
PIA,McLaren,14.0,0 days 00:01:20.014000,HARD,2.0,1,True,2024,Monaco,R,80.014
PIA,McLaren,15.0,0 days 00:01:20.264000,HARD,2.0,1,True,2024,Monaco,R,80.264
PIA,McLaren,16.0,0 days 00:01:19.829000,HARD,2.0,1,True,2024,Monaco,R,79.829
PIA,McLaren,17.0,0 days 00:01:20.028000,HARD,2.0,1,True,2024,Monaco,R,80.028
PIA,McLaren,18.0,0 days 00:01:19.832000,HARD,2.0,1,True,2024,Monaco,R,79.832
PIA,McLaren,19.0,0 days 00:01:19.179000,HARD,2.0,1,True,2024,Monaco,R,79.179
PIA,McLaren,20.0,0 days 00:01:19.055000,HARD,2.0,1,True,2024,Monaco,R,79.055
PIA,McLaren,21.0,0 days 00:01:18.601000,HARD,2.0,1,True,2024,Monaco,R,78.601
PIA,McLaren,22.0,0 days 00:01:18.585000,HARD,2.0,1,True,2024,Monaco,R,78.585
PIA,McLaren,23.0,0 days 00:01:18.658000,HARD,2.0,1,True,2024,Monaco,R,78.658
PIA,McLaren,24.0,0 days 00:01:18.636000,HARD,2.0,1,True,2024,Monaco,R,78.636
PIA,McLaren,25.0,0 days 00:01:18.784000,HARD,2.0,1,True,2024,Monaco,R,78.784
PIA,McLaren,26.0,0 days 00:01:18.440000,HARD,2.0,1,True,2024,Monaco,R,78.44
PIA,McLaren,27.0,0 days 00:01:18.523000,HARD,2.0,1,True,2024,Monaco,R,78.523
PIA,McLaren,28.0,0 days 00:01:18.791000,HARD,2.0,1,True,2024,Monaco,R,78.791
PIA,McLaren,29.0,0 days 00:01:19.010000,HARD,2.0,1,True,2024,Monaco,R,79.01
PIA,McLaren,30.0,0 days 00:01:19.396000,HARD,2.0,1,True,2024,Monaco,R,79.396
PIA,McLaren,31.0,0 days 00:01:18.449000,HARD,2.0,1,True,2024,Monaco,R,78.449
PIA,McLaren,32.0,0 days 00:01:18.969000,HARD,2.0,1,True,2024,Monaco,R,78.969
PIA,McLaren,33.0,0 days 00:01:19.060000,HARD,2.0,1,True,2024,Monaco,R,79.06
PIA,McLaren,34.0,0 days 00:01:18.978000,HARD,2.0,1,True,2024,Monaco,R,78.978
PIA,McLaren,35.0,0 days 00:01:18.605000,HARD,2.0,1,True,2024,Monaco,R,78.605
PIA,McLaren,36.0,0 days 00:01:18.882000,HARD,2.0,1,True,2024,Monaco,R,78.882
PIA,McLaren,37.0,0 days 00:01:18.612000,HARD,2.0,1,True,2024,Monaco,R,78.612
PIA,McLaren,38.0,0 days 00:01:18.731000,HARD,2.0,1,True,2024,Monaco,R,78.731
PIA,McLaren,39.0,0 days 00:01:18.362000,HARD,2.0,1,True,2024,Monaco,R,78.362
PIA,McLaren,40.0,0 days 00:01:18.951000,HARD,2.0,1,True,2024,Monaco,R,78.951
PIA,McLaren,41.0,0 days 00:01:18.846000,HARD,2.0,1,True,2024,Monaco,R,78.846
PIA,McLaren,42.0,0 days 00:01:19.795000,HARD,2.0,1,True,2024,Monaco,R,79.795
PIA,McLaren,43.0,0 days 00:01:18.198000,HARD,2.0,1,True,2024,Monaco,R,78.198
PIA,McLaren,44.0,0 days 00:01:18.277000,HARD,2.0,1,True,2024,Monaco,R,78.277
PIA,McLaren,45.0,0 days 00:01:18.082000,HARD,2.0,1,True,2024,Monaco,R,78.082
PIA,McLaren,46.0,0 days 00:01:18.623000,HARD,2.0,1,True,2024,Monaco,R,78.623
PIA,McLaren,47.0,0 days 00:01:18.399000,HARD,2.0,1,True,2024,Monaco,R,78.399
PIA,McLaren,48.0,0 days 00:01:18.395000,HARD,2.0,1,True,2024,Monaco,R,78.395
PIA,McLaren,49.0,0 days 00:01:18.136000,HARD,2.0,1,True,2024,Monaco,R,78.136
PIA,McLaren,50.0,0 days 00:01:18.350000,HARD,2.0,1,True,2024,Monaco,R,78.35
PIA,McLaren,51.0,0 days 00:01:17.909000,HARD,2.0,1,True,2024,Monaco,R,77.909
PIA,McLaren,52.0,0 days 00:01:18.214000,HARD,2.0,1,True,2024,Monaco,R,78.214
PIA,McLaren,53.0,0 days 00:01:17.609000,HARD,2.0,12,True,2024,Monaco,R,77.609
PIA,McLaren,54.0,0 days 00:01:17.362000,HARD,2.0,1,True,2024,Monaco,R,77.362
PIA,McLaren,55.0,0 days 00:01:17.445000,HARD,2.0,1,True,2024,Monaco,R,77.445
PIA,McLaren,56.0,0 days 00:01:17.456000,HARD,2.0,1,True,2024,Monaco,R,77.456
PIA,McLaren,57.0,0 days 00:01:17.300000,HARD,2.0,1,True,2024,Monaco,R,77.3
PIA,McLaren,58.0,0 days 00:01:17.344000,HARD,2.0,1,True,2024,Monaco,R,77.344
PIA,McLaren,59.0,0 days 00:01:17.042000,HARD,2.0,1,True,2024,Monaco,R,77.042
PIA,McLaren,60.0,0 days 00:01:16.617000,HARD,2.0,1,True,2024,Monaco,R,76.617
PIA,McLaren,61.0,0 days 00:01:16.771000,HARD,2.0,1,True,2024,Monaco,R,76.771
PIA,McLaren,62.0,0 days 00:01:17.095000,HARD,2.0,1,True,2024,Monaco,R,77.095
PIA,McLaren,63.0,0 days 00:01:16.921000,HARD,2.0,1,True,2024,Monaco,R,76.921
PIA,McLaren,64.0,0 days 00:01:16.909000,HARD,2.0,1,True,2024,Monaco,R,76.909
PIA,McLaren,65.0,0 days 00:01:16.391000,HARD,2.0,1,True,2024,Monaco,R,76.391
PIA,McLaren,66.0,0 days 00:01:16.640000,HARD,2.0,1,True,2024,Monaco,R,76.64
PIA,McLaren,67.0,0 days 00:01:16.596000,HARD,2.0,1,True,2024,Monaco,R,76.596
PIA,McLaren,68.0,0 days 00:01:16.601000,HARD,2.0,1,True,2024,Monaco,R,76.601
PIA,McLaren,69.0,0 days 00:01:17.371000,HARD,2.0,1,True,2024,Monaco,R,77.371
PIA,McLaren,70.0,0 days 00:01:17.270000,HARD,2.0,1,True,2024,Monaco,R,77.27
PIA,McLaren,71.0,0 days 00:01:17.184000,HARD,2.0,1,True,2024,Monaco,R,77.184
PIA,McLaren,72.0,0 days 00:01:16.652000,HARD,2.0,1,True,2024,Monaco,R,76.652
PIA,McLaren,73.0,0 days 00:01:16.281000,HARD,2.0,1,True,2024,Monaco,R,76.281
PIA,McLaren,74.0,0 days 00:01:16.356000,HARD,2.0,1,True,2024,Monaco,R,76.356
PIA,McLaren,75.0,0 days 00:01:16.644000,HARD,2.0,1,True,2024,Monaco,R,76.644
PIA,McLaren,76.0,0 days 00:01:16.590000,HARD,2.0,1,True,2024,Monaco,R,76.59
PIA,McLaren,77.0,0 days 00:01:16.734000,HARD,2.0,1,True,2024,Monaco,R,76.734
PIA,McLaren,78.0,0 days 00:01:17.126000,HARD,2.0,1,True,2024,Monaco,R,77.126
SAI,Ferrari,3.0,0 days 00:01:25.012000,HARD,2.0,1,True,2024,Monaco,R,85.012
SAI,Ferrari,4.0,0 days 00:01:22.358000,HARD,2.0,1,True,2024,Monaco,R,82.358
SAI,Ferrari,5.0,0 days 00:01:21.978000,HARD,2.0,1,True,2024,Monaco,R,81.978
SAI,Ferrari,6.0,0 days 00:01:21.163000,HARD,2.0,1,True,2024,Monaco,R,81.163
SAI,Ferrari,7.0,0 days 00:01:21.466000,HARD,2.0,1,True,2024,Monaco,R,81.466
SAI,Ferrari,8.0,0 days 00:01:20.272000,HARD,2.0,1,True,2024,Monaco,R,80.272
SAI,Ferrari,9.0,0 days 00:01:20.525000,HARD,2.0,1,True,2024,Monaco,R,80.525
SAI,Ferrari,10.0,0 days 00:01:21.259000,HARD,2.0,1,True,2024,Monaco,R,81.259
SAI,Ferrari,11.0,0 days 00:01:20.246000,HARD,2.0,1,True,2024,Monaco,R,80.246
SAI,Ferrari,12.0,0 days 00:01:19.974000,HARD,2.0,1,True,2024,Monaco,R,79.974
SAI,Ferrari,13.0,0 days 00:01:20.017000,HARD,2.0,1,True,2024,Monaco,R,80.017
SAI,Ferrari,14.0,0 days 00:01:19.480000,HARD,2.0,1,True,2024,Monaco,R,79.48
SAI,Ferrari,15.0,0 days 00:01:19.543000,HARD,2.0,1,True,2024,Monaco,R,79.543
SAI,Ferrari,16.0,0 days 00:01:20.579000,HARD,2.0,1,True,2024,Monaco,R,80.579
SAI,Ferrari,17.0,0 days 00:01:20.076000,HARD,2.0,1,True,2024,Monaco,R,80.076
SAI,Ferrari,18.0,0 days 00:01:19.177000,HARD,2.0,1,True,2024,Monaco,R,79.177
SAI,Ferrari,19.0,0 days 00:01:19.445000,HARD,2.0,1,True,2024,Monaco,R,79.445
SAI,Ferrari,20.0,0 days 00:01:19.403000,HARD,2.0,1,True,2024,Monaco,R,79.403
SAI,Ferrari,21.0,0 days 00:01:18.917000,HARD,2.0,1,True,2024,Monaco,R,78.917
SAI,Ferrari,22.0,0 days 00:01:18.889000,HARD,2.0,1,True,2024,Monaco,R,78.889
SAI,Ferrari,23.0,0 days 00:01:18.993000,HARD,2.0,1,True,2024,Monaco,R,78.993
SAI,Ferrari,24.0,0 days 00:01:18.568000,HARD,2.0,1,True,2024,Monaco,R,78.568
SAI,Ferrari,25.0,0 days 00:01:18.537000,HARD,2.0,1,True,2024,Monaco,R,78.537
SAI,Ferrari,26.0,0 days 00:01:18.088000,HARD,2.0,1,True,2024,Monaco,R,78.088
SAI,Ferrari,27.0,0 days 00:01:19.490000,HARD,2.0,1,True,2024,Monaco,R,79.49
SAI,Ferrari,28.0,0 days 00:01:19.281000,HARD,2.0,1,True,2024,Monaco,R,79.281
SAI,Ferrari,29.0,0 days 00:01:18.697000,HARD,2.0,1,True,2024,Monaco,R,78.697
SAI,Ferrari,30.0,0 days 00:01:17.326000,HARD,2.0,1,True,2024,Monaco,R,77.326
SAI,Ferrari,31.0,0 days 00:01:19.784000,HARD,2.0,1,True,2024,Monaco,R,79.784
SAI,Ferrari,32.0,0 days 00:01:20.136000,HARD,2.0,1,True,2024,Monaco,R,80.136
SAI,Ferrari,33.0,0 days 00:01:18.778000,HARD,2.0,1,True,2024,Monaco,R,78.778
SAI,Ferrari,34.0,0 days 00:01:19.013000,HARD,2.0,1,True,2024,Monaco,R,79.013
SAI,Ferrari,35.0,0 days 00:01:18.465000,HARD,2.0,1,True,2024,Monaco,R,78.465
SAI,Ferrari,36.0,0 days 00:01:19.275000,HARD,2.0,1,True,2024,Monaco,R,79.275
SAI,Ferrari,37.0,0 days 00:01:17.577000,HARD,2.0,1,True,2024,Monaco,R,77.577
SAI,Ferrari,38.0,0 days 00:01:18.412000,HARD,2.0,1,True,2024,Monaco,R,78.412
SAI,Ferrari,39.0,0 days 00:01:18.310000,HARD,2.0,1,True,2024,Monaco,R,78.31
SAI,Ferrari,40.0,0 days 00:01:18.653000,HARD,2.0,1,True,2024,Monaco,R,78.653
SAI,Ferrari,41.0,0 days 00:01:18.714000,HARD,2.0,1,True,2024,Monaco,R,78.714
SAI,Ferrari,42.0,0 days 00:01:19.171000,HARD,2.0,1,True,2024,Monaco,R,79.171
SAI,Ferrari,43.0,0 days 00:01:19.594000,HARD,2.0,1,True,2024,Monaco,R,79.594
SAI,Ferrari,44.0,0 days 00:01:18.762000,HARD,2.0,1,True,2024,Monaco,R,78.762
SAI,Ferrari,45.0,0 days 00:01:17.885000,HARD,2.0,1,True,2024,Monaco,R,77.885
SAI,Ferrari,46.0,0 days 00:01:18.731000,HARD,2.0,1,True,2024,Monaco,R,78.731
SAI,Ferrari,47.0,0 days 00:01:18.141000,HARD,2.0,1,True,2024,Monaco,R,78.141
SAI,Ferrari,48.0,0 days 00:01:17.894000,HARD,2.0,1,True,2024,Monaco,R,77.894
SAI,Ferrari,49.0,0 days 00:01:18.259000,HARD,2.0,1,True,2024,Monaco,R,78.259
SAI,Ferrari,50.0,0 days 00:01:18.545000,HARD,2.0,1,True,2024,Monaco,R,78.545
SAI,Ferrari,51.0,0 days 00:01:17.528000,HARD,2.0,1,True,2024,Monaco,R,77.528
SAI,Ferrari,52.0,0 days 00:01:18.094000,HARD,2.0,1,True,2024,Monaco,R,78.094
SAI,Ferrari,53.0,0 days 00:01:17.759000,HARD,2.0,12,True,2024,Monaco,R,77.759
SAI,Ferrari,54.0,0 days 00:01:17.742000,HARD,2.0,1,True,2024,Monaco,R,77.742
SAI,Ferrari,55.0,0 days 00:01:18.661000,HARD,2.0,1,True,2024,Monaco,R,78.661
SAI,Ferrari,56.0,0 days 00:01:18.119000,HARD,2.0,1,True,2024,Monaco,R,78.119
SAI,Ferrari,57.0,0 days 00:01:17.599000,HARD,2.0,1,True,2024,Monaco,R,77.599
SAI,Ferrari,58.0,0 days 00:01:17.501000,HARD,2.0,1,True,2024,Monaco,R,77.501
SAI,Ferrari,59.0,0 days 00:01:17.134000,HARD,2.0,1,True,2024,Monaco,R,77.134
SAI,Ferrari,60.0,0 days 00:01:15.159000,HARD,2.0,1,True,2024,Monaco,R,75.159
SAI,Ferrari,61.0,0 days 00:01:19.046000,HARD,2.0,1,True,2024,Monaco,R,79.046
SAI,Ferrari,62.0,0 days 00:01:14.726000,HARD,2.0,1,True,2024,Monaco,R,74.726
SAI,Ferrari,63.0,0 days 00:01:18.207000,HARD,2.0,1,True,2024,Monaco,R,78.207
SAI,Ferrari,64.0,0 days 00:01:14.813000,HARD,2.0,1,True,2024,Monaco,R,74.813
SAI,Ferrari,65.0,0 days 00:01:18.137000,HARD,2.0,1,True,2024,Monaco,R,78.137
SAI,Ferrari,66.0,0 days 00:01:15.409000,HARD,2.0,1,True,2024,Monaco,R,75.409
SAI,Ferrari,67.0,0 days 00:01:16.847000,HARD,2.0,1,True,2024,Monaco,R,76.847
SAI,Ferrari,68.0,0 days 00:01:15.595000,HARD,2.0,1,True,2024,Monaco,R,75.595
SAI,Ferrari,69.0,0 days 00:01:16.218000,HARD,2.0,1,True,2024,Monaco,R,76.218
SAI,Ferrari,70.0,0 days 00:01:17.117000,HARD,2.0,1,True,2024,Monaco,R,77.117
SAI,Ferrari,71.0,0 days 00:01:17.214000,HARD,2.0,1,True,2024,Monaco,R,77.214
SAI,Ferrari,72.0,0 days 00:01:16.785000,HARD,2.0,1,True,2024,Monaco,R,76.785
SAI,Ferrari,73.0,0 days 00:01:16.417000,HARD,2.0,1,True,2024,Monaco,R,76.417
SAI,Ferrari,74.0,0 days 00:01:16.063000,HARD,2.0,1,True,2024,Monaco,R,76.063
SAI,Ferrari,75.0,0 days 00:01:16.905000,HARD,2.0,1,True,2024,Monaco,R,76.905
SAI,Ferrari,76.0,0 days 00:01:16.328000,HARD,2.0,1,True,2024,Monaco,R,76.328
SAI,Ferrari,77.0,0 days 00:01:16.701000,HARD,2.0,1,True,2024,Monaco,R,76.701
SAI,Ferrari,78.0,0 days 00:01:17.072000,HARD,2.0,1,True,2024,Monaco,R,77.072
NOR,McLaren,3.0,0 days 00:01:25.283000,HARD,2.0,1,True,2024,Monaco,R,85.283
NOR,McLaren,4.0,0 days 00:01:22.782000,HARD,2.0,1,True,2024,Monaco,R,82.782
NOR,McLaren,5.0,0 days 00:01:22.147000,HARD,2.0,1,True,2024,Monaco,R,82.147
NOR,McLaren,6.0,0 days 00:01:21.804000,HARD,2.0,1,True,2024,Monaco,R,81.804
NOR,McLaren,7.0,0 days 00:01:20.828000,HARD,2.0,1,True,2024,Monaco,R,80.828
NOR,McLaren,8.0,0 days 00:01:20.820000,HARD,2.0,1,True,2024,Monaco,R,80.82
NOR,McLaren,9.0,0 days 00:01:20.397000,HARD,2.0,1,True,2024,Monaco,R,80.397
NOR,McLaren,10.0,0 days 00:01:20.972000,HARD,2.0,1,True,2024,Monaco,R,80.972
NOR,McLaren,11.0,0 days 00:01:20.870000,HARD,2.0,1,True,2024,Monaco,R,80.87
NOR,McLaren,12.0,0 days 00:01:19.933000,HARD,2.0,1,True,2024,Monaco,R,79.933
NOR,McLaren,13.0,0 days 00:01:19.820000,HARD,2.0,1,True,2024,Monaco,R,79.82
NOR,McLaren,14.0,0 days 00:01:19.385000,HARD,2.0,1,True,2024,Monaco,R,79.385
NOR,McLaren,15.0,0 days 00:01:19.775000,HARD,2.0,1,True,2024,Monaco,R,79.775
NOR,McLaren,16.0,0 days 00:01:19.637000,HARD,2.0,1,True,2024,Monaco,R,79.637
NOR,McLaren,17.0,0 days 00:01:20.337000,HARD,2.0,1,True,2024,Monaco,R,80.337
NOR,McLaren,18.0,0 days 00:01:19.398000,HARD,2.0,1,True,2024,Monaco,R,79.398
NOR,McLaren,19.0,0 days 00:01:19.280000,HARD,2.0,1,True,2024,Monaco,R,79.28
NOR,McLaren,20.0,0 days 00:01:19.043000,HARD,2.0,1,True,2024,Monaco,R,79.043
NOR,McLaren,21.0,0 days 00:01:18.983000,HARD,2.0,1,True,2024,Monaco,R,78.983
NOR,McLaren,22.0,0 days 00:01:18.981000,HARD,2.0,1,True,2024,Monaco,R,78.981
NOR,McLaren,23.0,0 days 00:01:19.194000,HARD,2.0,1,True,2024,Monaco,R,79.194
NOR,McLaren,24.0,0 days 00:01:18.699000,HARD,2.0,1,True,2024,Monaco,R,78.699
NOR,McLaren,25.0,0 days 00:01:18.640000,HARD,2.0,1,True,2024,Monaco,R,78.64
NOR,McLaren,26.0,0 days 00:01:18.396000,HARD,2.0,1,True,2024,Monaco,R,78.396
NOR,McLaren,27.0,0 days 00:01:18.720000,HARD,2.0,1,True,2024,Monaco,R,78.72
NOR,McLaren,28.0,0 days 00:01:19.238000,HARD,2.0,1,True,2024,Monaco,R,79.238
NOR,McLaren,29.0,0 days 00:01:18.766000,HARD,2.0,1,True,2024,Monaco,R,78.766
NOR,McLaren,30.0,0 days 00:01:18.403000,HARD,2.0,1,True,2024,Monaco,R,78.403
NOR,McLaren,31.0,0 days 00:01:18.780000,HARD,2.0,1,True,2024,Monaco,R,78.78
NOR,McLaren,32.0,0 days 00:01:19.538000,HARD,2.0,1,True,2024,Monaco,R,79.538
NOR,McLaren,33.0,0 days 00:01:19.233000,HARD,2.0,1,True,2024,Monaco,R,79.233
NOR,McLaren,34.0,0 days 00:01:19.243000,HARD,2.0,1,True,2024,Monaco,R,79.243
NOR,McLaren,35.0,0 days 00:01:18.714000,HARD,2.0,1,True,2024,Monaco,R,78.714
NOR,McLaren,36.0,0 days 00:01:18.582000,HARD,2.0,1,True,2024,Monaco,R,78.582
NOR,McLaren,37.0,0 days 00:01:17.958000,HARD,2.0,1,True,2024,Monaco,R,77.958
NOR,McLaren,38.0,0 days 00:01:17.994000,HARD,2.0,1,True,2024,Monaco,R,77.994
NOR,McLaren,39.0,0 days 00:01:18.303000,HARD,2.0,1,True,2024,Monaco,R,78.303
NOR,McLaren,40.0,0 days 00:01:18.824000,HARD,2.0,1,True,2024,Monaco,R,78.824
NOR,McLaren,41.0,0 days 00:01:18.519000,HARD,2.0,1,True,2024,Monaco,R,78.519
NOR,McLaren,42.0,0 days 00:01:19.436000,HARD,2.0,1,True,2024,Monaco,R,79.436
NOR,McLaren,43.0,0 days 00:01:19.796000,HARD,2.0,1,True,2024,Monaco,R,79.796
NOR,McLaren,44.0,0 days 00:01:18.906000,HARD,2.0,1,True,2024,Monaco,R,78.906
NOR,McLaren,45.0,0 days 00:01:17.897000,HARD,2.0,1,True,2024,Monaco,R,77.897
NOR,McLaren,46.0,0 days 00:01:18.215000,HARD,2.0,1,True,2024,Monaco,R,78.215
NOR,McLaren,47.0,0 days 00:01:18.141000,HARD,2.0,1,True,2024,Monaco,R,78.141
NOR,McLaren,48.0,0 days 00:01:17.975000,HARD,2.0,1,True,2024,Monaco,R,77.975
NOR,McLaren,49.0,0 days 00:01:18.177000,HARD,2.0,1,True,2024,Monaco,R,78.177
NOR,McLaren,50.0,0 days 00:01:18.218000,HARD,2.0,1,True,2024,Monaco,R,78.218
NOR,McLaren,51.0,0 days 00:01:17.772000,HARD,2.0,1,True,2024,Monaco,R,77.772
NOR,McLaren,52.0,0 days 00:01:18.223000,HARD,2.0,1,True,2024,Monaco,R,78.223
NOR,McLaren,53.0,0 days 00:01:17.570000,HARD,2.0,12,True,2024,Monaco,R,77.57
NOR,McLaren,54.0,0 days 00:01:17.838000,HARD,2.0,1,True,2024,Monaco,R,77.838
NOR,McLaren,55.0,0 days 00:01:18.382000,HARD,2.0,1,True,2024,Monaco,R,78.382
NOR,McLaren,56.0,0 days 00:01:18.155000,HARD,2.0,1,True,2024,Monaco,R,78.155
NOR,McLaren,57.0,0 days 00:01:17.815000,HARD,2.0,1,True,2024,Monaco,R,77.815
NOR,McLaren,58.0,0 days 00:01:17.395000,HARD,2.0,1,True,2024,Monaco,R,77.395
NOR,McLaren,59.0,0 days 00:01:17.122000,HARD,2.0,1,True,2024,Monaco,R,77.122
NOR,McLaren,60.0,0 days 00:01:16.695000,HARD,2.0,1,True,2024,Monaco,R,76.695
NOR,McLaren,61.0,0 days 00:01:17.614000,HARD,2.0,1,True,2024,Monaco,R,77.614
NOR,McLaren,62.0,0 days 00:01:16.026000,HARD,2.0,1,True,2024,Monaco,R,76.026
NOR,McLaren,63.0,0 days 00:01:16.876000,HARD,2.0,1,True,2024,Monaco,R,76.876
NOR,McLaren,64.0,0 days 00:01:15.742000,HARD,2.0,1,True,2024,Monaco,R,75.742
NOR,McLaren,65.0,0 days 00:01:17.143000,HARD,2.0,1,True,2024,Monaco,R,77.143
NOR,McLaren,66.0,0 days 00:01:16.214000,HARD,2.0,1,True,2024,Monaco,R,76.214
NOR,McLaren,67.0,0 days 00:01:16.115000,HARD,2.0,1,True,2024,Monaco,R,76.115
NOR,McLaren,68.0,0 days 00:01:16.172000,HARD,2.0,1,True,2024,Monaco,R,76.172
NOR,McLaren,69.0,0 days 00:01:16.314000,HARD,2.0,1,True,2024,Monaco,R,76.314
NOR,McLaren,70.0,0 days 00:01:17.213000,HARD,2.0,1,True,2024,Monaco,R,77.213
NOR,McLaren,71.0,0 days 00:01:16.609000,HARD,2.0,1,True,2024,Monaco,R,76.609
NOR,McLaren,72.0,0 days 00:01:16.801000,HARD,2.0,1,True,2024,Monaco,R,76.801
NOR,McLaren,73.0,0 days 00:01:16.285000,HARD,2.0,1,True,2024,Monaco,R,76.285
NOR,McLaren,74.0,0 days 00:01:16.429000,HARD,2.0,1,True,2024,Monaco,R,76.429
NOR,McLaren,75.0,0 days 00:01:16.517000,HARD,2.0,1,True,2024,Monaco,R,76.517
NOR,McLaren,76.0,0 days 00:01:16.671000,HARD,2.0,1,True,2024,Monaco,R,76.671
NOR,McLaren,77.0,0 days 00:01:16.512000,HARD,2.0,1,True,2024,Monaco,R,76.512
NOR,McLaren,78.0,0 days 00:01:17.296000,HARD,2.0,1,True,2024,Monaco,R,77.296
RUS,Mercedes,3.0,0 days 00:01:25.319000,MEDIUM,2.0,1,True,2024,Monaco,R,85.319
RUS,Mercedes,4.0,0 days 00:01:22.868000,MEDIUM,2.0,1,True,2024,Monaco,R,82.868
RUS,Mercedes,5.0,0 days 00:01:23.045000,MEDIUM,2.0,1,True,2024,Monaco,R,83.045
RUS,Mercedes,6.0,0 days 00:01:23.012000,MEDIUM,2.0,1,True,2024,Monaco,R,83.012
RUS,Mercedes,7.0,0 days 00:01:21.415000,MEDIUM,2.0,1,True,2024,Monaco,R,81.415
RUS,Mercedes,8.0,0 days 00:01:21.612000,MEDIUM,2.0,1,True,2024,Monaco,R,81.612
RUS,Mercedes,9.0,0 days 00:01:21.433000,MEDIUM,2.0,1,True,2024,Monaco,R,81.433
RUS,Mercedes,10.0,0 days 00:01:21.531000,MEDIUM,2.0,1,True,2024,Monaco,R,81.531
RUS,Mercedes,11.0,0 days 00:01:21.452000,MEDIUM,2.0,1,True,2024,Monaco,R,81.452
RUS,Mercedes,12.0,0 days 00:01:20.316000,MEDIUM,2.0,1,True,2024,Monaco,R,80.316
RUS,Mercedes,13.0,0 days 00:01:20.525000,MEDIUM,2.0,1,True,2024,Monaco,R,80.525
RUS,Mercedes,14.0,0 days 00:01:20.272000,MEDIUM,2.0,1,True,2024,Monaco,R,80.272
RUS,Mercedes,15.0,0 days 00:01:20.202000,MEDIUM,2.0,1,True,2024,Monaco,R,80.202
RUS,Mercedes,16.0,0 days 00:01:19.913000,MEDIUM,2.0,1,True,2024,Monaco,R,79.913
RUS,Mercedes,17.0,0 days 00:01:20.150000,MEDIUM,2.0,1,True,2024,Monaco,R,80.15
RUS,Mercedes,18.0,0 days 00:01:19.438000,MEDIUM,2.0,1,True,2024,Monaco,R,79.438
RUS,Mercedes,19.0,0 days 00:01:20.157000,MEDIUM,2.0,1,True,2024,Monaco,R,80.157
RUS,Mercedes,20.0,0 days 00:01:20.053000,MEDIUM,2.0,1,True,2024,Monaco,R,80.053
RUS,Mercedes,21.0,0 days 00:01:19.788000,MEDIUM,2.0,1,True,2024,Monaco,R,79.788
RUS,Mercedes,22.0,0 days 00:01:19.691000,MEDIUM,2.0,1,True,2024,Monaco,R,79.691
RUS,Mercedes,23.0,0 days 00:01:19.397000,MEDIUM,2.0,1,True,2024,Monaco,R,79.397
RUS,Mercedes,24.0,0 days 00:01:19.484000,MEDIUM,2.0,1,True,2024,Monaco,R,79.484
RUS,Mercedes,25.0,0 days 00:01:18.651000,MEDIUM,2.0,1,True,2024,Monaco,R,78.651
RUS,Mercedes,26.0,0 days 00:01:19.006000,MEDIUM,2.0,1,True,2024,Monaco,R,79.006
RUS,Mercedes,27.0,0 days 00:01:18.927000,MEDIUM,2.0,1,True,2024,Monaco,R,78.927
RUS,Mercedes,28.0,0 days 00:01:18.679000,MEDIUM,2.0,1,True,2024,Monaco,R,78.679
RUS,Mercedes,29.0,0 days 00:01:18.624000,MEDIUM,2.0,1,True,2024,Monaco,R,78.624
RUS,Mercedes,30.0,0 days 00:01:18.811000,MEDIUM,2.0,1,True,2024,Monaco,R,78.811
RUS,Mercedes,31.0,0 days 00:01:19.101000,MEDIUM,2.0,1,True,2024,Monaco,R,79.101
RUS,Mercedes,32.0,0 days 00:01:19.122000,MEDIUM,2.0,1,True,2024,Monaco,R,79.122
RUS,Mercedes,33.0,0 days 00:01:18.910000,MEDIUM,2.0,1,True,2024,Monaco,R,78.91
RUS,Mercedes,34.0,0 days 00:01:19.379000,MEDIUM,2.0,1,True,2024,Monaco,R,79.379
RUS,Mercedes,35.0,0 days 00:01:20.448000,MEDIUM,2.0,1,True,2024,Monaco,R,80.448
RUS,Mercedes,36.0,0 days 00:01:19.728000,MEDIUM,2.0,1,True,2024,Monaco,R,79.728
RUS,Mercedes,37.0,0 days 00:01:18.757000,MEDIUM,2.0,1,True,2024,Monaco,R,78.757
RUS,Mercedes,38.0,0 days 00:01:18.446000,MEDIUM,2.0,1,True,2024,Monaco,R,78.446
RUS,Mercedes,39.0,0 days 00:01:18.450000,MEDIUM,2.0,1,True,2024,Monaco,R,78.45
RUS,Mercedes,40.0,0 days 00:01:18.139000,MEDIUM,2.0,1,True,2024,Monaco,R,78.139
RUS,Mercedes,41.0,0 days 00:01:18.308000,MEDIUM,2.0,1,True,2024,Monaco,R,78.308
RUS,Mercedes,42.0,0 days 00:01:18.204000,MEDIUM,2.0,1,True,2024,Monaco,R,78.204
RUS,Mercedes,43.0,0 days 00:01:18.684000,MEDIUM,2.0,1,True,2024,Monaco,R,78.684
RUS,Mercedes,44.0,0 days 00:01:18.177000,MEDIUM,2.0,1,True,2024,Monaco,R,78.177
RUS,Mercedes,45.0,0 days 00:01:18.449000,MEDIUM,2.0,1,True,2024,Monaco,R,78.449
RUS,Mercedes,46.0,0 days 00:01:18.387000,MEDIUM,2.0,1,True,2024,Monaco,R,78.387
RUS,Mercedes,47.0,0 days 00:01:18.314000,MEDIUM,2.0,1,True,2024,Monaco,R,78.314
RUS,Mercedes,48.0,0 days 00:01:18.702000,MEDIUM,2.0,1,True,2024,Monaco,R,78.702
RUS,Mercedes,49.0,0 days 00:01:18.985000,MEDIUM,2.0,1,True,2024,Monaco,R,78.985
RUS,Mercedes,50.0,0 days 00:01:18.447000,MEDIUM,2.0,1,True,2024,Monaco,R,78.447
RUS,Mercedes,51.0,0 days 00:01:18.049000,MEDIUM,2.0,1,True,2024,Monaco,R,78.049
RUS,Mercedes,52.0,0 days 00:01:18.602000,MEDIUM,2.0,12,True,2024,Monaco,R,78.602
RUS,Mercedes,53.0,0 days 00:01:20.891000,MEDIUM,2.0,21,True,2024,Monaco,R,80.891
RUS,Mercedes,54.0,0 days 00:01:18.201000,MEDIUM,2.0,1,True,2024,Monaco,R,78.201
RUS,Mercedes,55.0,0 days 00:01:17.305000,MEDIUM,2.0,1,True,2024,Monaco,R,77.305
RUS,Mercedes,56.0,0 days 00:01:17.071000,MEDIUM,2.0,1,True,2024,Monaco,R,77.071
RUS,Mercedes,57.0,0 days 00:01:16.910000,MEDIUM,2.0,1,True,2024,Monaco,R,76.91
RUS,Mercedes,58.0,0 days 00:01:17.142000,MEDIUM,2.0,1,True,2024,Monaco,R,77.142
RUS,Mercedes,59.0,0 days 00:01:16.842000,MEDIUM,2.0,1,True,2024,Monaco,R,76.842
RUS,Mercedes,60.0,0 days 00:01:16.604000,MEDIUM,2.0,1,True,2024,Monaco,R,76.604
RUS,Mercedes,61.0,0 days 00:01:16.697000,MEDIUM,2.0,1,True,2024,Monaco,R,76.697
RUS,Mercedes,62.0,0 days 00:01:16.787000,MEDIUM,2.0,1,True,2024,Monaco,R,76.787
RUS,Mercedes,63.0,0 days 00:01:16.581000,MEDIUM,2.0,1,True,2024,Monaco,R,76.581
RUS,Mercedes,64.0,0 days 00:01:16.133000,MEDIUM,2.0,1,True,2024,Monaco,R,76.133
RUS,Mercedes,65.0,0 days 00:01:15.651000,MEDIUM,2.0,1,True,2024,Monaco,R,75.651
RUS,Mercedes,66.0,0 days 00:01:15.848000,MEDIUM,2.0,1,True,2024,Monaco,R,75.848
RUS,Mercedes,67.0,0 days 00:01:16.157000,MEDIUM,2.0,1,True,2024,Monaco,R,76.157
RUS,Mercedes,68.0,0 days 00:01:15.931000,MEDIUM,2.0,1,True,2024,Monaco,R,75.931
RUS,Mercedes,69.0,0 days 00:01:15.869000,MEDIUM,2.0,1,True,2024,Monaco,R,75.869
RUS,Mercedes,70.0,0 days 00:01:15.251000,MEDIUM,2.0,1,True,2024,Monaco,R,75.251
RUS,Mercedes,71.0,0 days 00:01:15.827000,MEDIUM,2.0,1,True,2024,Monaco,R,75.827
RUS,Mercedes,72.0,0 days 00:01:15.839000,MEDIUM,2.0,1,True,2024,Monaco,R,75.839
RUS,Mercedes,73.0,0 days 00:01:15.228000,MEDIUM,2.0,1,True,2024,Monaco,R,75.228
RUS,Mercedes,74.0,0 days 00:01:15.376000,MEDIUM,2.0,1,True,2024,Monaco,R,75.376
RUS,Mercedes,75.0,0 days 00:01:15.525000,MEDIUM,2.0,1,True,2024,Monaco,R,75.525
RUS,Mercedes,76.0,0 days 00:01:15.753000,MEDIUM,2.0,1,True,2024,Monaco,R,75.753
RUS,Mercedes,77.0,0 days 00:01:15.532000,MEDIUM,2.0,1,True,2024,Monaco,R,75.532
RUS,Mercedes,78.0,0 days 00:01:16.303000,MEDIUM,2.0,1,True,2024,Monaco,R,76.303
VER,Red Bull Racing,3.0,0 days 00:01:25.744000,MEDIUM,2.0,1,True,2024,Monaco,R,85.744
VER,Red Bull Racing,4.0,0 days 00:01:23.275000,MEDIUM,2.0,1,True,2024,Monaco,R,83.275
VER,Red Bull Racing,5.0,0 days 00:01:23.400000,MEDIUM,2.0,1,True,2024,Monaco,R,83.4
VER,Red Bull Racing,6.0,0 days 00:01:23.787000,MEDIUM,2.0,1,True,2024,Monaco,R,83.787
VER,Red Bull Racing,7.0,0 days 00:01:21.283000,MEDIUM,2.0,1,True,2024,Monaco,R,81.283
VER,Red Bull Racing,8.0,0 days 00:01:21.657000,MEDIUM,2.0,1,True,2024,Monaco,R,81.657
VER,Red Bull Racing,9.0,0 days 00:01:21.740000,MEDIUM,2.0,1,True,2024,Monaco,R,81.74
VER,Red Bull Racing,10.0,0 days 00:01:21.244000,MEDIUM,2.0,1,True,2024,Monaco,R,81.244
VER,Red Bull Racing,11.0,0 days 00:01:21.492000,MEDIUM,2.0,1,True,2024,Monaco,R,81.492
VER,Red Bull Racing,12.0,0 days 00:01:20.659000,MEDIUM,2.0,1,True,2024,Monaco,R,80.659
VER,Red Bull Racing,13.0,0 days 00:01:19.904000,MEDIUM,2.0,1,True,2024,Monaco,R,79.904
VER,Red Bull Racing,14.0,0 days 00:01:19.723000,MEDIUM,2.0,1,True,2024,Monaco,R,79.723
VER,Red Bull Racing,15.0,0 days 00:01:20.370000,MEDIUM,2.0,1,True,2024,Monaco,R,80.37
VER,Red Bull Racing,16.0,0 days 00:01:20.287000,MEDIUM,2.0,1,True,2024,Monaco,R,80.287
VER,Red Bull Racing,17.0,0 days 00:01:19.898000,MEDIUM,2.0,1,True,2024,Monaco,R,79.898
VER,Red Bull Racing,18.0,0 days 00:01:19.580000,MEDIUM,2.0,1,True,2024,Monaco,R,79.58
VER,Red Bull Racing,19.0,0 days 00:01:20.171000,MEDIUM,2.0,1,True,2024,Monaco,R,80.171
VER,Red Bull Racing,20.0,0 days 00:01:19.886000,MEDIUM,2.0,1,True,2024,Monaco,R,79.886
VER,Red Bull Racing,21.0,0 days 00:01:20.255000,MEDIUM,2.0,1,True,2024,Monaco,R,80.255
VER,Red Bull Racing,22.0,0 days 00:01:19.813000,MEDIUM,2.0,1,True,2024,Monaco,R,79.813
VER,Red Bull Racing,23.0,0 days 00:01:18.979000,MEDIUM,2.0,1,True,2024,Monaco,R,78.979
VER,Red Bull Racing,24.0,0 days 00:01:19.364000,MEDIUM,2.0,1,True,2024,Monaco,R,79.364
VER,Red Bull Racing,25.0,0 days 00:01:19.380000,MEDIUM,2.0,1,True,2024,Monaco,R,79.38
VER,Red Bull Racing,26.0,0 days 00:01:18.818000,MEDIUM,2.0,1,True,2024,Monaco,R,78.818
VER,Red Bull Racing,27.0,0 days 00:01:18.797000,MEDIUM,2.0,1,True,2024,Monaco,R,78.797
VER,Red Bull Racing,28.0,0 days 00:01:18.682000,MEDIUM,2.0,1,True,2024,Monaco,R,78.682
VER,Red Bull Racing,29.0,0 days 00:01:18.795000,MEDIUM,2.0,1,True,2024,Monaco,R,78.795
VER,Red Bull Racing,30.0,0 days 00:01:18.574000,MEDIUM,2.0,1,True,2024,Monaco,R,78.574
VER,Red Bull Racing,31.0,0 days 00:01:18.564000,MEDIUM,2.0,1,True,2024,Monaco,R,78.564
VER,Red Bull Racing,32.0,0 days 00:01:18.983000,MEDIUM,2.0,1,True,2024,Monaco,R,78.983
VER,Red Bull Racing,33.0,0 days 00:01:19.005000,MEDIUM,2.0,1,True,2024,Monaco,R,79.005
VER,Red Bull Racing,34.0,0 days 00:01:19.594000,MEDIUM,2.0,1,True,2024,Monaco,R,79.594
VER,Red Bull Racing,35.0,0 days 00:01:20.207000,MEDIUM,2.0,1,True,2024,Monaco,R,80.207
VER,Red Bull Racing,36.0,0 days 00:01:19.634000,MEDIUM,2.0,1,True,2024,Monaco,R,79.634
VER,Red Bull Racing,37.0,0 days 00:01:19.429000,MEDIUM,2.0,1,True,2024,Monaco,R,79.429
VER,Red Bull Racing,38.0,0 days 00:01:18.844000,MEDIUM,2.0,1,True,2024,Monaco,R,78.844
VER,Red Bull Racing,39.0,0 days 00:01:18.326000,MEDIUM,2.0,1,True,2024,Monaco,R,78.326
VER,Red Bull Racing,40.0,0 days 00:01:18.409000,MEDIUM,2.0,1,True,2024,Monaco,R,78.409
VER,Red Bull Racing,41.0,0 days 00:01:18.083000,MEDIUM,2.0,1,True,2024,Monaco,R,78.083
VER,Red Bull Racing,42.0,0 days 00:01:18.074000,MEDIUM,2.0,1,True,2024,Monaco,R,78.074
VER,Red Bull Racing,43.0,0 days 00:01:18.358000,MEDIUM,2.0,1,True,2024,Monaco,R,78.358
VER,Red Bull Racing,44.0,0 days 00:01:18.405000,MEDIUM,2.0,1,True,2024,Monaco,R,78.405
VER,Red Bull Racing,45.0,0 days 00:01:18.313000,MEDIUM,2.0,1,True,2024,Monaco,R,78.313
VER,Red Bull Racing,46.0,0 days 00:01:18.203000,MEDIUM,2.0,1,True,2024,Monaco,R,78.203
VER,Red Bull Racing,47.0,0 days 00:01:18.537000,MEDIUM,2.0,1,True,2024,Monaco,R,78.537
VER,Red Bull Racing,48.0,0 days 00:01:18.337000,MEDIUM,2.0,1,True,2024,Monaco,R,78.337
VER,Red Bull Racing,49.0,0 days 00:01:18.477000,MEDIUM,2.0,1,True,2024,Monaco,R,78.477
VER,Red Bull Racing,50.0,0 days 00:01:18.880000,MEDIUM,2.0,1,True,2024,Monaco,R,78.88
VER,Red Bull Racing,51.0,0 days 00:01:18.142000,MEDIUM,2.0,1,True,2024,Monaco,R,78.142
VER,Red Bull Racing,54.0,0 days 00:01:15.815000,HARD,3.0,1,True,2024,Monaco,R,75.815
VER,Red Bull Racing,55.0,0 days 00:01:15.398000,HARD,3.0,1,True,2024,Monaco,R,75.398
VER,Red Bull Racing,56.0,0 days 00:01:15.466000,HARD,3.0,1,True,2024,Monaco,R,75.466
VER,Red Bull Racing,57.0,0 days 00:01:16.181000,HARD,3.0,1,True,2024,Monaco,R,76.181
VER,Red Bull Racing,58.0,0 days 00:01:14.569000,HARD,3.0,1,True,2024,Monaco,R,74.569
VER,Red Bull Racing,59.0,0 days 00:01:14.748000,HARD,3.0,1,True,2024,Monaco,R,74.748
VER,Red Bull Racing,60.0,0 days 00:01:15.238000,HARD,3.0,1,True,2024,Monaco,R,75.238
VER,Red Bull Racing,61.0,0 days 00:01:15.121000,HARD,3.0,1,True,2024,Monaco,R,75.121
VER,Red Bull Racing,62.0,0 days 00:01:16.561000,HARD,3.0,1,True,2024,Monaco,R,76.561
VER,Red Bull Racing,63.0,0 days 00:01:16.547000,HARD,3.0,1,True,2024,Monaco,R,76.547
VER,Red Bull Racing,64.0,0 days 00:01:16.619000,HARD,3.0,1,True,2024,Monaco,R,76.619
VER,Red Bull Racing,65.0,0 days 00:01:15.468000,HARD,3.0,1,True,2024,Monaco,R,75.468
VER,Red Bull Racing,66.0,0 days 00:01:16.121000,HARD,3.0,1,True,2024,Monaco,R,76.121
VER,Red Bull Racing,67.0,0 days 00:01:16.276000,HARD,3.0,1,True,2024,Monaco,R,76.276
VER,Red Bull Racing,68.0,0 days 00:01:15.954000,HARD,3.0,1,True,2024,Monaco,R,75.954
VER,Red Bull Racing,69.0,0 days 00:01:15.463000,HARD,3.0,1,True,2024,Monaco,R,75.463
VER,Red Bull Racing,70.0,0 days 00:01:15.449000,HARD,3.0,1,True,2024,Monaco,R,75.449
VER,Red Bull Racing,71.0,0 days 00:01:15.659000,HARD,3.0,1,True,2024,Monaco,R,75.659
VER,Red Bull Racing,72.0,0 days 00:01:15.733000,HARD,3.0,1,True,2024,Monaco,R,75.733
VER,Red Bull Racing,73.0,0 days 00:01:15.436000,HARD,3.0,1,True,2024,Monaco,R,75.436
VER,Red Bull Racing,74.0,0 days 00:01:15.380000,HARD,3.0,1,True,2024,Monaco,R,75.38
VER,Red Bull Racing,75.0,0 days 00:01:15.396000,HARD,3.0,1,True,2024,Monaco,R,75.396
VER,Red Bull Racing,76.0,0 days 00:01:15.641000,HARD,3.0,1,True,2024,Monaco,R,75.641
VER,Red Bull Racing,77.0,0 days 00:01:15.543000,HARD,3.0,1,True,2024,Monaco,R,75.543
VER,Red Bull Racing,78.0,0 days 00:01:16.248000,HARD,3.0,1,True,2024,Monaco,R,76.248
HAM,Mercedes,3.0,0 days 00:01:27.058000,MEDIUM,2.0,1,True,2024,Monaco,R,87.058
HAM,Mercedes,4.0,0 days 00:01:23.376000,MEDIUM,2.0,1,True,2024,Monaco,R,83.376
HAM,Mercedes,5.0,0 days 00:01:23.640000,MEDIUM,2.0,1,True,2024,Monaco,R,83.64
HAM,Mercedes,6.0,0 days 00:01:23.369000,MEDIUM,2.0,1,True,2024,Monaco,R,83.369
HAM,Mercedes,7.0,0 days 00:01:21.463000,MEDIUM,2.0,1,True,2024,Monaco,R,81.463
HAM,Mercedes,8.0,0 days 00:01:21.612000,MEDIUM,2.0,1,True,2024,Monaco,R,81.612
HAM,Mercedes,9.0,0 days 00:01:21.851000,MEDIUM,2.0,1,True,2024,Monaco,R,81.851
HAM,Mercedes,10.0,0 days 00:01:21.437000,MEDIUM,2.0,1,True,2024,Monaco,R,81.437
HAM,Mercedes,11.0,0 days 00:01:21.325000,MEDIUM,2.0,1,True,2024,Monaco,R,81.325
HAM,Mercedes,12.0,0 days 00:01:21.164000,MEDIUM,2.0,1,True,2024,Monaco,R,81.164
HAM,Mercedes,13.0,0 days 00:01:20.171000,MEDIUM,2.0,1,True,2024,Monaco,R,80.171
HAM,Mercedes,14.0,0 days 00:01:20.126000,MEDIUM,2.0,1,True,2024,Monaco,R,80.126
HAM,Mercedes,15.0,0 days 00:01:19.971000,MEDIUM,2.0,1,True,2024,Monaco,R,79.971
HAM,Mercedes,16.0,0 days 00:01:20.384000,MEDIUM,2.0,1,True,2024,Monaco,R,80.384
HAM,Mercedes,17.0,0 days 00:01:19.738000,MEDIUM,2.0,1,True,2024,Monaco,R,79.738
HAM,Mercedes,18.0,0 days 00:01:20.037000,MEDIUM,2.0,1,True,2024,Monaco,R,80.037
HAM,Mercedes,19.0,0 days 00:01:19.874000,MEDIUM,2.0,1,True,2024,Monaco,R,79.874
HAM,Mercedes,20.0,0 days 00:01:20.504000,MEDIUM,2.0,1,True,2024,Monaco,R,80.504
HAM,Mercedes,21.0,0 days 00:01:19.760000,MEDIUM,2.0,1,True,2024,Monaco,R,79.76
HAM,Mercedes,22.0,0 days 00:01:20.590000,MEDIUM,2.0,1,True,2024,Monaco,R,80.59
HAM,Mercedes,23.0,0 days 00:01:19.089000,MEDIUM,2.0,1,True,2024,Monaco,R,79.089
HAM,Mercedes,24.0,0 days 00:01:18.785000,MEDIUM,2.0,1,True,2024,Monaco,R,78.785
HAM,Mercedes,25.0,0 days 00:01:19.342000,MEDIUM,2.0,1,True,2024,Monaco,R,79.342
HAM,Mercedes,26.0,0 days 00:01:19.862000,MEDIUM,2.0,1,True,2024,Monaco,R,79.862
HAM,Mercedes,27.0,0 days 00:01:18.549000,MEDIUM,2.0,1,True,2024,Monaco,R,78.549
HAM,Mercedes,28.0,0 days 00:01:18.587000,MEDIUM,2.0,1,True,2024,Monaco,R,78.587
HAM,Mercedes,29.0,0 days 00:01:18.940000,MEDIUM,2.0,1,True,2024,Monaco,R,78.94
HAM,Mercedes,30.0,0 days 00:01:18.371000,MEDIUM,2.0,1,True,2024,Monaco,R,78.371
HAM,Mercedes,31.0,0 days 00:01:18.471000,MEDIUM,2.0,1,True,2024,Monaco,R,78.471
HAM,Mercedes,32.0,0 days 00:01:18.618000,MEDIUM,2.0,1,True,2024,Monaco,R,78.618
HAM,Mercedes,33.0,0 days 00:01:18.746000,MEDIUM,2.0,1,True,2024,Monaco,R,78.746
HAM,Mercedes,34.0,0 days 00:01:18.860000,MEDIUM,2.0,1,True,2024,Monaco,R,78.86
HAM,Mercedes,35.0,0 days 00:01:19.518000,MEDIUM,2.0,1,True,2024,Monaco,R,79.518
HAM,Mercedes,36.0,0 days 00:01:20.648000,MEDIUM,2.0,1,True,2024,Monaco,R,80.648
HAM,Mercedes,37.0,0 days 00:01:18.605000,MEDIUM,2.0,1,True,2024,Monaco,R,78.605
HAM,Mercedes,38.0,0 days 00:01:20.514000,MEDIUM,2.0,1,True,2024,Monaco,R,80.514
HAM,Mercedes,39.0,0 days 00:01:18.943000,MEDIUM,2.0,1,True,2024,Monaco,R,78.943
HAM,Mercedes,40.0,0 days 00:01:18.673000,MEDIUM,2.0,1,True,2024,Monaco,R,78.673
HAM,Mercedes,41.0,0 days 00:01:18.946000,MEDIUM,2.0,1,True,2024,Monaco,R,78.946
HAM,Mercedes,42.0,0 days 00:01:17.542000,MEDIUM,2.0,1,True,2024,Monaco,R,77.542
HAM,Mercedes,43.0,0 days 00:01:17.867000,MEDIUM,2.0,1,True,2024,Monaco,R,77.867
HAM,Mercedes,44.0,0 days 00:01:18.225000,MEDIUM,2.0,1,True,2024,Monaco,R,78.225
HAM,Mercedes,45.0,0 days 00:01:18.156000,MEDIUM,2.0,1,True,2024,Monaco,R,78.156
HAM,Mercedes,46.0,0 days 00:01:18.104000,MEDIUM,2.0,1,True,2024,Monaco,R,78.104
HAM,Mercedes,47.0,0 days 00:01:18.331000,MEDIUM,2.0,1,True,2024,Monaco,R,78.331
HAM,Mercedes,48.0,0 days 00:01:17.831000,MEDIUM,2.0,1,True,2024,Monaco,R,77.831
HAM,Mercedes,49.0,0 days 00:01:17.398000,MEDIUM,2.0,1,True,2024,Monaco,R,77.398
HAM,Mercedes,50.0,0 days 00:01:18.461000,MEDIUM,2.0,1,True,2024,Monaco,R,78.461
HAM,Mercedes,53.0,0 days 00:01:16.458000,HARD,3.0,1,True,2024,Monaco,R,76.458
HAM,Mercedes,54.0,0 days 00:01:16.388000,HARD,3.0,1,True,2024,Monaco,R,76.388
HAM,Mercedes,55.0,0 days 00:01:16.492000,HARD,3.0,1,True,2024,Monaco,R,76.492
HAM,Mercedes,56.0,0 days 00:01:14.423000,HARD,3.0,1,True,2024,Monaco,R,74.423
HAM,Mercedes,57.0,0 days 00:01:17.857000,HARD,3.0,1,True,2024,Monaco,R,77.857
HAM,Mercedes,58.0,0 days 00:01:16.855000,HARD,3.0,1,True,2024,Monaco,R,76.855
HAM,Mercedes,59.0,0 days 00:01:14.204000,HARD,3.0,1,True,2024,Monaco,R,74.204
HAM,Mercedes,60.0,0 days 00:01:15.848000,HARD,3.0,1,True,2024,Monaco,R,75.848
HAM,Mercedes,61.0,0 days 00:01:15.274000,HARD,3.0,1,True,2024,Monaco,R,75.274
HAM,Mercedes,62.0,0 days 00:01:15.414000,HARD,3.0,1,True,2024,Monaco,R,75.414
HAM,Mercedes,63.0,0 days 00:01:14.165000,HARD,3.0,1,True,2024,Monaco,R,74.165
HAM,Mercedes,64.0,0 days 00:01:16.164000,HARD,3.0,1,True,2024,Monaco,R,76.164
HAM,Mercedes,65.0,0 days 00:01:15.190000,HARD,3.0,1,True,2024,Monaco,R,75.19
HAM,Mercedes,66.0,0 days 00:01:15.342000,HARD,3.0,1,True,2024,Monaco,R,75.342
HAM,Mercedes,67.0,0 days 00:01:16.117000,HARD,3.0,1,True,2024,Monaco,R,76.117
HAM,Mercedes,68.0,0 days 00:01:15.836000,HARD,3.0,1,True,2024,Monaco,R,75.836
HAM,Mercedes,69.0,0 days 00:01:15.648000,HARD,3.0,1,True,2024,Monaco,R,75.648
HAM,Mercedes,70.0,0 days 00:01:15.638000,HARD,3.0,1,True,2024,Monaco,R,75.638
HAM,Mercedes,71.0,0 days 00:01:15.643000,HARD,3.0,1,True,2024,Monaco,R,75.643
HAM,Mercedes,72.0,0 days 00:01:15.468000,HARD,3.0,1,True,2024,Monaco,R,75.468
HAM,Mercedes,73.0,0 days 00:01:15.134000,HARD,3.0,1,True,2024,Monaco,R,75.134
HAM,Mercedes,74.0,0 days 00:01:15.324000,HARD,3.0,1,True,2024,Monaco,R,75.324
HAM,Mercedes,75.0,0 days 00:01:15.324000,HARD,3.0,1,True,2024,Monaco,R,75.324
HAM,Mercedes,76.0,0 days 00:01:15.245000,HARD,3.0,1,True,2024,Monaco,R,75.245
HAM,Mercedes,77.0,0 days 00:01:15.697000,HARD,3.0,1,True,2024,Monaco,R,75.697
HAM,Mercedes,78.0,0 days 00:01:16.355000,HARD,3.0,1,True,2024,Monaco,R,76.355
TSU,RB,3.0,0 days 00:01:27.563000,HARD,2.0,1,True,2024,Monaco,R,87.563
TSU,RB,4.0,0 days 00:01:23.327000,HARD,2.0,1,True,2024,Monaco,R,83.327
TSU,RB,5.0,0 days 00:01:23.493000,HARD,2.0,1,True,2024,Monaco,R,83.493
TSU,RB,6.0,0 days 00:01:23.224000,HARD,2.0,1,True,2024,Monaco,R,83.224
TSU,RB,7.0,0 days 00:01:21.826000,HARD,2.0,1,True,2024,Monaco,R,81.826
TSU,RB,8.0,0 days 00:01:21.651000,HARD,2.0,1,True,2024,Monaco,R,81.651
TSU,RB,9.0,0 days 00:01:21.896000,HARD,2.0,1,True,2024,Monaco,R,81.896
TSU,RB,10.0,0 days 00:01:21.591000,HARD,2.0,1,True,2024,Monaco,R,81.591
TSU,RB,11.0,0 days 00:01:21.289000,HARD,2.0,1,True,2024,Monaco,R,81.289
TSU,RB,12.0,0 days 00:01:21.089000,HARD,2.0,1,True,2024,Monaco,R,81.089
TSU,RB,13.0,0 days 00:01:20.682000,HARD,2.0,1,True,2024,Monaco,R,80.682
TSU,RB,14.0,0 days 00:01:21.249000,HARD,2.0,1,True,2024,Monaco,R,81.249
TSU,RB,15.0,0 days 00:01:20.099000,HARD,2.0,1,True,2024,Monaco,R,80.099
TSU,RB,16.0,0 days 00:01:20.847000,HARD,2.0,1,True,2024,Monaco,R,80.847
TSU,RB,17.0,0 days 00:01:20.335000,HARD,2.0,1,True,2024,Monaco,R,80.335
TSU,RB,18.0,0 days 00:01:20.612000,HARD,2.0,1,True,2024,Monaco,R,80.612
TSU,RB,19.0,0 days 00:01:20.770000,HARD,2.0,1,True,2024,Monaco,R,80.77
TSU,RB,20.0,0 days 00:01:19.991000,HARD,2.0,1,True,2024,Monaco,R,79.991
TSU,RB,21.0,0 days 00:01:20.557000,HARD,2.0,1,True,2024,Monaco,R,80.557
TSU,RB,22.0,0 days 00:01:20.875000,HARD,2.0,1,True,2024,Monaco,R,80.875
TSU,RB,23.0,0 days 00:01:20.450000,HARD,2.0,1,True,2024,Monaco,R,80.45
TSU,RB,24.0,0 days 00:01:20.386000,HARD,2.0,1,True,2024,Monaco,R,80.386
TSU,RB,25.0,0 days 00:01:20.329000,HARD,2.0,1,True,2024,Monaco,R,80.329
TSU,RB,26.0,0 days 00:01:20.448000,HARD,2.0,1,True,2024,Monaco,R,80.448
TSU,RB,27.0,0 days 00:01:20.286000,HARD,2.0,1,True,2024,Monaco,R,80.286
TSU,RB,28.0,0 days 00:01:20.184000,HARD,2.0,1,True,2024,Monaco,R,80.184
TSU,RB,29.0,0 days 00:01:19.837000,HARD,2.0,1,True,2024,Monaco,R,79.837
TSU,RB,30.0,0 days 00:01:20.495000,HARD,2.0,1,True,2024,Monaco,R,80.495
TSU,RB,31.0,0 days 00:01:20.190000,HARD,2.0,1,True,2024,Monaco,R,80.19
TSU,RB,32.0,0 days 00:01:21.023000,HARD,2.0,1,True,2024,Monaco,R,81.023
TSU,RB,33.0,0 days 00:01:20.749000,HARD,2.0,1,True,2024,Monaco,R,80.749
TSU,RB,34.0,0 days 00:01:19.153000,HARD,2.0,1,True,2024,Monaco,R,79.153
TSU,RB,35.0,0 days 00:01:18.973000,HARD,2.0,1,True,2024,Monaco,R,78.973
TSU,RB,36.0,0 days 00:01:19.472000,HARD,2.0,1,True,2024,Monaco,R,79.472
TSU,RB,37.0,0 days 00:01:20.071000,HARD,2.0,1,True,2024,Monaco,R,80.071
TSU,RB,38.0,0 days 00:01:20.117000,HARD,2.0,1,True,2024,Monaco,R,80.117
TSU,RB,39.0,0 days 00:01:19.855000,HARD,2.0,1,True,2024,Monaco,R,79.855
TSU,RB,40.0,0 days 00:01:19.745000,HARD,2.0,1,True,2024,Monaco,R,79.745
TSU,RB,41.0,0 days 00:01:20.772000,HARD,2.0,1,True,2024,Monaco,R,80.772
TSU,RB,42.0,0 days 00:01:20.320000,HARD,2.0,1,True,2024,Monaco,R,80.32
TSU,RB,43.0,0 days 00:01:20.135000,HARD,2.0,1,True,2024,Monaco,R,80.135
TSU,RB,44.0,0 days 00:01:20.394000,HARD,2.0,1,True,2024,Monaco,R,80.394
TSU,RB,45.0,0 days 00:01:20.144000,HARD,2.0,1,True,2024,Monaco,R,80.144
TSU,RB,46.0,0 days 00:01:20.294000,HARD,2.0,1,True,2024,Monaco,R,80.294
TSU,RB,47.0,0 days 00:01:20.426000,HARD,2.0,1,True,2024,Monaco,R,80.426
TSU,RB,48.0,0 days 00:01:20.543000,HARD,2.0,1,True,2024,Monaco,R,80.543
TSU,RB,49.0,0 days 00:01:20.109000,HARD,2.0,1,True,2024,Monaco,R,80.109
TSU,RB,50.0,0 days 00:01:19.553000,HARD,2.0,1,True,2024,Monaco,R,79.553
TSU,RB,51.0,0 days 00:01:18.640000,HARD,2.0,1,True,2024,Monaco,R,78.64
TSU,RB,52.0,0 days 00:01:20.114000,HARD,2.0,12,True,2024,Monaco,R,80.114
TSU,RB,53.0,0 days 00:01:19.854000,HARD,2.0,1,True,2024,Monaco,R,79.854
TSU,RB,54.0,0 days 00:01:25.770000,HARD,2.0,1,True,2024,Monaco,R,85.77
TSU,RB,55.0,0 days 00:01:19.781000,HARD,2.0,1,True,2024,Monaco,R,79.781
TSU,RB,56.0,0 days 00:01:18.502000,HARD,2.0,1,True,2024,Monaco,R,78.502
TSU,RB,57.0,0 days 00:01:18.499000,HARD,2.0,1,True,2024,Monaco,R,78.499
TSU,RB,58.0,0 days 00:01:18.737000,HARD,2.0,1,True,2024,Monaco,R,78.737
TSU,RB,59.0,0 days 00:01:18.035000,HARD,2.0,1,True,2024,Monaco,R,78.035
TSU,RB,60.0,0 days 00:01:19.659000,HARD,2.0,1,True,2024,Monaco,R,79.659
TSU,RB,61.0,0 days 00:01:20.298000,HARD,2.0,1,True,2024,Monaco,R,80.298
TSU,RB,62.0,0 days 00:01:19.375000,HARD,2.0,1,True,2024,Monaco,R,79.375
TSU,RB,63.0,0 days 00:01:23.218000,HARD,2.0,1,True,2024,Monaco,R,83.218
TSU,RB,64.0,0 days 00:01:17.631000,HARD,2.0,1,True,2024,Monaco,R,77.631
TSU,RB,65.0,0 days 00:01:17.019000,HARD,2.0,1,True,2024,Monaco,R,77.019
TSU,RB,66.0,0 days 00:01:18.197000,HARD,2.0,1,True,2024,Monaco,R,78.197
TSU,RB,67.0,0 days 00:01:18.148000,HARD,2.0,1,True,2024,Monaco,R,78.148
TSU,RB,68.0,0 days 00:01:18.209000,HARD,2.0,1,True,2024,Monaco,R,78.209
TSU,RB,69.0,0 days 00:01:20.032000,HARD,2.0,1,True,2024,Monaco,R,80.032
TSU,RB,70.0,0 days 00:01:19.347000,HARD,2.0,1,True,2024,Monaco,R,79.347
TSU,RB,71.0,0 days 00:01:18.258000,HARD,2.0,1,True,2024,Monaco,R,78.258
TSU,RB,72.0,0 days 00:01:17.079000,HARD,2.0,1,True,2024,Monaco,R,77.079
TSU,RB,73.0,0 days 00:01:15.955000,HARD,2.0,1,True,2024,Monaco,R,75.955
TSU,RB,74.0,0 days 00:01:15.462000,HARD,2.0,1,True,2024,Monaco,R,75.462
TSU,RB,75.0,0 days 00:01:14.992000,HARD,2.0,1,True,2024,Monaco,R,74.992
TSU,RB,76.0,0 days 00:01:15.205000,HARD,2.0,1,True,2024,Monaco,R,75.205
TSU,RB,77.0,0 days 00:01:14.720000,HARD,2.0,1,True,2024,Monaco,R,74.72
ALB,Williams,3.0,0 days 00:01:27.834000,HARD,2.0,1,True,2024,Monaco,R,87.834
ALB,Williams,4.0,0 days 00:01:23.286000,HARD,2.0,1,True,2024,Monaco,R,83.286
ALB,Williams,5.0,0 days 00:01:23.369000,HARD,2.0,1,True,2024,Monaco,R,83.369
ALB,Williams,6.0,0 days 00:01:23.416000,HARD,2.0,1,True,2024,Monaco,R,83.416
ALB,Williams,7.0,0 days 00:01:21.913000,HARD,2.0,1,True,2024,Monaco,R,81.913
ALB,Williams,8.0,0 days 00:01:21.536000,HARD,2.0,1,True,2024,Monaco,R,81.536
ALB,Williams,9.0,0 days 00:01:22.004000,HARD,2.0,1,True,2024,Monaco,R,82.004
ALB,Williams,10.0,0 days 00:01:21.562000,HARD,2.0,1,True,2024,Monaco,R,81.562
ALB,Williams,11.0,0 days 00:01:21.514000,HARD,2.0,1,True,2024,Monaco,R,81.514
ALB,Williams,12.0,0 days 00:01:20.821000,HARD,2.0,1,True,2024,Monaco,R,80.821
ALB,Williams,13.0,0 days 00:01:21.420000,HARD,2.0,1,True,2024,Monaco,R,81.42
ALB,Williams,14.0,0 days 00:01:20.591000,HARD,2.0,1,True,2024,Monaco,R,80.591
ALB,Williams,15.0,0 days 00:01:20.591000,HARD,2.0,1,True,2024,Monaco,R,80.591
ALB,Williams,16.0,0 days 00:01:20.793000,HARD,2.0,1,True,2024,Monaco,R,80.793
ALB,Williams,17.0,0 days 00:01:21.137000,HARD,2.0,1,True,2024,Monaco,R,81.137
ALB,Williams,18.0,0 days 00:01:20.042000,HARD,2.0,1,True,2024,Monaco,R,80.042
ALB,Williams,19.0,0 days 00:01:20.245000,HARD,2.0,1,True,2024,Monaco,R,80.245
ALB,Williams,20.0,0 days 00:01:20.360000,HARD,2.0,1,True,2024,Monaco,R,80.36
ALB,Williams,21.0,0 days 00:01:20.937000,HARD,2.0,1,True,2024,Monaco,R,80.937
ALB,Williams,22.0,0 days 00:01:20.542000,HARD,2.0,1,True,2024,Monaco,R,80.542
ALB,Williams,23.0,0 days 00:01:20.143000,HARD,2.0,1,True,2024,Monaco,R,80.143
ALB,Williams,24.0,0 days 00:01:20.517000,HARD,2.0,1,True,2024,Monaco,R,80.517
ALB,Williams,25.0,0 days 00:01:20.323000,HARD,2.0,1,True,2024,Monaco,R,80.323
ALB,Williams,26.0,0 days 00:01:20.463000,HARD,2.0,1,True,2024,Monaco,R,80.463
ALB,Williams,27.0,0 days 00:01:20.509000,HARD,2.0,1,True,2024,Monaco,R,80.509
ALB,Williams,28.0,0 days 00:01:19.510000,HARD,2.0,1,True,2024,Monaco,R,79.51
ALB,Williams,29.0,0 days 00:01:20.271000,HARD,2.0,1,True,2024,Monaco,R,80.271
ALB,Williams,30.0,0 days 00:01:21.439000,HARD,2.0,1,True,2024,Monaco,R,81.439
ALB,Williams,31.0,0 days 00:01:20.941000,HARD,2.0,1,True,2024,Monaco,R,80.941
ALB,Williams,32.0,0 days 00:01:20.148000,HARD,2.0,1,True,2024,Monaco,R,80.148
ALB,Williams,33.0,0 days 00:01:19.491000,HARD,2.0,1,True,2024,Monaco,R,79.491
ALB,Williams,34.0,0 days 00:01:19.134000,HARD,2.0,1,True,2024,Monaco,R,79.134
ALB,Williams,35.0,0 days 00:01:18.816000,HARD,2.0,1,True,2024,Monaco,R,78.816
ALB,Williams,36.0,0 days 00:01:21.628000,HARD,2.0,1,True,2024,Monaco,R,81.628
ALB,Williams,37.0,0 days 00:01:20.775000,HARD,2.0,1,True,2024,Monaco,R,80.775
ALB,Williams,38.0,0 days 00:01:20.314000,HARD,2.0,1,True,2024,Monaco,R,80.314
ALB,Williams,39.0,0 days 00:01:20.389000,HARD,2.0,1,True,2024,Monaco,R,80.389
ALB,Williams,40.0,0 days 00:01:19.812000,HARD,2.0,1,True,2024,Monaco,R,79.812
ALB,Williams,41.0,0 days 00:01:19.329000,HARD,2.0,1,True,2024,Monaco,R,79.329
ALB,Williams,42.0,0 days 00:01:20.084000,HARD,2.0,1,True,2024,Monaco,R,80.084
ALB,Williams,43.0,0 days 00:01:19.496000,HARD,2.0,1,True,2024,Monaco,R,79.496
ALB,Williams,44.0,0 days 00:01:19.683000,HARD,2.0,1,True,2024,Monaco,R,79.683
ALB,Williams,45.0,0 days 00:01:21.748000,HARD,2.0,1,True,2024,Monaco,R,81.748
ALB,Williams,46.0,0 days 00:01:20.594000,HARD,2.0,1,True,2024,Monaco,R,80.594
ALB,Williams,47.0,0 days 00:01:20.462000,HARD,2.0,1,True,2024,Monaco,R,80.462
ALB,Williams,48.0,0 days 00:01:19.321000,HARD,2.0,1,True,2024,Monaco,R,79.321
ALB,Williams,49.0,0 days 00:01:19.378000,HARD,2.0,1,True,2024,Monaco,R,79.378
ALB,Williams,50.0,0 days 00:01:19.268000,HARD,2.0,1,True,2024,Monaco,R,79.268
ALB,Williams,51.0,0 days 00:01:18.863000,HARD,2.0,1,True,2024,Monaco,R,78.863
ALB,Williams,52.0,0 days 00:01:21.554000,HARD,2.0,12,True,2024,Monaco,R,81.554
ALB,Williams,53.0,0 days 00:01:20.700000,HARD,2.0,1,True,2024,Monaco,R,80.7
ALB,Williams,54.0,0 days 00:01:23.647000,HARD,2.0,1,True,2024,Monaco,R,83.647
ALB,Williams,55.0,0 days 00:01:19.085000,HARD,2.0,1,True,2024,Monaco,R,79.085
ALB,Williams,56.0,0 days 00:01:18.796000,HARD,2.0,1,True,2024,Monaco,R,78.796
ALB,Williams,57.0,0 days 00:01:18.271000,HARD,2.0,1,True,2024,Monaco,R,78.271
ALB,Williams,58.0,0 days 00:01:18.690000,HARD,2.0,1,True,2024,Monaco,R,78.69
ALB,Williams,59.0,0 days 00:01:18.201000,HARD,2.0,1,True,2024,Monaco,R,78.201
ALB,Williams,60.0,0 days 00:01:19.533000,HARD,2.0,1,True,2024,Monaco,R,79.533
ALB,Williams,61.0,0 days 00:01:20.222000,HARD,2.0,1,True,2024,Monaco,R,80.222
ALB,Williams,62.0,0 days 00:01:19.506000,HARD,2.0,1,True,2024,Monaco,R,79.506
ALB,Williams,63.0,0 days 00:01:23.085000,HARD,2.0,1,True,2024,Monaco,R,83.085
ALB,Williams,64.0,0 days 00:01:17.911000,HARD,2.0,1,True,2024,Monaco,R,77.911
ALB,Williams,65.0,0 days 00:01:17.261000,HARD,2.0,1,True,2024,Monaco,R,77.261
ALB,Williams,66.0,0 days 00:01:18.003000,HARD,2.0,1,True,2024,Monaco,R,78.003
ALB,Williams,67.0,0 days 00:01:17.874000,HARD,2.0,1,True,2024,Monaco,R,77.874
ALB,Williams,68.0,0 days 00:01:18.385000,HARD,2.0,1,True,2024,Monaco,R,78.385
ALB,Williams,69.0,0 days 00:01:19.921000,HARD,2.0,1,True,2024,Monaco,R,79.921
ALB,Williams,70.0,0 days 00:01:19.370000,HARD,2.0,1,True,2024,Monaco,R,79.37
ALB,Williams,71.0,0 days 00:01:18.957000,HARD,2.0,1,True,2024,Monaco,R,78.957
ALB,Williams,72.0,0 days 00:01:18.165000,HARD,2.0,1,True,2024,Monaco,R,78.165
ALB,Williams,73.0,0 days 00:01:18.432000,HARD,2.0,1,True,2024,Monaco,R,78.432
ALB,Williams,74.0,0 days 00:01:18.014000,HARD,2.0,1,True,2024,Monaco,R,78.014
ALB,Williams,75.0,0 days 00:01:17.850000,HARD,2.0,1,True,2024,Monaco,R,77.85
ALB,Williams,76.0,0 days 00:01:17.279000,HARD,2.0,1,True,2024,Monaco,R,77.279
ALB,Williams,77.0,0 days 00:01:17.060000,HARD,2.0,1,True,2024,Monaco,R,77.06
GAS,Alpine,3.0,0 days 00:01:28.269000,MEDIUM,2.0,1,True,2024,Monaco,R,88.269
GAS,Alpine,4.0,0 days 00:01:23.269000,MEDIUM,2.0,1,True,2024,Monaco,R,83.269
GAS,Alpine,5.0,0 days 00:01:23.428000,MEDIUM,2.0,1,True,2024,Monaco,R,83.428
GAS,Alpine,6.0,0 days 00:01:23.106000,MEDIUM,2.0,1,True,2024,Monaco,R,83.106
GAS,Alpine,7.0,0 days 00:01:22.233000,MEDIUM,2.0,1,True,2024,Monaco,R,82.233
GAS,Alpine,8.0,0 days 00:01:21.600000,MEDIUM,2.0,1,True,2024,Monaco,R,81.6
GAS,Alpine,9.0,0 days 00:01:22.071000,MEDIUM,2.0,1,True,2024,Monaco,R,82.071
GAS,Alpine,10.0,0 days 00:01:21.394000,MEDIUM,2.0,1,True,2024,Monaco,R,81.394
GAS,Alpine,11.0,0 days 00:01:21.298000,MEDIUM,2.0,1,True,2024,Monaco,R,81.298
GAS,Alpine,12.0,0 days 00:01:21.289000,MEDIUM,2.0,1,True,2024,Monaco,R,81.289
GAS,Alpine,13.0,0 days 00:01:21.530000,MEDIUM,2.0,1,True,2024,Monaco,R,81.53
GAS,Alpine,14.0,0 days 00:01:19.920000,MEDIUM,2.0,1,True,2024,Monaco,R,79.92
GAS,Alpine,15.0,0 days 00:01:21.066000,MEDIUM,2.0,1,True,2024,Monaco,R,81.066
GAS,Alpine,16.0,0 days 00:01:21.054000,MEDIUM,2.0,1,True,2024,Monaco,R,81.054
GAS,Alpine,17.0,0 days 00:01:21.961000,MEDIUM,2.0,1,True,2024,Monaco,R,81.961
GAS,Alpine,18.0,0 days 00:01:20.797000,MEDIUM,2.0,1,True,2024,Monaco,R,80.797
GAS,Alpine,19.0,0 days 00:01:19.904000,MEDIUM,2.0,1,True,2024,Monaco,R,79.904
GAS,Alpine,20.0,0 days 00:01:20.255000,MEDIUM,2.0,1,True,2024,Monaco,R,80.255
GAS,Alpine,21.0,0 days 00:01:19.876000,MEDIUM,2.0,1,True,2024,Monaco,R,79.876
GAS,Alpine,22.0,0 days 00:01:20.554000,MEDIUM,2.0,1,True,2024,Monaco,R,80.554
GAS,Alpine,23.0,0 days 00:01:21.306000,MEDIUM,2.0,1,True,2024,Monaco,R,81.306
GAS,Alpine,24.0,0 days 00:01:20.949000,MEDIUM,2.0,1,True,2024,Monaco,R,80.949
GAS,Alpine,25.0,0 days 00:01:20.372000,MEDIUM,2.0,1,True,2024,Monaco,R,80.372
GAS,Alpine,26.0,0 days 00:01:20.593000,MEDIUM,2.0,1,True,2024,Monaco,R,80.593
GAS,Alpine,27.0,0 days 00:01:20.521000,MEDIUM,2.0,1,True,2024,Monaco,R,80.521
GAS,Alpine,28.0,0 days 00:01:20.229000,MEDIUM,2.0,1,True,2024,Monaco,R,80.229
GAS,Alpine,29.0,0 days 00:01:19.376000,MEDIUM,2.0,1,True,2024,Monaco,R,79.376
GAS,Alpine,30.0,0 days 00:01:21.764000,MEDIUM,2.0,1,True,2024,Monaco,R,81.764
GAS,Alpine,31.0,0 days 00:01:21.427000,MEDIUM,2.0,1,True,2024,Monaco,R,81.427
GAS,Alpine,32.0,0 days 00:01:21.121000,MEDIUM,2.0,1,True,2024,Monaco,R,81.121
GAS,Alpine,33.0,0 days 00:01:20.965000,MEDIUM,2.0,1,True,2024,Monaco,R,80.965
GAS,Alpine,34.0,0 days 00:01:20.751000,MEDIUM,2.0,1,True,2024,Monaco,R,80.751
GAS,Alpine,35.0,0 days 00:01:19.361000,MEDIUM,2.0,1,True,2024,Monaco,R,79.361
GAS,Alpine,36.0,0 days 00:01:19.576000,MEDIUM,2.0,1,True,2024,Monaco,R,79.576
GAS,Alpine,37.0,0 days 00:01:19.975000,MEDIUM,2.0,1,True,2024,Monaco,R,79.975
GAS,Alpine,38.0,0 days 00:01:19.428000,MEDIUM,2.0,1,True,2024,Monaco,R,79.428
GAS,Alpine,39.0,0 days 00:01:20.320000,MEDIUM,2.0,1,True,2024,Monaco,R,80.32
GAS,Alpine,40.0,0 days 00:01:20.384000,MEDIUM,2.0,1,True,2024,Monaco,R,80.384
GAS,Alpine,41.0,0 days 00:01:20.200000,MEDIUM,2.0,1,True,2024,Monaco,R,80.2
GAS,Alpine,42.0,0 days 00:01:19.977000,MEDIUM,2.0,1,True,2024,Monaco,R,79.977
GAS,Alpine,43.0,0 days 00:01:21.048000,MEDIUM,2.0,1,True,2024,Monaco,R,81.048
GAS,Alpine,44.0,0 days 00:01:20.621000,MEDIUM,2.0,1,True,2024,Monaco,R,80.621
GAS,Alpine,45.0,0 days 00:01:19.382000,MEDIUM,2.0,1,True,2024,Monaco,R,79.382
GAS,Alpine,46.0,0 days 00:01:19.970000,MEDIUM,2.0,1,True,2024,Monaco,R,79.97
GAS,Alpine,47.0,0 days 00:01:19.435000,MEDIUM,2.0,1,True,2024,Monaco,R,79.435
GAS,Alpine,48.0,0 days 00:01:19.865000,MEDIUM,2.0,1,True,2024,Monaco,R,79.865
GAS,Alpine,49.0,0 days 00:01:20.534000,MEDIUM,2.0,1,True,2024,Monaco,R,80.534
GAS,Alpine,50.0,0 days 00:01:21.023000,MEDIUM,2.0,1,True,2024,Monaco,R,81.023
GAS,Alpine,51.0,0 days 00:01:24.473000,MEDIUM,2.0,1,True,2024,Monaco,R,84.473
GAS,Alpine,52.0,0 days 00:01:19.743000,MEDIUM,2.0,12,True,2024,Monaco,R,79.743
GAS,Alpine,53.0,0 days 00:01:19.917000,MEDIUM,2.0,1,True,2024,Monaco,R,79.917
GAS,Alpine,54.0,0 days 00:01:19.091000,MEDIUM,2.0,1,True,2024,Monaco,R,79.091
GAS,Alpine,55.0,0 days 00:01:19.407000,MEDIUM,2.0,1,True,2024,Monaco,R,79.407
GAS,Alpine,56.0,0 days 00:01:19.704000,MEDIUM,2.0,1,True,2024,Monaco,R,79.704
GAS,Alpine,57.0,0 days 00:01:19.448000,MEDIUM,2.0,1,True,2024,Monaco,R,79.448
GAS,Alpine,58.0,0 days 00:01:19.097000,MEDIUM,2.0,1,True,2024,Monaco,R,79.097
GAS,Alpine,59.0,0 days 00:01:21.378000,MEDIUM,2.0,1,True,2024,Monaco,R,81.378
GAS,Alpine,60.0,0 days 00:01:20.237000,MEDIUM,2.0,1,True,2024,Monaco,R,80.237
GAS,Alpine,61.0,0 days 00:01:20.407000,MEDIUM,2.0,1,True,2024,Monaco,R,80.407
GAS,Alpine,62.0,0 days 00:01:18.469000,MEDIUM,2.0,1,True,2024,Monaco,R,78.469
GAS,Alpine,63.0,0 days 00:01:19.155000,MEDIUM,2.0,1,True,2024,Monaco,R,79.155
GAS,Alpine,64.0,0 days 00:01:18.868000,MEDIUM,2.0,1,True,2024,Monaco,R,78.868
GAS,Alpine,65.0,0 days 00:01:19.220000,MEDIUM,2.0,1,True,2024,Monaco,R,79.22
GAS,Alpine,66.0,0 days 00:01:18.726000,MEDIUM,2.0,1,True,2024,Monaco,R,78.726
GAS,Alpine,67.0,0 days 00:01:18.624000,MEDIUM,2.0,1,True,2024,Monaco,R,78.624
GAS,Alpine,68.0,0 days 00:01:18.545000,MEDIUM,2.0,1,True,2024,Monaco,R,78.545
GAS,Alpine,69.0,0 days 00:01:18.363000,MEDIUM,2.0,1,True,2024,Monaco,R,78.363
GAS,Alpine,70.0,0 days 00:01:17.799000,MEDIUM,2.0,1,True,2024,Monaco,R,77.799
GAS,Alpine,71.0,0 days 00:01:18.140000,MEDIUM,2.0,1,True,2024,Monaco,R,78.14
GAS,Alpine,72.0,0 days 00:01:18.382000,MEDIUM,2.0,1,True,2024,Monaco,R,78.382
GAS,Alpine,73.0,0 days 00:01:17.992000,MEDIUM,2.0,1,True,2024,Monaco,R,77.992
GAS,Alpine,74.0,0 days 00:01:16.689000,MEDIUM,2.0,1,True,2024,Monaco,R,76.689
GAS,Alpine,75.0,0 days 00:01:18.120000,MEDIUM,2.0,1,True,2024,Monaco,R,78.12
GAS,Alpine,76.0,0 days 00:01:17.516000,MEDIUM,2.0,1,True,2024,Monaco,R,77.516
GAS,Alpine,77.0,0 days 00:01:15.625000,MEDIUM,2.0,1,True,2024,Monaco,R,75.625
ALO,Aston Martin,3.0,0 days 00:01:29.188000,MEDIUM,2.0,1,True,2024,Monaco,R,89.188
ALO,Aston Martin,4.0,0 days 00:01:23.736000,MEDIUM,2.0,1,True,2024,Monaco,R,83.736
ALO,Aston Martin,5.0,0 days 00:01:23.575000,MEDIUM,2.0,1,True,2024,Monaco,R,83.575
ALO,Aston Martin,6.0,0 days 00:01:22.711000,MEDIUM,2.0,1,True,2024,Monaco,R,82.711
ALO,Aston Martin,7.0,0 days 00:01:22.866000,MEDIUM,2.0,1,True,2024,Monaco,R,82.866
ALO,Aston Martin,8.0,0 days 00:01:22.284000,MEDIUM,2.0,1,True,2024,Monaco,R,82.284
ALO,Aston Martin,9.0,0 days 00:01:21.650000,MEDIUM,2.0,1,True,2024,Monaco,R,81.65
ALO,Aston Martin,10.0,0 days 00:01:21.864000,MEDIUM,2.0,1,True,2024,Monaco,R,81.864
ALO,Aston Martin,11.0,0 days 00:01:21.418000,MEDIUM,2.0,1,True,2024,Monaco,R,81.418
ALO,Aston Martin,12.0,0 days 00:01:21.366000,MEDIUM,2.0,1,True,2024,Monaco,R,81.366
ALO,Aston Martin,13.0,0 days 00:01:21.428000,MEDIUM,2.0,1,True,2024,Monaco,R,81.428
ALO,Aston Martin,14.0,0 days 00:01:21.392000,MEDIUM,2.0,1,True,2024,Monaco,R,81.392
ALO,Aston Martin,15.0,0 days 00:01:21.061000,MEDIUM,2.0,1,True,2024,Monaco,R,81.061
ALO,Aston Martin,16.0,0 days 00:01:21.318000,MEDIUM,2.0,1,True,2024,Monaco,R,81.318
ALO,Aston Martin,17.0,0 days 00:01:20.799000,MEDIUM,2.0,1,True,2024,Monaco,R,80.799
ALO,Aston Martin,18.0,0 days 00:01:21.075000,MEDIUM,2.0,1,True,2024,Monaco,R,81.075
ALO,Aston Martin,19.0,0 days 00:01:20.605000,MEDIUM,2.0,1,True,2024,Monaco,R,80.605
ALO,Aston Martin,20.0,0 days 00:01:21.110000,MEDIUM,2.0,1,True,2024,Monaco,R,81.11
ALO,Aston Martin,21.0,0 days 00:01:20.317000,MEDIUM,2.0,1,True,2024,Monaco,R,80.317
ALO,Aston Martin,22.0,0 days 00:01:21.037000,MEDIUM,2.0,1,True,2024,Monaco,R,81.037
ALO,Aston Martin,23.0,0 days 00:01:20.246000,MEDIUM,2.0,1,True,2024,Monaco,R,80.246
ALO,Aston Martin,24.0,0 days 00:01:21.413000,MEDIUM,2.0,1,True,2024,Monaco,R,81.413
ALO,Aston Martin,25.0,0 days 00:01:21.091000,MEDIUM,2.0,1,True,2024,Monaco,R,81.091
ALO,Aston Martin,26.0,0 days 00:01:20.858000,MEDIUM,2.0,1,True,2024,Monaco,R,80.858
ALO,Aston Martin,27.0,0 days 00:01:21.303000,MEDIUM,2.0,1,True,2024,Monaco,R,81.303
ALO,Aston Martin,28.0,0 days 00:01:21.544000,MEDIUM,2.0,1,True,2024,Monaco,R,81.544
ALO,Aston Martin,29.0,0 days 00:01:21.205000,MEDIUM,2.0,1,True,2024,Monaco,R,81.205
ALO,Aston Martin,30.0,0 days 00:01:21.034000,MEDIUM,2.0,1,True,2024,Monaco,R,81.034
ALO,Aston Martin,31.0,0 days 00:01:20.642000,MEDIUM,2.0,1,True,2024,Monaco,R,80.642
ALO,Aston Martin,32.0,0 days 00:01:21.010000,MEDIUM,2.0,1,True,2024,Monaco,R,81.01
ALO,Aston Martin,33.0,0 days 00:01:20.350000,MEDIUM,2.0,1,True,2024,Monaco,R,80.35
ALO,Aston Martin,34.0,0 days 00:01:20.877000,MEDIUM,2.0,1,True,2024,Monaco,R,80.877
ALO,Aston Martin,35.0,0 days 00:01:20.432000,MEDIUM,2.0,1,True,2024,Monaco,R,80.432
ALO,Aston Martin,36.0,0 days 00:01:21.128000,MEDIUM,2.0,1,True,2024,Monaco,R,81.128
ALO,Aston Martin,37.0,0 days 00:01:21.512000,MEDIUM,2.0,1,True,2024,Monaco,R,81.512
ALO,Aston Martin,38.0,0 days 00:01:21.082000,MEDIUM,2.0,1,True,2024,Monaco,R,81.082
ALO,Aston Martin,39.0,0 days 00:01:21.265000,MEDIUM,2.0,1,True,2024,Monaco,R,81.265
ALO,Aston Martin,40.0,0 days 00:01:20.755000,MEDIUM,2.0,1,True,2024,Monaco,R,80.755
ALO,Aston Martin,41.0,0 days 00:01:23.446000,MEDIUM,2.0,1,True,2024,Monaco,R,83.446
ALO,Aston Martin,42.0,0 days 00:01:23.332000,MEDIUM,2.0,1,True,2024,Monaco,R,83.332
ALO,Aston Martin,43.0,0 days 00:01:20.286000,MEDIUM,2.0,1,True,2024,Monaco,R,80.286
ALO,Aston Martin,44.0,0 days 00:01:18.852000,MEDIUM,2.0,1,True,2024,Monaco,R,78.852
ALO,Aston Martin,45.0,0 days 00:01:19.956000,MEDIUM,2.0,1,True,2024,Monaco,R,79.956
ALO,Aston Martin,46.0,0 days 00:01:18.928000,MEDIUM,2.0,1,True,2024,Monaco,R,78.928
ALO,Aston Martin,47.0,0 days 00:01:19.109000,MEDIUM,2.0,1,True,2024,Monaco,R,79.109
ALO,Aston Martin,48.0,0 days 00:01:20.315000,MEDIUM,2.0,1,True,2024,Monaco,R,80.315
ALO,Aston Martin,49.0,0 days 00:01:19.837000,MEDIUM,2.0,1,True,2024,Monaco,R,79.837
ALO,Aston Martin,50.0,0 days 00:01:19.334000,MEDIUM,2.0,1,True,2024,Monaco,R,79.334
ALO,Aston Martin,51.0,0 days 00:01:20.636000,MEDIUM,2.0,1,True,2024,Monaco,R,80.636
ALO,Aston Martin,52.0,0 days 00:01:23.377000,MEDIUM,2.0,12,True,2024,Monaco,R,83.377
ALO,Aston Martin,53.0,0 days 00:01:19.992000,MEDIUM,2.0,1,True,2024,Monaco,R,79.992
ALO,Aston Martin,54.0,0 days 00:01:19.191000,MEDIUM,2.0,1,True,2024,Monaco,R,79.191
ALO,Aston Martin,55.0,0 days 00:01:19.411000,MEDIUM,2.0,1,True,2024,Monaco,R,79.411
ALO,Aston Martin,56.0,0 days 00:01:20.739000,MEDIUM,2.0,1,True,2024,Monaco,R,80.739
ALO,Aston Martin,57.0,0 days 00:01:20.600000,MEDIUM,2.0,1,True,2024,Monaco,R,80.6
ALO,Aston Martin,58.0,0 days 00:01:19.229000,MEDIUM,2.0,1,True,2024,Monaco,R,79.229
ALO,Aston Martin,59.0,0 days 00:01:19.219000,MEDIUM,2.0,1,True,2024,Monaco,R,79.219
ALO,Aston Martin,60.0,0 days 00:01:19.166000,MEDIUM,2.0,1,True,2024,Monaco,R,79.166
ALO,Aston Martin,61.0,0 days 00:01:18.752000,MEDIUM,2.0,1,True,2024,Monaco,R,78.752
ALO,Aston Martin,62.0,0 days 00:01:18.816000,MEDIUM,2.0,1,True,2024,Monaco,R,78.816
ALO,Aston Martin,63.0,0 days 00:01:18.556000,MEDIUM,2.0,1,True,2024,Monaco,R,78.556
ALO,Aston Martin,64.0,0 days 00:01:18.736000,MEDIUM,2.0,1,True,2024,Monaco,R,78.736
ALO,Aston Martin,65.0,0 days 00:01:18.633000,MEDIUM,2.0,1,True,2024,Monaco,R,78.633
ALO,Aston Martin,66.0,0 days 00:01:18.637000,MEDIUM,2.0,1,True,2024,Monaco,R,78.637
ALO,Aston Martin,67.0,0 days 00:01:18.126000,MEDIUM,2.0,1,True,2024,Monaco,R,78.126
ALO,Aston Martin,68.0,0 days 00:01:17.939000,MEDIUM,2.0,1,True,2024,Monaco,R,77.939
ALO,Aston Martin,69.0,0 days 00:01:18.713000,MEDIUM,2.0,1,True,2024,Monaco,R,78.713
ALO,Aston Martin,70.0,0 days 00:01:18.473000,MEDIUM,2.0,1,True,2024,Monaco,R,78.473
ALO,Aston Martin,71.0,0 days 00:01:18.133000,MEDIUM,2.0,1,True,2024,Monaco,R,78.133
ALO,Aston Martin,72.0,0 days 00:01:18.081000,MEDIUM,2.0,1,True,2024,Monaco,R,78.081
ALO,Aston Martin,73.0,0 days 00:01:18.504000,MEDIUM,2.0,1,True,2024,Monaco,R,78.504
ALO,Aston Martin,74.0,0 days 00:01:20.336000,MEDIUM,2.0,1,True,2024,Monaco,R,80.336
ALO,Aston Martin,75.0,0 days 00:01:18.663000,MEDIUM,2.0,1,True,2024,Monaco,R,78.663
ALO,Aston Martin,76.0,0 days 00:01:19.053000,MEDIUM,2.0,1,True,2024,Monaco,R,79.053
RIC,RB,3.0,0 days 00:01:29.656000,HARD,2.0,1,True,2024,Monaco,R,89.656
RIC,RB,4.0,0 days 00:01:23.524000,HARD,2.0,1,True,2024,Monaco,R,83.524
RIC,RB,5.0,0 days 00:01:23.744000,HARD,2.0,1,True,2024,Monaco,R,83.744
RIC,RB,6.0,0 days 00:01:22.748000,HARD,2.0,1,True,2024,Monaco,R,82.748
RIC,RB,7.0,0 days 00:01:22.747000,HARD,2.0,1,True,2024,Monaco,R,82.747
RIC,RB,8.0,0 days 00:01:22.433000,HARD,2.0,1,True,2024,Monaco,R,82.433
RIC,RB,9.0,0 days 00:01:21.528000,HARD,2.0,1,True,2024,Monaco,R,81.528
RIC,RB,10.0,0 days 00:01:21.976000,HARD,2.0,1,True,2024,Monaco,R,81.976
RIC,RB,11.0,0 days 00:01:21.530000,HARD,2.0,1,True,2024,Monaco,R,81.53
RIC,RB,12.0,0 days 00:01:21.277000,HARD,2.0,1,True,2024,Monaco,R,81.277
RIC,RB,13.0,0 days 00:01:21.416000,HARD,2.0,1,True,2024,Monaco,R,81.416
RIC,RB,14.0,0 days 00:01:21.391000,HARD,2.0,1,True,2024,Monaco,R,81.391
RIC,RB,15.0,0 days 00:01:21.177000,HARD,2.0,1,True,2024,Monaco,R,81.177
RIC,RB,16.0,0 days 00:01:21.125000,HARD,2.0,1,True,2024,Monaco,R,81.125
RIC,RB,17.0,0 days 00:01:20.862000,HARD,2.0,1,True,2024,Monaco,R,80.862
RIC,RB,18.0,0 days 00:01:21.108000,HARD,2.0,1,True,2024,Monaco,R,81.108
RIC,RB,19.0,0 days 00:01:21.310000,HARD,2.0,1,True,2024,Monaco,R,81.31
RIC,RB,20.0,0 days 00:01:20.942000,HARD,2.0,1,True,2024,Monaco,R,80.942
RIC,RB,21.0,0 days 00:01:20.817000,HARD,2.0,1,True,2024,Monaco,R,80.817
RIC,RB,22.0,0 days 00:01:20.849000,HARD,2.0,1,True,2024,Monaco,R,80.849
RIC,RB,23.0,0 days 00:01:20.662000,HARD,2.0,1,True,2024,Monaco,R,80.662
RIC,RB,24.0,0 days 00:01:20.348000,HARD,2.0,1,True,2024,Monaco,R,80.348
RIC,RB,25.0,0 days 00:01:21.029000,HARD,2.0,1,True,2024,Monaco,R,81.029
RIC,RB,26.0,0 days 00:01:20.691000,HARD,2.0,1,True,2024,Monaco,R,80.691
RIC,RB,27.0,0 days 00:01:21.365000,HARD,2.0,1,True,2024,Monaco,R,81.365
RIC,RB,28.0,0 days 00:01:21.566000,HARD,2.0,1,True,2024,Monaco,R,81.566
RIC,RB,29.0,0 days 00:01:21.265000,HARD,2.0,1,True,2024,Monaco,R,81.265
RIC,RB,30.0,0 days 00:01:20.900000,HARD,2.0,1,True,2024,Monaco,R,80.9
RIC,RB,31.0,0 days 00:01:20.703000,HARD,2.0,1,True,2024,Monaco,R,80.703
RIC,RB,32.0,0 days 00:01:20.940000,HARD,2.0,1,True,2024,Monaco,R,80.94
RIC,RB,33.0,0 days 00:01:20.395000,HARD,2.0,1,True,2024,Monaco,R,80.395
RIC,RB,34.0,0 days 00:01:20.840000,HARD,2.0,1,True,2024,Monaco,R,80.84
RIC,RB,35.0,0 days 00:01:20.540000,HARD,2.0,1,True,2024,Monaco,R,80.54
RIC,RB,36.0,0 days 00:01:21.126000,HARD,2.0,1,True,2024,Monaco,R,81.126
RIC,RB,37.0,0 days 00:01:21.358000,HARD,2.0,1,True,2024,Monaco,R,81.358
RIC,RB,38.0,0 days 00:01:21.099000,HARD,2.0,1,True,2024,Monaco,R,81.099
RIC,RB,39.0,0 days 00:01:21.255000,HARD,2.0,1,True,2024,Monaco,R,81.255
RIC,RB,40.0,0 days 00:01:20.870000,HARD,2.0,1,True,2024,Monaco,R,80.87
RIC,RB,41.0,0 days 00:01:25.218000,HARD,2.0,1,True,2024,Monaco,R,85.218
RIC,RB,42.0,0 days 00:01:21.527000,HARD,2.0,1,True,2024,Monaco,R,81.527
RIC,RB,43.0,0 days 00:01:21.053000,HARD,2.0,1,True,2024,Monaco,R,81.053
RIC,RB,44.0,0 days 00:01:18.003000,HARD,2.0,1,True,2024,Monaco,R,78.003
RIC,RB,45.0,0 days 00:01:21.761000,HARD,2.0,1,True,2024,Monaco,R,81.761
RIC,RB,46.0,0 days 00:01:17.172000,HARD,2.0,1,True,2024,Monaco,R,77.172
RIC,RB,47.0,0 days 00:01:21.071000,HARD,2.0,1,True,2024,Monaco,R,81.071
RIC,RB,48.0,0 days 00:01:18.282000,HARD,2.0,1,True,2024,Monaco,R,78.282
RIC,RB,49.0,0 days 00:01:19.837000,HARD,2.0,1,True,2024,Monaco,R,79.837
RIC,RB,50.0,0 days 00:01:19.796000,HARD,2.0,1,True,2024,Monaco,R,79.796
RIC,RB,51.0,0 days 00:01:22.683000,HARD,2.0,12,True,2024,Monaco,R,82.683
RIC,RB,52.0,0 days 00:01:20.696000,HARD,2.0,21,True,2024,Monaco,R,80.696
RIC,RB,53.0,0 days 00:01:20.079000,HARD,2.0,1,True,2024,Monaco,R,80.079
RIC,RB,54.0,0 days 00:01:19.176000,HARD,2.0,1,True,2024,Monaco,R,79.176
RIC,RB,55.0,0 days 00:01:19.457000,HARD,2.0,1,True,2024,Monaco,R,79.457
RIC,RB,56.0,0 days 00:01:22.007000,HARD,2.0,1,True,2024,Monaco,R,82.007
RIC,RB,57.0,0 days 00:01:19.672000,HARD,2.0,1,True,2024,Monaco,R,79.672
RIC,RB,58.0,0 days 00:01:19.119000,HARD,2.0,1,True,2024,Monaco,R,79.119
RIC,RB,59.0,0 days 00:01:18.936000,HARD,2.0,1,True,2024,Monaco,R,78.936
RIC,RB,60.0,0 days 00:01:19.230000,HARD,2.0,1,True,2024,Monaco,R,79.23
RIC,RB,61.0,0 days 00:01:18.771000,HARD,2.0,1,True,2024,Monaco,R,78.771
RIC,RB,62.0,0 days 00:01:18.977000,HARD,2.0,1,True,2024,Monaco,R,78.977
RIC,RB,63.0,0 days 00:01:18.805000,HARD,2.0,1,True,2024,Monaco,R,78.805
RIC,RB,64.0,0 days 00:01:18.637000,HARD,2.0,1,True,2024,Monaco,R,78.637
RIC,RB,65.0,0 days 00:01:18.730000,HARD,2.0,1,True,2024,Monaco,R,78.73
RIC,RB,66.0,0 days 00:01:18.248000,HARD,2.0,1,True,2024,Monaco,R,78.248
RIC,RB,67.0,0 days 00:01:18.219000,HARD,2.0,1,True,2024,Monaco,R,78.219
RIC,RB,68.0,0 days 00:01:18.116000,HARD,2.0,1,True,2024,Monaco,R,78.116
RIC,RB,69.0,0 days 00:01:18.386000,HARD,2.0,1,True,2024,Monaco,R,78.386
RIC,RB,70.0,0 days 00:01:18.706000,HARD,2.0,1,True,2024,Monaco,R,78.706
RIC,RB,71.0,0 days 00:01:18.108000,HARD,2.0,1,True,2024,Monaco,R,78.108
RIC,RB,72.0,0 days 00:01:18.068000,HARD,2.0,1,True,2024,Monaco,R,78.068
RIC,RB,73.0,0 days 00:01:18.512000,HARD,2.0,1,True,2024,Monaco,R,78.512
RIC,RB,74.0,0 days 00:01:20.358000,HARD,2.0,1,True,2024,Monaco,R,80.358
RIC,RB,75.0,0 days 00:01:18.645000,HARD,2.0,1,True,2024,Monaco,R,78.645
RIC,RB,76.0,0 days 00:01:18.930000,HARD,2.0,1,True,2024,Monaco,R,78.93
BOT,Kick Sauber,3.0,0 days 00:01:29.743000,MEDIUM,2.0,1,True,2024,Monaco,R,89.743
BOT,Kick Sauber,4.0,0 days 00:01:23.386000,MEDIUM,2.0,1,True,2024,Monaco,R,83.386
BOT,Kick Sauber,5.0,0 days 00:01:23.636000,MEDIUM,2.0,1,True,2024,Monaco,R,83.636
BOT,Kick Sauber,6.0,0 days 00:01:22.868000,MEDIUM,2.0,1,True,2024,Monaco,R,82.868
BOT,Kick Sauber,7.0,0 days 00:01:22.832000,MEDIUM,2.0,1,True,2024,Monaco,R,82.832
BOT,Kick Sauber,8.0,0 days 00:01:22.249000,MEDIUM,2.0,1,True,2024,Monaco,R,82.249
BOT,Kick Sauber,9.0,0 days 00:01:21.715000,MEDIUM,2.0,1,True,2024,Monaco,R,81.715
BOT,Kick Sauber,10.0,0 days 00:01:21.947000,MEDIUM,2.0,1,True,2024,Monaco,R,81.947
BOT,Kick Sauber,11.0,0 days 00:01:21.547000,MEDIUM,2.0,1,True,2024,Monaco,R,81.547
BOT,Kick Sauber,12.0,0 days 00:01:21.328000,MEDIUM,2.0,1,True,2024,Monaco,R,81.328
BOT,Kick Sauber,13.0,0 days 00:01:21.540000,MEDIUM,2.0,1,True,2024,Monaco,R,81.54
BOT,Kick Sauber,14.0,0 days 00:01:21.221000,MEDIUM,2.0,1,True,2024,Monaco,R,81.221
BOT,Kick Sauber,17.0,0 days 00:01:16.561000,HARD,3.0,1,True,2024,Monaco,R,76.561
BOT,Kick Sauber,18.0,0 days 00:01:16.567000,HARD,3.0,1,True,2024,Monaco,R,76.567
BOT,Kick Sauber,19.0,0 days 00:01:17.829000,HARD,3.0,1,True,2024,Monaco,R,77.829
BOT,Kick Sauber,20.0,0 days 00:01:19.124000,HARD,3.0,1,True,2024,Monaco,R,79.124
BOT,Kick Sauber,21.0,0 days 00:01:20.462000,HARD,3.0,1,True,2024,Monaco,R,80.462
BOT,Kick Sauber,22.0,0 days 00:01:21.022000,HARD,3.0,1,True,2024,Monaco,R,81.022
BOT,Kick Sauber,23.0,0 days 00:01:20.750000,HARD,3.0,1,True,2024,Monaco,R,80.75
BOT,Kick Sauber,24.0,0 days 00:01:20.564000,HARD,3.0,1,True,2024,Monaco,R,80.564
BOT,Kick Sauber,25.0,0 days 00:01:20.783000,HARD,3.0,1,True,2024,Monaco,R,80.783
BOT,Kick Sauber,26.0,0 days 00:01:20.851000,HARD,3.0,1,True,2024,Monaco,R,80.851
BOT,Kick Sauber,27.0,0 days 00:01:21.370000,HARD,3.0,1,True,2024,Monaco,R,81.37
BOT,Kick Sauber,28.0,0 days 00:01:21.765000,HARD,3.0,1,True,2024,Monaco,R,81.765
BOT,Kick Sauber,29.0,0 days 00:01:20.857000,HARD,3.0,1,True,2024,Monaco,R,80.857
BOT,Kick Sauber,30.0,0 days 00:01:21.470000,HARD,3.0,1,True,2024,Monaco,R,81.47
BOT,Kick Sauber,31.0,0 days 00:01:20.752000,HARD,3.0,1,True,2024,Monaco,R,80.752
BOT,Kick Sauber,32.0,0 days 00:01:20.658000,HARD,3.0,1,True,2024,Monaco,R,80.658
BOT,Kick Sauber,33.0,0 days 00:01:20.525000,HARD,3.0,1,True,2024,Monaco,R,80.525
BOT,Kick Sauber,34.0,0 days 00:01:20.903000,HARD,3.0,1,True,2024,Monaco,R,80.903
BOT,Kick Sauber,35.0,0 days 00:01:20.254000,HARD,3.0,1,True,2024,Monaco,R,80.254
BOT,Kick Sauber,36.0,0 days 00:01:21.196000,HARD,3.0,1,True,2024,Monaco,R,81.196
BOT,Kick Sauber,37.0,0 days 00:01:21.386000,HARD,3.0,1,True,2024,Monaco,R,81.386
BOT,Kick Sauber,38.0,0 days 00:01:20.948000,HARD,3.0,1,True,2024,Monaco,R,80.948
BOT,Kick Sauber,39.0,0 days 00:01:23.172000,HARD,3.0,1,True,2024,Monaco,R,83.172
BOT,Kick Sauber,40.0,0 days 00:01:23.591000,HARD,3.0,1,True,2024,Monaco,R,83.591
BOT,Kick Sauber,41.0,0 days 00:01:20.230000,HARD,3.0,1,True,2024,Monaco,R,80.23
BOT,Kick Sauber,42.0,0 days 00:01:22.109000,HARD,3.0,1,True,2024,Monaco,R,82.109
BOT,Kick Sauber,43.0,0 days 00:01:20.912000,HARD,3.0,1,True,2024,Monaco,R,80.912
BOT,Kick Sauber,44.0,0 days 00:01:19.772000,HARD,3.0,1,True,2024,Monaco,R,79.772
BOT,Kick Sauber,45.0,0 days 00:01:20.043000,HARD,3.0,1,True,2024,Monaco,R,80.043
BOT,Kick Sauber,46.0,0 days 00:01:20.417000,HARD,3.0,1,True,2024,Monaco,R,80.417
BOT,Kick Sauber,47.0,0 days 00:01:22.969000,HARD,3.0,1,True,2024,Monaco,R,82.969
BOT,Kick Sauber,48.0,0 days 00:01:20.562000,HARD,3.0,1,True,2024,Monaco,R,80.562
BOT,Kick Sauber,49.0,0 days 00:01:20.818000,HARD,3.0,1,True,2024,Monaco,R,80.818
BOT,Kick Sauber,50.0,0 days 00:01:20.239000,HARD,3.0,1,True,2024,Monaco,R,80.239
BOT,Kick Sauber,51.0,0 days 00:01:17.205000,HARD,3.0,12,True,2024,Monaco,R,77.205
BOT,Kick Sauber,52.0,0 days 00:01:17.202000,HARD,3.0,1,True,2024,Monaco,R,77.202
BOT,Kick Sauber,53.0,0 days 00:01:18.456000,HARD,3.0,1,True,2024,Monaco,R,78.456
BOT,Kick Sauber,54.0,0 days 00:01:19.403000,HARD,3.0,1,True,2024,Monaco,R,79.403
BOT,Kick Sauber,55.0,0 days 00:01:20.375000,HARD,3.0,1,True,2024,Monaco,R,80.375
BOT,Kick Sauber,56.0,0 days 00:01:21.657000,HARD,3.0,1,True,2024,Monaco,R,81.657
BOT,Kick Sauber,57.0,0 days 00:01:18.994000,HARD,3.0,1,True,2024,Monaco,R,78.994
BOT,Kick Sauber,58.0,0 days 00:01:19.280000,HARD,3.0,1,True,2024,Monaco,R,79.28
BOT,Kick Sauber,59.0,0 days 00:01:18.999000,HARD,3.0,1,True,2024,Monaco,R,78.999
BOT,Kick Sauber,60.0,0 days 00:01:19.069000,HARD,3.0,1,True,2024,Monaco,R,79.069
BOT,Kick Sauber,61.0,0 days 00:01:18.623000,HARD,3.0,1,True,2024,Monaco,R,78.623
BOT,Kick Sauber,62.0,0 days 00:01:18.964000,HARD,3.0,1,True,2024,Monaco,R,78.964
BOT,Kick Sauber,63.0,0 days 00:01:19.024000,HARD,3.0,1,True,2024,Monaco,R,79.024
BOT,Kick Sauber,64.0,0 days 00:01:18.531000,HARD,3.0,1,True,2024,Monaco,R,78.531
BOT,Kick Sauber,65.0,0 days 00:01:18.642000,HARD,3.0,1,True,2024,Monaco,R,78.642
BOT,Kick Sauber,66.0,0 days 00:01:18.383000,HARD,3.0,1,True,2024,Monaco,R,78.383
BOT,Kick Sauber,67.0,0 days 00:01:18.467000,HARD,3.0,1,True,2024,Monaco,R,78.467
BOT,Kick Sauber,68.0,0 days 00:01:18.052000,HARD,3.0,1,True,2024,Monaco,R,78.052
BOT,Kick Sauber,69.0,0 days 00:01:18.088000,HARD,3.0,1,True,2024,Monaco,R,78.088
BOT,Kick Sauber,70.0,0 days 00:01:18.778000,HARD,3.0,1,True,2024,Monaco,R,78.778
BOT,Kick Sauber,71.0,0 days 00:01:18.104000,HARD,3.0,1,True,2024,Monaco,R,78.104
BOT,Kick Sauber,72.0,0 days 00:01:18.347000,HARD,3.0,1,True,2024,Monaco,R,78.347
BOT,Kick Sauber,73.0,0 days 00:01:20.068000,HARD,3.0,1,True,2024,Monaco,R,80.068
BOT,Kick Sauber,74.0,0 days 00:01:18.318000,HARD,3.0,1,True,2024,Monaco,R,78.318
BOT,Kick Sauber,75.0,0 days 00:01:18.779000,HARD,3.0,1,True,2024,Monaco,R,78.779
BOT,Kick Sauber,76.0,0 days 00:01:18.774000,HARD,3.0,1,True,2024,Monaco,R,78.774
STR,Aston Martin,3.0,0 days 00:01:28.303000,MEDIUM,2.0,1,True,2024,Monaco,R,88.303
STR,Aston Martin,4.0,0 days 00:01:23.354000,MEDIUM,2.0,1,True,2024,Monaco,R,83.354
STR,Aston Martin,5.0,0 days 00:01:23.731000,MEDIUM,2.0,1,True,2024,Monaco,R,83.731
STR,Aston Martin,6.0,0 days 00:01:22.977000,MEDIUM,2.0,1,True,2024,Monaco,R,82.977
STR,Aston Martin,7.0,0 days 00:01:22.634000,MEDIUM,2.0,1,True,2024,Monaco,R,82.634
STR,Aston Martin,8.0,0 days 00:01:21.653000,MEDIUM,2.0,1,True,2024,Monaco,R,81.653
STR,Aston Martin,9.0,0 days 00:01:22.090000,MEDIUM,2.0,1,True,2024,Monaco,R,82.09
STR,Aston Martin,10.0,0 days 00:01:21.725000,MEDIUM,2.0,1,True,2024,Monaco,R,81.725
STR,Aston Martin,11.0,0 days 00:01:21.517000,MEDIUM,2.0,1,True,2024,Monaco,R,81.517
STR,Aston Martin,12.0,0 days 00:01:21.471000,MEDIUM,2.0,1,True,2024,Monaco,R,81.471
STR,Aston Martin,13.0,0 days 00:01:21.314000,MEDIUM,2.0,1,True,2024,Monaco,R,81.314
STR,Aston Martin,14.0,0 days 00:01:20.427000,MEDIUM,2.0,1,True,2024,Monaco,R,80.427
STR,Aston Martin,15.0,0 days 00:01:20.781000,MEDIUM,2.0,1,True,2024,Monaco,R,80.781
STR,Aston Martin,16.0,0 days 00:01:21.189000,MEDIUM,2.0,1,True,2024,Monaco,R,81.189
STR,Aston Martin,17.0,0 days 00:01:21.970000,MEDIUM,2.0,1,True,2024,Monaco,R,81.97
STR,Aston Martin,18.0,0 days 00:01:20.698000,MEDIUM,2.0,1,True,2024,Monaco,R,80.698
STR,Aston Martin,19.0,0 days 00:01:20.353000,MEDIUM,2.0,1,True,2024,Monaco,R,80.353
STR,Aston Martin,20.0,0 days 00:01:19.398000,MEDIUM,2.0,1,True,2024,Monaco,R,79.398
STR,Aston Martin,21.0,0 days 00:01:19.016000,MEDIUM,2.0,1,True,2024,Monaco,R,79.016
STR,Aston Martin,22.0,0 days 00:01:21.307000,MEDIUM,2.0,1,True,2024,Monaco,R,81.307
STR,Aston Martin,23.0,0 days 00:01:21.188000,MEDIUM,2.0,1,True,2024,Monaco,R,81.188
STR,Aston Martin,24.0,0 days 00:01:21.621000,MEDIUM,2.0,1,True,2024,Monaco,R,81.621
STR,Aston Martin,25.0,0 days 00:01:20.506000,MEDIUM,2.0,1,True,2024,Monaco,R,80.506
STR,Aston Martin,26.0,0 days 00:01:20.589000,MEDIUM,2.0,1,True,2024,Monaco,R,80.589
STR,Aston Martin,27.0,0 days 00:01:20.307000,MEDIUM,2.0,1,True,2024,Monaco,R,80.307
STR,Aston Martin,28.0,0 days 00:01:20.131000,MEDIUM,2.0,1,True,2024,Monaco,R,80.131
STR,Aston Martin,29.0,0 days 00:01:19.464000,MEDIUM,2.0,1,True,2024,Monaco,R,79.464
STR,Aston Martin,30.0,0 days 00:01:21.422000,MEDIUM,2.0,1,True,2024,Monaco,R,81.422
STR,Aston Martin,31.0,0 days 00:01:22.535000,MEDIUM,2.0,1,True,2024,Monaco,R,82.535
STR,Aston Martin,32.0,0 days 00:01:21.252000,MEDIUM,2.0,1,True,2024,Monaco,R,81.252
STR,Aston Martin,33.0,0 days 00:01:20.536000,MEDIUM,2.0,1,True,2024,Monaco,R,80.536
STR,Aston Martin,34.0,0 days 00:01:19.789000,MEDIUM,2.0,1,True,2024,Monaco,R,79.789
STR,Aston Martin,35.0,0 days 00:01:19.497000,MEDIUM,2.0,1,True,2024,Monaco,R,79.497
STR,Aston Martin,36.0,0 days 00:01:19.297000,MEDIUM,2.0,1,True,2024,Monaco,R,79.297
STR,Aston Martin,37.0,0 days 00:01:19.638000,MEDIUM,2.0,1,True,2024,Monaco,R,79.638
STR,Aston Martin,38.0,0 days 00:01:19.706000,MEDIUM,2.0,1,True,2024,Monaco,R,79.706
STR,Aston Martin,39.0,0 days 00:01:19.867000,MEDIUM,2.0,1,True,2024,Monaco,R,79.867
STR,Aston Martin,40.0,0 days 00:01:20.450000,MEDIUM,2.0,1,True,2024,Monaco,R,80.45
STR,Aston Martin,41.0,0 days 00:01:20.200000,MEDIUM,2.0,1,True,2024,Monaco,R,80.2
STR,Aston Martin,44.0,0 days 00:01:18.551000,HARD,3.0,1,True,2024,Monaco,R,78.551
STR,Aston Martin,45.0,0 days 00:01:18.806000,HARD,3.0,1,True,2024,Monaco,R,78.806
STR,Aston Martin,46.0,0 days 00:01:18.296000,HARD,3.0,1,True,2024,Monaco,R,78.296
STR,Aston Martin,47.0,0 days 00:01:18.062000,HARD,3.0,1,True,2024,Monaco,R,78.062
STR,Aston Martin,50.0,0 days 00:01:17.788000,SOFT,4.0,1,True,2024,Monaco,R,77.788
STR,Aston Martin,51.0,0 days 00:01:16.982000,SOFT,4.0,12,True,2024,Monaco,R,76.982
STR,Aston Martin,52.0,0 days 00:01:17.350000,SOFT,4.0,1,True,2024,Monaco,R,77.35
STR,Aston Martin,53.0,0 days 00:01:21.547000,SOFT,4.0,1,True,2024,Monaco,R,81.547
STR,Aston Martin,54.0,0 days 00:01:20.571000,SOFT,4.0,1,True,2024,Monaco,R,80.571
STR,Aston Martin,55.0,0 days 00:01:19.963000,SOFT,4.0,1,True,2024,Monaco,R,79.963
STR,Aston Martin,56.0,0 days 00:01:17.279000,SOFT,4.0,1,True,2024,Monaco,R,77.279
STR,Aston Martin,57.0,0 days 00:01:16.914000,SOFT,4.0,1,True,2024,Monaco,R,76.914
STR,Aston Martin,58.0,0 days 00:01:17.156000,SOFT,4.0,1,True,2024,Monaco,R,77.156
STR,Aston Martin,59.0,0 days 00:01:16.710000,SOFT,4.0,1,True,2024,Monaco,R,76.71
STR,Aston Martin,60.0,0 days 00:01:17.326000,SOFT,4.0,1,True,2024,Monaco,R,77.326
STR,Aston Martin,61.0,0 days 00:01:18.298000,SOFT,4.0,1,True,2024,Monaco,R,78.298
STR,Aston Martin,62.0,0 days 00:01:19.070000,SOFT,4.0,1,True,2024,Monaco,R,79.07
STR,Aston Martin,63.0,0 days 00:01:19.100000,SOFT,4.0,1,True,2024,Monaco,R,79.1
STR,Aston Martin,64.0,0 days 00:01:18.425000,SOFT,4.0,1,True,2024,Monaco,R,78.425
STR,Aston Martin,65.0,0 days 00:01:18.732000,SOFT,4.0,1,True,2024,Monaco,R,78.732
STR,Aston Martin,66.0,0 days 00:01:18.748000,SOFT,4.0,1,True,2024,Monaco,R,78.748
STR,Aston Martin,67.0,0 days 00:01:18.636000,SOFT,4.0,1,True,2024,Monaco,R,78.636
STR,Aston Martin,68.0,0 days 00:01:18.057000,SOFT,4.0,1,True,2024,Monaco,R,78.057
STR,Aston Martin,69.0,0 days 00:01:18.275000,SOFT,4.0,1,True,2024,Monaco,R,78.275
STR,Aston Martin,70.0,0 days 00:01:18.557000,SOFT,4.0,1,True,2024,Monaco,R,78.557
STR,Aston Martin,71.0,0 days 00:01:18.464000,SOFT,4.0,1,True,2024,Monaco,R,78.464
STR,Aston Martin,72.0,0 days 00:01:18.332000,SOFT,4.0,1,True,2024,Monaco,R,78.332
STR,Aston Martin,73.0,0 days 00:01:20.709000,SOFT,4.0,1,True,2024,Monaco,R,80.709
STR,Aston Martin,74.0,0 days 00:01:18.230000,SOFT,4.0,1,True,2024,Monaco,R,78.23
STR,Aston Martin,75.0,0 days 00:01:18.511000,SOFT,4.0,1,True,2024,Monaco,R,78.511
STR,Aston Martin,76.0,0 days 00:01:18.623000,SOFT,4.0,1,True,2024,Monaco,R,78.623
SAR,Williams,3.0,0 days 00:01:30.077000,HARD,2.0,1,True,2024,Monaco,R,90.077
SAR,Williams,4.0,0 days 00:01:23.682000,HARD,2.0,1,True,2024,Monaco,R,83.682
SAR,Williams,5.0,0 days 00:01:23.674000,HARD,2.0,1,True,2024,Monaco,R,83.674
SAR,Williams,6.0,0 days 00:01:22.739000,HARD,2.0,1,True,2024,Monaco,R,82.739
SAR,Williams,7.0,0 days 00:01:22.899000,HARD,2.0,1,True,2024,Monaco,R,82.899
SAR,Williams,8.0,0 days 00:01:22.221000,HARD,2.0,1,True,2024,Monaco,R,82.221
SAR,Williams,9.0,0 days 00:01:21.679000,HARD,2.0,1,True,2024,Monaco,R,81.679
SAR,Williams,10.0,0 days 00:01:21.944000,HARD,2.0,1,True,2024,Monaco,R,81.944
SAR,Williams,11.0,0 days 00:01:21.492000,HARD,2.0,1,True,2024,Monaco,R,81.492
SAR,Williams,12.0,0 days 00:01:21.404000,HARD,2.0,1,True,2024,Monaco,R,81.404
SAR,Williams,13.0,0 days 00:01:21.499000,HARD,2.0,1,True,2024,Monaco,R,81.499
SAR,Williams,14.0,0 days 00:01:21.219000,HARD,2.0,1,True,2024,Monaco,R,81.219
SAR,Williams,15.0,0 days 00:01:21.340000,HARD,2.0,1,True,2024,Monaco,R,81.34
SAR,Williams,16.0,0 days 00:01:20.646000,HARD,2.0,1,True,2024,Monaco,R,80.646
SAR,Williams,17.0,0 days 00:01:21.016000,HARD,2.0,1,True,2024,Monaco,R,81.016
SAR,Williams,18.0,0 days 00:01:21.031000,HARD,2.0,1,True,2024,Monaco,R,81.031
SAR,Williams,19.0,0 days 00:01:21.221000,HARD,2.0,1,True,2024,Monaco,R,81.221
SAR,Williams,20.0,0 days 00:01:20.853000,HARD,2.0,1,True,2024,Monaco,R,80.853
SAR,Williams,21.0,0 days 00:01:20.849000,HARD,2.0,1,True,2024,Monaco,R,80.849
SAR,Williams,22.0,0 days 00:01:20.897000,HARD,2.0,1,True,2024,Monaco,R,80.897
SAR,Williams,23.0,0 days 00:01:20.593000,HARD,2.0,1,True,2024,Monaco,R,80.593
SAR,Williams,24.0,0 days 00:01:20.395000,HARD,2.0,1,True,2024,Monaco,R,80.395
SAR,Williams,25.0,0 days 00:01:20.903000,HARD,2.0,1,True,2024,Monaco,R,80.903
SAR,Williams,26.0,0 days 00:01:20.929000,HARD,2.0,1,True,2024,Monaco,R,80.929
SAR,Williams,27.0,0 days 00:01:21.231000,HARD,2.0,1,True,2024,Monaco,R,81.231
SAR,Williams,28.0,0 days 00:01:21.604000,HARD,2.0,1,True,2024,Monaco,R,81.604
SAR,Williams,29.0,0 days 00:01:21.334000,HARD,2.0,1,True,2024,Monaco,R,81.334
SAR,Williams,30.0,0 days 00:01:20.840000,HARD,2.0,1,True,2024,Monaco,R,80.84
SAR,Williams,31.0,0 days 00:01:20.775000,HARD,2.0,1,True,2024,Monaco,R,80.775
SAR,Williams,32.0,0 days 00:01:20.797000,HARD,2.0,1,True,2024,Monaco,R,80.797
SAR,Williams,33.0,0 days 00:01:20.530000,HARD,2.0,1,True,2024,Monaco,R,80.53
SAR,Williams,34.0,0 days 00:01:20.738000,HARD,2.0,1,True,2024,Monaco,R,80.738
SAR,Williams,35.0,0 days 00:01:20.584000,HARD,2.0,1,True,2024,Monaco,R,80.584
SAR,Williams,36.0,0 days 00:01:21.134000,HARD,2.0,1,True,2024,Monaco,R,81.134
SAR,Williams,37.0,0 days 00:01:21.404000,HARD,2.0,1,True,2024,Monaco,R,81.404
SAR,Williams,38.0,0 days 00:01:21.131000,HARD,2.0,1,True,2024,Monaco,R,81.131
SAR,Williams,39.0,0 days 00:01:21.273000,HARD,2.0,1,True,2024,Monaco,R,81.273
SAR,Williams,40.0,0 days 00:01:21.780000,HARD,2.0,1,True,2024,Monaco,R,81.78
SAR,Williams,41.0,0 days 00:01:24.378000,HARD,2.0,1,True,2024,Monaco,R,84.378
SAR,Williams,42.0,0 days 00:01:21.870000,HARD,2.0,1,True,2024,Monaco,R,81.87
SAR,Williams,43.0,0 days 00:01:20.552000,HARD,2.0,1,True,2024,Monaco,R,80.552
SAR,Williams,44.0,0 days 00:01:19.511000,HARD,2.0,1,True,2024,Monaco,R,79.511
SAR,Williams,45.0,0 days 00:01:20.720000,HARD,2.0,1,True,2024,Monaco,R,80.72
SAR,Williams,46.0,0 days 00:01:20.124000,HARD,2.0,1,True,2024,Monaco,R,80.124
SAR,Williams,47.0,0 days 00:01:19.888000,HARD,2.0,1,True,2024,Monaco,R,79.888
SAR,Williams,48.0,0 days 00:01:20.970000,HARD,2.0,1,True,2024,Monaco,R,80.97
SAR,Williams,49.0,0 days 00:01:23.966000,HARD,2.0,1,True,2024,Monaco,R,83.966
SAR,Williams,50.0,0 days 00:01:20.292000,HARD,2.0,1,True,2024,Monaco,R,80.292
SAR,Williams,51.0,0 days 00:01:21.817000,HARD,2.0,12,True,2024,Monaco,R,81.817
SAR,Williams,52.0,0 days 00:01:20.780000,HARD,2.0,1,True,2024,Monaco,R,80.78
SAR,Williams,53.0,0 days 00:01:21.318000,HARD,2.0,1,True,2024,Monaco,R,81.318
SAR,Williams,54.0,0 days 00:01:22.289000,HARD,2.0,1,True,2024,Monaco,R,82.289
SAR,Williams,55.0,0 days 00:01:20.342000,HARD,2.0,1,True,2024,Monaco,R,80.342
SAR,Williams,56.0,0 days 00:01:21.474000,HARD,2.0,1,True,2024,Monaco,R,81.474
SAR,Williams,59.0,0 days 00:01:15.594000,MEDIUM,3.0,1,True,2024,Monaco,R,75.594
SAR,Williams,60.0,0 days 00:01:15.580000,MEDIUM,3.0,1,True,2024,Monaco,R,75.58
SAR,Williams,61.0,0 days 00:01:15.558000,MEDIUM,3.0,1,True,2024,Monaco,R,75.558
SAR,Williams,62.0,0 days 00:01:15.525000,MEDIUM,3.0,1,True,2024,Monaco,R,75.525
SAR,Williams,63.0,0 days 00:01:15.688000,MEDIUM,3.0,1,True,2024,Monaco,R,75.688
SAR,Williams,64.0,0 days 00:01:16.895000,MEDIUM,3.0,1,True,2024,Monaco,R,76.895
SAR,Williams,65.0,0 days 00:01:19.869000,MEDIUM,3.0,1,True,2024,Monaco,R,79.869
SAR,Williams,66.0,0 days 00:01:20.799000,MEDIUM,3.0,1,True,2024,Monaco,R,80.799
SAR,Williams,67.0,0 days 00:01:20.347000,MEDIUM,3.0,1,True,2024,Monaco,R,80.347
SAR,Williams,68.0,0 days 00:01:20.004000,MEDIUM,3.0,1,True,2024,Monaco,R,80.004
SAR,Williams,69.0,0 days 00:01:16.077000,MEDIUM,3.0,1,True,2024,Monaco,R,76.077
SAR,Williams,70.0,0 days 00:01:16.866000,MEDIUM,3.0,1,True,2024,Monaco,R,76.866
SAR,Williams,71.0,0 days 00:01:16.326000,MEDIUM,3.0,1,True,2024,Monaco,R,76.326
SAR,Williams,72.0,0 days 00:01:16.402000,MEDIUM,3.0,1,True,2024,Monaco,R,76.402
SAR,Williams,73.0,0 days 00:01:16.370000,MEDIUM,3.0,1,True,2024,Monaco,R,76.37
SAR,Williams,74.0,0 days 00:01:16.863000,MEDIUM,3.0,1,True,2024,Monaco,R,76.863
SAR,Williams,75.0,0 days 00:01:16.324000,MEDIUM,3.0,1,True,2024,Monaco,R,76.324
SAR,Williams,76.0,0 days 00:01:17.197000,MEDIUM,3.0,1,True,2024,Monaco,R,77.197
ZHO,Kick Sauber,3.0,0 days 00:01:30.396000,HARD,2.0,1,True,2024,Monaco,R,90.396
ZHO,Kick Sauber,4.0,0 days 00:01:23.698000,HARD,2.0,1,True,2024,Monaco,R,83.698
ZHO,Kick Sauber,5.0,0 days 00:01:23.494000,HARD,2.0,1,True,2024,Monaco,R,83.494
ZHO,Kick Sauber,6.0,0 days 00:01:22.649000,HARD,2.0,1,True,2024,Monaco,R,82.649
ZHO,Kick Sauber,7.0,0 days 00:01:22.934000,HARD,2.0,1,True,2024,Monaco,R,82.934
ZHO,Kick Sauber,8.0,0 days 00:01:22.182000,HARD,2.0,1,True,2024,Monaco,R,82.182
ZHO,Kick Sauber,9.0,0 days 00:01:21.810000,HARD,2.0,1,True,2024,Monaco,R,81.81
ZHO,Kick Sauber,10.0,0 days 00:01:21.944000,HARD,2.0,1,True,2024,Monaco,R,81.944
ZHO,Kick Sauber,11.0,0 days 00:01:21.563000,HARD,2.0,1,True,2024,Monaco,R,81.563
ZHO,Kick Sauber,12.0,0 days 00:01:21.193000,HARD,2.0,1,True,2024,Monaco,R,81.193
ZHO,Kick Sauber,13.0,0 days 00:01:21.529000,HARD,2.0,1,True,2024,Monaco,R,81.529
ZHO,Kick Sauber,14.0,0 days 00:01:21.264000,HARD,2.0,1,True,2024,Monaco,R,81.264
ZHO,Kick Sauber,15.0,0 days 00:01:21.447000,HARD,2.0,1,True,2024,Monaco,R,81.447
ZHO,Kick Sauber,16.0,0 days 00:01:20.481000,HARD,2.0,1,True,2024,Monaco,R,80.481
ZHO,Kick Sauber,17.0,0 days 00:01:20.979000,HARD,2.0,1,True,2024,Monaco,R,80.979
ZHO,Kick Sauber,18.0,0 days 00:01:20.911000,HARD,2.0,1,True,2024,Monaco,R,80.911
ZHO,Kick Sauber,19.0,0 days 00:01:21.420000,HARD,2.0,1,True,2024,Monaco,R,81.42
ZHO,Kick Sauber,20.0,0 days 00:01:20.904000,HARD,2.0,1,True,2024,Monaco,R,80.904
ZHO,Kick Sauber,21.0,0 days 00:01:20.669000,HARD,2.0,1,True,2024,Monaco,R,80.669
ZHO,Kick Sauber,22.0,0 days 00:01:21.083000,HARD,2.0,1,True,2024,Monaco,R,81.083
ZHO,Kick Sauber,23.0,0 days 00:01:20.792000,HARD,2.0,1,True,2024,Monaco,R,80.792
ZHO,Kick Sauber,24.0,0 days 00:01:20.347000,HARD,2.0,1,True,2024,Monaco,R,80.347
ZHO,Kick Sauber,25.0,0 days 00:01:20.763000,HARD,2.0,1,True,2024,Monaco,R,80.763
ZHO,Kick Sauber,26.0,0 days 00:01:20.869000,HARD,2.0,1,True,2024,Monaco,R,80.869
ZHO,Kick Sauber,27.0,0 days 00:01:21.293000,HARD,2.0,1,True,2024,Monaco,R,81.293
ZHO,Kick Sauber,28.0,0 days 00:01:21.516000,HARD,2.0,1,True,2024,Monaco,R,81.516
ZHO,Kick Sauber,29.0,0 days 00:01:21.338000,HARD,2.0,1,True,2024,Monaco,R,81.338
ZHO,Kick Sauber,30.0,0 days 00:01:21.044000,HARD,2.0,1,True,2024,Monaco,R,81.044
ZHO,Kick Sauber,31.0,0 days 00:01:20.806000,HARD,2.0,1,True,2024,Monaco,R,80.806
ZHO,Kick Sauber,32.0,0 days 00:01:20.782000,HARD,2.0,1,True,2024,Monaco,R,80.782
ZHO,Kick Sauber,33.0,0 days 00:01:20.677000,HARD,2.0,1,True,2024,Monaco,R,80.677
ZHO,Kick Sauber,34.0,0 days 00:01:20.736000,HARD,2.0,1,True,2024,Monaco,R,80.736
ZHO,Kick Sauber,35.0,0 days 00:01:20.372000,HARD,2.0,1,True,2024,Monaco,R,80.372
ZHO,Kick Sauber,36.0,0 days 00:01:20.986000,HARD,2.0,1,True,2024,Monaco,R,80.986
ZHO,Kick Sauber,37.0,0 days 00:01:21.449000,HARD,2.0,1,True,2024,Monaco,R,81.449
ZHO,Kick Sauber,38.0,0 days 00:01:21.090000,HARD,2.0,1,True,2024,Monaco,R,81.09
ZHO,Kick Sauber,39.0,0 days 00:01:21.233000,HARD,2.0,1,True,2024,Monaco,R,81.233
ZHO,Kick Sauber,40.0,0 days 00:01:24.969000,HARD,2.0,1,True,2024,Monaco,R,84.969
ZHO,Kick Sauber,41.0,0 days 00:01:21.127000,HARD,2.0,1,True,2024,Monaco,R,81.127
ZHO,Kick Sauber,42.0,0 days 00:01:21.957000,HARD,2.0,1,True,2024,Monaco,R,81.957
ZHO,Kick Sauber,43.0,0 days 00:01:20.578000,HARD,2.0,1,True,2024,Monaco,R,80.578
ZHO,Kick Sauber,44.0,0 days 00:01:19.610000,HARD,2.0,1,True,2024,Monaco,R,79.61
ZHO,Kick Sauber,45.0,0 days 00:01:20.686000,HARD,2.0,1,True,2024,Monaco,R,80.686
ZHO,Kick Sauber,46.0,0 days 00:01:20.146000,HARD,2.0,1,True,2024,Monaco,R,80.146
ZHO,Kick Sauber,47.0,0 days 00:01:20.075000,HARD,2.0,1,True,2024,Monaco,R,80.075
ZHO,Kick Sauber,48.0,0 days 00:01:22.481000,HARD,2.0,1,True,2024,Monaco,R,82.481
ZHO,Kick Sauber,49.0,0 days 00:01:22.134000,HARD,2.0,1,True,2024,Monaco,R,82.134
ZHO,Kick Sauber,50.0,0 days 00:01:20.946000,HARD,2.0,1,True,2024,Monaco,R,80.946
ZHO,Kick Sauber,51.0,0 days 00:01:20.962000,HARD,2.0,12,True,2024,Monaco,R,80.962
ZHO,Kick Sauber,52.0,0 days 00:01:20.970000,HARD,2.0,1,True,2024,Monaco,R,80.97
ZHO,Kick Sauber,53.0,0 days 00:01:21.375000,HARD,2.0,1,True,2024,Monaco,R,81.375
ZHO,Kick Sauber,54.0,0 days 00:01:22.153000,HARD,2.0,1,True,2024,Monaco,R,82.153
ZHO,Kick Sauber,55.0,0 days 00:01:21.399000,HARD,2.0,1,True,2024,Monaco,R,81.399
ZHO,Kick Sauber,56.0,0 days 00:01:20.315000,HARD,2.0,1,True,2024,Monaco,R,80.315
ZHO,Kick Sauber,57.0,0 days 00:01:21.119000,HARD,2.0,1,True,2024,Monaco,R,81.119
ZHO,Kick Sauber,58.0,0 days 00:01:18.795000,HARD,2.0,1,True,2024,Monaco,R,78.795
ZHO,Kick Sauber,59.0,0 days 00:01:17.936000,HARD,2.0,1,True,2024,Monaco,R,77.936
ZHO,Kick Sauber,60.0,0 days 00:01:18.545000,HARD,2.0,1,True,2024,Monaco,R,78.545
ZHO,Kick Sauber,61.0,0 days 00:01:18.707000,HARD,2.0,1,True,2024,Monaco,R,78.707
ZHO,Kick Sauber,62.0,0 days 00:01:18.817000,HARD,2.0,1,True,2024,Monaco,R,78.817
ZHO,Kick Sauber,63.0,0 days 00:01:18.789000,HARD,2.0,1,True,2024,Monaco,R,78.789
ZHO,Kick Sauber,64.0,0 days 00:01:19.295000,HARD,2.0,1,True,2024,Monaco,R,79.295
ZHO,Kick Sauber,65.0,0 days 00:01:19.719000,HARD,2.0,1,True,2024,Monaco,R,79.719
ZHO,Kick Sauber,66.0,0 days 00:01:19.749000,HARD,2.0,1,True,2024,Monaco,R,79.749
ZHO,Kick Sauber,67.0,0 days 00:01:20.357000,HARD,2.0,1,True,2024,Monaco,R,80.357
ZHO,Kick Sauber,68.0,0 days 00:01:25.217000,HARD,2.0,1,True,2024,Monaco,R,85.217
ZHO,Kick Sauber,69.0,0 days 00:01:20.484000,HARD,2.0,1,True,2024,Monaco,R,80.484
ZHO,Kick Sauber,72.0,0 days 00:01:20.585000,SOFT,3.0,1,True,2024,Monaco,R,80.585
ZHO,Kick Sauber,73.0,0 days 00:01:15.233000,SOFT,3.0,1,True,2024,Monaco,R,75.233
ZHO,Kick Sauber,74.0,0 days 00:01:20.473000,SOFT,3.0,1,True,2024,Monaco,R,80.473
ZHO,Kick Sauber,75.0,0 days 00:01:14.718000,SOFT,3.0,1,True,2024,Monaco,R,74.718
ZHO,Kick Sauber,76.0,0 days 00:01:17.173000,SOFT,3.0,1,True,2024,Monaco,R,77.173
RUS,Mercedes,2.0,0 days 00:01:37.800000,INTERMEDIATE,1.0,1,True,2024,Silverstone,Q,97.8
RUS,Mercedes,3.0,0 days 00:02:07.395000,INTERMEDIATE,1.0,1,True,2024,Silverstone,Q,127.395
RUS,Mercedes,4.0,0 days 00:01:37.215000,INTERMEDIATE,1.0,1,True,2024,Silverstone,Q,97.215
RUS,Mercedes,8.0,0 days 00:01:36.993000,SOFT,3.0,1,True,2024,Silverstone,Q,96.993
RUS,Mercedes,9.0,0 days 00:01:32.640000,SOFT,3.0,1,True,2024,Silverstone,Q,92.64
RUS,Mercedes,10.0,0 days 00:01:30.106000,SOFT,3.0,1,True,2024,Silverstone,Q,90.106
RUS,Mercedes,13.0,0 days 00:01:29.771000,SOFT,4.0,1,True,2024,Silverstone,Q,89.771
RUS,Mercedes,14.0,0 days 00:01:28.105000,SOFT,4.0,1,True,2024,Silverstone,Q,88.105
RUS,Mercedes,17.0,0 days 00:01:26.766000,SOFT,5.0,1,True,2024,Silverstone,Q,86.766
RUS,Mercedes,18.0,0 days 00:02:06.611000,SOFT,5.0,1,True,2024,Silverstone,Q,126.611
RUS,Mercedes,19.0,0 days 00:01:26.723000,SOFT,5.0,1,True,2024,Silverstone,Q,86.723
RUS,Mercedes,22.0,0 days 00:01:26.024000,SOFT,6.0,1,True,2024,Silverstone,Q,86.024
RUS,Mercedes,25.0,0 days 00:01:25.819000,SOFT,7.0,1,True,2024,Silverstone,Q,85.819
HAM,Mercedes,2.0,0 days 00:01:37.759000,INTERMEDIATE,1.0,1,True,2024,Silverstone,Q,97.759
HAM,Mercedes,3.0,0 days 00:02:02.763000,INTERMEDIATE,1.0,1,True,2024,Silverstone,Q,122.763
HAM,Mercedes,4.0,0 days 00:01:37.134000,INTERMEDIATE,1.0,1,True,2024,Silverstone,Q,97.134
HAM,Mercedes,8.0,0 days 00:01:32.198000,SOFT,3.0,1,True,2024,Silverstone,Q,92.198
HAM,Mercedes,9.0,0 days 00:01:42.439000,SOFT,3.0,1,True,2024,Silverstone,Q,102.439
HAM,Mercedes,10.0,0 days 00:01:29.547000,SOFT,3.0,1,True,2024,Silverstone,Q,89.547
HAM,Mercedes,13.0,0 days 00:01:28.285000,SOFT,4.0,1,True,2024,Silverstone,Q,88.285
HAM,Mercedes,14.0,0 days 00:01:27.549000,SOFT,4.0,1,True,2024,Silverstone,Q,87.549
HAM,Mercedes,17.0,0 days 00:01:26.770000,SOFT,5.0,1,True,2024,Silverstone,Q,86.77
HAM,Mercedes,18.0,0 days 00:02:07.294000,SOFT,5.0,1,True,2024,Silverstone,Q,127.294
HAM,Mercedes,21.0,0 days 00:01:26.196000,SOFT,6.0,1,True,2024,Silverstone,Q,86.196
HAM,Mercedes,24.0,0 days 00:01:25.990000,SOFT,7.0,1,True,2024,Silverstone,Q,85.99
NOR,McLaren,2.0,0 days 00:01:37.607000,INTERMEDIATE,1.0,1,True,2024,Silverstone,Q,97.607
NOR,McLaren,3.0,0 days 00:02:01.943000,INTERMEDIATE,1.0,1,True,2024,Silverstone,Q,121.943
NOR,McLaren,4.0,0 days 00:01:55.370000,INTERMEDIATE,1.0,1,True,2024,Silverstone,Q,115.37
NOR,McLaren,7.0,0 days 00:01:31.596000,SOFT,2.0,1,True,2024,Silverstone,Q,91.596
NOR,McLaren,8.0,0 days 00:01:47.232000,SOFT,2.0,1,True,2024,Silverstone,Q,107.232
NOR,McLaren,11.0,0 days 00:01:27.432000,SOFT,3.0,1,True,2024,Silverstone,Q,87.432
NOR,McLaren,14.0,0 days 00:01:49.056000,SOFT,4.0,1,True,2024,Silverstone,Q,109.056
NOR,McLaren,15.0,0 days 00:01:26.559000,SOFT,4.0,1,True,2024,Silverstone,Q,86.559
NOR,McLaren,16.0,0 days 00:02:01.740000,SOFT,4.0,1,True,2024,Silverstone,Q,121.74
NOR,McLaren,19.0,0 days 00:01:26.030000,SOFT,5.0,1,True,2024,Silverstone,Q,86.03
VER,Red Bull Racing,2.0,0 days 00:01:37.518000,INTERMEDIATE,1.0,1,True,2024,Silverstone,Q,97.518
VER,Red Bull Racing,3.0,0 days 00:02:07.966000,INTERMEDIATE,1.0,1,True,2024,Silverstone,Q,127.966
VER,Red Bull Racing,4.0,0 days 00:01:37.420000,INTERMEDIATE,1.0,1,True,2024,Silverstone,Q,97.42
VER,Red Bull Racing,7.0,0 days 00:01:49.924000,SOFT,2.0,1,True,2024,Silverstone,Q,109.924
VER,Red Bull Racing,8.0,0 days 00:01:31.832000,SOFT,2.0,1,True,2024,Silverstone,Q,91.832
VER,Red Bull Racing,9.0,0 days 00:01:31.342000,SOFT,2.0,1,True,2024,Silverstone,Q,91.342
VER,Red Bull Racing,12.0,0 days 00:01:27.799000,SOFT,3.0,1,True,2024,Silverstone,Q,87.799
VER,Red Bull Racing,13.0,0 days 00:01:55.491000,SOFT,3.0,1,True,2024,Silverstone,Q,115.491
VER,Red Bull Racing,14.0,0 days 00:01:27.366000,SOFT,3.0,1,True,2024,Silverstone,Q,87.366
VER,Red Bull Racing,17.0,0 days 00:01:26.796000,SOFT,4.0,1,True,2024,Silverstone,Q,86.796
VER,Red Bull Racing,20.0,0 days 00:01:26.350000,SOFT,5.0,1,True,2024,Silverstone,Q,86.35
VER,Red Bull Racing,23.0,0 days 00:01:26.203000,SOFT,6.0,1,True,2024,Silverstone,Q,86.203
PIA,McLaren,2.0,0 days 00:01:38.284000,INTERMEDIATE,1.0,1,True,2024,Silverstone,Q,98.284
PIA,McLaren,3.0,0 days 00:02:04.359000,INTERMEDIATE,1.0,1,True,2024,Silverstone,Q,124.359
PIA,McLaren,4.0,0 days 00:01:37.372000,INTERMEDIATE,1.0,1,True,2024,Silverstone,Q,97.372
PIA,McLaren,7.0,0 days 00:01:30.895000,SOFT,2.0,1,True,2024,Silverstone,Q,90.895
PIA,McLaren,8.0,0 days 00:01:37.055000,SOFT,2.0,1,True,2024,Silverstone,Q,97.055
PIA,McLaren,11.0,0 days 00:01:27.631000,SOFT,3.0,1,True,2024,Silverstone,Q,87.631
PIA,McLaren,14.0,0 days 00:01:26.945000,SOFT,4.0,1,True,2024,Silverstone,Q,86.945
PIA,McLaren,15.0,0 days 00:01:58.849000,SOFT,4.0,1,True,2024,Silverstone,Q,118.849
PIA,McLaren,16.0,0 days 00:01:58.801000,SOFT,4.0,1,True,2024,Silverstone,Q,118.801
PIA,McLaren,17.0,0 days 00:01:26.733000,SOFT,4.0,1,True,2024,Silverstone,Q,86.733
PIA,McLaren,20.0,0 days 00:01:26.237000,SOFT,5.0,1,True,2024,Silverstone,Q,86.237
PIA,McLaren,23.0,0 days 00:01:27.043000,SOFT,6.0,1,True,2024,Silverstone,Q,87.043
HUL,Haas F1 Team,2.0,0 days 00:01:31.929000,SOFT,1.0,1,True,2024,Silverstone,Q,91.929
HUL,Haas F1 Team,5.0,0 days 00:01:27.718000,SOFT,2.0,1,True,2024,Silverstone,Q,87.718
HUL,Haas F1 Team,8.0,0 days 00:01:26.847000,SOFT,3.0,1,True,2024,Silverstone,Q,86.847
HUL,Haas F1 Team,9.0,0 days 00:01:54.433000,SOFT,3.0,1,True,2024,Silverstone,Q,114.433
HUL,Haas F1 Team,10.0,0 days 00:01:27.073000,SOFT,3.0,1,True,2024,Silverstone,Q,87.073
HUL,Haas F1 Team,13.0,0 days 00:01:26.401000,SOFT,4.0,1,True,2024,Silverstone,Q,86.401
HUL,Haas F1 Team,16.0,0 days 00:01:26.338000,SOFT,5.0,1,True,2024,Silverstone,Q,86.338
SAI,Ferrari,2.0,0 days 00:01:43.234000,INTERMEDIATE,1.0,1,True,2024,Silverstone,Q,103.234
SAI,Ferrari,3.0,0 days 00:01:38.511000,INTERMEDIATE,1.0,1,True,2024,Silverstone,Q,98.511
SAI,Ferrari,7.0,0 days 00:01:35.902000,SOFT,3.0,1,True,2024,Silverstone,Q,95.902
SAI,Ferrari,8.0,0 days 00:01:31.497000,SOFT,3.0,1,True,2024,Silverstone,Q,91.497
SAI,Ferrari,9.0,0 days 00:01:30.557000,SOFT,3.0,1,True,2024,Silverstone,Q,90.557
SAI,Ferrari,12.0,0 days 00:01:27.540000,SOFT,4.0,1,True,2024,Silverstone,Q,87.54
SAI,Ferrari,13.0,0 days 00:01:57.986000,SOFT,4.0,1,True,2024,Silverstone,Q,117.986
SAI,Ferrari,14.0,0 days 00:01:27.149000,SOFT,4.0,1,True,2024,Silverstone,Q,87.149
SAI,Ferrari,17.0,0 days 00:01:26.843000,SOFT,5.0,1,True,2024,Silverstone,Q,86.843
SAI,Ferrari,20.0,0 days 00:01:26.509000,SOFT,6.0,1,True,2024,Silverstone,Q,86.509
SAI,Ferrari,23.0,0 days 00:01:26.749000,SOFT,7.0,1,True,2024,Silverstone,Q,86.749
STR,Aston Martin,2.0,0 days 00:01:39.627000,SOFT,1.0,1,True,2024,Silverstone,Q,99.627
STR,Aston Martin,3.0,0 days 00:02:11.284000,SOFT,1.0,1,True,2024,Silverstone,Q,131.284
STR,Aston Martin,4.0,0 days 00:01:38.282000,SOFT,1.0,1,True,2024,Silverstone,Q,98.282
STR,Aston Martin,7.0,0 days 00:01:37.763000,SOFT,2.0,1,True,2024,Silverstone,Q,97.763
STR,Aston Martin,8.0,0 days 00:01:37.381000,SOFT,2.0,1,True,2024,Silverstone,Q,97.381
STR,Aston Martin,9.0,0 days 00:01:31.410000,SOFT,2.0,1,True,2024,Silverstone,Q,91.41
STR,Aston Martin,12.0,0 days 00:01:28.160000,SOFT,3.0,1,True,2024,Silverstone,Q,88.16
STR,Aston Martin,13.0,0 days 00:02:02.826000,SOFT,3.0,1,True,2024,Silverstone,Q,122.826
STR,Aston Martin,14.0,0 days 00:01:27.556000,SOFT,3.0,1,True,2024,Silverstone,Q,87.556
STR,Aston Martin,17.0,0 days 00:01:26.938000,SOFT,4.0,1,True,2024,Silverstone,Q,86.938
STR,Aston Martin,20.0,0 days 00:01:26.798000,SOFT,5.0,1,True,2024,Silverstone,Q,86.798
STR,Aston Martin,23.0,0 days 00:01:26.585000,SOFT,6.0,1,True,2024,Silverstone,Q,86.585
ALB,Williams,2.0,0 days 00:01:38.048000,INTERMEDIATE,1.0,1,True,2024,Silverstone,Q,98.048
ALB,Williams,3.0,0 days 00:02:03.892000,INTERMEDIATE,1.0,1,True,2024,Silverstone,Q,123.892
ALB,Williams,7.0,0 days 00:01:42.051000,SOFT,3.0,1,True,2024,Silverstone,Q,102.051
ALB,Williams,8.0,0 days 00:01:31.135000,SOFT,3.0,1,True,2024,Silverstone,Q,91.135
ALB,Williams,11.0,0 days 00:01:27.983000,SOFT,4.0,1,True,2024,Silverstone,Q,87.983
ALB,Williams,12.0,0 days 00:01:59.279000,SOFT,4.0,1,True,2024,Silverstone,Q,119.279
ALB,Williams,13.0,0 days 00:01:27.553000,SOFT,4.0,1,True,2024,Silverstone,Q,87.553
ALB,Williams,16.0,0 days 00:01:26.933000,SOFT,5.0,1,True,2024,Silverstone,Q,86.933
ALB,Williams,19.0,0 days 00:01:27.008000,SOFT,6.0,1,True,2024,Silverstone,Q,87.008
ALB,Williams,22.0,0 days 00:01:26.640000,SOFT,7.0,1,True,2024,Silverstone,Q,86.64
ALO,Aston Martin,2.0,0 days 00:01:39.686000,INTERMEDIATE,1.0,1,True,2024,Silverstone,Q,99.686
ALO,Aston Martin,3.0,0 days 00:02:07.212000,INTERMEDIATE,1.0,1,True,2024,Silverstone,Q,127.212
ALO,Aston Martin,4.0,0 days 00:01:38.356000,INTERMEDIATE,1.0,1,True,2024,Silverstone,Q,98.356
ALO,Aston Martin,8.0,0 days 00:01:32.352000,SOFT,3.0,1,True,2024,Silverstone,Q,92.352
ALO,Aston Martin,9.0,0 days 00:02:08.082000,SOFT,3.0,1,True,2024,Silverstone,Q,128.082
ALO,Aston Martin,10.0,0 days 00:01:31.264000,SOFT,3.0,1,True,2024,Silverstone,Q,91.264
ALO,Aston Martin,13.0,0 days 00:01:27.652000,SOFT,4.0,1,True,2024,Silverstone,Q,87.652
ALO,Aston Martin,14.0,0 days 00:02:03.619000,SOFT,4.0,1,True,2024,Silverstone,Q,123.619
ALO,Aston Martin,15.0,0 days 00:01:27.279000,SOFT,4.0,1,True,2024,Silverstone,Q,87.279
ALO,Aston Martin,18.0,0 days 00:01:26.730000,SOFT,5.0,1,True,2024,Silverstone,Q,86.73
ALO,Aston Martin,21.0,0 days 00:01:26.917000,SOFT,6.0,1,True,2024,Silverstone,Q,86.917
LEC,Ferrari,2.0,0 days 00:01:38.039000,INTERMEDIATE,1.0,1,True,2024,Silverstone,Q,98.039
LEC,Ferrari,7.0,0 days 00:01:36.176000,SOFT,3.0,1,True,2024,Silverstone,Q,96.176
LEC,Ferrari,8.0,0 days 00:01:32.593000,SOFT,3.0,1,True,2024,Silverstone,Q,92.593
LEC,Ferrari,9.0,0 days 00:01:30.496000,SOFT,3.0,1,True,2024,Silverstone,Q,90.496
LEC,Ferrari,12.0,0 days 00:01:28.579000,SOFT,4.0,1,True,2024,Silverstone,Q,88.579
LEC,Ferrari,13.0,0 days 00:01:49.863000,SOFT,4.0,1,True,2024,Silverstone,Q,109.863
LEC,Ferrari,14.0,0 days 00:01:27.667000,SOFT,4.0,1,True,2024,Silverstone,Q,87.667
LEC,Ferrari,17.0,0 days 00:01:27.097000,SOFT,5.0,1,True,2024,Silverstone,Q,87.097
SAR,Williams,2.0,0 days 00:01:40.215000,INTERMEDIATE,1.0,1,True,2024,Silverstone,Q,100.215
SAR,Williams,3.0,0 days 00:02:06.748000,INTERMEDIATE,1.0,1,True,2024,Silverstone,Q,126.748
SAR,Williams,4.0,0 days 00:01:39.866000,INTERMEDIATE,1.0,1,True,2024,Silverstone,Q,99.866
SAR,Williams,8.0,0 days 00:01:45.131000,SOFT,3.0,1,True,2024,Silverstone,Q,105.131
SAR,Williams,9.0,0 days 00:01:31.608000,SOFT,3.0,1,True,2024,Silverstone,Q,91.608
SAR,Williams,12.0,0 days 00:01:29.431000,SOFT,4.0,1,True,2024,Silverstone,Q,89.431
SAR,Williams,13.0,0 days 00:01:56.444000,SOFT,4.0,1,True,2024,Silverstone,Q,116.444
SAR,Williams,14.0,0 days 00:01:27.962000,SOFT,4.0,1,True,2024,Silverstone,Q,87.962
SAR,Williams,17.0,0 days 00:01:27.175000,SOFT,5.0,1,True,2024,Silverstone,Q,87.175
SAR,Williams,18.0,0 days 00:01:58.894000,SOFT,5.0,1,True,2024,Silverstone,Q,118.894
SAR,Williams,19.0,0 days 00:01:28.086000,SOFT,5.0,1,True,2024,Silverstone,Q,88.086
TSU,RB,2.0,0 days 00:01:38.613000,INTERMEDIATE,1.0,1,True,2024,Silverstone,Q,98.613
TSU,RB,3.0,0 days 00:02:05.637000,INTERMEDIATE,1.0,1,True,2024,Silverstone,Q,125.637
TSU,RB,7.0,0 days 00:01:42.586000,SOFT,3.0,1,True,2024,Silverstone,Q,102.586
TSU,RB,8.0,0 days 00:01:33.213000,SOFT,3.0,1,True,2024,Silverstone,Q,93.213
TSU,RB,9.0,0 days 00:01:30.994000,SOFT,3.0,1,True,2024,Silverstone,Q,90.994
TSU,RB,12.0,0 days 00:01:28.840000,SOFT,4.0,1,True,2024,Silverstone,Q,88.84
TSU,RB,13.0,0 days 00:01:28.341000,SOFT,4.0,1,True,2024,Silverstone,Q,88.341
TSU,RB,16.0,0 days 00:01:27.269000,SOFT,5.0,1,True,2024,Silverstone,Q,87.269
ZHO,Kick Sauber,2.0,0 days 00:01:39.368000,INTERMEDIATE,1.0,1,True,2024,Silverstone,Q,99.368
ZHO,Kick Sauber,3.0,0 days 00:02:14.138000,INTERMEDIATE,1.0,1,True,2024,Silverstone,Q,134.138
ZHO,Kick Sauber,4.0,0 days 00:01:38.838000,INTERMEDIATE,1.0,1,True,2024,Silverstone,Q,98.838
ZHO,Kick Sauber,8.0,0 days 00:01:32.999000,SOFT,3.0,1,True,2024,Silverstone,Q,92.999
ZHO,Kick Sauber,9.0,0 days 00:01:44.377000,SOFT,3.0,1,True,2024,Silverstone,Q,104.377
ZHO,Kick Sauber,10.0,0 days 00:01:47.217000,SOFT,3.0,1,True,2024,Silverstone,Q,107.217
ZHO,Kick Sauber,11.0,0 days 00:01:31.190000,SOFT,3.0,1,True,2024,Silverstone,Q,91.19
ZHO,Kick Sauber,14.0,0 days 00:01:29.010000,SOFT,4.0,1,True,2024,Silverstone,Q,89.01
ZHO,Kick Sauber,15.0,0 days 00:01:56.131000,SOFT,4.0,1,True,2024,Silverstone,Q,116.131
ZHO,Kick Sauber,16.0,0 days 00:01:28.431000,SOFT,4.0,1,True,2024,Silverstone,Q,88.431
ZHO,Kick Sauber,19.0,0 days 00:01:27.867000,SOFT,5.0,1,True,2024,Silverstone,Q,87.867
ZHO,Kick Sauber,20.0,0 days 00:02:09.875000,SOFT,5.0,1,True,2024,Silverstone,Q,129.875
ZHO,Kick Sauber,21.0,0 days 00:01:27.921000,SOFT,5.0,1,True,2024,Silverstone,Q,87.921
RIC,RB,2.0,0 days 00:01:40.599000,INTERMEDIATE,1.0,1,True,2024,Silverstone,Q,100.599
RIC,RB,3.0,0 days 00:02:04.316000,INTERMEDIATE,1.0,1,True,2024,Silverstone,Q,124.316
RIC,RB,7.0,0 days 00:01:36.233000,SOFT,3.0,1,True,2024,Silverstone,Q,96.233
RIC,RB,8.0,0 days 00:01:35.045000,SOFT,3.0,1,True,2024,Silverstone,Q,95.045
RIC,RB,9.0,0 days 00:01:31.291000,SOFT,3.0,1,True,2024,Silverstone,Q,91.291
RIC,RB,12.0,0 days 00:01:29.015000,SOFT,4.0,1,True,2024,Silverstone,Q,89.015
RIC,RB,13.0,0 days 00:01:28.596000,SOFT,4.0,1,True,2024,Silverstone,Q,88.596
RIC,RB,16.0,0 days 00:01:53.054000,SOFT,5.0,1,True,2024,Silverstone,Q,113.054
RIC,RB,17.0,0 days 00:01:27.949000,SOFT,5.0,1,True,2024,Silverstone,Q,87.949
BOT,Kick Sauber,2.0,0 days 00:01:39.718000,INTERMEDIATE,1.0,1,True,2024,Silverstone,Q,99.718
BOT,Kick Sauber,3.0,0 days 00:02:04.999000,INTERMEDIATE,1.0,1,True,2024,Silverstone,Q,124.999
BOT,Kick Sauber,8.0,0 days 00:01:32.431000,SOFT,3.0,1,True,2024,Silverstone,Q,92.431
BOT,Kick Sauber,9.0,0 days 00:01:39.799000,SOFT,3.0,1,True,2024,Silverstone,Q,99.799
BOT,Kick Sauber,10.0,0 days 00:01:50.296000,SOFT,3.0,1,True,2024,Silverstone,Q,110.296
MAG,Haas F1 Team,2.0,0 days 00:01:37.805000,INTERMEDIATE,1.0,1,True,2024,Silverstone,Q,97.805
MAG,Haas F1 Team,5.0,0 days 00:01:32.905000,SOFT,2.0,1,True,2024,Silverstone,Q,92.905
OCO,Alpine,2.0,0 days 00:01:39.078000,INTERMEDIATE,1.0,1,True,2024,Silverstone,Q,99.078
OCO,Alpine,3.0,0 days 00:01:57.222000,INTERMEDIATE,1.0,1,True,2024,Silverstone,Q,117.222
OCO,Alpine,4.0,0 days 00:01:39.910000,INTERMEDIATE,1.0,1,True,2024,Silverstone,Q,99.91
OCO,Alpine,8.0,0 days 00:01:36.414000,SOFT,3.0,1,True,2024,Silverstone,Q,96.414
OCO,Alpine,9.0,0 days 00:01:34.557000,SOFT,3.0,1,True,2024,Silverstone,Q,94.557
OCO,Alpine,10.0,0 days 00:01:36.198000,SOFT,3.0,1,True,2024,Silverstone,Q,96.198
PER,Red Bull Racing,2.0,0 days 00:01:38.348000,INTERMEDIATE,1.0,1,True,2024,Silverstone,Q,98.348
PER,Red Bull Racing,3.0,0 days 00:02:06.177000,INTERMEDIATE,1.0,1,True,2024,Silverstone,Q,126.177
GAS,Alpine,2.0,0 days 00:01:39.804000,INTERMEDIATE,1.0,1,True,2024,Silverstone,Q,99.804
GAS,Alpine,3.0,0 days 00:02:10.632000,INTERMEDIATE,1.0,1,True,2024,Silverstone,Q,130.632
GAS,Alpine,4.0,0 days 00:01:40.529000,INTERMEDIATE,1.0,1,True,2024,Silverstone,Q,100.529
HAM,Mercedes,2.0,0 days 00:01:31.420000,MEDIUM,1.0,1,True,2024,Silverstone,R,91.42
HAM,Mercedes,3.0,0 days 00:01:31.716000,MEDIUM,1.0,1,True,2024,Silverstone,R,91.716
HAM,Mercedes,4.0,0 days 00:01:31.988000,MEDIUM,1.0,1,True,2024,Silverstone,R,91.988
HAM,Mercedes,5.0,0 days 00:01:31.677000,MEDIUM,1.0,1,True,2024,Silverstone,R,91.677
HAM,Mercedes,6.0,0 days 00:01:31.746000,MEDIUM,1.0,1,True,2024,Silverstone,R,91.746
HAM,Mercedes,7.0,0 days 00:01:31.675000,MEDIUM,1.0,1,True,2024,Silverstone,R,91.675
HAM,Mercedes,8.0,0 days 00:01:31.760000,MEDIUM,1.0,1,True,2024,Silverstone,R,91.76
HAM,Mercedes,9.0,0 days 00:01:31.564000,MEDIUM,1.0,1,True,2024,Silverstone,R,91.564
HAM,Mercedes,10.0,0 days 00:01:31.515000,MEDIUM,1.0,1,True,2024,Silverstone,R,91.515
HAM,Mercedes,11.0,0 days 00:01:31.487000,MEDIUM,1.0,1,True,2024,Silverstone,R,91.487
HAM,Mercedes,12.0,0 days 00:01:31.563000,MEDIUM,1.0,1,True,2024,Silverstone,R,91.563
HAM,Mercedes,13.0,0 days 00:01:31.881000,MEDIUM,1.0,1,True,2024,Silverstone,R,91.881
HAM,Mercedes,14.0,0 days 00:01:31.609000,MEDIUM,1.0,1,True,2024,Silverstone,R,91.609
HAM,Mercedes,15.0,0 days 00:01:31.563000,MEDIUM,1.0,1,True,2024,Silverstone,R,91.563
HAM,Mercedes,16.0,0 days 00:01:31.931000,MEDIUM,1.0,1,True,2024,Silverstone,R,91.931
HAM,Mercedes,17.0,0 days 00:01:33.721000,MEDIUM,1.0,1,True,2024,Silverstone,R,93.721
HAM,Mercedes,18.0,0 days 00:01:35.071000,MEDIUM,1.0,1,True,2024,Silverstone,R,95.071
HAM,Mercedes,19.0,0 days 00:01:43.711000,MEDIUM,1.0,1,True,2024,Silverstone,R,103.711
HAM,Mercedes,20.0,0 days 00:01:40.021000,MEDIUM,1.0,1,True,2024,Silverstone,R,100.021
HAM,Mercedes,21.0,0 days 00:01:32.156000,MEDIUM,1.0,1,True,2024,Silverstone,R,92.156
HAM,Mercedes,22.0,0 days 00:01:31.095000,MEDIUM,1.0,1,True,2024,Silverstone,R,91.095
HAM,Mercedes,23.0,0 days 00:01:31.107000,MEDIUM,1.0,1,True,2024,Silverstone,R,91.107
HAM,Mercedes,24.0,0 days 00:01:31.635000,MEDIUM,1.0,1,True,2024,Silverstone,R,91.635
HAM,Mercedes,25.0,0 days 00:01:34.988000,MEDIUM,1.0,1,True,2024,Silverstone,R,94.988
HAM,Mercedes,26.0,0 days 00:01:40.792000,MEDIUM,1.0,1,True,2024,Silverstone,R,100.792
HAM,Mercedes,29.0,0 days 00:01:40.420000,INTERMEDIATE,2.0,1,True,2024,Silverstone,R,100.42
HAM,Mercedes,30.0,0 days 00:01:40.467000,INTERMEDIATE,2.0,1,True,2024,Silverstone,R,100.467
HAM,Mercedes,31.0,0 days 00:01:41.538000,INTERMEDIATE,2.0,1,True,2024,Silverstone,R,101.538
HAM,Mercedes,32.0,0 days 00:01:42.475000,INTERMEDIATE,2.0,1,True,2024,Silverstone,R,102.475
HAM,Mercedes,33.0,0 days 00:01:42.435000,INTERMEDIATE,2.0,1,True,2024,Silverstone,R,102.435
HAM,Mercedes,34.0,0 days 00:01:42.757000,INTERMEDIATE,2.0,1,True,2024,Silverstone,R,102.757
HAM,Mercedes,35.0,0 days 00:01:42.271000,INTERMEDIATE,2.0,1,True,2024,Silverstone,R,102.271
HAM,Mercedes,36.0,0 days 00:01:41.924000,INTERMEDIATE,2.0,1,True,2024,Silverstone,R,101.924
HAM,Mercedes,37.0,0 days 00:01:39.711000,INTERMEDIATE,2.0,1,True,2024,Silverstone,R,99.711
HAM,Mercedes,40.0,0 days 00:01:30.318000,SOFT,3.0,1,True,2024,Silverstone,R,90.318
HAM,Mercedes,41.0,0 days 00:01:30.118000,SOFT,3.0,1,True,2024,Silverstone,R,90.118
HAM,Mercedes,42.0,0 days 00:01:29.617000,SOFT,3.0,1,True,2024,Silverstone,R,89.617
HAM,Mercedes,43.0,0 days 00:01:29.793000,SOFT,3.0,1,True,2024,Silverstone,R,89.793
HAM,Mercedes,44.0,0 days 00:01:29.697000,SOFT,3.0,1,True,2024,Silverstone,R,89.697
HAM,Mercedes,45.0,0 days 00:01:29.438000,SOFT,3.0,1,True,2024,Silverstone,R,89.438
HAM,Mercedes,46.0,0 days 00:01:29.641000,SOFT,3.0,1,True,2024,Silverstone,R,89.641
HAM,Mercedes,47.0,0 days 00:01:29.538000,SOFT,3.0,1,True,2024,Silverstone,R,89.538
HAM,Mercedes,48.0,0 days 00:01:29.579000,SOFT,3.0,1,True,2024,Silverstone,R,89.579
HAM,Mercedes,49.0,0 days 00:01:29.667000,SOFT,3.0,1,True,2024,Silverstone,R,89.667
HAM,Mercedes,50.0,0 days 00:01:29.682000,SOFT,3.0,1,True,2024,Silverstone,R,89.682
HAM,Mercedes,51.0,0 days 00:01:29.743000,SOFT,3.0,1,True,2024,Silverstone,R,89.743
HAM,Mercedes,52.0,0 days 00:01:30.146000,SOFT,3.0,1,True,2024,Silverstone,R,90.146
VER,Red Bull Racing,2.0,0 days 00:01:31.773000,MEDIUM,1.0,1,True,2024,Silverstone,R,91.773
VER,Red Bull Racing,3.0,0 days 00:01:32.200000,MEDIUM,1.0,1,True,2024,Silverstone,R,92.2
VER,Red Bull Racing,4.0,0 days 00:01:31.933000,MEDIUM,1.0,1,True,2024,Silverstone,R,91.933
VER,Red Bull Racing,5.0,0 days 00:01:31.778000,MEDIUM,1.0,1,True,2024,Silverstone,R,91.778
VER,Red Bull Racing,6.0,0 days 00:01:31.711000,MEDIUM,1.0,1,True,2024,Silverstone,R,91.711
VER,Red Bull Racing,7.0,0 days 00:01:31.935000,MEDIUM,1.0,1,True,2024,Silverstone,R,91.935
VER,Red Bull Racing,8.0,0 days 00:01:32.038000,MEDIUM,1.0,1,True,2024,Silverstone,R,92.038
VER,Red Bull Racing,9.0,0 days 00:01:31.883000,MEDIUM,1.0,1,True,2024,Silverstone,R,91.883
VER,Red Bull Racing,10.0,0 days 00:01:31.661000,MEDIUM,1.0,1,True,2024,Silverstone,R,91.661
VER,Red Bull Racing,11.0,0 days 00:01:31.810000,MEDIUM,1.0,1,True,2024,Silverstone,R,91.81
VER,Red Bull Racing,12.0,0 days 00:01:31.894000,MEDIUM,1.0,1,True,2024,Silverstone,R,91.894
VER,Red Bull Racing,13.0,0 days 00:01:31.759000,MEDIUM,1.0,1,True,2024,Silverstone,R,91.759
VER,Red Bull Racing,14.0,0 days 00:01:31.700000,MEDIUM,1.0,1,True,2024,Silverstone,R,91.7
VER,Red Bull Racing,15.0,0 days 00:01:32.249000,MEDIUM,1.0,1,True,2024,Silverstone,R,92.249
VER,Red Bull Racing,16.0,0 days 00:01:32.504000,MEDIUM,1.0,1,True,2024,Silverstone,R,92.504
VER,Red Bull Racing,17.0,0 days 00:01:35.359000,MEDIUM,1.0,1,True,2024,Silverstone,R,95.359
VER,Red Bull Racing,18.0,0 days 00:01:36.172000,MEDIUM,1.0,1,True,2024,Silverstone,R,96.172
VER,Red Bull Racing,19.0,0 days 00:01:42.485000,MEDIUM,1.0,1,True,2024,Silverstone,R,102.485
VER,Red Bull Racing,20.0,0 days 00:01:37.108000,MEDIUM,1.0,1,True,2024,Silverstone,R,97.108
VER,Red Bull Racing,21.0,0 days 00:01:33.488000,MEDIUM,1.0,1,True,2024,Silverstone,R,93.488
VER,Red Bull Racing,22.0,0 days 00:01:31.904000,MEDIUM,1.0,1,True,2024,Silverstone,R,91.904
VER,Red Bull Racing,23.0,0 days 00:01:32.143000,MEDIUM,1.0,1,True,2024,Silverstone,R,92.143
VER,Red Bull Racing,24.0,0 days 00:01:33.020000,MEDIUM,1.0,1,True,2024,Silverstone,R,93.02
VER,Red Bull Racing,25.0,0 days 00:01:36.063000,MEDIUM,1.0,1,True,2024,Silverstone,R,96.063
VER,Red Bull Racing,28.0,0 days 00:01:41.176000,INTERMEDIATE,2.0,1,True,2024,Silverstone,R,101.176
VER,Red Bull Racing,29.0,0 days 00:01:41.533000,INTERMEDIATE,2.0,1,True,2024,Silverstone,R,101.533
VER,Red Bull Racing,30.0,0 days 00:01:42.098000,INTERMEDIATE,2.0,1,True,2024,Silverstone,R,102.098
VER,Red Bull Racing,31.0,0 days 00:01:42.025000,INTERMEDIATE,2.0,1,True,2024,Silverstone,R,102.025
VER,Red Bull Racing,32.0,0 days 00:01:42.538000,INTERMEDIATE,2.0,1,True,2024,Silverstone,R,102.538
VER,Red Bull Racing,33.0,0 days 00:01:42.606000,INTERMEDIATE,2.0,1,True,2024,Silverstone,R,102.606
VER,Red Bull Racing,34.0,0 days 00:01:42.447000,INTERMEDIATE,2.0,1,True,2024,Silverstone,R,102.447
VER,Red Bull Racing,35.0,0 days 00:01:43.029000,INTERMEDIATE,2.0,1,True,2024,Silverstone,R,103.029
VER,Red Bull Racing,36.0,0 days 00:01:41.958000,INTERMEDIATE,2.0,1,True,2024,Silverstone,R,101.958
VER,Red Bull Racing,37.0,0 days 00:01:38.869000,INTERMEDIATE,2.0,1,True,2024,Silverstone,R,98.869
VER,Red Bull Racing,40.0,0 days 00:01:30.056000,HARD,3.0,1,True,2024,Silverstone,R,90.056
VER,Red Bull Racing,41.0,0 days 00:01:29.604000,HARD,3.0,1,True,2024,Silverstone,R,89.604
VER,Red Bull Racing,42.0,0 days 00:01:29.472000,HARD,3.0,1,True,2024,Silverstone,R,89.472
VER,Red Bull Racing,43.0,0 days 00:01:29.105000,HARD,3.0,1,True,2024,Silverstone,R,89.105
VER,Red Bull Racing,44.0,0 days 00:01:29.372000,HARD,3.0,1,True,2024,Silverstone,R,89.372
VER,Red Bull Racing,45.0,0 days 00:01:29.137000,HARD,3.0,1,True,2024,Silverstone,R,89.137
VER,Red Bull Racing,46.0,0 days 00:01:29.543000,HARD,3.0,1,True,2024,Silverstone,R,89.543
VER,Red Bull Racing,47.0,0 days 00:01:29.411000,HARD,3.0,1,True,2024,Silverstone,R,89.411
VER,Red Bull Racing,48.0,0 days 00:01:28.952000,HARD,3.0,1,True,2024,Silverstone,R,88.952
VER,Red Bull Racing,49.0,0 days 00:01:29.560000,HARD,3.0,1,True,2024,Silverstone,R,89.56
VER,Red Bull Racing,50.0,0 days 00:01:29.286000,HARD,3.0,1,True,2024,Silverstone,R,89.286
VER,Red Bull Racing,51.0,0 days 00:01:29.443000,HARD,3.0,1,True,2024,Silverstone,R,89.443
VER,Red Bull Racing,52.0,0 days 00:01:29.089000,HARD,3.0,1,True,2024,Silverstone,R,89.089
NOR,McLaren,2.0,0 days 00:01:32.188000,MEDIUM,1.0,1,True,2024,Silverstone,R,92.188
NOR,McLaren,3.0,0 days 00:01:31.991000,MEDIUM,1.0,1,True,2024,Silverstone,R,91.991
NOR,McLaren,4.0,0 days 00:01:31.976000,MEDIUM,1.0,1,True,2024,Silverstone,R,91.976
NOR,McLaren,5.0,0 days 00:01:31.716000,MEDIUM,1.0,1,True,2024,Silverstone,R,91.716
NOR,McLaren,6.0,0 days 00:01:31.896000,MEDIUM,1.0,1,True,2024,Silverstone,R,91.896
NOR,McLaren,7.0,0 days 00:01:32.071000,MEDIUM,1.0,1,True,2024,Silverstone,R,92.071
NOR,McLaren,8.0,0 days 00:01:32.018000,MEDIUM,1.0,1,True,2024,Silverstone,R,92.018
NOR,McLaren,9.0,0 days 00:01:31.976000,MEDIUM,1.0,1,True,2024,Silverstone,R,91.976
NOR,McLaren,10.0,0 days 00:01:31.830000,MEDIUM,1.0,1,True,2024,Silverstone,R,91.83
NOR,McLaren,11.0,0 days 00:01:31.748000,MEDIUM,1.0,1,True,2024,Silverstone,R,91.748
NOR,McLaren,12.0,0 days 00:01:31.718000,MEDIUM,1.0,1,True,2024,Silverstone,R,91.718
NOR,McLaren,13.0,0 days 00:01:31.472000,MEDIUM,1.0,1,True,2024,Silverstone,R,91.472
NOR,McLaren,14.0,0 days 00:01:31.407000,MEDIUM,1.0,1,True,2024,Silverstone,R,91.407
NOR,McLaren,15.0,0 days 00:01:30.946000,MEDIUM,1.0,1,True,2024,Silverstone,R,90.946
NOR,McLaren,16.0,0 days 00:01:31.690000,MEDIUM,1.0,1,True,2024,Silverstone,R,91.69
NOR,McLaren,17.0,0 days 00:01:34.304000,MEDIUM,1.0,1,True,2024,Silverstone,R,94.304
NOR,McLaren,18.0,0 days 00:01:34.125000,MEDIUM,1.0,1,True,2024,Silverstone,R,94.125
NOR,McLaren,19.0,0 days 00:01:41.436000,MEDIUM,1.0,1,True,2024,Silverstone,R,101.436
NOR,McLaren,20.0,0 days 00:01:37.704000,MEDIUM,1.0,1,True,2024,Silverstone,R,97.704
NOR,McLaren,21.0,0 days 00:01:31.513000,MEDIUM,1.0,1,True,2024,Silverstone,R,91.513
NOR,McLaren,22.0,0 days 00:01:30.860000,MEDIUM,1.0,1,True,2024,Silverstone,R,90.86
NOR,McLaren,23.0,0 days 00:01:31.176000,MEDIUM,1.0,1,True,2024,Silverstone,R,91.176
NOR,McLaren,24.0,0 days 00:01:31.629000,MEDIUM,1.0,1,True,2024,Silverstone,R,91.629
NOR,McLaren,25.0,0 days 00:01:34.307000,MEDIUM,1.0,1,True,2024,Silverstone,R,94.307
NOR,McLaren,26.0,0 days 00:01:41.515000,MEDIUM,1.0,1,True,2024,Silverstone,R,101.515
NOR,McLaren,29.0,0 days 00:01:40.266000,INTERMEDIATE,2.0,1,True,2024,Silverstone,R,100.266
NOR,McLaren,30.0,0 days 00:01:40.717000,INTERMEDIATE,2.0,1,True,2024,Silverstone,R,100.717
NOR,McLaren,31.0,0 days 00:01:41.313000,INTERMEDIATE,2.0,1,True,2024,Silverstone,R,101.313
NOR,McLaren,32.0,0 days 00:01:42.216000,INTERMEDIATE,2.0,1,True,2024,Silverstone,R,102.216
NOR,McLaren,33.0,0 days 00:01:42.607000,INTERMEDIATE,2.0,1,True,2024,Silverstone,R,102.607
NOR,McLaren,34.0,0 days 00:01:43.078000,INTERMEDIATE,2.0,1,True,2024,Silverstone,R,103.078
NOR,McLaren,35.0,0 days 00:01:42.935000,INTERMEDIATE,2.0,1,True,2024,Silverstone,R,102.935
NOR,McLaren,36.0,0 days 00:01:42.340000,INTERMEDIATE,2.0,1,True,2024,Silverstone,R,102.34
NOR,McLaren,37.0,0 days 00:01:39.786000,INTERMEDIATE,2.0,1,True,2024,Silverstone,R,99.786
NOR,McLaren,38.0,0 days 00:01:37.999000,INTERMEDIATE,2.0,1,True,2024,Silverstone,R,97.999
NOR,McLaren,41.0,0 days 00:01:29.733000,SOFT,3.0,1,True,2024,Silverstone,R,89.733
NOR,McLaren,42.0,0 days 00:01:30.006000,SOFT,3.0,1,True,2024,Silverstone,R,90.006
NOR,McLaren,43.0,0 days 00:01:29.262000,SOFT,3.0,1,True,2024,Silverstone,R,89.262
NOR,McLaren,44.0,0 days 00:01:29.752000,SOFT,3.0,1,True,2024,Silverstone,R,89.752
NOR,McLaren,45.0,0 days 00:01:29.635000,SOFT,3.0,1,True,2024,Silverstone,R,89.635
NOR,McLaren,46.0,0 days 00:01:29.960000,SOFT,3.0,1,True,2024,Silverstone,R,89.96
NOR,McLaren,47.0,0 days 00:01:29.838000,SOFT,3.0,1,True,2024,Silverstone,R,89.838
NOR,McLaren,48.0,0 days 00:01:30.556000,SOFT,3.0,1,True,2024,Silverstone,R,90.556
NOR,McLaren,49.0,0 days 00:01:30.515000,SOFT,3.0,1,True,2024,Silverstone,R,90.515
NOR,McLaren,50.0,0 days 00:01:30.544000,SOFT,3.0,1,True,2024,Silverstone,R,90.544
NOR,McLaren,51.0,0 days 00:01:30.769000,SOFT,3.0,1,True,2024,Silverstone,R,90.769
NOR,McLaren,52.0,0 days 00:01:30.913000,SOFT,3.0,1,True,2024,Silverstone,R,90.913
PIA,McLaren,2.0,0 days 00:01:32.361000,MEDIUM,1.0,1,True,2024,Silverstone,R,92.361
PIA,McLaren,3.0,0 days 00:01:31.927000,MEDIUM,1.0,1,True,2024,Silverstone,R,91.927
PIA,McLaren,4.0,0 days 00:01:31.919000,MEDIUM,1.0,1,True,2024,Silverstone,R,91.919
PIA,McLaren,5.0,0 days 00:01:31.832000,MEDIUM,1.0,1,True,2024,Silverstone,R,91.832
PIA,McLaren,6.0,0 days 00:01:32.062000,MEDIUM,1.0,1,True,2024,Silverstone,R,92.062
PIA,McLaren,7.0,0 days 00:01:31.925000,MEDIUM,1.0,1,True,2024,Silverstone,R,91.925
PIA,McLaren,8.0,0 days 00:01:31.994000,MEDIUM,1.0,1,True,2024,Silverstone,R,91.994
PIA,McLaren,9.0,0 days 00:01:32,MEDIUM,1.0,1,True,2024,Silverstone,R,92.0
PIA,McLaren,10.0,0 days 00:01:31.811000,MEDIUM,1.0,1,True,2024,Silverstone,R,91.811
PIA,McLaren,11.0,0 days 00:01:31.855000,MEDIUM,1.0,1,True,2024,Silverstone,R,91.855
PIA,McLaren,12.0,0 days 00:01:31.663000,MEDIUM,1.0,1,True,2024,Silverstone,R,91.663
PIA,McLaren,13.0,0 days 00:01:31.896000,MEDIUM,1.0,1,True,2024,Silverstone,R,91.896
PIA,McLaren,14.0,0 days 00:01:31.697000,MEDIUM,1.0,1,True,2024,Silverstone,R,91.697
PIA,McLaren,15.0,0 days 00:01:31.514000,MEDIUM,1.0,1,True,2024,Silverstone,R,91.514
PIA,McLaren,16.0,0 days 00:01:32.118000,MEDIUM,1.0,1,True,2024,Silverstone,R,92.118
PIA,McLaren,17.0,0 days 00:01:33.988000,MEDIUM,1.0,1,True,2024,Silverstone,R,93.988
PIA,McLaren,18.0,0 days 00:01:34.269000,MEDIUM,1.0,1,True,2024,Silverstone,R,94.269
PIA,McLaren,19.0,0 days 00:01:40.728000,MEDIUM,1.0,1,True,2024,Silverstone,R,100.728
PIA,McLaren,20.0,0 days 00:01:37.348000,MEDIUM,1.0,1,True,2024,Silverstone,R,97.348
PIA,McLaren,21.0,0 days 00:01:31.819000,MEDIUM,1.0,1,True,2024,Silverstone,R,91.819
PIA,McLaren,22.0,0 days 00:01:31.169000,MEDIUM,1.0,1,True,2024,Silverstone,R,91.169
PIA,McLaren,23.0,0 days 00:01:30.976000,MEDIUM,1.0,1,True,2024,Silverstone,R,90.976
PIA,McLaren,24.0,0 days 00:01:31.392000,MEDIUM,1.0,1,True,2024,Silverstone,R,91.392
PIA,McLaren,25.0,0 days 00:01:34.271000,MEDIUM,1.0,1,True,2024,Silverstone,R,94.271
PIA,McLaren,26.0,0 days 00:01:40.622000,MEDIUM,1.0,1,True,2024,Silverstone,R,100.622
PIA,McLaren,27.0,0 days 00:01:49.747000,MEDIUM,1.0,1,True,2024,Silverstone,R,109.747
PIA,McLaren,30.0,0 days 00:01:40.492000,INTERMEDIATE,2.0,1,True,2024,Silverstone,R,100.492
PIA,McLaren,31.0,0 days 00:01:42.161000,INTERMEDIATE,2.0,1,True,2024,Silverstone,R,102.161
PIA,McLaren,32.0,0 days 00:01:43.137000,INTERMEDIATE,2.0,1,True,2024,Silverstone,R,103.137
PIA,McLaren,33.0,0 days 00:01:43.325000,INTERMEDIATE,2.0,1,True,2024,Silverstone,R,103.325
PIA,McLaren,34.0,0 days 00:01:43.954000,INTERMEDIATE,2.0,1,True,2024,Silverstone,R,103.954
PIA,McLaren,35.0,0 days 00:01:43.309000,INTERMEDIATE,2.0,1,True,2024,Silverstone,R,103.309
PIA,McLaren,36.0,0 days 00:01:42.520000,INTERMEDIATE,2.0,1,True,2024,Silverstone,R,102.52
PIA,McLaren,37.0,0 days 00:01:39.635000,INTERMEDIATE,2.0,1,True,2024,Silverstone,R,99.635
PIA,McLaren,40.0,0 days 00:01:29.913000,MEDIUM,3.0,1,True,2024,Silverstone,R,89.913
PIA,McLaren,41.0,0 days 00:01:29.574000,MEDIUM,3.0,1,True,2024,Silverstone,R,89.574
PIA,McLaren,42.0,0 days 00:01:29.581000,MEDIUM,3.0,1,True,2024,Silverstone,R,89.581
PIA,McLaren,43.0,0 days 00:01:29.286000,MEDIUM,3.0,1,True,2024,Silverstone,R,89.286
PIA,McLaren,44.0,0 days 00:01:29.221000,MEDIUM,3.0,1,True,2024,Silverstone,R,89.221
PIA,McLaren,45.0,0 days 00:01:29.222000,MEDIUM,3.0,1,True,2024,Silverstone,R,89.222
PIA,McLaren,46.0,0 days 00:01:29.233000,MEDIUM,3.0,1,True,2024,Silverstone,R,89.233
PIA,McLaren,47.0,0 days 00:01:29.049000,MEDIUM,3.0,1,True,2024,Silverstone,R,89.049
PIA,McLaren,48.0,0 days 00:01:29.124000,MEDIUM,3.0,1,True,2024,Silverstone,R,89.124
PIA,McLaren,49.0,0 days 00:01:29.283000,MEDIUM,3.0,1,True,2024,Silverstone,R,89.283
PIA,McLaren,50.0,0 days 00:01:29.958000,MEDIUM,3.0,1,True,2024,Silverstone,R,89.958
PIA,McLaren,51.0,0 days 00:01:28.748000,MEDIUM,3.0,1,True,2024,Silverstone,R,88.748
PIA,McLaren,52.0,0 days 00:01:29.928000,MEDIUM,3.0,1,True,2024,Silverstone,R,89.928
SAI,Ferrari,2.0,0 days 00:01:32.359000,MEDIUM,1.0,1,True,2024,Silverstone,R,92.359
SAI,Ferrari,3.0,0 days 00:01:32.102000,MEDIUM,1.0,1,True,2024,Silverstone,R,92.102
SAI,Ferrari,4.0,0 days 00:01:32.045000,MEDIUM,1.0,1,True,2024,Silverstone,R,92.045
SAI,Ferrari,5.0,0 days 00:01:31.939000,MEDIUM,1.0,1,True,2024,Silverstone,R,91.939
SAI,Ferrari,6.0,0 days 00:01:31.900000,MEDIUM,1.0,1,True,2024,Silverstone,R,91.9
SAI,Ferrari,7.0,0 days 00:01:32.702000,MEDIUM,1.0,1,True,2024,Silverstone,R,92.702
SAI,Ferrari,8.0,0 days 00:01:32.372000,MEDIUM,1.0,1,True,2024,Silverstone,R,92.372
SAI,Ferrari,9.0,0 days 00:01:32.484000,MEDIUM,1.0,1,True,2024,Silverstone,R,92.484
SAI,Ferrari,10.0,0 days 00:01:32.362000,MEDIUM,1.0,1,True,2024,Silverstone,R,92.362
SAI,Ferrari,11.0,0 days 00:01:32.123000,MEDIUM,1.0,1,True,2024,Silverstone,R,92.123
SAI,Ferrari,12.0,0 days 00:01:32.358000,MEDIUM,1.0,1,True,2024,Silverstone,R,92.358
SAI,Ferrari,13.0,0 days 00:01:32.251000,MEDIUM,1.0,1,True,2024,Silverstone,R,92.251
SAI,Ferrari,14.0,0 days 00:01:32.106000,MEDIUM,1.0,1,True,2024,Silverstone,R,92.106
SAI,Ferrari,15.0,0 days 00:01:31.916000,MEDIUM,1.0,1,True,2024,Silverstone,R,91.916
SAI,Ferrari,16.0,0 days 00:01:32.455000,MEDIUM,1.0,1,True,2024,Silverstone,R,92.455
SAI,Ferrari,17.0,0 days 00:01:34.228000,MEDIUM,1.0,1,True,2024,Silverstone,R,94.228
SAI,Ferrari,18.0,0 days 00:01:34.310000,MEDIUM,1.0,1,True,2024,Silverstone,R,94.31
SAI,Ferrari,19.0,0 days 00:01:40.510000,MEDIUM,1.0,1,True,2024,Silverstone,R,100.51
SAI,Ferrari,20.0,0 days 00:01:36.538000,MEDIUM,1.0,1,True,2024,Silverstone,R,96.538
SAI,Ferrari,21.0,0 days 00:01:33.507000,MEDIUM,1.0,1,True,2024,Silverstone,R,93.507
SAI,Ferrari,22.0,0 days 00:01:32.157000,MEDIUM,1.0,1,True,2024,Silverstone,R,92.157
SAI,Ferrari,23.0,0 days 00:01:32.297000,MEDIUM,1.0,1,True,2024,Silverstone,R,92.297
SAI,Ferrari,24.0,0 days 00:01:32.734000,MEDIUM,1.0,1,True,2024,Silverstone,R,92.734
SAI,Ferrari,25.0,0 days 00:01:35.143000,MEDIUM,1.0,1,True,2024,Silverstone,R,95.143
SAI,Ferrari,28.0,0 days 00:01:42.641000,INTERMEDIATE,2.0,1,True,2024,Silverstone,R,102.641
SAI,Ferrari,29.0,0 days 00:01:42.447000,INTERMEDIATE,2.0,1,True,2024,Silverstone,R,102.447
SAI,Ferrari,30.0,0 days 00:01:42.737000,INTERMEDIATE,2.0,1,True,2024,Silverstone,R,102.737
SAI,Ferrari,31.0,0 days 00:01:43.007000,INTERMEDIATE,2.0,1,True,2024,Silverstone,R,103.007
SAI,Ferrari,32.0,0 days 00:01:43.298000,INTERMEDIATE,2.0,1,True,2024,Silverstone,R,103.298
SAI,Ferrari,33.0,0 days 00:01:43.201000,INTERMEDIATE,2.0,1,True,2024,Silverstone,R,103.201
SAI,Ferrari,34.0,0 days 00:01:42.794000,INTERMEDIATE,2.0,1,True,2024,Silverstone,R,102.794
SAI,Ferrari,35.0,0 days 00:01:43.590000,INTERMEDIATE,2.0,1,True,2024,Silverstone,R,103.59
SAI,Ferrari,36.0,0 days 00:01:42.748000,INTERMEDIATE,2.0,1,True,2024,Silverstone,R,102.748
SAI,Ferrari,37.0,0 days 00:01:40.432000,INTERMEDIATE,2.0,1,True,2024,Silverstone,R,100.432
SAI,Ferrari,38.0,0 days 00:01:38.370000,INTERMEDIATE,2.0,1,True,2024,Silverstone,R,98.37
SAI,Ferrari,41.0,0 days 00:01:30.475000,HARD,3.0,1,True,2024,Silverstone,R,90.475
SAI,Ferrari,42.0,0 days 00:01:29.872000,HARD,3.0,1,True,2024,Silverstone,R,89.872
SAI,Ferrari,43.0,0 days 00:01:29.872000,HARD,3.0,1,True,2024,Silverstone,R,89.872
SAI,Ferrari,44.0,0 days 00:01:29.739000,HARD,3.0,1,True,2024,Silverstone,R,89.739
SAI,Ferrari,45.0,0 days 00:01:29.589000,HARD,3.0,1,True,2024,Silverstone,R,89.589
SAI,Ferrari,46.0,0 days 00:01:29.588000,HARD,3.0,1,True,2024,Silverstone,R,89.588
SAI,Ferrari,47.0,0 days 00:01:29.553000,HARD,3.0,1,True,2024,Silverstone,R,89.553
SAI,Ferrari,48.0,0 days 00:01:29.415000,HARD,3.0,1,True,2024,Silverstone,R,89.415
SAI,Ferrari,49.0,0 days 00:01:29.439000,HARD,3.0,1,True,2024,Silverstone,R,89.439
SAI,Ferrari,52.0,0 days 00:01:28.293000,SOFT,4.0,1,True,2024,Silverstone,R,88.293
HUL,Haas F1 Team,2.0,0 days 00:01:32.844000,MEDIUM,1.0,1,True,2024,Silverstone,R,92.844
HUL,Haas F1 Team,3.0,0 days 00:01:32.605000,MEDIUM,1.0,1,True,2024,Silverstone,R,92.605
HUL,Haas F1 Team,4.0,0 days 00:01:32.563000,MEDIUM,1.0,1,True,2024,Silverstone,R,92.563
HUL,Haas F1 Team,5.0,0 days 00:01:32.768000,MEDIUM,1.0,1,True,2024,Silverstone,R,92.768
HUL,Haas F1 Team,6.0,0 days 00:01:32.697000,MEDIUM,1.0,1,True,2024,Silverstone,R,92.697
HUL,Haas F1 Team,7.0,0 days 00:01:32.733000,MEDIUM,1.0,1,True,2024,Silverstone,R,92.733
HUL,Haas F1 Team,8.0,0 days 00:01:32.802000,MEDIUM,1.0,1,True,2024,Silverstone,R,92.802
HUL,Haas F1 Team,9.0,0 days 00:01:32.396000,MEDIUM,1.0,1,True,2024,Silverstone,R,92.396
HUL,Haas F1 Team,10.0,0 days 00:01:32.439000,MEDIUM,1.0,1,True,2024,Silverstone,R,92.439
HUL,Haas F1 Team,11.0,0 days 00:01:32.428000,MEDIUM,1.0,1,True,2024,Silverstone,R,92.428
HUL,Haas F1 Team,12.0,0 days 00:01:32.401000,MEDIUM,1.0,1,True,2024,Silverstone,R,92.401
HUL,Haas F1 Team,13.0,0 days 00:01:32.468000,MEDIUM,1.0,1,True,2024,Silverstone,R,92.468
HUL,Haas F1 Team,14.0,0 days 00:01:32.621000,MEDIUM,1.0,1,True,2024,Silverstone,R,92.621
HUL,Haas F1 Team,15.0,0 days 00:01:32.672000,MEDIUM,1.0,1,True,2024,Silverstone,R,92.672
HUL,Haas F1 Team,16.0,0 days 00:01:33.194000,MEDIUM,1.0,1,True,2024,Silverstone,R,93.194
HUL,Haas F1 Team,17.0,0 days 00:01:35.447000,MEDIUM,1.0,1,True,2024,Silverstone,R,95.447
HUL,Haas F1 Team,18.0,0 days 00:01:35.834000,MEDIUM,1.0,1,True,2024,Silverstone,R,95.834
HUL,Haas F1 Team,19.0,0 days 00:01:45.752000,MEDIUM,1.0,1,True,2024,Silverstone,R,105.752
HUL,Haas F1 Team,20.0,0 days 00:01:37.529000,MEDIUM,1.0,1,True,2024,Silverstone,R,97.529
HUL,Haas F1 Team,21.0,0 days 00:01:32.649000,MEDIUM,1.0,1,True,2024,Silverstone,R,92.649
HUL,Haas F1 Team,22.0,0 days 00:01:32.233000,MEDIUM,1.0,1,True,2024,Silverstone,R,92.233
HUL,Haas F1 Team,23.0,0 days 00:01:32.612000,MEDIUM,1.0,1,True,2024,Silverstone,R,92.612
HUL,Haas F1 Team,24.0,0 days 00:01:33.352000,MEDIUM,1.0,1,True,2024,Silverstone,R,93.352
HUL,Haas F1 Team,25.0,0 days 00:01:35.918000,MEDIUM,1.0,1,True,2024,Silverstone,R,95.918
HUL,Haas F1 Team,28.0,0 days 00:01:41.897000,INTERMEDIATE,2.0,1,True,2024,Silverstone,R,101.897
HUL,Haas F1 Team,29.0,0 days 00:01:42.641000,INTERMEDIATE,2.0,1,True,2024,Silverstone,R,102.641
HUL,Haas F1 Team,30.0,0 days 00:01:42.811000,INTERMEDIATE,2.0,1,True,2024,Silverstone,R,102.811
HUL,Haas F1 Team,31.0,0 days 00:01:43.274000,INTERMEDIATE,2.0,1,True,2024,Silverstone,R,103.274
HUL,Haas F1 Team,32.0,0 days 00:01:44.134000,INTERMEDIATE,2.0,1,True,2024,Silverstone,R,104.134
HUL,Haas F1 Team,33.0,0 days 00:01:43.685000,INTERMEDIATE,2.0,1,True,2024,Silverstone,R,103.685
HUL,Haas F1 Team,34.0,0 days 00:01:44.263000,INTERMEDIATE,2.0,1,True,2024,Silverstone,R,104.263
HUL,Haas F1 Team,35.0,0 days 00:01:44.042000,INTERMEDIATE,2.0,1,True,2024,Silverstone,R,104.042
HUL,Haas F1 Team,36.0,0 days 00:01:43.044000,INTERMEDIATE,2.0,1,True,2024,Silverstone,R,103.044
HUL,Haas F1 Team,37.0,0 days 00:01:40.657000,INTERMEDIATE,2.0,1,True,2024,Silverstone,R,100.657
HUL,Haas F1 Team,38.0,0 days 00:01:38.854000,INTERMEDIATE,2.0,1,True,2024,Silverstone,R,98.854
HUL,Haas F1 Team,41.0,0 days 00:01:31.097000,SOFT,3.0,1,True,2024,Silverstone,R,91.097
HUL,Haas F1 Team,42.0,0 days 00:01:30.701000,SOFT,3.0,1,True,2024,Silverstone,R,90.701
HUL,Haas F1 Team,43.0,0 days 00:01:29.836000,SOFT,3.0,1,True,2024,Silverstone,R,89.836
HUL,Haas F1 Team,44.0,0 days 00:01:30.392000,SOFT,3.0,1,True,2024,Silverstone,R,90.392
HUL,Haas F1 Team,45.0,0 days 00:01:30.048000,SOFT,3.0,1,True,2024,Silverstone,R,90.048
HUL,Haas F1 Team,46.0,0 days 00:01:30.185000,SOFT,3.0,1,True,2024,Silverstone,R,90.185
HUL,Haas F1 Team,47.0,0 days 00:01:29.864000,SOFT,3.0,1,True,2024,Silverstone,R,89.864
HUL,Haas F1 Team,48.0,0 days 00:01:30.365000,SOFT,3.0,1,True,2024,Silverstone,R,90.365
HUL,Haas F1 Team,49.0,0 days 00:01:30.371000,SOFT,3.0,1,True,2024,Silverstone,R,90.371
HUL,Haas F1 Team,50.0,0 days 00:01:30.470000,SOFT,3.0,1,True,2024,Silverstone,R,90.47
HUL,Haas F1 Team,51.0,0 days 00:01:30.696000,SOFT,3.0,1,True,2024,Silverstone,R,90.696
HUL,Haas F1 Team,52.0,0 days 00:01:30.847000,SOFT,3.0,1,True,2024,Silverstone,R,90.847
STR,Aston Martin,2.0,0 days 00:01:32.683000,MEDIUM,1.0,1,True,2024,Silverstone,R,92.683
STR,Aston Martin,3.0,0 days 00:01:32.307000,MEDIUM,1.0,1,True,2024,Silverstone,R,92.307
STR,Aston Martin,4.0,0 days 00:01:32.968000,MEDIUM,1.0,1,True,2024,Silverstone,R,92.968
STR,Aston Martin,5.0,0 days 00:01:32.706000,MEDIUM,1.0,1,True,2024,Silverstone,R,92.706
STR,Aston Martin,6.0,0 days 00:01:32.788000,MEDIUM,1.0,1,True,2024,Silverstone,R,92.788
STR,Aston Martin,7.0,0 days 00:01:32.716000,MEDIUM,1.0,1,True,2024,Silverstone,R,92.716
STR,Aston Martin,8.0,0 days 00:01:32.648000,MEDIUM,1.0,1,True,2024,Silverstone,R,92.648
STR,Aston Martin,9.0,0 days 00:01:32.291000,MEDIUM,1.0,1,True,2024,Silverstone,R,92.291
STR,Aston Martin,10.0,0 days 00:01:32.619000,MEDIUM,1.0,1,True,2024,Silverstone,R,92.619
STR,Aston Martin,11.0,0 days 00:01:32.273000,MEDIUM,1.0,1,True,2024,Silverstone,R,92.273
STR,Aston Martin,12.0,0 days 00:01:32.362000,MEDIUM,1.0,1,True,2024,Silverstone,R,92.362
STR,Aston Martin,13.0,0 days 00:01:33.092000,MEDIUM,1.0,1,True,2024,Silverstone,R,93.092
STR,Aston Martin,14.0,0 days 00:01:32.641000,MEDIUM,1.0,1,True,2024,Silverstone,R,92.641
STR,Aston Martin,15.0,0 days 00:01:32.649000,MEDIUM,1.0,1,True,2024,Silverstone,R,92.649
STR,Aston Martin,16.0,0 days 00:01:33.091000,MEDIUM,1.0,1,True,2024,Silverstone,R,93.091
STR,Aston Martin,17.0,0 days 00:01:35.713000,MEDIUM,1.0,1,True,2024,Silverstone,R,95.713
STR,Aston Martin,18.0,0 days 00:01:35.789000,MEDIUM,1.0,1,True,2024,Silverstone,R,95.789
STR,Aston Martin,19.0,0 days 00:01:47.568000,MEDIUM,1.0,1,True,2024,Silverstone,R,107.568
STR,Aston Martin,20.0,0 days 00:01:37.491000,MEDIUM,1.0,1,True,2024,Silverstone,R,97.491
STR,Aston Martin,21.0,0 days 00:01:33.291000,MEDIUM,1.0,1,True,2024,Silverstone,R,93.291
STR,Aston Martin,22.0,0 days 00:01:32.495000,MEDIUM,1.0,1,True,2024,Silverstone,R,92.495
STR,Aston Martin,23.0,0 days 00:01:33.062000,MEDIUM,1.0,1,True,2024,Silverstone,R,93.062
STR,Aston Martin,24.0,0 days 00:01:34.585000,MEDIUM,1.0,1,True,2024,Silverstone,R,94.585
STR,Aston Martin,25.0,0 days 00:01:35.351000,MEDIUM,1.0,1,True,2024,Silverstone,R,95.351
STR,Aston Martin,28.0,0 days 00:01:42.187000,INTERMEDIATE,2.0,1,True,2024,Silverstone,R,102.187
STR,Aston Martin,29.0,0 days 00:01:42.992000,INTERMEDIATE,2.0,1,True,2024,Silverstone,R,102.992
STR,Aston Martin,30.0,0 days 00:01:43.066000,INTERMEDIATE,2.0,1,True,2024,Silverstone,R,103.066
STR,Aston Martin,31.0,0 days 00:01:43.714000,INTERMEDIATE,2.0,1,True,2024,Silverstone,R,103.714
STR,Aston Martin,32.0,0 days 00:01:44.545000,INTERMEDIATE,2.0,1,True,2024,Silverstone,R,104.545
STR,Aston Martin,33.0,0 days 00:01:44.213000,INTERMEDIATE,2.0,1,True,2024,Silverstone,R,104.213
STR,Aston Martin,34.0,0 days 00:01:44.171000,INTERMEDIATE,2.0,1,True,2024,Silverstone,R,104.171
STR,Aston Martin,35.0,0 days 00:01:44.422000,INTERMEDIATE,2.0,1,True,2024,Silverstone,R,104.422
STR,Aston Martin,36.0,0 days 00:01:43,INTERMEDIATE,2.0,1,True,2024,Silverstone,R,103.0
STR,Aston Martin,37.0,0 days 00:01:40.825000,INTERMEDIATE,2.0,1,True,2024,Silverstone,R,100.825
STR,Aston Martin,38.0,0 days 00:01:39.373000,INTERMEDIATE,2.0,1,True,2024,Silverstone,R,99.373
STR,Aston Martin,41.0,0 days 00:01:30.098000,MEDIUM,3.0,1,True,2024,Silverstone,R,90.098
STR,Aston Martin,42.0,0 days 00:01:30.161000,MEDIUM,3.0,1,True,2024,Silverstone,R,90.161
STR,Aston Martin,43.0,0 days 00:01:30.196000,MEDIUM,3.0,1,True,2024,Silverstone,R,90.196
STR,Aston Martin,44.0,0 days 00:01:30.030000,MEDIUM,3.0,1,True,2024,Silverstone,R,90.03
STR,Aston Martin,45.0,0 days 00:01:30.025000,MEDIUM,3.0,1,True,2024,Silverstone,R,90.025
STR,Aston Martin,46.0,0 days 00:01:29.897000,MEDIUM,3.0,1,True,2024,Silverstone,R,89.897
STR,Aston Martin,47.0,0 days 00:01:29.925000,MEDIUM,3.0,1,True,2024,Silverstone,R,89.925
STR,Aston Martin,48.0,0 days 00:01:30.237000,MEDIUM,3.0,1,True,2024,Silverstone,R,90.237
STR,Aston Martin,49.0,0 days 00:01:29.969000,MEDIUM,3.0,1,True,2024,Silverstone,R,89.969
STR,Aston Martin,50.0,0 days 00:01:30.030000,MEDIUM,3.0,1,True,2024,Silverstone,R,90.03
STR,Aston Martin,51.0,0 days 00:01:30.026000,MEDIUM,3.0,1,True,2024,Silverstone,R,90.026
STR,Aston Martin,52.0,0 days 00:01:30.053000,MEDIUM,3.0,1,True,2024,Silverstone,R,90.053
ALO,Aston Martin,2.0,0 days 00:01:33.202000,MEDIUM,1.0,1,True,2024,Silverstone,R,93.202
ALO,Aston Martin,3.0,0 days 00:01:32.951000,MEDIUM,1.0,1,True,2024,Silverstone,R,92.951
ALO,Aston Martin,4.0,0 days 00:01:33.192000,MEDIUM,1.0,1,True,2024,Silverstone,R,93.192
ALO,Aston Martin,5.0,0 days 00:01:32.617000,MEDIUM,1.0,1,True,2024,Silverstone,R,92.617
ALO,Aston Martin,6.0,0 days 00:01:32.673000,MEDIUM,1.0,1,True,2024,Silverstone,R,92.673
ALO,Aston Martin,7.0,0 days 00:01:32.712000,MEDIUM,1.0,1,True,2024,Silverstone,R,92.712
ALO,Aston Martin,8.0,0 days 00:01:32.496000,MEDIUM,1.0,1,True,2024,Silverstone,R,92.496
ALO,Aston Martin,9.0,0 days 00:01:32.579000,MEDIUM,1.0,1,True,2024,Silverstone,R,92.579
ALO,Aston Martin,10.0,0 days 00:01:32.741000,MEDIUM,1.0,1,True,2024,Silverstone,R,92.741
ALO,Aston Martin,11.0,0 days 00:01:32.548000,MEDIUM,1.0,1,True,2024,Silverstone,R,92.548
ALO,Aston Martin,12.0,0 days 00:01:32.427000,MEDIUM,1.0,1,True,2024,Silverstone,R,92.427
ALO,Aston Martin,13.0,0 days 00:01:32.517000,MEDIUM,1.0,1,True,2024,Silverstone,R,92.517
ALO,Aston Martin,14.0,0 days 00:01:32.383000,MEDIUM,1.0,1,True,2024,Silverstone,R,92.383
ALO,Aston Martin,15.0,0 days 00:01:32.259000,MEDIUM,1.0,1,True,2024,Silverstone,R,92.259
ALO,Aston Martin,16.0,0 days 00:01:32.590000,MEDIUM,1.0,1,True,2024,Silverstone,R,92.59
ALO,Aston Martin,17.0,0 days 00:01:35.014000,MEDIUM,1.0,1,True,2024,Silverstone,R,95.014
ALO,Aston Martin,18.0,0 days 00:01:35.880000,MEDIUM,1.0,1,True,2024,Silverstone,R,95.88
ALO,Aston Martin,19.0,0 days 00:01:47.270000,MEDIUM,1.0,1,True,2024,Silverstone,R,107.27
ALO,Aston Martin,20.0,0 days 00:01:36.480000,MEDIUM,1.0,1,True,2024,Silverstone,R,96.48
ALO,Aston Martin,21.0,0 days 00:01:32.999000,MEDIUM,1.0,1,True,2024,Silverstone,R,92.999
ALO,Aston Martin,22.0,0 days 00:01:32.673000,MEDIUM,1.0,1,True,2024,Silverstone,R,92.673
ALO,Aston Martin,23.0,0 days 00:01:32.593000,MEDIUM,1.0,1,True,2024,Silverstone,R,92.593
ALO,Aston Martin,24.0,0 days 00:01:34.088000,MEDIUM,1.0,1,True,2024,Silverstone,R,94.088
ALO,Aston Martin,25.0,0 days 00:01:35.687000,MEDIUM,1.0,1,True,2024,Silverstone,R,95.687
ALO,Aston Martin,26.0,0 days 00:01:43.618000,MEDIUM,1.0,1,True,2024,Silverstone,R,103.618
ALO,Aston Martin,29.0,0 days 00:01:43.072000,INTERMEDIATE,2.0,1,True,2024,Silverstone,R,103.072
ALO,Aston Martin,30.0,0 days 00:01:42.577000,INTERMEDIATE,2.0,1,True,2024,Silverstone,R,102.577
ALO,Aston Martin,31.0,0 days 00:01:42.796000,INTERMEDIATE,2.0,1,True,2024,Silverstone,R,102.796
ALO,Aston Martin,32.0,0 days 00:01:43.690000,INTERMEDIATE,2.0,1,True,2024,Silverstone,R,103.69
ALO,Aston Martin,33.0,0 days 00:01:44.262000,INTERMEDIATE,2.0,1,True,2024,Silverstone,R,104.262
ALO,Aston Martin,34.0,0 days 00:01:44.375000,INTERMEDIATE,2.0,1,True,2024,Silverstone,R,104.375
ALO,Aston Martin,35.0,0 days 00:01:44.251000,INTERMEDIATE,2.0,1,True,2024,Silverstone,R,104.251
ALO,Aston Martin,36.0,0 days 00:01:42.513000,INTERMEDIATE,2.0,1,True,2024,Silverstone,R,102.513
ALO,Aston Martin,37.0,0 days 00:01:40.747000,INTERMEDIATE,2.0,1,True,2024,Silverstone,R,100.747
ALO,Aston Martin,40.0,0 days 00:01:31.146000,MEDIUM,3.0,1,True,2024,Silverstone,R,91.146
ALO,Aston Martin,41.0,0 days 00:01:30.594000,MEDIUM,3.0,1,True,2024,Silverstone,R,90.594
ALO,Aston Martin,42.0,0 days 00:01:30.167000,MEDIUM,3.0,1,True,2024,Silverstone,R,90.167
ALO,Aston Martin,43.0,0 days 00:01:30.098000,MEDIUM,3.0,1,True,2024,Silverstone,R,90.098
ALO,Aston Martin,44.0,0 days 00:01:29.930000,MEDIUM,3.0,1,True,2024,Silverstone,R,89.93
ALO,Aston Martin,45.0,0 days 00:01:29.871000,MEDIUM,3.0,1,True,2024,Silverstone,R,89.871
ALO,Aston Martin,46.0,0 days 00:01:29.753000,MEDIUM,3.0,1,True,2024,Silverstone,R,89.753
ALO,Aston Martin,47.0,0 days 00:01:29.710000,MEDIUM,3.0,1,True,2024,Silverstone,R,89.71
ALO,Aston Martin,48.0,0 days 00:01:30.114000,MEDIUM,3.0,1,True,2024,Silverstone,R,90.114
ALO,Aston Martin,49.0,0 days 00:01:30.700000,MEDIUM,3.0,1,True,2024,Silverstone,R,90.7
ALO,Aston Martin,50.0,0 days 00:01:30.727000,MEDIUM,3.0,1,True,2024,Silverstone,R,90.727
ALO,Aston Martin,51.0,0 days 00:01:30.592000,MEDIUM,3.0,1,True,2024,Silverstone,R,90.592
ALO,Aston Martin,52.0,0 days 00:01:31.430000,MEDIUM,3.0,1,True,2024,Silverstone,R,91.43
ALB,Williams,2.0,0 days 00:01:33.158000,MEDIUM,1.0,1,True,2024,Silverstone,R,93.158
ALB,Williams,3.0,0 days 00:01:33.373000,MEDIUM,1.0,1,True,2024,Silverstone,R,93.373
ALB,Williams,4.0,0 days 00:01:33.059000,MEDIUM,1.0,1,True,2024,Silverstone,R,93.059
ALB,Williams,5.0,0 days 00:01:32.846000,MEDIUM,1.0,1,True,2024,Silverstone,R,92.846
ALB,Williams,6.0,0 days 00:01:33.014000,MEDIUM,1.0,1,True,2024,Silverstone,R,93.014
ALB,Williams,7.0,0 days 00:01:32.939000,MEDIUM,1.0,1,True,2024,Silverstone,R,92.939
ALB,Williams,8.0,0 days 00:01:32.798000,MEDIUM,1.0,1,True,2024,Silverstone,R,92.798
ALB,Williams,9.0,0 days 00:01:32.933000,MEDIUM,1.0,1,True,2024,Silverstone,R,92.933
ALB,Williams,10.0,0 days 00:01:33.073000,MEDIUM,1.0,1,True,2024,Silverstone,R,93.073
ALB,Williams,11.0,0 days 00:01:32.981000,MEDIUM,1.0,1,True,2024,Silverstone,R,92.981
ALB,Williams,12.0,0 days 00:01:32.567000,MEDIUM,1.0,1,True,2024,Silverstone,R,92.567
ALB,Williams,13.0,0 days 00:01:32.769000,MEDIUM,1.0,1,True,2024,Silverstone,R,92.769
ALB,Williams,14.0,0 days 00:01:32.538000,MEDIUM,1.0,1,True,2024,Silverstone,R,92.538
ALB,Williams,15.0,0 days 00:01:32.265000,MEDIUM,1.0,1,True,2024,Silverstone,R,92.265
ALB,Williams,16.0,0 days 00:01:33.178000,MEDIUM,1.0,1,True,2024,Silverstone,R,93.178
ALB,Williams,17.0,0 days 00:01:34.873000,MEDIUM,1.0,1,True,2024,Silverstone,R,94.873
ALB,Williams,18.0,0 days 00:01:35.323000,MEDIUM,1.0,1,True,2024,Silverstone,R,95.323
ALB,Williams,19.0,0 days 00:01:44.619000,MEDIUM,1.0,1,True,2024,Silverstone,R,104.619
ALB,Williams,20.0,0 days 00:01:36.530000,MEDIUM,1.0,1,True,2024,Silverstone,R,96.53
ALB,Williams,21.0,0 days 00:01:33.646000,MEDIUM,1.0,1,True,2024,Silverstone,R,93.646
ALB,Williams,22.0,0 days 00:01:33.086000,MEDIUM,1.0,1,True,2024,Silverstone,R,93.086
ALB,Williams,23.0,0 days 00:01:32.891000,MEDIUM,1.0,1,True,2024,Silverstone,R,92.891
ALB,Williams,24.0,0 days 00:01:33.960000,MEDIUM,1.0,1,True,2024,Silverstone,R,93.96
ALB,Williams,25.0,0 days 00:01:35.612000,MEDIUM,1.0,1,True,2024,Silverstone,R,95.612
ALB,Williams,26.0,0 days 00:01:43.771000,MEDIUM,1.0,1,True,2024,Silverstone,R,103.771
ALB,Williams,29.0,0 days 00:01:41.726000,INTERMEDIATE,2.0,1,True,2024,Silverstone,R,101.726
ALB,Williams,30.0,0 days 00:01:43.271000,INTERMEDIATE,2.0,1,True,2024,Silverstone,R,103.271
ALB,Williams,31.0,0 days 00:01:43.229000,INTERMEDIATE,2.0,1,True,2024,Silverstone,R,103.229
ALB,Williams,32.0,0 days 00:01:44.304000,INTERMEDIATE,2.0,1,True,2024,Silverstone,R,104.304
ALB,Williams,33.0,0 days 00:01:44.820000,INTERMEDIATE,2.0,1,True,2024,Silverstone,R,104.82
ALB,Williams,34.0,0 days 00:01:45.216000,INTERMEDIATE,2.0,1,True,2024,Silverstone,R,105.216
ALB,Williams,35.0,0 days 00:01:45.202000,INTERMEDIATE,2.0,1,True,2024,Silverstone,R,105.202
ALB,Williams,36.0,0 days 00:01:43.075000,INTERMEDIATE,2.0,1,True,2024,Silverstone,R,103.075
ALB,Williams,37.0,0 days 00:01:40.273000,INTERMEDIATE,2.0,1,True,2024,Silverstone,R,100.273
ALB,Williams,40.0,0 days 00:01:30.889000,MEDIUM,3.0,1,True,2024,Silverstone,R,90.889
ALB,Williams,41.0,0 days 00:01:30.715000,MEDIUM,3.0,1,True,2024,Silverstone,R,90.715
ALB,Williams,42.0,0 days 00:01:30.458000,MEDIUM,3.0,1,True,2024,Silverstone,R,90.458
ALB,Williams,43.0,0 days 00:01:30.126000,MEDIUM,3.0,1,True,2024,Silverstone,R,90.126
ALB,Williams,44.0,0 days 00:01:30.740000,MEDIUM,3.0,1,True,2024,Silverstone,R,90.74
ALB,Williams,45.0,0 days 00:01:30.406000,MEDIUM,3.0,1,True,2024,Silverstone,R,90.406
ALB,Williams,46.0,0 days 00:01:30.234000,MEDIUM,3.0,1,True,2024,Silverstone,R,90.234
ALB,Williams,47.0,0 days 00:01:30.148000,MEDIUM,3.0,1,True,2024,Silverstone,R,90.148
ALB,Williams,48.0,0 days 00:01:30.068000,MEDIUM,3.0,1,True,2024,Silverstone,R,90.068
ALB,Williams,49.0,0 days 00:01:29.960000,MEDIUM,3.0,1,True,2024,Silverstone,R,89.96
ALB,Williams,50.0,0 days 00:01:29.828000,MEDIUM,3.0,1,True,2024,Silverstone,R,89.828
ALB,Williams,51.0,0 days 00:01:29.916000,MEDIUM,3.0,1,True,2024,Silverstone,R,89.916
ALB,Williams,52.0,0 days 00:01:29.718000,MEDIUM,3.0,1,True,2024,Silverstone,R,89.718
TSU,RB,2.0,0 days 00:01:33.214000,MEDIUM,1.0,1,True,2024,Silverstone,R,93.214
TSU,RB,3.0,0 days 00:01:33.062000,MEDIUM,1.0,1,True,2024,Silverstone,R,93.062
TSU,RB,4.0,0 days 00:01:33.164000,MEDIUM,1.0,1,True,2024,Silverstone,R,93.164
TSU,RB,5.0,0 days 00:01:32.607000,MEDIUM,1.0,1,True,2024,Silverstone,R,92.607
TSU,RB,6.0,0 days 00:01:32.614000,MEDIUM,1.0,1,True,2024,Silverstone,R,92.614
TSU,RB,7.0,0 days 00:01:32.817000,MEDIUM,1.0,1,True,2024,Silverstone,R,92.817
TSU,RB,8.0,0 days 00:01:32.623000,MEDIUM,1.0,1,True,2024,Silverstone,R,92.623
TSU,RB,9.0,0 days 00:01:32.570000,MEDIUM,1.0,1,True,2024,Silverstone,R,92.57
TSU,RB,10.0,0 days 00:01:33.438000,MEDIUM,1.0,1,True,2024,Silverstone,R,93.438
TSU,RB,11.0,0 days 00:01:32.805000,MEDIUM,1.0,1,True,2024,Silverstone,R,92.805
TSU,RB,12.0,0 days 00:01:32.782000,MEDIUM,1.0,1,True,2024,Silverstone,R,92.782
TSU,RB,13.0,0 days 00:01:33.031000,MEDIUM,1.0,1,True,2024,Silverstone,R,93.031
TSU,RB,14.0,0 days 00:01:32.731000,MEDIUM,1.0,1,True,2024,Silverstone,R,92.731
TSU,RB,15.0,0 days 00:01:32.589000,MEDIUM,1.0,1,True,2024,Silverstone,R,92.589
TSU,RB,16.0,0 days 00:01:33.209000,MEDIUM,1.0,1,True,2024,Silverstone,R,93.209
TSU,RB,17.0,0 days 00:01:34.738000,MEDIUM,1.0,1,True,2024,Silverstone,R,94.738
TSU,RB,18.0,0 days 00:01:35.392000,MEDIUM,1.0,1,True,2024,Silverstone,R,95.392
TSU,RB,19.0,0 days 00:01:44.585000,MEDIUM,1.0,1,True,2024,Silverstone,R,104.585
TSU,RB,20.0,0 days 00:01:36.875000,MEDIUM,1.0,1,True,2024,Silverstone,R,96.875
TSU,RB,21.0,0 days 00:01:33.724000,MEDIUM,1.0,1,True,2024,Silverstone,R,93.724
TSU,RB,22.0,0 days 00:01:32.681000,MEDIUM,1.0,1,True,2024,Silverstone,R,92.681
TSU,RB,23.0,0 days 00:01:33.106000,MEDIUM,1.0,1,True,2024,Silverstone,R,93.106
TSU,RB,24.0,0 days 00:01:34.106000,MEDIUM,1.0,1,True,2024,Silverstone,R,94.106
TSU,RB,25.0,0 days 00:01:35.473000,MEDIUM,1.0,1,True,2024,Silverstone,R,95.473
TSU,RB,26.0,0 days 00:01:43.260000,MEDIUM,1.0,1,True,2024,Silverstone,R,103.26
TSU,RB,29.0,0 days 00:01:43.749000,INTERMEDIATE,2.0,1,True,2024,Silverstone,R,103.749
TSU,RB,30.0,0 days 00:01:42.967000,INTERMEDIATE,2.0,1,True,2024,Silverstone,R,102.967
TSU,RB,31.0,0 days 00:01:43.355000,INTERMEDIATE,2.0,1,True,2024,Silverstone,R,103.355
TSU,RB,32.0,0 days 00:01:44.456000,INTERMEDIATE,2.0,1,True,2024,Silverstone,R,104.456
TSU,RB,33.0,0 days 00:01:44.979000,INTERMEDIATE,2.0,1,True,2024,Silverstone,R,104.979
TSU,RB,34.0,0 days 00:01:44.923000,INTERMEDIATE,2.0,1,True,2024,Silverstone,R,104.923
TSU,RB,35.0,0 days 00:01:44.782000,INTERMEDIATE,2.0,1,True,2024,Silverstone,R,104.782
TSU,RB,36.0,0 days 00:01:42.726000,INTERMEDIATE,2.0,1,True,2024,Silverstone,R,102.726
TSU,RB,37.0,0 days 00:01:41.098000,INTERMEDIATE,2.0,1,True,2024,Silverstone,R,101.098
TSU,RB,40.0,0 days 00:01:32.318000,SOFT,3.0,1,True,2024,Silverstone,R,92.318
TSU,RB,41.0,0 days 00:01:30.812000,SOFT,3.0,1,True,2024,Silverstone,R,90.812
TSU,RB,42.0,0 days 00:01:30.319000,SOFT,3.0,1,True,2024,Silverstone,R,90.319
TSU,RB,43.0,0 days 00:01:30.229000,SOFT,3.0,1,True,2024,Silverstone,R,90.229
TSU,RB,44.0,0 days 00:01:30.882000,SOFT,3.0,1,True,2024,Silverstone,R,90.882
TSU,RB,45.0,0 days 00:01:31.438000,SOFT,3.0,1,True,2024,Silverstone,R,91.438
TSU,RB,46.0,0 days 00:01:31.688000,SOFT,3.0,1,True,2024,Silverstone,R,91.688
TSU,RB,47.0,0 days 00:01:30.982000,SOFT,3.0,1,True,2024,Silverstone,R,90.982
TSU,RB,48.0,0 days 00:01:31.367000,SOFT,3.0,1,True,2024,Silverstone,R,91.367
TSU,RB,49.0,0 days 00:01:31.080000,SOFT,3.0,1,True,2024,Silverstone,R,91.08
TSU,RB,50.0,0 days 00:01:31.407000,SOFT,3.0,1,True,2024,Silverstone,R,91.407
TSU,RB,51.0,0 days 00:01:31.529000,SOFT,3.0,1,True,2024,Silverstone,R,91.529
TSU,RB,52.0,0 days 00:01:32.090000,SOFT,3.0,1,True,2024,Silverstone,R,92.09
SAR,Williams,2.0,0 days 00:01:33.435000,MEDIUM,1.0,1,True,2024,Silverstone,R,93.435
SAR,Williams,3.0,0 days 00:01:33.319000,MEDIUM,1.0,1,True,2024,Silverstone,R,93.319
SAR,Williams,4.0,0 days 00:01:33.110000,MEDIUM,1.0,1,True,2024,Silverstone,R,93.11
SAR,Williams,5.0,0 days 00:01:33.139000,MEDIUM,1.0,1,True,2024,Silverstone,R,93.139
SAR,Williams,6.0,0 days 00:01:32.904000,MEDIUM,1.0,1,True,2024,Silverstone,R,92.904
SAR,Williams,7.0,0 days 00:01:33.002000,MEDIUM,1.0,1,True,2024,Silverstone,R,93.002
SAR,Williams,8.0,0 days 00:01:32.806000,MEDIUM,1.0,1,True,2024,Silverstone,R,92.806
SAR,Williams,9.0,0 days 00:01:33.019000,MEDIUM,1.0,1,True,2024,Silverstone,R,93.019
SAR,Williams,10.0,0 days 00:01:32.956000,MEDIUM,1.0,1,True,2024,Silverstone,R,92.956
SAR,Williams,11.0,0 days 00:01:32.897000,MEDIUM,1.0,1,True,2024,Silverstone,R,92.897
SAR,Williams,12.0,0 days 00:01:32.748000,MEDIUM,1.0,1,True,2024,Silverstone,R,92.748
SAR,Williams,13.0,0 days 00:01:33.040000,MEDIUM,1.0,1,True,2024,Silverstone,R,93.04
SAR,Williams,14.0,0 days 00:01:32.607000,MEDIUM,1.0,1,True,2024,Silverstone,R,92.607
SAR,Williams,15.0,0 days 00:01:32.543000,MEDIUM,1.0,1,True,2024,Silverstone,R,92.543
SAR,Williams,16.0,0 days 00:01:33.701000,MEDIUM,1.0,1,True,2024,Silverstone,R,93.701
SAR,Williams,17.0,0 days 00:01:35.258000,MEDIUM,1.0,1,True,2024,Silverstone,R,95.258
SAR,Williams,18.0,0 days 00:01:34.900000,MEDIUM,1.0,1,True,2024,Silverstone,R,94.9
SAR,Williams,19.0,0 days 00:01:44.090000,MEDIUM,1.0,1,True,2024,Silverstone,R,104.09
SAR,Williams,20.0,0 days 00:01:36.116000,MEDIUM,1.0,1,True,2024,Silverstone,R,96.116
SAR,Williams,21.0,0 days 00:01:33.632000,MEDIUM,1.0,1,True,2024,Silverstone,R,93.632
SAR,Williams,22.0,0 days 00:01:32.826000,MEDIUM,1.0,1,True,2024,Silverstone,R,92.826
SAR,Williams,23.0,0 days 00:01:34.494000,MEDIUM,1.0,1,True,2024,Silverstone,R,94.494
SAR,Williams,24.0,0 days 00:01:34.037000,MEDIUM,1.0,1,True,2024,Silverstone,R,94.037
SAR,Williams,25.0,0 days 00:01:36.166000,MEDIUM,1.0,1,True,2024,Silverstone,R,96.166
SAR,Williams,26.0,0 days 00:01:44.642000,MEDIUM,1.0,1,True,2024,Silverstone,R,104.642
SAR,Williams,29.0,0 days 00:01:42.215000,INTERMEDIATE,2.0,1,True,2024,Silverstone,R,102.215
SAR,Williams,30.0,0 days 00:01:42.476000,INTERMEDIATE,2.0,1,True,2024,Silverstone,R,102.476
SAR,Williams,31.0,0 days 00:01:44.332000,INTERMEDIATE,2.0,1,True,2024,Silverstone,R,104.332
SAR,Williams,32.0,0 days 00:01:44.912000,INTERMEDIATE,2.0,1,True,2024,Silverstone,R,104.912
SAR,Williams,33.0,0 days 00:01:45.684000,INTERMEDIATE,2.0,1,True,2024,Silverstone,R,105.684
SAR,Williams,34.0,0 days 00:01:46.095000,INTERMEDIATE,2.0,1,True,2024,Silverstone,R,106.095
SAR,Williams,35.0,0 days 00:01:45.851000,INTERMEDIATE,2.0,1,True,2024,Silverstone,R,105.851
SAR,Williams,36.0,0 days 00:01:43.365000,INTERMEDIATE,2.0,1,True,2024,Silverstone,R,103.365
SAR,Williams,37.0,0 days 00:01:42.207000,INTERMEDIATE,2.0,1,True,2024,Silverstone,R,102.207
SAR,Williams,40.0,0 days 00:01:31.353000,SOFT,3.0,1,True,2024,Silverstone,R,91.353
SAR,Williams,41.0,0 days 00:01:30.875000,SOFT,3.0,1,True,2024,Silverstone,R,90.875
SAR,Williams,42.0,0 days 00:01:29.972000,SOFT,3.0,1,True,2024,Silverstone,R,89.972
SAR,Williams,43.0,0 days 00:01:30.162000,SOFT,3.0,1,True,2024,Silverstone,R,90.162
SAR,Williams,44.0,0 days 00:01:30.003000,SOFT,3.0,1,True,2024,Silverstone,R,90.003
SAR,Williams,45.0,0 days 00:01:30.613000,SOFT,3.0,1,True,2024,Silverstone,R,90.613
SAR,Williams,46.0,0 days 00:01:30.826000,SOFT,3.0,1,True,2024,Silverstone,R,90.826
SAR,Williams,47.0,0 days 00:01:31.250000,SOFT,3.0,1,True,2024,Silverstone,R,91.25
SAR,Williams,48.0,0 days 00:01:31.201000,SOFT,3.0,1,True,2024,Silverstone,R,91.201
SAR,Williams,49.0,0 days 00:01:31.175000,SOFT,3.0,1,True,2024,Silverstone,R,91.175
SAR,Williams,50.0,0 days 00:01:31.249000,SOFT,3.0,1,True,2024,Silverstone,R,91.249
SAR,Williams,51.0,0 days 00:01:31.662000,SOFT,3.0,1,True,2024,Silverstone,R,91.662
SAR,Williams,52.0,0 days 00:01:32.088000,SOFT,3.0,1,True,2024,Silverstone,R,92.088
MAG,Haas F1 Team,2.0,0 days 00:01:34.216000,MEDIUM,1.0,1,True,2024,Silverstone,R,94.216
MAG,Haas F1 Team,3.0,0 days 00:01:33.259000,MEDIUM,1.0,1,True,2024,Silverstone,R,93.259
MAG,Haas F1 Team,4.0,0 days 00:01:33.110000,MEDIUM,1.0,1,True,2024,Silverstone,R,93.11
MAG,Haas F1 Team,5.0,0 days 00:01:32.999000,MEDIUM,1.0,1,True,2024,Silverstone,R,92.999
MAG,Haas F1 Team,6.0,0 days 00:01:33.544000,MEDIUM,1.0,1,True,2024,Silverstone,R,93.544
MAG,Haas F1 Team,7.0,0 days 00:01:33.734000,MEDIUM,1.0,1,True,2024,Silverstone,R,93.734
MAG,Haas F1 Team,8.0,0 days 00:01:33.204000,MEDIUM,1.0,1,True,2024,Silverstone,R,93.204
MAG,Haas F1 Team,9.0,0 days 00:01:32.783000,MEDIUM,1.0,1,True,2024,Silverstone,R,92.783
MAG,Haas F1 Team,10.0,0 days 00:01:32.647000,MEDIUM,1.0,1,True,2024,Silverstone,R,92.647
MAG,Haas F1 Team,11.0,0 days 00:01:32.671000,MEDIUM,1.0,1,True,2024,Silverstone,R,92.671
MAG,Haas F1 Team,12.0,0 days 00:01:32.531000,MEDIUM,1.0,1,True,2024,Silverstone,R,92.531
MAG,Haas F1 Team,13.0,0 days 00:01:32.740000,MEDIUM,1.0,1,True,2024,Silverstone,R,92.74
MAG,Haas F1 Team,14.0,0 days 00:01:32.506000,MEDIUM,1.0,1,True,2024,Silverstone,R,92.506
MAG,Haas F1 Team,15.0,0 days 00:01:32.953000,MEDIUM,1.0,1,True,2024,Silverstone,R,92.953
MAG,Haas F1 Team,16.0,0 days 00:01:33.486000,MEDIUM,1.0,1,True,2024,Silverstone,R,93.486
MAG,Haas F1 Team,17.0,0 days 00:01:34.661000,MEDIUM,1.0,1,True,2024,Silverstone,R,94.661
MAG,Haas F1 Team,18.0,0 days 00:01:34.730000,MEDIUM,1.0,1,True,2024,Silverstone,R,94.73
MAG,Haas F1 Team,19.0,0 days 00:01:43.505000,MEDIUM,1.0,1,True,2024,Silverstone,R,103.505
MAG,Haas F1 Team,20.0,0 days 00:01:35.181000,MEDIUM,1.0,1,True,2024,Silverstone,R,95.181
MAG,Haas F1 Team,21.0,0 days 00:01:33.484000,MEDIUM,1.0,1,True,2024,Silverstone,R,93.484
MAG,Haas F1 Team,22.0,0 days 00:01:32.766000,MEDIUM,1.0,1,True,2024,Silverstone,R,92.766
MAG,Haas F1 Team,23.0,0 days 00:01:33.278000,MEDIUM,1.0,1,True,2024,Silverstone,R,93.278
MAG,Haas F1 Team,24.0,0 days 00:01:33.625000,MEDIUM,1.0,1,True,2024,Silverstone,R,93.625
MAG,Haas F1 Team,25.0,0 days 00:01:35.150000,MEDIUM,1.0,1,True,2024,Silverstone,R,95.15
MAG,Haas F1 Team,26.0,0 days 00:01:45.466000,MEDIUM,1.0,1,True,2024,Silverstone,R,105.466
MAG,Haas F1 Team,29.0,0 days 00:01:42.842000,INTERMEDIATE,2.0,1,True,2024,Silverstone,R,102.842
MAG,Haas F1 Team,30.0,0 days 00:01:42.133000,INTERMEDIATE,2.0,1,True,2024,Silverstone,R,102.133
MAG,Haas F1 Team,31.0,0 days 00:01:44.060000,INTERMEDIATE,2.0,1,True,2024,Silverstone,R,104.06
MAG,Haas F1 Team,32.0,0 days 00:01:45.084000,INTERMEDIATE,2.0,1,True,2024,Silverstone,R,105.084
MAG,Haas F1 Team,33.0,0 days 00:01:45.266000,INTERMEDIATE,2.0,1,True,2024,Silverstone,R,105.266
MAG,Haas F1 Team,34.0,0 days 00:01:46.135000,INTERMEDIATE,2.0,1,True,2024,Silverstone,R,106.135
MAG,Haas F1 Team,35.0,0 days 00:01:45.557000,INTERMEDIATE,2.0,1,True,2024,Silverstone,R,105.557
MAG,Haas F1 Team,36.0,0 days 00:01:43.611000,INTERMEDIATE,2.0,1,True,2024,Silverstone,R,103.611
MAG,Haas F1 Team,39.0,0 days 00:01:33.212000,SOFT,3.0,1,True,2024,Silverstone,R,93.212
MAG,Haas F1 Team,40.0,0 days 00:01:32.071000,SOFT,3.0,1,True,2024,Silverstone,R,92.071
MAG,Haas F1 Team,41.0,0 days 00:01:30.610000,SOFT,3.0,1,True,2024,Silverstone,R,90.61
MAG,Haas F1 Team,42.0,0 days 00:01:30.093000,SOFT,3.0,1,True,2024,Silverstone,R,90.093
MAG,Haas F1 Team,43.0,0 days 00:01:30.454000,SOFT,3.0,1,True,2024,Silverstone,R,90.454
MAG,Haas F1 Team,44.0,0 days 00:01:31.342000,SOFT,3.0,1,True,2024,Silverstone,R,91.342
MAG,Haas F1 Team,45.0,0 days 00:01:31.722000,SOFT,3.0,1,True,2024,Silverstone,R,91.722
MAG,Haas F1 Team,46.0,0 days 00:01:31.131000,SOFT,3.0,1,True,2024,Silverstone,R,91.131
MAG,Haas F1 Team,47.0,0 days 00:01:31.036000,SOFT,3.0,1,True,2024,Silverstone,R,91.036
MAG,Haas F1 Team,48.0,0 days 00:01:30.953000,SOFT,3.0,1,True,2024,Silverstone,R,90.953
MAG,Haas F1 Team,49.0,0 days 00:01:30.803000,SOFT,3.0,1,True,2024,Silverstone,R,90.803
MAG,Haas F1 Team,50.0,0 days 00:01:31.143000,SOFT,3.0,1,True,2024,Silverstone,R,91.143
MAG,Haas F1 Team,51.0,0 days 00:01:31.469000,SOFT,3.0,1,True,2024,Silverstone,R,91.469
MAG,Haas F1 Team,52.0,0 days 00:01:31.982000,SOFT,3.0,1,True,2024,Silverstone,R,91.982
RIC,RB,2.0,0 days 00:01:33.709000,MEDIUM,1.0,1,True,2024,Silverstone,R,93.709
RIC,RB,3.0,0 days 00:01:33.429000,MEDIUM,1.0,1,True,2024,Silverstone,R,93.429
RIC,RB,4.0,0 days 00:01:33.253000,MEDIUM,1.0,1,True,2024,Silverstone,R,93.253
RIC,RB,5.0,0 days 00:01:33.263000,MEDIUM,1.0,1,True,2024,Silverstone,R,93.263
RIC,RB,6.0,0 days 00:01:33.666000,MEDIUM,1.0,1,True,2024,Silverstone,R,93.666
RIC,RB,7.0,0 days 00:01:32.952000,MEDIUM,1.0,1,True,2024,Silverstone,R,92.952
RIC,RB,8.0,0 days 00:01:33.095000,MEDIUM,1.0,1,True,2024,Silverstone,R,93.095
RIC,RB,9.0,0 days 00:01:32.762000,MEDIUM,1.0,1,True,2024,Silverstone,R,92.762
RIC,RB,10.0,0 days 00:01:32.721000,MEDIUM,1.0,1,True,2024,Silverstone,R,92.721
RIC,RB,11.0,0 days 00:01:32.804000,MEDIUM,1.0,1,True,2024,Silverstone,R,92.804
RIC,RB,12.0,0 days 00:01:32.797000,MEDIUM,1.0,1,True,2024,Silverstone,R,92.797
RIC,RB,13.0,0 days 00:01:32.880000,MEDIUM,1.0,1,True,2024,Silverstone,R,92.88
RIC,RB,14.0,0 days 00:01:32.933000,MEDIUM,1.0,1,True,2024,Silverstone,R,92.933
RIC,RB,15.0,0 days 00:01:33.171000,MEDIUM,1.0,1,True,2024,Silverstone,R,93.171
RIC,RB,16.0,0 days 00:01:34.437000,MEDIUM,1.0,1,True,2024,Silverstone,R,94.437
RIC,RB,17.0,0 days 00:01:35.885000,MEDIUM,1.0,1,True,2024,Silverstone,R,95.885
RIC,RB,18.0,0 days 00:01:36.827000,MEDIUM,1.0,1,True,2024,Silverstone,R,96.827
RIC,RB,19.0,0 days 00:01:44.922000,MEDIUM,1.0,1,True,2024,Silverstone,R,104.922
RIC,RB,20.0,0 days 00:01:37.330000,MEDIUM,1.0,1,True,2024,Silverstone,R,97.33
RIC,RB,21.0,0 days 00:01:34.722000,MEDIUM,1.0,1,True,2024,Silverstone,R,94.722
RIC,RB,22.0,0 days 00:01:33.015000,MEDIUM,1.0,1,True,2024,Silverstone,R,93.015
RIC,RB,23.0,0 days 00:01:34.224000,MEDIUM,1.0,1,True,2024,Silverstone,R,94.224
RIC,RB,24.0,0 days 00:01:36.483000,MEDIUM,1.0,1,True,2024,Silverstone,R,96.483
RIC,RB,25.0,0 days 00:01:38.725000,MEDIUM,1.0,1,True,2024,Silverstone,R,98.725
RIC,RB,28.0,0 days 00:01:43.338000,INTERMEDIATE,2.0,1,True,2024,Silverstone,R,103.338
RIC,RB,29.0,0 days 00:01:43.377000,INTERMEDIATE,2.0,1,True,2024,Silverstone,R,103.377
RIC,RB,30.0,0 days 00:01:43.298000,INTERMEDIATE,2.0,1,True,2024,Silverstone,R,103.298
RIC,RB,31.0,0 days 00:01:43.699000,INTERMEDIATE,2.0,1,True,2024,Silverstone,R,103.699
RIC,RB,32.0,0 days 00:01:44.144000,INTERMEDIATE,2.0,1,True,2024,Silverstone,R,104.144
RIC,RB,33.0,0 days 00:01:44.855000,INTERMEDIATE,2.0,1,True,2024,Silverstone,R,104.855
RIC,RB,34.0,0 days 00:01:45.969000,INTERMEDIATE,2.0,1,True,2024,Silverstone,R,105.969
RIC,RB,35.0,0 days 00:01:45.535000,INTERMEDIATE,2.0,1,True,2024,Silverstone,R,105.535
RIC,RB,36.0,0 days 00:01:43.213000,INTERMEDIATE,2.0,1,True,2024,Silverstone,R,103.213
RIC,RB,39.0,0 days 00:01:33.138000,SOFT,3.0,1,True,2024,Silverstone,R,93.138
RIC,RB,40.0,0 days 00:01:32.428000,SOFT,3.0,1,True,2024,Silverstone,R,92.428
RIC,RB,41.0,0 days 00:01:31.289000,SOFT,3.0,1,True,2024,Silverstone,R,91.289
RIC,RB,42.0,0 days 00:01:30.765000,SOFT,3.0,1,True,2024,Silverstone,R,90.765
RIC,RB,43.0,0 days 00:01:31.198000,SOFT,3.0,1,True,2024,Silverstone,R,91.198
RIC,RB,44.0,0 days 00:01:31.080000,SOFT,3.0,1,True,2024,Silverstone,R,91.08
RIC,RB,45.0,0 days 00:01:30.955000,SOFT,3.0,1,True,2024,Silverstone,R,90.955
RIC,RB,46.0,0 days 00:01:30.849000,SOFT,3.0,1,True,2024,Silverstone,R,90.849
RIC,RB,47.0,0 days 00:01:30.735000,SOFT,3.0,1,True,2024,Silverstone,R,90.735
RIC,RB,48.0,0 days 00:01:31.109000,SOFT,3.0,1,True,2024,Silverstone,R,91.109
RIC,RB,49.0,0 days 00:01:32.926000,SOFT,3.0,1,True,2024,Silverstone,R,92.926
RIC,RB,50.0,0 days 00:01:34.150000,SOFT,3.0,1,True,2024,Silverstone,R,94.15
RIC,RB,51.0,0 days 00:01:34.814000,SOFT,3.0,1,True,2024,Silverstone,R,94.814
LEC,Ferrari,2.0,0 days 00:01:32.858000,MEDIUM,1.0,1,True,2024,Silverstone,R,92.858
LEC,Ferrari,3.0,0 days 00:01:32.369000,MEDIUM,1.0,1,True,2024,Silverstone,R,92.369
LEC,Ferrari,4.0,0 days 00:01:32.705000,MEDIUM,1.0,1,True,2024,Silverstone,R,92.705
LEC,Ferrari,5.0,0 days 00:01:32.697000,MEDIUM,1.0,1,True,2024,Silverstone,R,92.697
LEC,Ferrari,6.0,0 days 00:01:32.758000,MEDIUM,1.0,1,True,2024,Silverstone,R,92.758
LEC,Ferrari,7.0,0 days 00:01:32.662000,MEDIUM,1.0,1,True,2024,Silverstone,R,92.662
LEC,Ferrari,8.0,0 days 00:01:32.860000,MEDIUM,1.0,1,True,2024,Silverstone,R,92.86
LEC,Ferrari,9.0,0 days 00:01:32.326000,MEDIUM,1.0,1,True,2024,Silverstone,R,92.326
LEC,Ferrari,10.0,0 days 00:01:32.496000,MEDIUM,1.0,1,True,2024,Silverstone,R,92.496
LEC,Ferrari,11.0,0 days 00:01:32.348000,MEDIUM,1.0,1,True,2024,Silverstone,R,92.348
LEC,Ferrari,12.0,0 days 00:01:32.236000,MEDIUM,1.0,1,True,2024,Silverstone,R,92.236
LEC,Ferrari,13.0,0 days 00:01:31.989000,MEDIUM,1.0,1,True,2024,Silverstone,R,91.989
LEC,Ferrari,14.0,0 days 00:01:32.396000,MEDIUM,1.0,1,True,2024,Silverstone,R,92.396
LEC,Ferrari,15.0,0 days 00:01:32.755000,MEDIUM,1.0,1,True,2024,Silverstone,R,92.755
LEC,Ferrari,16.0,0 days 00:01:32.923000,MEDIUM,1.0,1,True,2024,Silverstone,R,92.923
LEC,Ferrari,17.0,0 days 00:01:35.280000,MEDIUM,1.0,1,True,2024,Silverstone,R,95.28
LEC,Ferrari,18.0,0 days 00:01:35.951000,MEDIUM,1.0,1,True,2024,Silverstone,R,95.951
LEC,Ferrari,21.0,0 days 00:01:42.846000,INTERMEDIATE,2.0,1,True,2024,Silverstone,R,102.846
LEC,Ferrari,22.0,0 days 00:01:44.352000,INTERMEDIATE,2.0,1,True,2024,Silverstone,R,104.352
LEC,Ferrari,23.0,0 days 00:01:46.593000,INTERMEDIATE,2.0,1,True,2024,Silverstone,R,106.593
LEC,Ferrari,24.0,0 days 00:01:51.732000,INTERMEDIATE,2.0,1,True,2024,Silverstone,R,111.732
LEC,Ferrari,25.0,0 days 00:01:49.301000,INTERMEDIATE,2.0,1,True,2024,Silverstone,R,109.301
LEC,Ferrari,26.0,0 days 00:01:45.655000,INTERMEDIATE,2.0,1,True,2024,Silverstone,R,105.655
LEC,Ferrari,29.0,0 days 00:01:41.602000,INTERMEDIATE,3.0,1,True,2024,Silverstone,R,101.602
LEC,Ferrari,30.0,0 days 00:01:42.299000,INTERMEDIATE,3.0,1,True,2024,Silverstone,R,102.299
LEC,Ferrari,31.0,0 days 00:01:43.950000,INTERMEDIATE,3.0,1,True,2024,Silverstone,R,103.95
LEC,Ferrari,32.0,0 days 00:01:43.795000,INTERMEDIATE,3.0,1,True,2024,Silverstone,R,103.795
LEC,Ferrari,33.0,0 days 00:01:43.217000,INTERMEDIATE,3.0,1,True,2024,Silverstone,R,103.217
LEC,Ferrari,34.0,0 days 00:01:43.604000,INTERMEDIATE,3.0,1,True,2024,Silverstone,R,103.604
LEC,Ferrari,35.0,0 days 00:01:42.415000,INTERMEDIATE,3.0,1,True,2024,Silverstone,R,102.415
LEC,Ferrari,36.0,0 days 00:01:40.091000,INTERMEDIATE,3.0,1,True,2024,Silverstone,R,100.091
LEC,Ferrari,39.0,0 days 00:01:31.481000,SOFT,4.0,1,True,2024,Silverstone,R,91.481
LEC,Ferrari,40.0,0 days 00:01:30.878000,SOFT,4.0,1,True,2024,Silverstone,R,90.878
LEC,Ferrari,41.0,0 days 00:01:30.035000,SOFT,4.0,1,True,2024,Silverstone,R,90.035
LEC,Ferrari,42.0,0 days 00:01:29.832000,SOFT,4.0,1,True,2024,Silverstone,R,89.832
LEC,Ferrari,43.0,0 days 00:01:29.748000,SOFT,4.0,1,True,2024,Silverstone,R,89.748
LEC,Ferrari,44.0,0 days 00:01:29.933000,SOFT,4.0,1,True,2024,Silverstone,R,89.933
LEC,Ferrari,45.0,0 days 00:01:29.911000,SOFT,4.0,1,True,2024,Silverstone,R,89.911
LEC,Ferrari,46.0,0 days 00:01:30.051000,SOFT,4.0,1,True,2024,Silverstone,R,90.051
LEC,Ferrari,47.0,0 days 00:01:30.289000,SOFT,4.0,1,True,2024,Silverstone,R,90.289
LEC,Ferrari,48.0,0 days 00:01:30.204000,SOFT,4.0,1,True,2024,Silverstone,R,90.204
LEC,Ferrari,49.0,0 days 00:01:30.929000,SOFT,4.0,1,True,2024,Silverstone,R,90.929
LEC,Ferrari,50.0,0 days 00:01:30.488000,SOFT,4.0,1,True,2024,Silverstone,R,90.488
LEC,Ferrari,51.0,0 days 00:01:31.674000,SOFT,4.0,1,True,2024,Silverstone,R,91.674
BOT,Kick Sauber,2.0,0 days 00:01:35.368000,MEDIUM,1.0,1,True,2024,Silverstone,R,95.368
BOT,Kick Sauber,3.0,0 days 00:01:34.447000,MEDIUM,1.0,1,True,2024,Silverstone,R,94.447
BOT,Kick Sauber,4.0,0 days 00:01:34.322000,MEDIUM,1.0,1,True,2024,Silverstone,R,94.322
BOT,Kick Sauber,5.0,0 days 00:01:33.768000,MEDIUM,1.0,1,True,2024,Silverstone,R,93.768
BOT,Kick Sauber,6.0,0 days 00:01:33.460000,MEDIUM,1.0,1,True,2024,Silverstone,R,93.46
BOT,Kick Sauber,7.0,0 days 00:01:33.648000,MEDIUM,1.0,1,True,2024,Silverstone,R,93.648
BOT,Kick Sauber,8.0,0 days 00:01:33.561000,MEDIUM,1.0,1,True,2024,Silverstone,R,93.561
BOT,Kick Sauber,9.0,0 days 00:01:33.645000,MEDIUM,1.0,1,True,2024,Silverstone,R,93.645
BOT,Kick Sauber,10.0,0 days 00:01:33.787000,MEDIUM,1.0,1,True,2024,Silverstone,R,93.787
BOT,Kick Sauber,11.0,0 days 00:01:33.561000,MEDIUM,1.0,1,True,2024,Silverstone,R,93.561
BOT,Kick Sauber,12.0,0 days 00:01:33.269000,MEDIUM,1.0,1,True,2024,Silverstone,R,93.269
BOT,Kick Sauber,13.0,0 days 00:01:33.650000,MEDIUM,1.0,1,True,2024,Silverstone,R,93.65
BOT,Kick Sauber,14.0,0 days 00:01:33.156000,MEDIUM,1.0,1,True,2024,Silverstone,R,93.156
BOT,Kick Sauber,15.0,0 days 00:01:33.228000,MEDIUM,1.0,1,True,2024,Silverstone,R,93.228
BOT,Kick Sauber,16.0,0 days 00:01:33.967000,MEDIUM,1.0,1,True,2024,Silverstone,R,93.967
BOT,Kick Sauber,17.0,0 days 00:01:35.498000,MEDIUM,1.0,1,True,2024,Silverstone,R,95.498
BOT,Kick Sauber,18.0,0 days 00:01:36.075000,MEDIUM,1.0,1,True,2024,Silverstone,R,96.075
BOT,Kick Sauber,19.0,0 days 00:01:44.426000,MEDIUM,1.0,1,True,2024,Silverstone,R,104.426
BOT,Kick Sauber,20.0,0 days 00:01:38.542000,MEDIUM,1.0,1,True,2024,Silverstone,R,98.542
BOT,Kick Sauber,21.0,0 days 00:01:35.235000,MEDIUM,1.0,1,True,2024,Silverstone,R,95.235
BOT,Kick Sauber,22.0,0 days 00:01:34.030000,MEDIUM,1.0,1,True,2024,Silverstone,R,94.03
BOT,Kick Sauber,23.0,0 days 00:01:34.076000,MEDIUM,1.0,1,True,2024,Silverstone,R,94.076
BOT,Kick Sauber,24.0,0 days 00:01:37.350000,MEDIUM,1.0,1,True,2024,Silverstone,R,97.35
BOT,Kick Sauber,25.0,0 days 00:01:39.761000,MEDIUM,1.0,1,True,2024,Silverstone,R,99.761
BOT,Kick Sauber,28.0,0 days 00:01:42.562000,INTERMEDIATE,2.0,1,True,2024,Silverstone,R,102.562
BOT,Kick Sauber,29.0,0 days 00:01:43.302000,INTERMEDIATE,2.0,1,True,2024,Silverstone,R,103.302
BOT,Kick Sauber,30.0,0 days 00:01:43.472000,INTERMEDIATE,2.0,1,True,2024,Silverstone,R,103.472
BOT,Kick Sauber,31.0,0 days 00:01:44.510000,INTERMEDIATE,2.0,1,True,2024,Silverstone,R,104.51
BOT,Kick Sauber,32.0,0 days 00:01:45.199000,INTERMEDIATE,2.0,1,True,2024,Silverstone,R,105.199
BOT,Kick Sauber,33.0,0 days 00:01:45.552000,INTERMEDIATE,2.0,1,True,2024,Silverstone,R,105.552
BOT,Kick Sauber,34.0,0 days 00:01:45.199000,INTERMEDIATE,2.0,1,True,2024,Silverstone,R,105.199
BOT,Kick Sauber,35.0,0 days 00:01:45.476000,INTERMEDIATE,2.0,1,True,2024,Silverstone,R,105.476
BOT,Kick Sauber,36.0,0 days 00:01:42.968000,INTERMEDIATE,2.0,1,True,2024,Silverstone,R,102.968
BOT,Kick Sauber,39.0,0 days 00:01:37.114000,SOFT,3.0,1,True,2024,Silverstone,R,97.114
BOT,Kick Sauber,40.0,0 days 00:01:32.973000,SOFT,3.0,1,True,2024,Silverstone,R,92.973
BOT,Kick Sauber,41.0,0 days 00:01:33.344000,SOFT,3.0,1,True,2024,Silverstone,R,93.344
BOT,Kick Sauber,42.0,0 days 00:01:32.348000,SOFT,3.0,1,True,2024,Silverstone,R,92.348
BOT,Kick Sauber,43.0,0 days 00:01:31.732000,SOFT,3.0,1,True,2024,Silverstone,R,91.732
BOT,Kick Sauber,44.0,0 days 00:01:31.277000,SOFT,3.0,1,True,2024,Silverstone,R,91.277
BOT,Kick Sauber,45.0,0 days 00:01:33.159000,SOFT,3.0,1,True,2024,Silverstone,R,93.159
BOT,Kick Sauber,46.0,0 days 00:01:31.396000,SOFT,3.0,1,True,2024,Silverstone,R,91.396
BOT,Kick Sauber,47.0,0 days 00:01:31.431000,SOFT,3.0,1,True,2024,Silverstone,R,91.431
BOT,Kick Sauber,48.0,0 days 00:01:32.006000,SOFT,3.0,1,True,2024,Silverstone,R,92.006
BOT,Kick Sauber,49.0,0 days 00:01:31.688000,SOFT,3.0,1,True,2024,Silverstone,R,91.688
BOT,Kick Sauber,50.0,0 days 00:01:32.320000,SOFT,3.0,1,True,2024,Silverstone,R,92.32
BOT,Kick Sauber,51.0,0 days 00:01:32.217000,SOFT,3.0,1,True,2024,Silverstone,R,92.217
OCO,Alpine,2.0,0 days 00:01:33.846000,SOFT,1.0,1,True,2024,Silverstone,R,93.846
OCO,Alpine,3.0,0 days 00:01:33.479000,SOFT,1.0,1,True,2024,Silverstone,R,93.479
OCO,Alpine,4.0,0 days 00:01:33.316000,SOFT,1.0,1,True,2024,Silverstone,R,93.316
OCO,Alpine,5.0,0 days 00:01:33.210000,SOFT,1.0,1,True,2024,Silverstone,R,93.21
OCO,Alpine,6.0,0 days 00:01:33.616000,SOFT,1.0,1,True,2024,Silverstone,R,93.616
OCO,Alpine,7.0,0 days 00:01:35.183000,SOFT,1.0,1,True,2024,Silverstone,R,95.183
OCO,Alpine,8.0,0 days 00:01:33.790000,SOFT,1.0,1,True,2024,Silverstone,R,93.79
OCO,Alpine,9.0,0 days 00:01:33.898000,SOFT,1.0,1,True,2024,Silverstone,R,93.898
OCO,Alpine,10.0,0 days 00:01:33.843000,SOFT,1.0,1,True,2024,Silverstone,R,93.843
OCO,Alpine,11.0,0 days 00:01:33.846000,SOFT,1.0,1,True,2024,Silverstone,R,93.846
OCO,Alpine,12.0,0 days 00:01:34.071000,SOFT,1.0,1,True,2024,Silverstone,R,94.071
OCO,Alpine,13.0,0 days 00:01:34.491000,SOFT,1.0,1,True,2024,Silverstone,R,94.491
OCO,Alpine,14.0,0 days 00:01:35.293000,SOFT,1.0,1,True,2024,Silverstone,R,95.293
OCO,Alpine,15.0,0 days 00:01:34.884000,SOFT,1.0,1,True,2024,Silverstone,R,94.884
OCO,Alpine,16.0,0 days 00:01:36.522000,SOFT,1.0,1,True,2024,Silverstone,R,96.522
OCO,Alpine,17.0,0 days 00:01:38.735000,SOFT,1.0,1,True,2024,Silverstone,R,98.735
OCO,Alpine,18.0,0 days 00:01:38.497000,SOFT,1.0,1,True,2024,Silverstone,R,98.497
OCO,Alpine,23.0,0 days 00:01:35.488000,MEDIUM,3.0,1,True,2024,Silverstone,R,95.488
OCO,Alpine,24.0,0 days 00:01:38.005000,MEDIUM,3.0,1,True,2024,Silverstone,R,98.005
OCO,Alpine,25.0,0 days 00:01:47.432000,MEDIUM,3.0,1,True,2024,Silverstone,R,107.432
OCO,Alpine,28.0,0 days 00:01:41.716000,INTERMEDIATE,4.0,1,True,2024,Silverstone,R,101.716
OCO,Alpine,29.0,0 days 00:01:42.362000,INTERMEDIATE,4.0,1,True,2024,Silverstone,R,102.362
OCO,Alpine,30.0,0 days 00:01:43.336000,INTERMEDIATE,4.0,1,True,2024,Silverstone,R,103.336
OCO,Alpine,31.0,0 days 00:01:44.019000,INTERMEDIATE,4.0,1,True,2024,Silverstone,R,104.019
OCO,Alpine,32.0,0 days 00:01:44.673000,INTERMEDIATE,4.0,1,True,2024,Silverstone,R,104.673
OCO,Alpine,33.0,0 days 00:01:45.290000,INTERMEDIATE,4.0,1,True,2024,Silverstone,R,105.29
OCO,Alpine,34.0,0 days 00:01:45.511000,INTERMEDIATE,4.0,1,True,2024,Silverstone,R,105.511
OCO,Alpine,35.0,0 days 00:01:42.995000,INTERMEDIATE,4.0,1,True,2024,Silverstone,R,102.995
OCO,Alpine,36.0,0 days 00:01:41.215000,INTERMEDIATE,4.0,1,True,2024,Silverstone,R,101.215
OCO,Alpine,37.0,0 days 00:01:42.235000,INTERMEDIATE,4.0,1,True,2024,Silverstone,R,102.235
OCO,Alpine,40.0,0 days 00:01:32.838000,MEDIUM,5.0,1,True,2024,Silverstone,R,92.838
OCO,Alpine,41.0,0 days 00:01:31.114000,MEDIUM,5.0,1,True,2024,Silverstone,R,91.114
OCO,Alpine,42.0,0 days 00:01:31.187000,MEDIUM,5.0,1,True,2024,Silverstone,R,91.187
OCO,Alpine,43.0,0 days 00:01:31.084000,MEDIUM,5.0,1,True,2024,Silverstone,R,91.084
OCO,Alpine,44.0,0 days 00:01:30.928000,MEDIUM,5.0,1,True,2024,Silverstone,R,90.928
OCO,Alpine,45.0,0 days 00:01:30.952000,MEDIUM,5.0,1,True,2024,Silverstone,R,90.952
OCO,Alpine,46.0,0 days 00:01:30.875000,MEDIUM,5.0,1,True,2024,Silverstone,R,90.875
OCO,Alpine,47.0,0 days 00:01:33.599000,MEDIUM,5.0,1,True,2024,Silverstone,R,93.599
OCO,Alpine,48.0,0 days 00:01:35.931000,MEDIUM,5.0,1,True,2024,Silverstone,R,95.931
OCO,Alpine,49.0,0 days 00:01:31.060000,MEDIUM,5.0,1,True,2024,Silverstone,R,91.06
OCO,Alpine,50.0,0 days 00:01:31.608000,MEDIUM,5.0,1,True,2024,Silverstone,R,91.608
PER,Red Bull Racing,2.0,0 days 00:01:32.942000,HARD,1.0,1,True,2024,Silverstone,R,92.942
PER,Red Bull Racing,3.0,0 days 00:01:32.340000,HARD,1.0,1,True,2024,Silverstone,R,92.34
PER,Red Bull Racing,4.0,0 days 00:01:32.570000,HARD,1.0,1,True,2024,Silverstone,R,92.57
PER,Red Bull Racing,5.0,0 days 00:01:32.111000,HARD,1.0,1,True,2024,Silverstone,R,92.111
PER,Red Bull Racing,6.0,0 days 00:01:32.250000,HARD,1.0,1,True,2024,Silverstone,R,92.25
PER,Red Bull Racing,7.0,0 days 00:01:33.313000,HARD,1.0,1,True,2024,Silverstone,R,93.313
PER,Red Bull Racing,8.0,0 days 00:01:33.407000,HARD,1.0,1,True,2024,Silverstone,R,93.407
PER,Red Bull Racing,9.0,0 days 00:01:32.800000,HARD,1.0,1,True,2024,Silverstone,R,92.8
PER,Red Bull Racing,10.0,0 days 00:01:32.709000,HARD,1.0,1,True,2024,Silverstone,R,92.709
PER,Red Bull Racing,11.0,0 days 00:01:32.491000,HARD,1.0,1,True,2024,Silverstone,R,92.491
PER,Red Bull Racing,12.0,0 days 00:01:32.509000,HARD,1.0,1,True,2024,Silverstone,R,92.509
PER,Red Bull Racing,13.0,0 days 00:01:32.772000,HARD,1.0,1,True,2024,Silverstone,R,92.772
PER,Red Bull Racing,14.0,0 days 00:01:32.488000,HARD,1.0,1,True,2024,Silverstone,R,92.488
PER,Red Bull Racing,15.0,0 days 00:01:32.702000,HARD,1.0,1,True,2024,Silverstone,R,92.702
PER,Red Bull Racing,16.0,0 days 00:01:34.231000,HARD,1.0,1,True,2024,Silverstone,R,94.231
PER,Red Bull Racing,17.0,0 days 00:01:34.829000,HARD,1.0,1,True,2024,Silverstone,R,94.829
PER,Red Bull Racing,18.0,0 days 00:01:35.384000,HARD,1.0,1,True,2024,Silverstone,R,95.384
PER,Red Bull Racing,21.0,0 days 00:01:41.997000,INTERMEDIATE,2.0,1,True,2024,Silverstone,R,101.997
PER,Red Bull Racing,22.0,0 days 00:01:44.936000,INTERMEDIATE,2.0,1,True,2024,Silverstone,R,104.936
PER,Red Bull Racing,23.0,0 days 00:01:46.214000,INTERMEDIATE,2.0,1,True,2024,Silverstone,R,106.214
PER,Red Bull Racing,24.0,0 days 00:01:50.729000,INTERMEDIATE,2.0,1,True,2024,Silverstone,R,110.729
PER,Red Bull Racing,25.0,0 days 00:01:47.327000,INTERMEDIATE,2.0,1,True,2024,Silverstone,R,107.327
PER,Red Bull Racing,26.0,0 days 00:01:45.736000,INTERMEDIATE,2.0,1,True,2024,Silverstone,R,105.736
PER,Red Bull Racing,27.0,0 days 00:01:52.538000,INTERMEDIATE,2.0,1,True,2024,Silverstone,R,112.538
PER,Red Bull Racing,30.0,0 days 00:01:40.021000,INTERMEDIATE,3.0,1,True,2024,Silverstone,R,100.021
PER,Red Bull Racing,31.0,0 days 00:01:42.676000,INTERMEDIATE,3.0,1,True,2024,Silverstone,R,102.676
PER,Red Bull Racing,32.0,0 days 00:01:44.035000,INTERMEDIATE,3.0,1,True,2024,Silverstone,R,104.035
PER,Red Bull Racing,33.0,0 days 00:01:44.641000,INTERMEDIATE,3.0,1,True,2024,Silverstone,R,104.641
PER,Red Bull Racing,34.0,0 days 00:01:45.045000,INTERMEDIATE,3.0,1,True,2024,Silverstone,R,105.045
PER,Red Bull Racing,35.0,0 days 00:01:43.534000,INTERMEDIATE,3.0,1,True,2024,Silverstone,R,103.534
PER,Red Bull Racing,36.0,0 days 00:01:41.845000,INTERMEDIATE,3.0,1,True,2024,Silverstone,R,101.845
PER,Red Bull Racing,39.0,0 days 00:01:32.722000,MEDIUM,4.0,1,True,2024,Silverstone,R,92.722
PER,Red Bull Racing,40.0,0 days 00:01:33.219000,MEDIUM,4.0,1,True,2024,Silverstone,R,93.219
PER,Red Bull Racing,41.0,0 days 00:01:30.689000,MEDIUM,4.0,1,True,2024,Silverstone,R,90.689
PER,Red Bull Racing,42.0,0 days 00:01:30.542000,MEDIUM,4.0,1,True,2024,Silverstone,R,90.542
PER,Red Bull Racing,43.0,0 days 00:01:30.229000,MEDIUM,4.0,1,True,2024,Silverstone,R,90.229
PER,Red Bull Racing,44.0,0 days 00:01:30.518000,MEDIUM,4.0,1,True,2024,Silverstone,R,90.518
PER,Red Bull Racing,45.0,0 days 00:01:30.565000,MEDIUM,4.0,1,True,2024,Silverstone,R,90.565
PER,Red Bull Racing,46.0,0 days 00:01:30.136000,MEDIUM,4.0,1,True,2024,Silverstone,R,90.136
PER,Red Bull Racing,49.0,0 days 00:01:37.360000,SOFT,5.0,1,True,2024,Silverstone,R,97.36
PER,Red Bull Racing,50.0,0 days 00:01:29.707000,SOFT,5.0,1,True,2024,Silverstone,R,89.707
ZHO,Kick Sauber,2.0,0 days 00:01:33.563000,SOFT,1.0,1,True,2024,Silverstone,R,93.563
ZHO,Kick Sauber,3.0,0 days 00:01:33.487000,SOFT,1.0,1,True,2024,Silverstone,R,93.487
ZHO,Kick Sauber,4.0,0 days 00:01:33.221000,SOFT,1.0,1,True,2024,Silverstone,R,93.221
ZHO,Kick Sauber,5.0,0 days 00:01:33.271000,SOFT,1.0,1,True,2024,Silverstone,R,93.271
ZHO,Kick Sauber,6.0,0 days 00:01:33.788000,SOFT,1.0,1,True,2024,Silverstone,R,93.788
ZHO,Kick Sauber,7.0,0 days 00:01:34.510000,SOFT,1.0,1,True,2024,Silverstone,R,94.51
ZHO,Kick Sauber,8.0,0 days 00:01:36.323000,SOFT,1.0,1,True,2024,Silverstone,R,96.323
ZHO,Kick Sauber,9.0,0 days 00:01:35.322000,SOFT,1.0,1,True,2024,Silverstone,R,95.322
ZHO,Kick Sauber,10.0,0 days 00:01:35.828000,SOFT,1.0,1,True,2024,Silverstone,R,95.828
ZHO,Kick Sauber,11.0,0 days 00:01:35.012000,SOFT,1.0,1,True,2024,Silverstone,R,95.012
ZHO,Kick Sauber,14.0,0 days 00:01:32.450000,MEDIUM,2.0,1,True,2024,Silverstone,R,92.45
ZHO,Kick Sauber,15.0,0 days 00:01:32.479000,MEDIUM,2.0,1,True,2024,Silverstone,R,92.479
ZHO,Kick Sauber,16.0,0 days 00:01:35.202000,MEDIUM,2.0,1,True,2024,Silverstone,R,95.202
ZHO,Kick Sauber,17.0,0 days 00:01:38.106000,MEDIUM,2.0,1,True,2024,Silverstone,R,98.106
ZHO,Kick Sauber,18.0,0 days 00:01:39.637000,MEDIUM,2.0,1,True,2024,Silverstone,R,99.637
ZHO,Kick Sauber,21.0,0 days 00:01:44.560000,INTERMEDIATE,3.0,1,True,2024,Silverstone,R,104.56
ZHO,Kick Sauber,22.0,0 days 00:01:50.248000,INTERMEDIATE,3.0,1,True,2024,Silverstone,R,110.248
ZHO,Kick Sauber,23.0,0 days 00:01:50.081000,INTERMEDIATE,3.0,1,True,2024,Silverstone,R,110.081
ZHO,Kick Sauber,24.0,0 days 00:01:48.867000,INTERMEDIATE,3.0,1,True,2024,Silverstone,R,108.867
ZHO,Kick Sauber,25.0,0 days 00:01:48.245000,INTERMEDIATE,3.0,1,True,2024,Silverstone,R,108.245
ZHO,Kick Sauber,28.0,0 days 00:01:41.866000,INTERMEDIATE,4.0,1,True,2024,Silverstone,R,101.866
ZHO,Kick Sauber,29.0,0 days 00:01:41.993000,INTERMEDIATE,4.0,1,True,2024,Silverstone,R,101.993
ZHO,Kick Sauber,30.0,0 days 00:01:43.157000,INTERMEDIATE,4.0,1,True,2024,Silverstone,R,103.157
ZHO,Kick Sauber,31.0,0 days 00:01:44.316000,INTERMEDIATE,4.0,1,True,2024,Silverstone,R,104.316
ZHO,Kick Sauber,32.0,0 days 00:01:45.029000,INTERMEDIATE,4.0,1,True,2024,Silverstone,R,105.029
ZHO,Kick Sauber,33.0,0 days 00:01:45.412000,INTERMEDIATE,4.0,1,True,2024,Silverstone,R,105.412
ZHO,Kick Sauber,34.0,0 days 00:01:48.010000,INTERMEDIATE,4.0,1,True,2024,Silverstone,R,108.01
ZHO,Kick Sauber,35.0,0 days 00:01:42.569000,INTERMEDIATE,4.0,1,True,2024,Silverstone,R,102.569
ZHO,Kick Sauber,36.0,0 days 00:01:42.823000,INTERMEDIATE,4.0,1,True,2024,Silverstone,R,102.823
ZHO,Kick Sauber,39.0,0 days 00:01:32.696000,SOFT,5.0,1,True,2024,Silverstone,R,92.696
ZHO,Kick Sauber,40.0,0 days 00:01:33.170000,SOFT,5.0,1,True,2024,Silverstone,R,93.17
ZHO,Kick Sauber,41.0,0 days 00:01:31.151000,SOFT,5.0,1,True,2024,Silverstone,R,91.151
ZHO,Kick Sauber,42.0,0 days 00:01:31.121000,SOFT,5.0,1,True,2024,Silverstone,R,91.121
ZHO,Kick Sauber,43.0,0 days 00:01:31.014000,SOFT,5.0,1,True,2024,Silverstone,R,91.014
ZHO,Kick Sauber,44.0,0 days 00:01:31.378000,SOFT,5.0,1,True,2024,Silverstone,R,91.378
ZHO,Kick Sauber,45.0,0 days 00:01:31.360000,SOFT,5.0,1,True,2024,Silverstone,R,91.36
ZHO,Kick Sauber,46.0,0 days 00:01:31.430000,SOFT,5.0,1,True,2024,Silverstone,R,91.43
ZHO,Kick Sauber,47.0,0 days 00:01:31.283000,SOFT,5.0,1,True,2024,Silverstone,R,91.283
ZHO,Kick Sauber,48.0,0 days 00:01:31.556000,SOFT,5.0,1,True,2024,Silverstone,R,91.556
ZHO,Kick Sauber,49.0,0 days 00:01:32.504000,SOFT,5.0,1,True,2024,Silverstone,R,92.504
ZHO,Kick Sauber,50.0,0 days 00:01:31.749000,SOFT,5.0,1,True,2024,Silverstone,R,91.749
RUS,Mercedes,2.0,0 days 00:01:31.418000,MEDIUM,1.0,1,True,2024,Silverstone,R,91.418
RUS,Mercedes,3.0,0 days 00:01:31.298000,MEDIUM,1.0,1,True,2024,Silverstone,R,91.298
RUS,Mercedes,4.0,0 days 00:01:31.799000,MEDIUM,1.0,1,True,2024,Silverstone,R,91.799
RUS,Mercedes,5.0,0 days 00:01:31.628000,MEDIUM,1.0,1,True,2024,Silverstone,R,91.628
RUS,Mercedes,6.0,0 days 00:01:31.625000,MEDIUM,1.0,1,True,2024,Silverstone,R,91.625
RUS,Mercedes,7.0,0 days 00:01:31.663000,MEDIUM,1.0,1,True,2024,Silverstone,R,91.663
RUS,Mercedes,8.0,0 days 00:01:31.731000,MEDIUM,1.0,1,True,2024,Silverstone,R,91.731
RUS,Mercedes,9.0,0 days 00:01:31.621000,MEDIUM,1.0,1,True,2024,Silverstone,R,91.621
RUS,Mercedes,10.0,0 days 00:01:31.639000,MEDIUM,1.0,1,True,2024,Silverstone,R,91.639
RUS,Mercedes,11.0,0 days 00:01:31.586000,MEDIUM,1.0,1,True,2024,Silverstone,R,91.586
RUS,Mercedes,12.0,0 days 00:01:31.619000,MEDIUM,1.0,1,True,2024,Silverstone,R,91.619
RUS,Mercedes,13.0,0 days 00:01:31.716000,MEDIUM,1.0,1,True,2024,Silverstone,R,91.716
RUS,Mercedes,14.0,0 days 00:01:31.478000,MEDIUM,1.0,1,True,2024,Silverstone,R,91.478
RUS,Mercedes,15.0,0 days 00:01:31.566000,MEDIUM,1.0,1,True,2024,Silverstone,R,91.566
RUS,Mercedes,16.0,0 days 00:01:31.626000,MEDIUM,1.0,1,True,2024,Silverstone,R,91.626
RUS,Mercedes,17.0,0 days 00:01:34.793000,MEDIUM,1.0,1,True,2024,Silverstone,R,94.793
RUS,Mercedes,18.0,0 days 00:01:36.365000,MEDIUM,1.0,1,True,2024,Silverstone,R,96.365
RUS,Mercedes,19.0,0 days 00:01:44.151000,MEDIUM,1.0,1,True,2024,Silverstone,R,104.151
RUS,Mercedes,20.0,0 days 00:01:39.962000,MEDIUM,1.0,1,True,2024,Silverstone,R,99.962
RUS,Mercedes,21.0,0 days 00:01:32.753000,MEDIUM,1.0,1,True,2024,Silverstone,R,92.753
RUS,Mercedes,22.0,0 days 00:01:31.344000,MEDIUM,1.0,1,True,2024,Silverstone,R,91.344
RUS,Mercedes,23.0,0 days 00:01:31.497000,MEDIUM,1.0,1,True,2024,Silverstone,R,91.497
RUS,Mercedes,24.0,0 days 00:01:31.968000,MEDIUM,1.0,1,True,2024,Silverstone,R,91.968
RUS,Mercedes,25.0,0 days 00:01:34.781000,MEDIUM,1.0,1,True,2024,Silverstone,R,94.781
RUS,Mercedes,26.0,0 days 00:01:39.949000,MEDIUM,1.0,1,True,2024,Silverstone,R,99.949
RUS,Mercedes,29.0,0 days 00:01:40.405000,INTERMEDIATE,2.0,1,True,2024,Silverstone,R,100.405
RUS,Mercedes,30.0,0 days 00:01:41.237000,INTERMEDIATE,2.0,1,True,2024,Silverstone,R,101.237
RUS,Mercedes,31.0,0 days 00:01:41.902000,INTERMEDIATE,2.0,1,True,2024,Silverstone,R,101.902
RUS,Mercedes,32.0,0 days 00:01:43.085000,INTERMEDIATE,2.0,1,True,2024,Silverstone,R,103.085
